COUNTY_ID,COUNTY,TOWN_ID,TOWN,V_ID,VILLAGE,H_CNT,P_CNT,M_CNT,F_CNT,INFO_TIME
縣市代碼,縣市名稱,鄉鎮市區代碼,鄉鎮市區名稱,村里代碼,村里名稱,戶數,人口數,男性人口數,女性人口數,資料時間
10014,臺東縣,10014100,大武鄉,10014100-001,大竹村,348,881,460,421,104Y12M
10014,臺東縣,10014100,大武鄉,10014100-003,大武村,663,1681,882,799,104Y12M
10014,臺東縣,10014100,大武鄉,10014100-002,大鳥村,532,1364,743,621,104Y12M
10014,臺東縣,10014100,大武鄉,10014100-004,尚武村,689,1744,890,854,104Y12M
10014,臺東縣,10014100,大武鄉,10014100-005,南興村,282,654,329,325,104Y12M
10014,臺東縣,10014090,太麻里鄉,10014090-002,三和村,275,726,379,347,104Y12M
10014,臺東縣,10014090,太麻里鄉,10014090-006,大王村,887,2138,1142,996,104Y12M
10014,臺東縣,10014090,太麻里鄉,10014090-004,北里村,297,653,369,284,104Y12M
10014,臺東縣,10014090,太麻里鄉,10014090-009,多良村,464,1056,547,509,104Y12M
10014,臺東縣,10014090,太麻里鄉,10014090-008,金崙村,814,2000,1063,937,104Y12M
10014,臺東縣,10014090,太麻里鄉,10014090-001,美和村,527,1500,787,713,104Y12M
10014,臺東縣,10014090,太麻里鄉,10014090-007,香蘭村,362,891,497,394,104Y12M
10014,臺東縣,10014090,太麻里鄉,10014090-005,泰和村,692,1704,870,834,104Y12M
10014,臺東縣,10014090,太麻里鄉,10014090-003,華源村,308,706,388,318,104Y12M
10014,臺東縣,10014020,成功鎮,10014020-003,三仙里,627,1642,903,739,104Y12M
10014,臺東縣,10014020,成功鎮,10014020-004,三民里,1128,3178,1652,1526,104Y12M
10014,臺東縣,10014020,成功鎮,10014020-007,和平里,355,868,464,404,104Y12M
10014,臺東縣,10014020,成功鎮,10014020-006,忠仁里,947,2727,1417,1310,104Y12M
10014,臺東縣,10014020,成功鎮,10014020-002,忠孝里,491,1145,586,559,104Y12M
10014,臺東縣,10014020,成功鎮,10014020-005,忠智里,779,2273,1191,1082,104Y12M
10014,臺東縣,10014020,成功鎮,10014020-008,信義里,786,2106,1133,973,104Y12M
10014,臺東縣,10014020,成功鎮,10014020-001,博愛里,323,713,399,314,104Y12M
10014,臺東縣,10014060,池上鄉,10014060-003,大坡村,145,368,198,170,104Y12M
10014,臺東縣,10014060,池上鄉,10014060-004,大埔村,336,919,451,468,104Y12M
10014,臺東縣,10014060,池上鄉,10014060-010,振興村,197,498,270,228,104Y12M
10014,臺東縣,10014060,池上鄉,10014060-009,富興村,173,452,262,190,104Y12M
10014,臺東縣,10014060,池上鄉,10014060-007,新興村,382,1028,560,468,104Y12M
10014,臺東縣,10014060,池上鄉,10014060-008,萬安村,154,401,215,186,104Y12M
10014,臺東縣,10014060,池上鄉,10014060-001,福文村,540,1367,726,641,104Y12M
10014,臺東縣,10014060,池上鄉,10014060-005,福原村,868,2289,1134,1155,104Y12M
10014,臺東縣,10014060,池上鄉,10014060-002,慶豐村,278,766,407,359,104Y12M
10014,臺東縣,10014060,池上鄉,10014060-006,錦園村,161,400,218,182,104Y12M
10014,臺東縣,10014040,卑南鄉,10014040-010,太平村,1326,3421,1744,1677,104Y12M
10014,臺東縣,10014040,卑南鄉,10014040-002,利吉村,185,470,252,218,104Y12M
10014,臺東縣,10014040,卑南鄉,10014040-011,利嘉村,458,1247,652,595,104Y12M
10014,臺東縣,10014040,卑南鄉,10014040-005,明峰村,517,1353,749,604,104Y12M
10014,臺東縣,10014040,卑南鄉,10014040-012,東興村,498,1398,732,666,104Y12M
10014,臺東縣,10014040,卑南鄉,10014040-006,初鹿村,548,1547,819,728,104Y12M
10014,臺東縣,10014040,卑南鄉,10014040-007,美農村,483,1185,649,536,104Y12M
10014,臺東縣,10014040,卑南鄉,10014040-009,泰安村,511,1355,713,642,104Y12M
10014,臺東縣,10014040,卑南鄉,10014040-003,富山村,245,598,329,269,104Y12M
10014,臺東縣,10014040,卑南鄉,10014040-004,富源村,164,389,223,166,104Y12M
10014,臺東縣,10014040,卑南鄉,10014040-013,溫泉村,559,1350,716,634,104Y12M
10014,臺東縣,10014040,卑南鄉,10014040-001,嘉豐村,212,578,319,259,104Y12M
10014,臺東縣,10014040,卑南鄉,10014040-008,賓朗村,956,2616,1381,1235,104Y12M
10014,臺東縣,10014130,延平鄉,10014130-002,永康村,115,360,194,166,104Y12M
10014,臺東縣,10014130,延平鄉,10014130-001,武陵村,230,729,393,336,104Y12M
10014,臺東縣,10014130,延平鄉,10014130-003,紅葉村,141,516,277,239,104Y12M
10014,臺東縣,10014130,延平鄉,10014130-005,桃源村,363,1243,650,593,104Y12M
10014,臺東縣,10014130,延平鄉,10014130-004,鸞山村,227,727,393,334,104Y12M
10014,臺東縣,10014070,東河鄉,10014070-001,北源村,861,1804,1111,693,104Y12M
10014,臺東縣,10014070,東河鄉,10014070-004,尚德村,137,318,175,143,104Y12M
10014,臺東縣,10014070,東河鄉,10014070-003,東河村,449,1134,619,515,104Y12M
10014,臺東縣,10014070,東河鄉,10014070-002,泰源村,521,1436,771,665,104Y12M
10014,臺東縣,10014070,東河鄉,10014070-007,都蘭村,1028,2503,1330,1173,104Y12M
10014,臺東縣,10014070,東河鄉,10014070-005,隆昌村,268,585,309,276,104Y12M
10014,臺東縣,10014070,東河鄉,10014070-006,興昌村,507,1067,552,515,104Y12M
10014,臺東縣,10014140,金峰鄉,10014140-002,正興村,209,702,353,349,104Y12M
10014,臺東縣,10014140,金峰鄉,10014140-001,新興村,169,610,316,294,104Y12M
10014,臺東縣,10014140,金峰鄉,10014140-003,嘉蘭村,470,1492,765,727,104Y12M
10014,臺東縣,10014140,金峰鄉,10014140-004,賓茂村,132,405,220,185,104Y12M
10014,臺東縣,10014140,金峰鄉,10014140-005,歷坵村,123,377,199,178,104Y12M
10014,臺東縣,10014080,長濱鄉,10014080-002,三間村,551,1425,824,601,104Y12M
10014,臺東縣,10014080,長濱鄉,10014080-005,竹湖村,388,1027,563,464,104Y12M
10014,臺東縣,10014080,長濱鄉,10014080-003,忠勇村,239,664,394,270,104Y12M
10014,臺東縣,10014080,長濱鄉,10014080-004,長濱村,871,2297,1268,1029,104Y12M
10014,臺東縣,10014080,長濱鄉,10014080-006,寧埔村,577,1429,835,594,104Y12M
10014,臺東縣,10014080,長濱鄉,10014080-001,樟原村,300,737,414,323,104Y12M
10014,臺東縣,10014120,海端鄉,10014120-006,加拿村,156,669,373,296,104Y12M
10014,臺東縣,10014120,海端鄉,10014120-003,利稻村,80,329,164,165,104Y12M
10014,臺東縣,10014120,海端鄉,10014120-005,崁頂村,198,729,407,322,104Y12M
10014,臺東縣,10014120,海端鄉,10014120-004,海端村,305,1220,647,573,104Y12M
10014,臺東縣,10014120,海端鄉,10014120-001,廣原村,252,1015,522,493,104Y12M
10014,臺東縣,10014120,海端鄉,10014120-002,霧鹿村,99,360,190,170,104Y12M
10014,臺東縣,10014050,鹿野鄉,10014050-004,永安村,627,1706,928,778,104Y12M
10014,臺東縣,10014050,鹿野鄉,10014050-006,鹿野村,492,1273,664,609,104Y12M
10014,臺東縣,10014050,鹿野鄉,10014050-001,瑞和村,275,762,406,356,104Y12M
10014,臺東縣,10014050,鹿野鄉,10014050-005,瑞隆村,420,1021,563,458,104Y12M
10014,臺東縣,10014050,鹿野鄉,10014050-003,瑞源村,390,1068,534,534,104Y12M
10014,臺東縣,10014050,鹿野鄉,10014050-002,瑞豐村,396,1003,548,455,104Y12M
10014,臺東縣,10014050,鹿野鄉,10014050-007,龍田村,482,1274,693,581,104Y12M
10014,臺東縣,10014150,達仁鄉,10014150-002,土村,338,962,541,421,104Y12M
10014,臺東縣,10014150,達仁鄉,10014150-001,台村,275,698,371,327,104Y12M
10014,臺東縣,10014150,達仁鄉,10014150-004,安朔村,335,739,404,335,104Y12M
10014,臺東縣,10014150,達仁鄉,10014150-006,南田村,156,357,180,177,104Y12M
10014,臺東縣,10014150,達仁鄉,10014150-005,森永村,204,452,247,205,104Y12M
10014,臺東縣,10014150,達仁鄉,10014150-003,新化村,145,381,213,168,104Y12M
10014,臺東縣,10014110,綠島鄉,10014110-002,中寮村,355,1197,633,564,104Y12M
10014,臺東縣,10014110,綠島鄉,10014110-001,公館村,297,996,530,466,104Y12M
10014,臺東縣,10014110,綠島鄉,10014110-003,南寮村,436,1582,809,773,104Y12M
10014,臺東縣,10014010,臺東市,10014010-021,大同里,374,936,454,482,104Y12M
10014,臺東縣,10014010,臺東市,10014010-024,中山里,400,1101,549,552,104Y12M
10014,臺東縣,10014010,臺東市,10014010-011,中心里,1369,4209,2053,2156,104Y12M
10014,臺東縣,10014010,臺東市,10014010-020,中正里,384,920,456,464,104Y12M
10014,臺東縣,10014010,臺東市,10014010-015,中華里,733,1939,982,957,104Y12M
10014,臺東縣,10014010,臺東市,10014010-019,仁愛里,329,803,416,387,104Y12M
10014,臺東縣,10014010,臺東市,10014010-023,文化里,460,1315,655,660,104Y12M
10014,臺東縣,10014010,臺東市,10014010-014,四維里,283,701,381,320,104Y12M
10014,臺東縣,10014010,臺東市,10014010-008,民生里,1445,3537,1751,1786,104Y12M
10014,臺東縣,10014010,臺東市,10014010-013,民族里,714,2411,1157,1254,104Y12M
10014,臺東縣,10014010,臺東市,10014010-018,民權里,399,987,515,472,104Y12M
10014,臺東縣,10014010,臺東市,10014010-034,永樂里,846,2568,1307,1261,104Y12M
10014,臺東縣,10014010,臺東市,10014010-032,光明里,1343,3550,1667,1883,104Y12M
10014,臺東縣,10014010,臺東市,10014010-022,成功里,412,956,470,486,104Y12M
10014,臺東縣,10014010,臺東市,10014010-012,自強里,1812,5380,2606,2774,104Y12M
10014,臺東縣,10014010,臺東市,10014010-005,卑南里,1196,3095,1559,1536,104Y12M
10014,臺東縣,10014010,臺東市,10014010-003,岩灣里,1017,2273,1191,1082,104Y12M
10014,臺東縣,10014010,臺東市,10014010-036,東海里,1388,3793,1844,1949,104Y12M
10014,臺東縣,10014010,臺東市,10014010-045,知本里,545,1526,765,761,104Y12M
10014,臺東縣,10014010,臺東市,10014010-004,南王里,1132,3048,1571,1477,104Y12M
10014,臺東縣,10014010,臺東市,10014010-006,南榮里,1129,3134,1666,1468,104Y12M
10014,臺東縣,10014010,臺東市,10014010-042,建和里,610,1636,868,768,104Y12M
10014,臺東縣,10014010,臺東市,10014010-017,建國里,613,1495,791,704,104Y12M
10014,臺東縣,10014010,臺東市,10014010-044,建業里,561,1493,779,714,104Y12M
10014,臺東縣,10014010,臺東市,10014010-046,建農里,837,2321,1220,1101,104Y12M
10014,臺東縣,10014010,臺東市,10014010-043,建興里,400,1078,567,511,104Y12M
10014,臺東縣,10014010,臺東市,10014010-010,馬蘭里,1245,3985,1888,2097,104Y12M
10014,臺東縣,10014010,臺東市,10014010-035,康樂里,588,1599,854,745,104Y12M
10014,臺東縣,10014010,臺東市,10014010-016,強國里,277,728,386,342,104Y12M
10014,臺東縣,10014010,臺東市,10014010-001,富岡里,667,1694,910,784,104Y12M
10014,臺東縣,10014010,臺東市,10014010-002,富豐里,388,992,530,462,104Y12M
10014,臺東縣,10014010,臺東市,10014010-025,復國里,305,734,380,354,104Y12M
10014,臺東縣,10014010,臺東市,10014010-027,復興里,212,511,252,259,104Y12M
10014,臺東縣,10014010,臺東市,10014010-007,新生里,2985,7644,3762,3882,104Y12M
10014,臺東縣,10014010,臺東市,10014010-029,新園里,735,1860,981,879,104Y12M
10014,臺東縣,10014010,臺東市,10014010-037,新興里,500,1202,594,608,104Y12M
10014,臺東縣,10014010,臺東市,10014010-026,興國里,383,1132,544,588,104Y12M
10014,臺東縣,10014010,臺東市,10014010-030,豐田里,870,2426,1221,1205,104Y12M
10014,臺東縣,10014010,臺東市,10014010-031,豐年里,1247,3184,1640,1544,104Y12M
10014,臺東縣,10014010,臺東市,10014010-039,豐谷里,2043,5936,2993,2943,104Y12M
10014,臺東縣,10014010,臺東市,10014010-040,豐里里,929,2802,1483,1319,104Y12M
10014,臺東縣,10014010,臺東市,10014010-041,豐原里,464,1419,763,656,104Y12M
10014,臺東縣,10014010,臺東市,10014010-038,豐榮里,3546,9382,4578,4804,104Y12M
10014,臺東縣,10014010,臺東市,10014010-033,豐樂里,574,1847,925,922,104Y12M
10014,臺東縣,10014010,臺東市,10014010-009,寶桑里,401,1018,492,526,104Y12M
10014,臺東縣,10014010,臺東市,10014010-028,鐵花里,195,459,225,234,104Y12M
10014,臺東縣,10014030,關山鎮,10014030-004,中福里,351,986,511,475,104Y12M
10014,臺東縣,10014030,關山鎮,10014030-007,月眉里,336,847,454,393,104Y12M
10014,臺東縣,10014030,關山鎮,10014030-005,里里,747,2055,1007,1048,104Y12M
10014,臺東縣,10014030,關山鎮,10014030-003,新福里,375,1067,593,474,104Y12M
10014,臺東縣,10014030,關山鎮,10014030-006,電光里,232,647,382,265,104Y12M
10014,臺東縣,10014030,關山鎮,10014030-001,德高里,679,1922,1019,903,104Y12M
10014,臺東縣,10014030,關山鎮,10014030-002,豐泉里,476,1399,719,680,104Y12M
10014,臺東縣,10014160,蘭嶼鄉,10014160-001,東清村,504,1493,746,747,104Y12M
10014,臺東縣,10014160,蘭嶼鄉,10014160-003,紅頭村,554,1468,746,722,104Y12M
10014,臺東縣,10014160,蘭嶼鄉,10014160-002,朗島村,317,917,455,462,104Y12M
10014,臺東縣,10014160,蘭嶼鄉,10014160-004,椰油村,409,1167,599,568,104Y12M
10014,臺東縣,10014100,大武鄉,10014100-001,大竹村,356,901,476,425,105Y12M
10014,臺東縣,10014100,大武鄉,10014100-003,大武村,656,1635,846,789,105Y12M
10014,臺東縣,10014100,大武鄉,10014100-002,大鳥村,531,1352,738,614,105Y12M
10014,臺東縣,10014100,大武鄉,10014100-004,尚武村,685,1710,875,835,105Y12M
10014,臺東縣,10014100,大武鄉,10014100-005,南興村,276,640,322,318,105Y12M
10014,臺東縣,10014090,太麻里鄉,10014090-002,三和村,274,725,381,344,105Y12M
10014,臺東縣,10014090,太麻里鄉,10014090-006,大王村,895,2132,1147,985,105Y12M
10014,臺東縣,10014090,太麻里鄉,10014090-004,北里村,299,638,374,264,105Y12M
10014,臺東縣,10014090,太麻里鄉,10014090-009,多良村,469,1060,553,507,105Y12M
10014,臺東縣,10014090,太麻里鄉,10014090-008,金崙村,822,1994,1058,936,105Y12M
10014,臺東縣,10014090,太麻里鄉,10014090-001,美和村,537,1511,787,724,105Y12M
10014,臺東縣,10014090,太麻里鄉,10014090-007,香蘭村,377,900,503,397,105Y12M
10014,臺東縣,10014090,太麻里鄉,10014090-005,泰和村,690,1655,839,816,105Y12M
10014,臺東縣,10014090,太麻里鄉,10014090-003,華源村,309,689,385,304,105Y12M
10014,臺東縣,10014020,成功鎮,10014020-003,三仙里,632,1609,887,722,105Y12M
10014,臺東縣,10014020,成功鎮,10014020-004,三民里,1116,3144,1639,1505,105Y12M
10014,臺東縣,10014020,成功鎮,10014020-007,和平里,352,837,457,380,105Y12M
10014,臺東縣,10014020,成功鎮,10014020-006,忠仁里,943,2669,1388,1281,105Y12M
10014,臺東縣,10014020,成功鎮,10014020-002,忠孝里,486,1103,554,549,105Y12M
10014,臺東縣,10014020,成功鎮,10014020-005,忠智里,774,2282,1199,1083,105Y12M
10014,臺東縣,10014020,成功鎮,10014020-008,信義里,785,2074,1110,964,105Y12M
10014,臺東縣,10014020,成功鎮,10014020-001,博愛里,320,693,391,302,105Y12M
10014,臺東縣,10014060,池上鄉,10014060-003,大坡村,146,360,197,163,105Y12M
10014,臺東縣,10014060,池上鄉,10014060-004,大埔村,333,899,439,460,105Y12M
10014,臺東縣,10014060,池上鄉,10014060-010,振興村,195,492,263,229,105Y12M
10014,臺東縣,10014060,池上鄉,10014060-009,富興村,172,457,265,192,105Y12M
10014,臺東縣,10014060,池上鄉,10014060-007,新興村,375,987,542,445,105Y12M
10014,臺東縣,10014060,池上鄉,10014060-008,萬安村,149,378,204,174,105Y12M
10014,臺東縣,10014060,池上鄉,10014060-001,福文村,531,1362,722,640,105Y12M
10014,臺東縣,10014060,池上鄉,10014060-005,福原村,878,2287,1117,1170,105Y12M
10014,臺東縣,10014060,池上鄉,10014060-002,慶豐村,273,749,399,350,105Y12M
10014,臺東縣,10014060,池上鄉,10014060-006,錦園村,162,404,222,182,105Y12M
10014,臺東縣,10014040,卑南鄉,10014040-010,太平村,1352,3492,1783,1709,105Y12M
10014,臺東縣,10014040,卑南鄉,10014040-002,利吉村,187,477,259,218,105Y12M
10014,臺東縣,10014040,卑南鄉,10014040-011,利嘉村,467,1266,662,604,105Y12M
10014,臺東縣,10014040,卑南鄉,10014040-005,明峰村,508,1311,714,597,105Y12M
10014,臺東縣,10014040,卑南鄉,10014040-012,東興村,493,1382,728,654,105Y12M
10014,臺東縣,10014040,卑南鄉,10014040-006,初鹿村,546,1508,795,713,105Y12M
10014,臺東縣,10014040,卑南鄉,10014040-007,美農村,478,1183,639,544,105Y12M
10014,臺東縣,10014040,卑南鄉,10014040-009,泰安村,514,1361,713,648,105Y12M
10014,臺東縣,10014040,卑南鄉,10014040-003,富山村,242,579,325,254,105Y12M
10014,臺東縣,10014040,卑南鄉,10014040-004,富源村,164,389,225,164,105Y12M
10014,臺東縣,10014040,卑南鄉,10014040-013,溫泉村,554,1330,707,623,105Y12M
10014,臺東縣,10014040,卑南鄉,10014040-001,嘉豐村,211,560,311,249,105Y12M
10014,臺東縣,10014040,卑南鄉,10014040-008,賓朗村,954,2605,1364,1241,105Y12M
10014,臺東縣,10014130,延平鄉,10014130-002,永康村,118,369,203,166,105Y12M
10014,臺東縣,10014130,延平鄉,10014130-001,武陵村,226,732,394,338,105Y12M
10014,臺東縣,10014130,延平鄉,10014130-003,紅葉村,141,512,280,232,105Y12M
10014,臺東縣,10014130,延平鄉,10014130-005,桃源村,356,1212,635,577,105Y12M
10014,臺東縣,10014130,延平鄉,10014130-004,鸞山村,224,698,378,320,105Y12M
10014,臺東縣,10014070,東河鄉,10014070-001,北源村,871,1763,1095,668,105Y12M
10014,臺東縣,10014070,東河鄉,10014070-004,尚德村,134,323,179,144,105Y12M
10014,臺東縣,10014070,東河鄉,10014070-003,東河村,446,1105,600,505,105Y12M
10014,臺東縣,10014070,東河鄉,10014070-002,泰源村,519,1402,750,652,105Y12M
10014,臺東縣,10014070,東河鄉,10014070-007,都蘭村,1014,2444,1305,1139,105Y12M
10014,臺東縣,10014070,東河鄉,10014070-005,隆昌村,271,589,316,273,105Y12M
10014,臺東縣,10014070,東河鄉,10014070-006,興昌村,516,1060,554,506,105Y12M
10014,臺東縣,10014140,金峰鄉,10014140-002,正興村,216,716,358,358,105Y12M
10014,臺東縣,10014140,金峰鄉,10014140-001,新興村,175,620,316,304,105Y12M
10014,臺東縣,10014140,金峰鄉,10014140-003,嘉蘭村,472,1495,765,730,105Y12M
10014,臺東縣,10014140,金峰鄉,10014140-004,賓茂村,134,411,225,186,105Y12M
10014,臺東縣,10014140,金峰鄉,10014140-005,歷坵村,124,370,191,179,105Y12M
10014,臺東縣,10014080,長濱鄉,10014080-002,三間村,550,1377,793,584,105Y12M
10014,臺東縣,10014080,長濱鄉,10014080-005,竹湖村,393,1006,553,453,105Y12M
10014,臺東縣,10014080,長濱鄉,10014080-003,忠勇村,237,636,378,258,105Y12M
10014,臺東縣,10014080,長濱鄉,10014080-004,長濱村,868,2291,1257,1034,105Y12M
10014,臺東縣,10014080,長濱鄉,10014080-006,寧埔村,576,1383,809,574,105Y12M
10014,臺東縣,10014080,長濱鄉,10014080-001,樟原村,296,706,395,311,105Y12M
10014,臺東縣,10014120,海端鄉,10014120-006,加拿村,157,646,359,287,105Y12M
10014,臺東縣,10014120,海端鄉,10014120-003,利稻村,79,337,171,166,105Y12M
10014,臺東縣,10014120,海端鄉,10014120-005,崁頂村,200,714,399,315,105Y12M
10014,臺東縣,10014120,海端鄉,10014120-004,海端村,304,1220,652,568,105Y12M
10014,臺東縣,10014120,海端鄉,10014120-001,廣原村,254,1016,523,493,105Y12M
10014,臺東縣,10014120,海端鄉,10014120-002,霧鹿村,96,350,180,170,105Y12M
10014,臺東縣,10014050,鹿野鄉,10014050-004,永安村,618,1679,915,764,105Y12M
10014,臺東縣,10014050,鹿野鄉,10014050-006,鹿野村,482,1251,655,596,105Y12M
10014,臺東縣,10014050,鹿野鄉,10014050-001,瑞和村,277,762,406,356,105Y12M
10014,臺東縣,10014050,鹿野鄉,10014050-005,瑞隆村,414,1011,550,461,105Y12M
10014,臺東縣,10014050,鹿野鄉,10014050-003,瑞源村,382,1041,522,519,105Y12M
10014,臺東縣,10014050,鹿野鄉,10014050-002,瑞豐村,398,1002,549,453,105Y12M
10014,臺東縣,10014050,鹿野鄉,10014050-007,龍田村,482,1272,683,589,105Y12M
10014,臺東縣,10014150,達仁鄉,10014150-002,土村,337,955,536,419,105Y12M
10014,臺東縣,10014150,達仁鄉,10014150-001,台村,279,693,368,325,105Y12M
10014,臺東縣,10014150,達仁鄉,10014150-004,安朔村,332,718,399,319,105Y12M
10014,臺東縣,10014150,達仁鄉,10014150-006,南田村,156,348,176,172,105Y12M
10014,臺東縣,10014150,達仁鄉,10014150-005,森永村,202,436,233,203,105Y12M
10014,臺東縣,10014150,達仁鄉,10014150-003,新化村,145,374,209,165,105Y12M
10014,臺東縣,10014110,綠島鄉,10014110-002,中寮村,360,1180,631,549,105Y12M
10014,臺東縣,10014110,綠島鄉,10014110-001,公館村,301,992,531,461,105Y12M
10014,臺東縣,10014110,綠島鄉,10014110-003,南寮村,445,1552,787,765,105Y12M
10014,臺東縣,10014010,臺東市,10014010-021,大同里,370,915,441,474,105Y12M
10014,臺東縣,10014010,臺東市,10014010-024,中山里,389,1069,527,542,105Y12M
10014,臺東縣,10014010,臺東市,10014010-011,中心里,1396,4232,2058,2174,105Y12M
10014,臺東縣,10014010,臺東市,10014010-020,中正里,379,909,457,452,105Y12M
10014,臺東縣,10014010,臺東市,10014010-015,中華里,727,1900,953,947,105Y12M
10014,臺東縣,10014010,臺東市,10014010-019,仁愛里,334,801,422,379,105Y12M
10014,臺東縣,10014010,臺東市,10014010-023,文化里,481,1329,660,669,105Y12M
10014,臺東縣,10014010,臺東市,10014010-014,四維里,291,719,391,328,105Y12M
10014,臺東縣,10014010,臺東市,10014010-008,民生里,1445,3560,1765,1795,105Y12M
10014,臺東縣,10014010,臺東市,10014010-013,民族里,713,2393,1157,1236,105Y12M
10014,臺東縣,10014010,臺東市,10014010-018,民權里,399,998,520,478,105Y12M
10014,臺東縣,10014010,臺東市,10014010-034,永樂里,862,2591,1319,1272,105Y12M
10014,臺東縣,10014010,臺東市,10014010-032,光明里,1338,3495,1621,1874,105Y12M
10014,臺東縣,10014010,臺東市,10014010-022,成功里,407,939,468,471,105Y12M
10014,臺東縣,10014010,臺東市,10014010-012,自強里,1821,5340,2580,2760,105Y12M
10014,臺東縣,10014010,臺東市,10014010-005,卑南里,1202,3099,1565,1534,105Y12M
10014,臺東縣,10014010,臺東市,10014010-003,岩灣里,1030,2294,1188,1106,105Y12M
10014,臺東縣,10014010,臺東市,10014010-036,東海里,1370,3690,1783,1907,105Y12M
10014,臺東縣,10014010,臺東市,10014010-045,知本里,555,1528,774,754,105Y12M
10014,臺東縣,10014010,臺東市,10014010-004,南王里,1132,3018,1554,1464,105Y12M
10014,臺東縣,10014010,臺東市,10014010-006,南榮里,1138,3111,1650,1461,105Y12M
10014,臺東縣,10014010,臺東市,10014010-042,建和里,601,1613,853,760,105Y12M
10014,臺東縣,10014010,臺東市,10014010-017,建國里,605,1486,785,701,105Y12M
10014,臺東縣,10014010,臺東市,10014010-044,建業里,564,1475,764,711,105Y12M
10014,臺東縣,10014010,臺東市,10014010-046,建農里,855,2313,1202,1111,105Y12M
10014,臺東縣,10014010,臺東市,10014010-043,建興里,411,1098,571,527,105Y12M
10014,臺東縣,10014010,臺東市,10014010-010,馬蘭里,1232,3938,1843,2095,105Y12M
10014,臺東縣,10014010,臺東市,10014010-035,康樂里,593,1597,862,735,105Y12M
10014,臺東縣,10014010,臺東市,10014010-016,強國里,275,731,388,343,105Y12M
10014,臺東縣,10014010,臺東市,10014010-001,富岡里,662,1684,902,782,105Y12M
10014,臺東縣,10014010,臺東市,10014010-002,富豐里,388,993,535,458,105Y12M
10014,臺東縣,10014010,臺東市,10014010-025,復國里,306,722,373,349,105Y12M
10014,臺東縣,10014010,臺東市,10014010-027,復興里,218,512,264,248,105Y12M
10014,臺東縣,10014010,臺東市,10014010-007,新生里,3000,7603,3722,3881,105Y12M
10014,臺東縣,10014010,臺東市,10014010-029,新園里,745,1877,999,878,105Y12M
10014,臺東縣,10014010,臺東市,10014010-037,新興里,488,1165,575,590,105Y12M
10014,臺東縣,10014010,臺東市,10014010-026,興國里,377,1116,542,574,105Y12M
10014,臺東縣,10014010,臺東市,10014010-030,豐田里,862,2389,1190,1199,105Y12M
10014,臺東縣,10014010,臺東市,10014010-031,豐年里,1293,3236,1669,1567,105Y12M
10014,臺東縣,10014010,臺東市,10014010-039,豐谷里,2072,5958,3005,2953,105Y12M
10014,臺東縣,10014010,臺東市,10014010-040,豐里里,946,2811,1478,1333,105Y12M
10014,臺東縣,10014010,臺東市,10014010-041,豐原里,473,1434,780,654,105Y12M
10014,臺東縣,10014010,臺東市,10014010-038,豐榮里,3621,9420,4582,4838,105Y12M
10014,臺東縣,10014010,臺東市,10014010-033,豐樂里,569,1799,906,893,105Y12M
10014,臺東縣,10014010,臺東市,10014010-009,寶桑里,402,1027,504,523,105Y12M
10014,臺東縣,10014010,臺東市,10014010-028,鐵花里,194,441,215,226,105Y12M
10014,臺東縣,10014030,關山鎮,10014030-004,中福里,351,989,509,480,105Y12M
10014,臺東縣,10014030,關山鎮,10014030-007,月眉里,333,829,452,377,105Y12M
10014,臺東縣,10014030,關山鎮,10014030-005,里里,741,2025,988,1037,105Y12M
10014,臺東縣,10014030,關山鎮,10014030-003,新福里,383,1053,576,477,105Y12M
10014,臺東縣,10014030,關山鎮,10014030-006,電光里,230,640,373,267,105Y12M
10014,臺東縣,10014030,關山鎮,10014030-001,德高里,679,1903,1004,899,105Y12M
10014,臺東縣,10014030,關山鎮,10014030-002,豐泉里,471,1372,703,669,105Y12M
10014,臺東縣,10014160,蘭嶼鄉,10014160-001,東清村,509,1504,754,750,105Y12M
10014,臺東縣,10014160,蘭嶼鄉,10014160-003,紅頭村,576,1506,771,735,105Y12M
10014,臺東縣,10014160,蘭嶼鄉,10014160-002,朗島村,317,924,459,465,105Y12M
10014,臺東縣,10014160,蘭嶼鄉,10014160-004,椰油村,408,1149,587,562,105Y12M
10014,臺東縣,10014100,大武鄉,10014100-001,大竹村,355,896,483,413,106Y12M
10014,臺東縣,10014100,大武鄉,10014100-003,大武村,647,1570,814,756,106Y12M
10014,臺東縣,10014100,大武鄉,10014100-002,大鳥村,532,1328,727,601,106Y12M
10014,臺東縣,10014100,大武鄉,10014100-004,尚武村,682,1679,862,817,106Y12M
10014,臺東縣,10014100,大武鄉,10014100-005,南興村,281,644,317,327,106Y12M
10014,臺東縣,10014090,太麻里鄉,10014090-002,三和村,274,696,371,325,106Y12M
10014,臺東縣,10014090,太麻里鄉,10014090-006,大王村,891,2092,1124,968,106Y12M
10014,臺東縣,10014090,太麻里鄉,10014090-004,北里村,298,639,369,270,106Y12M
10014,臺東縣,10014090,太麻里鄉,10014090-009,多良村,470,1057,555,502,106Y12M
10014,臺東縣,10014090,太麻里鄉,10014090-008,金崙村,834,1975,1045,930,106Y12M
10014,臺東縣,10014090,太麻里鄉,10014090-001,美和村,541,1498,781,717,106Y12M
10014,臺東縣,10014090,太麻里鄉,10014090-007,香蘭村,378,899,504,395,106Y12M
10014,臺東縣,10014090,太麻里鄉,10014090-005,泰和村,690,1633,829,804,106Y12M
10014,臺東縣,10014090,太麻里鄉,10014090-003,華源村,306,674,378,296,106Y12M
10014,臺東縣,10014020,成功鎮,10014020-003,三仙里,630,1596,880,716,106Y12M
10014,臺東縣,10014020,成功鎮,10014020-004,三民里,1126,3148,1632,1516,106Y12M
10014,臺東縣,10014020,成功鎮,10014020-007,和平里,356,831,457,374,106Y12M
10014,臺東縣,10014020,成功鎮,10014020-006,忠仁里,920,2597,1355,1242,106Y12M
10014,臺東縣,10014020,成功鎮,10014020-002,忠孝里,477,1079,542,537,106Y12M
10014,臺東縣,10014020,成功鎮,10014020-005,忠智里,777,2283,1182,1101,106Y12M
10014,臺東縣,10014020,成功鎮,10014020-008,信義里,782,2021,1076,945,106Y12M
10014,臺東縣,10014020,成功鎮,10014020-001,博愛里,318,683,380,303,106Y12M
10014,臺東縣,10014060,池上鄉,10014060-003,大坡村,146,368,201,167,106Y12M
10014,臺東縣,10014060,池上鄉,10014060-004,大埔村,333,883,438,445,106Y12M
10014,臺東縣,10014060,池上鄉,10014060-010,振興村,194,493,265,228,106Y12M
10014,臺東縣,10014060,池上鄉,10014060-009,富興村,170,453,259,194,106Y12M
10014,臺東縣,10014060,池上鄉,10014060-007,新興村,377,981,543,438,106Y12M
10014,臺東縣,10014060,池上鄉,10014060-008,萬安村,148,368,197,171,106Y12M
10014,臺東縣,10014060,池上鄉,10014060-001,福文村,522,1323,704,619,106Y12M
10014,臺東縣,10014060,池上鄉,10014060-005,福原村,880,2257,1098,1159,106Y12M
10014,臺東縣,10014060,池上鄉,10014060-002,慶豐村,271,733,389,344,106Y12M
10014,臺東縣,10014060,池上鄉,10014060-006,錦園村,162,389,210,179,106Y12M
10014,臺東縣,10014040,卑南鄉,10014040-010,太平村,1353,3472,1765,1707,106Y12M
10014,臺東縣,10014040,卑南鄉,10014040-002,利吉村,194,493,272,221,106Y12M
10014,臺東縣,10014040,卑南鄉,10014040-011,利嘉村,478,1295,676,619,106Y12M
10014,臺東縣,10014040,卑南鄉,10014040-005,明峰村,516,1322,723,599,106Y12M
10014,臺東縣,10014040,卑南鄉,10014040-012,東興村,502,1393,737,656,106Y12M
10014,臺東縣,10014040,卑南鄉,10014040-006,初鹿村,540,1465,770,695,106Y12M
10014,臺東縣,10014040,卑南鄉,10014040-007,美農村,492,1184,638,546,106Y12M
10014,臺東縣,10014040,卑南鄉,10014040-009,泰安村,515,1354,697,657,106Y12M
10014,臺東縣,10014040,卑南鄉,10014040-003,富山村,242,574,324,250,106Y12M
10014,臺東縣,10014040,卑南鄉,10014040-004,富源村,165,390,226,164,106Y12M
10014,臺東縣,10014040,卑南鄉,10014040-013,溫泉村,544,1318,700,618,106Y12M
10014,臺東縣,10014040,卑南鄉,10014040-001,嘉豐村,211,558,302,256,106Y12M
10014,臺東縣,10014040,卑南鄉,10014040-008,賓朗村,964,2581,1350,1231,106Y12M
10014,臺東縣,10014130,延平鄉,10014130-002,永康村,117,379,206,173,106Y12M
10014,臺東縣,10014130,延平鄉,10014130-001,武陵村,226,725,388,337,106Y12M
10014,臺東縣,10014130,延平鄉,10014130-003,紅葉村,142,514,285,229,106Y12M
10014,臺東縣,10014130,延平鄉,10014130-005,桃源村,361,1225,640,585,106Y12M
10014,臺東縣,10014130,延平鄉,10014130-004,鸞山村,221,708,376,332,106Y12M
10014,臺東縣,10014070,東河鄉,10014070-001,北源村,867,1737,1092,645,106Y12M
10014,臺東縣,10014070,東河鄉,10014070-004,尚德村,130,296,170,126,106Y12M
10014,臺東縣,10014070,東河鄉,10014070-003,東河村,451,1106,597,509,106Y12M
10014,臺東縣,10014070,東河鄉,10014070-002,泰源村,515,1337,720,617,106Y12M
10014,臺東縣,10014070,東河鄉,10014070-007,都蘭村,1012,2395,1280,1115,106Y12M
10014,臺東縣,10014070,東河鄉,10014070-005,隆昌村,276,601,320,281,106Y12M
10014,臺東縣,10014070,東河鄉,10014070-006,興昌村,509,1045,545,500,106Y12M
10014,臺東縣,10014140,金峰鄉,10014140-002,正興村,216,712,353,359,106Y12M
10014,臺東縣,10014140,金峰鄉,10014140-001,新興村,177,634,322,312,106Y12M
10014,臺東縣,10014140,金峰鄉,10014140-003,嘉蘭村,472,1510,770,740,106Y12M
10014,臺東縣,10014140,金峰鄉,10014140-004,賓茂村,135,414,223,191,106Y12M
10014,臺東縣,10014140,金峰鄉,10014140-005,歷坵村,124,383,193,190,106Y12M
10014,臺東縣,10014080,長濱鄉,10014080-002,三間村,547,1324,766,558,106Y12M
10014,臺東縣,10014080,長濱鄉,10014080-005,竹湖村,390,1006,553,453,106Y12M
10014,臺東縣,10014080,長濱鄉,10014080-003,忠勇村,234,626,373,253,106Y12M
10014,臺東縣,10014080,長濱鄉,10014080-004,長濱村,876,2262,1240,1022,106Y12M
10014,臺東縣,10014080,長濱鄉,10014080-006,寧埔村,579,1345,786,559,106Y12M
10014,臺東縣,10014080,長濱鄉,10014080-001,樟原村,302,697,389,308,106Y12M
10014,臺東縣,10014120,海端鄉,10014120-006,加拿村,156,626,348,278,106Y12M
10014,臺東縣,10014120,海端鄉,10014120-003,利稻村,80,336,171,165,106Y12M
10014,臺東縣,10014120,海端鄉,10014120-005,崁頂村,204,715,394,321,106Y12M
10014,臺東縣,10014120,海端鄉,10014120-004,海端村,302,1220,655,565,106Y12M
10014,臺東縣,10014120,海端鄉,10014120-001,廣原村,252,987,502,485,106Y12M
10014,臺東縣,10014120,海端鄉,10014120-002,霧鹿村,97,338,177,161,106Y12M
10014,臺東縣,10014050,鹿野鄉,10014050-004,永安村,623,1667,907,760,106Y12M
10014,臺東縣,10014050,鹿野鄉,10014050-006,鹿野村,487,1264,652,612,106Y12M
10014,臺東縣,10014050,鹿野鄉,10014050-001,瑞和村,271,751,399,352,106Y12M
10014,臺東縣,10014050,鹿野鄉,10014050-005,瑞隆村,407,1009,545,464,106Y12M
10014,臺東縣,10014050,鹿野鄉,10014050-003,瑞源村,382,1020,513,507,106Y12M
10014,臺東縣,10014050,鹿野鄉,10014050-002,瑞豐村,397,998,543,455,106Y12M
10014,臺東縣,10014050,鹿野鄉,10014050-007,龍田村,477,1242,673,569,106Y12M
10014,臺東縣,10014150,達仁鄉,10014150-002,土村,343,981,551,430,106Y12M
10014,臺東縣,10014150,達仁鄉,10014150-001,台村,275,692,367,325,106Y12M
10014,臺東縣,10014150,達仁鄉,10014150-004,安朔村,329,695,382,313,106Y12M
10014,臺東縣,10014150,達仁鄉,10014150-006,南田村,151,334,170,164,106Y12M
10014,臺東縣,10014150,達仁鄉,10014150-005,森永村,206,441,238,203,106Y12M
10014,臺東縣,10014150,達仁鄉,10014150-003,新化村,151,375,209,166,106Y12M
10014,臺東縣,10014110,綠島鄉,10014110-002,中寮村,360,1205,643,562,106Y12M
10014,臺東縣,10014110,綠島鄉,10014110-001,公館村,326,1088,599,489,106Y12M
10014,臺東縣,10014110,綠島鄉,10014110-003,南寮村,462,1633,825,808,106Y12M
10014,臺東縣,10014010,臺東市,10014010-021,大同里,366,888,432,456,106Y12M
10014,臺東縣,10014010,臺東市,10014010-024,中山里,375,1019,494,525,106Y12M
10014,臺東縣,10014010,臺東市,10014010-011,中心里,1384,4157,2060,2097,106Y12M
10014,臺東縣,10014010,臺東市,10014010-020,中正里,379,877,441,436,106Y12M
10014,臺東縣,10014010,臺東市,10014010-015,中華里,749,1907,951,956,106Y12M
10014,臺東縣,10014010,臺東市,10014010-019,仁愛里,331,807,423,384,106Y12M
10014,臺東縣,10014010,臺東市,10014010-023,文化里,483,1324,662,662,106Y12M
10014,臺東縣,10014010,臺東市,10014010-014,四維里,296,742,398,344,106Y12M
10014,臺東縣,10014010,臺東市,10014010-008,民生里,1447,3533,1742,1791,106Y12M
10014,臺東縣,10014010,臺東市,10014010-013,民族里,713,2359,1136,1223,106Y12M
10014,臺東縣,10014010,臺東市,10014010-018,民權里,400,1007,533,474,106Y12M
10014,臺東縣,10014010,臺東市,10014010-034,永樂里,877,2601,1322,1279,106Y12M
10014,臺東縣,10014010,臺東市,10014010-032,光明里,1325,3456,1596,1860,106Y12M
10014,臺東縣,10014010,臺東市,10014010-022,成功里,392,912,456,456,106Y12M
10014,臺東縣,10014010,臺東市,10014010-012,自強里,1837,5306,2539,2767,106Y12M
10014,臺東縣,10014010,臺東市,10014010-005,卑南里,1219,3133,1574,1559,106Y12M
10014,臺東縣,10014010,臺東市,10014010-003,岩灣里,1061,2338,1215,1123,106Y12M
10014,臺東縣,10014010,臺東市,10014010-036,東海里,1362,3631,1779,1852,106Y12M
10014,臺東縣,10014010,臺東市,10014010-045,知本里,571,1541,783,758,106Y12M
10014,臺東縣,10014010,臺東市,10014010-004,南王里,1137,3010,1533,1477,106Y12M
10014,臺東縣,10014010,臺東市,10014010-006,南榮里,1133,3107,1638,1469,106Y12M
10014,臺東縣,10014010,臺東市,10014010-042,建和里,598,1616,849,767,106Y12M
10014,臺東縣,10014010,臺東市,10014010-017,建國里,613,1468,773,695,106Y12M
10014,臺東縣,10014010,臺東市,10014010-044,建業里,554,1459,749,710,106Y12M
10014,臺東縣,10014010,臺東市,10014010-046,建農里,862,2305,1195,1110,106Y12M
10014,臺東縣,10014010,臺東市,10014010-043,建興里,413,1083,560,523,106Y12M
10014,臺東縣,10014010,臺東市,10014010-010,馬蘭里,1220,3871,1799,2072,106Y12M
10014,臺東縣,10014010,臺東市,10014010-035,康樂里,593,1582,854,728,106Y12M
10014,臺東縣,10014010,臺東市,10014010-016,強國里,272,711,381,330,106Y12M
10014,臺東縣,10014010,臺東市,10014010-001,富岡里,668,1694,901,793,106Y12M
10014,臺東縣,10014010,臺東市,10014010-002,富豐里,395,992,528,464,106Y12M
10014,臺東縣,10014010,臺東市,10014010-025,復國里,301,698,359,339,106Y12M
10014,臺東縣,10014010,臺東市,10014010-027,復興里,203,474,242,232,106Y12M
10014,臺東縣,10014010,臺東市,10014010-007,新生里,3031,7642,3743,3899,106Y12M
10014,臺東縣,10014010,臺東市,10014010-029,新園里,758,1876,1001,875,106Y12M
10014,臺東縣,10014010,臺東市,10014010-037,新興里,483,1147,560,587,106Y12M
10014,臺東縣,10014010,臺東市,10014010-026,興國里,366,1094,537,557,106Y12M
10014,臺東縣,10014010,臺東市,10014010-030,豐田里,861,2392,1191,1201,106Y12M
10014,臺東縣,10014010,臺東市,10014010-031,豐年里,1339,3387,1742,1645,106Y12M
10014,臺東縣,10014010,臺東市,10014010-039,豐谷里,2094,5921,2993,2928,106Y12M
10014,臺東縣,10014010,臺東市,10014010-040,豐里里,947,2797,1466,1331,106Y12M
10014,臺東縣,10014010,臺東市,10014010-041,豐原里,483,1443,780,663,106Y12M
10014,臺東縣,10014010,臺東市,10014010-038,豐榮里,3674,9393,4546,4847,106Y12M
10014,臺東縣,10014010,臺東市,10014010-033,豐樂里,570,1790,907,883,106Y12M
10014,臺東縣,10014010,臺東市,10014010-009,寶桑里,415,1038,507,531,106Y12M
10014,臺東縣,10014010,臺東市,10014010-028,鐵花里,191,432,209,223,106Y12M
10014,臺東縣,10014030,關山鎮,10014030-004,中福里,351,979,501,478,106Y12M
10014,臺東縣,10014030,關山鎮,10014030-007,月眉里,326,825,455,370,106Y12M
10014,臺東縣,10014030,關山鎮,10014030-005,里里,738,2005,980,1025,106Y12M
10014,臺東縣,10014030,關山鎮,10014030-003,新福里,383,1042,562,480,106Y12M
10014,臺東縣,10014030,關山鎮,10014030-006,電光里,225,624,359,265,106Y12M
10014,臺東縣,10014030,關山鎮,10014030-001,德高里,683,1893,997,896,106Y12M
10014,臺東縣,10014030,關山鎮,10014030-002,豐泉里,473,1374,688,686,106Y12M
10014,臺東縣,10014160,蘭嶼鄉,10014160-001,東清村,516,1517,752,765,106Y12M
10014,臺東縣,10014160,蘭嶼鄉,10014160-003,紅頭村,576,1469,757,712,106Y12M
10014,臺東縣,10014160,蘭嶼鄉,10014160-002,朗島村,330,927,458,469,106Y12M
10014,臺東縣,10014160,蘭嶼鄉,10014160-004,椰油村,426,1162,593,569,106Y12M
10014,臺東縣,10014100,大武鄉,10014100-001,大竹村,356,897,472,425,107Y12M
10014,臺東縣,10014100,大武鄉,10014100-003,大武村,627,1544,805,739,107Y12M
10014,臺東縣,10014100,大武鄉,10014100-002,大鳥村,534,1350,729,621,107Y12M
10014,臺東縣,10014100,大武鄉,10014100-004,尚武村,670,1623,823,800,107Y12M
10014,臺東縣,10014100,大武鄉,10014100-005,南興村,285,632,313,319,107Y12M
10014,臺東縣,10014090,太麻里鄉,10014090-002,三和村,280,698,384,314,107Y12M
10014,臺東縣,10014090,太麻里鄉,10014090-006,大王村,882,2071,1098,973,107Y12M
10014,臺東縣,10014090,太麻里鄉,10014090-004,北里村,301,632,371,261,107Y12M
10014,臺東縣,10014090,太麻里鄉,10014090-009,多良村,481,1058,556,502,107Y12M
10014,臺東縣,10014090,太麻里鄉,10014090-008,金崙村,853,2008,1050,958,107Y12M
10014,臺東縣,10014090,太麻里鄉,10014090-001,美和村,546,1489,781,708,107Y12M
10014,臺東縣,10014090,太麻里鄉,10014090-007,香蘭村,380,898,503,395,107Y12M
10014,臺東縣,10014090,太麻里鄉,10014090-005,泰和村,691,1614,808,806,107Y12M
10014,臺東縣,10014090,太麻里鄉,10014090-003,華源村,319,679,379,300,107Y12M
10014,臺東縣,10014020,成功鎮,10014020-003,三仙里,616,1577,878,699,107Y12M
10014,臺東縣,10014020,成功鎮,10014020-004,三民里,1124,3089,1591,1498,107Y12M
10014,臺東縣,10014020,成功鎮,10014020-007,和平里,354,820,446,374,107Y12M
10014,臺東縣,10014020,成功鎮,10014020-006,忠仁里,920,2564,1342,1222,107Y12M
10014,臺東縣,10014020,成功鎮,10014020-002,忠孝里,474,1071,532,539,107Y12M
10014,臺東縣,10014020,成功鎮,10014020-005,忠智里,765,2236,1148,1088,107Y12M
10014,臺東縣,10014020,成功鎮,10014020-008,信義里,786,2024,1082,942,107Y12M
10014,臺東縣,10014020,成功鎮,10014020-001,博愛里,316,678,381,297,107Y12M
10014,臺東縣,10014060,池上鄉,10014060-003,大坡村,143,358,197,161,107Y12M
10014,臺東縣,10014060,池上鄉,10014060-004,大埔村,328,890,449,441,107Y12M
10014,臺東縣,10014060,池上鄉,10014060-010,振興村,190,483,261,222,107Y12M
10014,臺東縣,10014060,池上鄉,10014060-009,富興村,169,445,251,194,107Y12M
10014,臺東縣,10014060,池上鄉,10014060-007,新興村,378,973,538,435,107Y12M
10014,臺東縣,10014060,池上鄉,10014060-008,萬安村,148,359,190,169,107Y12M
10014,臺東縣,10014060,池上鄉,10014060-001,福文村,519,1308,692,616,107Y12M
10014,臺東縣,10014060,池上鄉,10014060-005,福原村,882,2273,1095,1178,107Y12M
10014,臺東縣,10014060,池上鄉,10014060-002,慶豐村,273,720,378,342,107Y12M
10014,臺東縣,10014060,池上鄉,10014060-006,錦園村,164,390,208,182,107Y12M
10014,臺東縣,10014040,卑南鄉,10014040-010,太平村,1364,3467,1762,1705,107Y12M
10014,臺東縣,10014040,卑南鄉,10014040-002,利吉村,194,485,263,222,107Y12M
10014,臺東縣,10014040,卑南鄉,10014040-011,利嘉村,469,1279,668,611,107Y12M
10014,臺東縣,10014040,卑南鄉,10014040-005,明峰村,518,1328,730,598,107Y12M
10014,臺東縣,10014040,卑南鄉,10014040-012,東興村,500,1382,729,653,107Y12M
10014,臺東縣,10014040,卑南鄉,10014040-006,初鹿村,535,1467,762,705,107Y12M
10014,臺東縣,10014040,卑南鄉,10014040-007,美農村,502,1204,652,552,107Y12M
10014,臺東縣,10014040,卑南鄉,10014040-009,泰安村,519,1345,698,647,107Y12M
10014,臺東縣,10014040,卑南鄉,10014040-003,富山村,241,550,310,240,107Y12M
10014,臺東縣,10014040,卑南鄉,10014040-004,富源村,161,374,219,155,107Y12M
10014,臺東縣,10014040,卑南鄉,10014040-013,溫泉村,549,1324,699,625,107Y12M
10014,臺東縣,10014040,卑南鄉,10014040-001,嘉豐村,211,552,298,254,107Y12M
10014,臺東縣,10014040,卑南鄉,10014040-008,賓朗村,951,2512,1311,1201,107Y12M
10014,臺東縣,10014130,延平鄉,10014130-002,永康村,119,391,210,181,107Y12M
10014,臺東縣,10014130,延平鄉,10014130-001,武陵村,227,736,392,344,107Y12M
10014,臺東縣,10014130,延平鄉,10014130-003,紅葉村,142,517,279,238,107Y12M
10014,臺東縣,10014130,延平鄉,10014130-005,桃源村,362,1260,669,591,107Y12M
10014,臺東縣,10014130,延平鄉,10014130-004,鸞山村,221,724,382,342,107Y12M
10014,臺東縣,10014070,東河鄉,10014070-001,北源村,881,1756,1105,651,107Y12M
10014,臺東縣,10014070,東河鄉,10014070-004,尚德村,129,295,168,127,107Y12M
10014,臺東縣,10014070,東河鄉,10014070-003,東河村,447,1100,595,505,107Y12M
10014,臺東縣,10014070,東河鄉,10014070-002,泰源村,514,1328,714,614,107Y12M
10014,臺東縣,10014070,東河鄉,10014070-007,都蘭村,1009,2377,1267,1110,107Y12M
10014,臺東縣,10014070,東河鄉,10014070-005,隆昌村,279,604,316,288,107Y12M
10014,臺東縣,10014070,東河鄉,10014070-006,興昌村,503,1019,535,484,107Y12M
10014,臺東縣,10014140,金峰鄉,10014140-002,正興村,222,731,360,371,107Y12M
10014,臺東縣,10014140,金峰鄉,10014140-001,新興村,187,647,330,317,107Y12M
10014,臺東縣,10014140,金峰鄉,10014140-003,嘉蘭村,477,1556,787,769,107Y12M
10014,臺東縣,10014140,金峰鄉,10014140-004,賓茂村,135,409,222,187,107Y12M
10014,臺東縣,10014140,金峰鄉,10014140-005,歷坵村,126,396,191,205,107Y12M
10014,臺東縣,10014080,長濱鄉,10014080-002,三間村,545,1307,765,542,107Y12M
10014,臺東縣,10014080,長濱鄉,10014080-005,竹湖村,390,994,549,445,107Y12M
10014,臺東縣,10014080,長濱鄉,10014080-003,忠勇村,238,622,375,247,107Y12M
10014,臺東縣,10014080,長濱鄉,10014080-004,長濱村,873,2235,1221,1014,107Y12M
10014,臺東縣,10014080,長濱鄉,10014080-006,寧埔村,572,1330,783,547,107Y12M
10014,臺東縣,10014080,長濱鄉,10014080-001,樟原村,296,694,384,310,107Y12M
10014,臺東縣,10014120,海端鄉,10014120-006,加拿村,154,621,346,275,107Y12M
10014,臺東縣,10014120,海端鄉,10014120-003,利稻村,80,337,170,167,107Y12M
10014,臺東縣,10014120,海端鄉,10014120-005,崁頂村,203,709,391,318,107Y12M
10014,臺東縣,10014120,海端鄉,10014120-004,海端村,305,1216,649,567,107Y12M
10014,臺東縣,10014120,海端鄉,10014120-001,廣原村,252,975,499,476,107Y12M
10014,臺東縣,10014120,海端鄉,10014120-002,霧鹿村,95,328,171,157,107Y12M
10014,臺東縣,10014050,鹿野鄉,10014050-004,永安村,626,1633,891,742,107Y12M
10014,臺東縣,10014050,鹿野鄉,10014050-006,鹿野村,481,1256,640,616,107Y12M
10014,臺東縣,10014050,鹿野鄉,10014050-001,瑞和村,269,763,401,362,107Y12M
10014,臺東縣,10014050,鹿野鄉,10014050-005,瑞隆村,404,1012,544,468,107Y12M
10014,臺東縣,10014050,鹿野鄉,10014050-003,瑞源村,376,991,499,492,107Y12M
10014,臺東縣,10014050,鹿野鄉,10014050-002,瑞豐村,412,1008,545,463,107Y12M
10014,臺東縣,10014050,鹿野鄉,10014050-007,龍田村,481,1212,645,567,107Y12M
10014,臺東縣,10014150,達仁鄉,10014150-002,土村,346,1016,551,465,107Y12M
10014,臺東縣,10014150,達仁鄉,10014150-001,台村,271,706,385,321,107Y12M
10014,臺東縣,10014150,達仁鄉,10014150-004,安朔村,322,675,372,303,107Y12M
10014,臺東縣,10014150,達仁鄉,10014150-006,南田村,145,323,162,161,107Y12M
10014,臺東縣,10014150,達仁鄉,10014150-005,森永村,206,476,257,219,107Y12M
10014,臺東縣,10014150,達仁鄉,10014150-003,新化村,153,384,216,168,107Y12M
10014,臺東縣,10014110,綠島鄉,10014110-002,中寮村,356,1237,646,591,107Y12M
10014,臺東縣,10014110,綠島鄉,10014110-001,公館村,329,1175,670,505,107Y12M
10014,臺東縣,10014110,綠島鄉,10014110-003,南寮村,474,1685,863,822,107Y12M
10014,臺東縣,10014010,臺東市,10014010-021,大同里,358,877,427,450,107Y12M
10014,臺東縣,10014010,臺東市,10014010-024,中山里,370,997,479,518,107Y12M
10014,臺東縣,10014010,臺東市,10014010-011,中心里,1378,4080,2014,2066,107Y12M
10014,臺東縣,10014010,臺東市,10014010-020,中正里,372,877,441,436,107Y12M
10014,臺東縣,10014010,臺東市,10014010-015,中華里,735,1896,957,939,107Y12M
10014,臺東縣,10014010,臺東市,10014010-019,仁愛里,332,792,412,380,107Y12M
10014,臺東縣,10014010,臺東市,10014010-023,文化里,519,1380,690,690,107Y12M
10014,臺東縣,10014010,臺東市,10014010-014,四維里,308,780,413,367,107Y12M
10014,臺東縣,10014010,臺東市,10014010-008,民生里,1461,3576,1756,1820,107Y12M
10014,臺東縣,10014010,臺東市,10014010-013,民族里,715,2352,1141,1211,107Y12M
10014,臺東縣,10014010,臺東市,10014010-018,民權里,400,1026,535,491,107Y12M
10014,臺東縣,10014010,臺東市,10014010-034,永樂里,892,2641,1343,1298,107Y12M
10014,臺東縣,10014010,臺東市,10014010-032,光明里,1311,3388,1553,1835,107Y12M
10014,臺東縣,10014010,臺東市,10014010-022,成功里,389,902,449,453,107Y12M
10014,臺東縣,10014010,臺東市,10014010-012,自強里,1842,5313,2518,2795,107Y12M
10014,臺東縣,10014010,臺東市,10014010-005,卑南里,1232,3168,1576,1592,107Y12M
10014,臺東縣,10014010,臺東市,10014010-003,岩灣里,1098,2412,1253,1159,107Y12M
10014,臺東縣,10014010,臺東市,10014010-036,東海里,1351,3592,1745,1847,107Y12M
10014,臺東縣,10014010,臺東市,10014010-045,知本里,598,1557,784,773,107Y12M
10014,臺東縣,10014010,臺東市,10014010-004,南王里,1168,3072,1572,1500,107Y12M
10014,臺東縣,10014010,臺東市,10014010-006,南榮里,1132,3067,1605,1462,107Y12M
10014,臺東縣,10014010,臺東市,10014010-042,建和里,600,1596,841,755,107Y12M
10014,臺東縣,10014010,臺東市,10014010-017,建國里,606,1439,751,688,107Y12M
10014,臺東縣,10014010,臺東市,10014010-044,建業里,571,1468,756,712,107Y12M
10014,臺東縣,10014010,臺東市,10014010-046,建農里,859,2288,1195,1093,107Y12M
10014,臺東縣,10014010,臺東市,10014010-043,建興里,401,1043,529,514,107Y12M
10014,臺東縣,10014010,臺東市,10014010-010,馬蘭里,1207,3772,1760,2012,107Y12M
10014,臺東縣,10014010,臺東市,10014010-035,康樂里,591,1574,846,728,107Y12M
10014,臺東縣,10014010,臺東市,10014010-016,強國里,274,721,375,346,107Y12M
10014,臺東縣,10014010,臺東市,10014010-001,富岡里,659,1683,906,777,107Y12M
10014,臺東縣,10014010,臺東市,10014010-002,富豐里,395,973,517,456,107Y12M
10014,臺東縣,10014010,臺東市,10014010-025,復國里,301,674,344,330,107Y12M
10014,臺東縣,10014010,臺東市,10014010-027,復興里,200,474,243,231,107Y12M
10014,臺東縣,10014010,臺東市,10014010-007,新生里,3033,7535,3669,3866,107Y12M
10014,臺東縣,10014010,臺東市,10014010-029,新園里,760,1853,993,860,107Y12M
10014,臺東縣,10014010,臺東市,10014010-037,新興里,482,1141,554,587,107Y12M
10014,臺東縣,10014010,臺東市,10014010-026,興國里,360,1052,517,535,107Y12M
10014,臺東縣,10014010,臺東市,10014010-030,豐田里,878,2416,1213,1203,107Y12M
10014,臺東縣,10014010,臺東市,10014010-031,豐年里,1353,3431,1761,1670,107Y12M
10014,臺東縣,10014010,臺東市,10014010-039,豐谷里,2095,5891,2976,2915,107Y12M
10014,臺東縣,10014010,臺東市,10014010-040,豐里里,946,2740,1441,1299,107Y12M
10014,臺東縣,10014010,臺東市,10014010-041,豐原里,475,1430,773,657,107Y12M
10014,臺東縣,10014010,臺東市,10014010-038,豐榮里,3703,9368,4503,4865,107Y12M
10014,臺東縣,10014010,臺東市,10014010-033,豐樂里,575,1778,911,867,107Y12M
10014,臺東縣,10014010,臺東市,10014010-009,寶桑里,413,1027,514,513,107Y12M
10014,臺東縣,10014010,臺東市,10014010-028,鐵花里,201,461,224,237,107Y12M
10014,臺東縣,10014030,關山鎮,10014030-004,中福里,347,968,490,478,107Y12M
10014,臺東縣,10014030,關山鎮,10014030-007,月眉里,320,813,450,363,107Y12M
10014,臺東縣,10014030,關山鎮,10014030-005,里里,724,2001,989,1012,107Y12M
10014,臺東縣,10014030,關山鎮,10014030-003,新福里,387,1045,557,488,107Y12M
10014,臺東縣,10014030,關山鎮,10014030-006,電光里,224,615,357,258,107Y12M
10014,臺東縣,10014030,關山鎮,10014030-001,德高里,684,1894,998,896,107Y12M
10014,臺東縣,10014030,關山鎮,10014030-002,豐泉里,471,1367,681,686,107Y12M
10014,臺東縣,10014160,蘭嶼鄉,10014160-001,東清村,526,1550,767,783,107Y12M
10014,臺東縣,10014160,蘭嶼鄉,10014160-003,紅頭村,585,1467,756,711,107Y12M
10014,臺東縣,10014160,蘭嶼鄉,10014160-002,朗島村,338,943,466,477,107Y12M
10014,臺東縣,10014160,蘭嶼鄉,10014160-004,椰油村,430,1197,615,582,107Y12M
10014,臺東縣,10014100,大武鄉,10014100-001,大竹村,357,876,467,409,108Y12M
10014,臺東縣,10014100,大武鄉,10014100-003,大武村,619,1507,790,717,108Y12M
10014,臺東縣,10014100,大武鄉,10014100-002,大鳥村,525,1315,721,594,108Y12M
10014,臺東縣,10014100,大武鄉,10014100-004,尚武村,664,1547,783,764,108Y12M
10014,臺東縣,10014100,大武鄉,10014100-005,南興村,281,606,312,294,108Y12M
10014,臺東縣,10014090,太麻里鄉,10014090-002,三和村,278,663,359,304,108Y12M
10014,臺東縣,10014090,太麻里鄉,10014090-006,大王村,890,2038,1073,965,108Y12M
10014,臺東縣,10014090,太麻里鄉,10014090-004,北里村,303,640,375,265,108Y12M
10014,臺東縣,10014090,太麻里鄉,10014090-009,多良村,480,1049,551,498,108Y12M
10014,臺東縣,10014090,太麻里鄉,10014090-008,金崙村,853,1973,1029,944,108Y12M
10014,臺東縣,10014090,太麻里鄉,10014090-001,美和村,553,1479,770,709,108Y12M
10014,臺東縣,10014090,太麻里鄉,10014090-007,香蘭村,373,888,491,397,108Y12M
10014,臺東縣,10014090,太麻里鄉,10014090-005,泰和村,693,1603,815,788,108Y12M
10014,臺東縣,10014090,太麻里鄉,10014090-003,華源村,318,651,358,293,108Y12M
10014,臺東縣,10014020,成功鎮,10014020-003,三仙里,619,1549,866,683,108Y12M
10014,臺東縣,10014020,成功鎮,10014020-004,三民里,1128,3014,1554,1460,108Y12M
10014,臺東縣,10014020,成功鎮,10014020-007,和平里,356,788,430,358,108Y12M
10014,臺東縣,10014020,成功鎮,10014020-006,忠仁里,919,2509,1305,1204,108Y12M
10014,臺東縣,10014020,成功鎮,10014020-002,忠孝里,472,1052,523,529,108Y12M
10014,臺東縣,10014020,成功鎮,10014020-005,忠智里,765,2216,1125,1091,108Y12M
10014,臺東縣,10014020,成功鎮,10014020-008,信義里,788,1972,1066,906,108Y12M
10014,臺東縣,10014020,成功鎮,10014020-001,博愛里,312,648,368,280,108Y12M
10014,臺東縣,10014060,池上鄉,10014060-003,大坡村,143,354,193,161,108Y12M
10014,臺東縣,10014060,池上鄉,10014060-004,大埔村,325,889,447,442,108Y12M
10014,臺東縣,10014060,池上鄉,10014060-010,振興村,193,487,263,224,108Y12M
10014,臺東縣,10014060,池上鄉,10014060-009,富興村,172,441,248,193,108Y12M
10014,臺東縣,10014060,池上鄉,10014060-007,新興村,381,940,523,417,108Y12M
10014,臺東縣,10014060,池上鄉,10014060-008,萬安村,146,350,180,170,108Y12M
10014,臺東縣,10014060,池上鄉,10014060-001,福文村,515,1297,675,622,108Y12M
10014,臺東縣,10014060,池上鄉,10014060-005,福原村,876,2271,1083,1188,108Y12M
10014,臺東縣,10014060,池上鄉,10014060-002,慶豐村,273,730,382,348,108Y12M
10014,臺東縣,10014060,池上鄉,10014060-006,錦園村,159,382,207,175,108Y12M
10014,臺東縣,10014040,卑南鄉,10014040-010,太平村,1382,3495,1773,1722,108Y12M
10014,臺東縣,10014040,卑南鄉,10014040-002,利吉村,201,484,260,224,108Y12M
10014,臺東縣,10014040,卑南鄉,10014040-011,利嘉村,467,1285,670,615,108Y12M
10014,臺東縣,10014040,卑南鄉,10014040-005,明峰村,519,1303,713,590,108Y12M
10014,臺東縣,10014040,卑南鄉,10014040-012,東興村,506,1363,721,642,108Y12M
10014,臺東縣,10014040,卑南鄉,10014040-006,初鹿村,532,1439,749,690,108Y12M
10014,臺東縣,10014040,卑南鄉,10014040-007,美農村,527,1203,661,542,108Y12M
10014,臺東縣,10014040,卑南鄉,10014040-009,泰安村,523,1336,687,649,108Y12M
10014,臺東縣,10014040,卑南鄉,10014040-003,富山村,236,532,298,234,108Y12M
10014,臺東縣,10014040,卑南鄉,10014040-004,富源村,160,357,211,146,108Y12M
10014,臺東縣,10014040,卑南鄉,10014040-013,溫泉村,554,1275,683,592,108Y12M
10014,臺東縣,10014040,卑南鄉,10014040-001,嘉豐村,213,542,296,246,108Y12M
10014,臺東縣,10014040,卑南鄉,10014040-008,賓朗村,961,2518,1297,1221,108Y12M
10014,臺東縣,10014130,延平鄉,10014130-002,永康村,118,380,204,176,108Y12M
10014,臺東縣,10014130,延平鄉,10014130-001,武陵村,221,707,382,325,108Y12M
10014,臺東縣,10014130,延平鄉,10014130-003,紅葉村,145,508,281,227,108Y12M
10014,臺東縣,10014130,延平鄉,10014130-005,桃源村,359,1242,660,582,108Y12M
10014,臺東縣,10014130,延平鄉,10014130-004,鸞山村,220,703,372,331,108Y12M
10014,臺東縣,10014070,東河鄉,10014070-001,北源村,885,1716,1078,638,108Y12M
10014,臺東縣,10014070,東河鄉,10014070-004,尚德村,127,290,167,123,108Y12M
10014,臺東縣,10014070,東河鄉,10014070-003,東河村,455,1085,585,500,108Y12M
10014,臺東縣,10014070,東河鄉,10014070-002,泰源村,516,1307,695,612,108Y12M
10014,臺東縣,10014070,東河鄉,10014070-007,都蘭村,1000,2357,1246,1111,108Y12M
10014,臺東縣,10014070,東河鄉,10014070-005,隆昌村,272,592,305,287,108Y12M
10014,臺東縣,10014070,東河鄉,10014070-006,興昌村,505,1002,536,466,108Y12M
10014,臺東縣,10014140,金峰鄉,10014140-002,正興村,223,727,359,368,108Y12M
10014,臺東縣,10014140,金峰鄉,10014140-001,新興村,191,640,329,311,108Y12M
10014,臺東縣,10014140,金峰鄉,10014140-003,嘉蘭村,478,1532,769,763,108Y12M
10014,臺東縣,10014140,金峰鄉,10014140-004,賓茂村,141,402,220,182,108Y12M
10014,臺東縣,10014140,金峰鄉,10014140-005,歷坵村,126,402,196,206,108Y12M
10014,臺東縣,10014080,長濱鄉,10014080-002,三間村,542,1285,749,536,108Y12M
10014,臺東縣,10014080,長濱鄉,10014080-005,竹湖村,394,983,541,442,108Y12M
10014,臺東縣,10014080,長濱鄉,10014080-003,忠勇村,233,608,370,238,108Y12M
10014,臺東縣,10014080,長濱鄉,10014080-004,長濱村,869,2215,1207,1008,108Y12M
10014,臺東縣,10014080,長濱鄉,10014080-006,寧埔村,569,1279,748,531,108Y12M
10014,臺東縣,10014080,長濱鄉,10014080-001,樟原村,285,651,354,297,108Y12M
10014,臺東縣,10014120,海端鄉,10014120-006,加拿村,154,601,338,263,108Y12M
10014,臺東縣,10014120,海端鄉,10014120-003,利稻村,80,326,168,158,108Y12M
10014,臺東縣,10014120,海端鄉,10014120-005,崁頂村,204,709,396,313,108Y12M
10014,臺東縣,10014120,海端鄉,10014120-004,海端村,306,1201,644,557,108Y12M
10014,臺東縣,10014120,海端鄉,10014120-001,廣原村,253,965,490,475,108Y12M
10014,臺東縣,10014120,海端鄉,10014120-002,霧鹿村,91,318,163,155,108Y12M
10014,臺東縣,10014050,鹿野鄉,10014050-004,永安村,623,1615,881,734,108Y12M
10014,臺東縣,10014050,鹿野鄉,10014050-006,鹿野村,480,1214,616,598,108Y12M
10014,臺東縣,10014050,鹿野鄉,10014050-001,瑞和村,266,740,391,349,108Y12M
10014,臺東縣,10014050,鹿野鄉,10014050-005,瑞隆村,403,1010,540,470,108Y12M
10014,臺東縣,10014050,鹿野鄉,10014050-003,瑞源村,376,982,495,487,108Y12M
10014,臺東縣,10014050,鹿野鄉,10014050-002,瑞豐村,401,989,530,459,108Y12M
10014,臺東縣,10014050,鹿野鄉,10014050-007,龍田村,478,1194,637,557,108Y12M
10014,臺東縣,10014150,達仁鄉,10014150-002,土村,343,1015,544,471,108Y12M
10014,臺東縣,10014150,達仁鄉,10014150-001,台村,274,694,374,320,108Y12M
10014,臺東縣,10014150,達仁鄉,10014150-004,安朔村,313,650,358,292,108Y12M
10014,臺東縣,10014150,達仁鄉,10014150-006,南田村,139,318,162,156,108Y12M
10014,臺東縣,10014150,達仁鄉,10014150-005,森永村,203,448,245,203,108Y12M
10014,臺東縣,10014150,達仁鄉,10014150-003,新化村,151,374,212,162,108Y12M
10014,臺東縣,10014110,綠島鄉,10014110-002,中寮村,337,1200,634,566,108Y12M
10014,臺東縣,10014110,綠島鄉,10014110-001,公館村,331,1140,642,498,108Y12M
10014,臺東縣,10014110,綠島鄉,10014110-003,南寮村,482,1705,866,839,108Y12M
10014,臺東縣,10014010,臺東市,10014010-021,大同里,344,850,405,445,108Y12M
10014,臺東縣,10014010,臺東市,10014010-024,中山里,364,989,477,512,108Y12M
10014,臺東縣,10014010,臺東市,10014010-011,中心里,1384,4128,2046,2082,108Y12M
10014,臺東縣,10014010,臺東市,10014010-020,中正里,372,851,426,425,108Y12M
10014,臺東縣,10014010,臺東市,10014010-015,中華里,757,1926,964,962,108Y12M
10014,臺東縣,10014010,臺東市,10014010-019,仁愛里,331,788,409,379,108Y12M
10014,臺東縣,10014010,臺東市,10014010-023,文化里,525,1367,693,674,108Y12M
10014,臺東縣,10014010,臺東市,10014010-014,四維里,306,795,422,373,108Y12M
10014,臺東縣,10014010,臺東市,10014010-008,民生里,1464,3527,1717,1810,108Y12M
10014,臺東縣,10014010,臺東市,10014010-013,民族里,705,2346,1155,1191,108Y12M
10014,臺東縣,10014010,臺東市,10014010-018,民權里,396,991,521,470,108Y12M
10014,臺東縣,10014010,臺東市,10014010-034,永樂里,897,2674,1371,1303,108Y12M
10014,臺東縣,10014010,臺東市,10014010-032,光明里,1312,3371,1533,1838,108Y12M
10014,臺東縣,10014010,臺東市,10014010-022,成功里,377,885,449,436,108Y12M
10014,臺東縣,10014010,臺東市,10014010-012,自強里,1868,5352,2561,2791,108Y12M
10014,臺東縣,10014010,臺東市,10014010-005,卑南里,1233,3141,1562,1579,108Y12M
10014,臺東縣,10014010,臺東市,10014010-003,岩灣里,1132,2432,1258,1174,108Y12M
10014,臺東縣,10014010,臺東市,10014010-036,東海里,1343,3540,1704,1836,108Y12M
10014,臺東縣,10014010,臺東市,10014010-045,知本里,605,1565,788,777,108Y12M
10014,臺東縣,10014010,臺東市,10014010-004,南王里,1178,3071,1572,1499,108Y12M
10014,臺東縣,10014010,臺東市,10014010-006,南榮里,1130,3055,1592,1463,108Y12M
10014,臺東縣,10014010,臺東市,10014010-042,建和里,603,1600,837,763,108Y12M
10014,臺東縣,10014010,臺東市,10014010-017,建國里,600,1424,733,691,108Y12M
10014,臺東縣,10014010,臺東市,10014010-044,建業里,571,1476,755,721,108Y12M
10014,臺東縣,10014010,臺東市,10014010-046,建農里,867,2293,1201,1092,108Y12M
10014,臺東縣,10014010,臺東市,10014010-043,建興里,407,1024,523,501,108Y12M
10014,臺東縣,10014010,臺東市,10014010-010,馬蘭里,1197,3655,1724,1931,108Y12M
10014,臺東縣,10014010,臺東市,10014010-035,康樂里,593,1583,854,729,108Y12M
10014,臺東縣,10014010,臺東市,10014010-016,強國里,274,701,363,338,108Y12M
10014,臺東縣,10014010,臺東市,10014010-001,富岡里,649,1661,878,783,108Y12M
10014,臺東縣,10014010,臺東市,10014010-002,富豐里,402,995,535,460,108Y12M
10014,臺東縣,10014010,臺東市,10014010-025,復國里,293,667,342,325,108Y12M
10014,臺東縣,10014010,臺東市,10014010-027,復興里,201,490,250,240,108Y12M
10014,臺東縣,10014010,臺東市,10014010-007,新生里,3060,7492,3632,3860,108Y12M
10014,臺東縣,10014010,臺東市,10014010-029,新園里,761,1867,1004,863,108Y12M
10014,臺東縣,10014010,臺東市,10014010-037,新興里,478,1107,535,572,108Y12M
10014,臺東縣,10014010,臺東市,10014010-026,興國里,353,1027,493,534,108Y12M
10014,臺東縣,10014010,臺東市,10014010-030,豐田里,878,2386,1192,1194,108Y12M
10014,臺東縣,10014010,臺東市,10014010-031,豐年里,1373,3494,1788,1706,108Y12M
10014,臺東縣,10014010,臺東市,10014010-039,豐谷里,2116,5904,2980,2924,108Y12M
10014,臺東縣,10014010,臺東市,10014010-040,豐里里,958,2737,1412,1325,108Y12M
10014,臺東縣,10014010,臺東市,10014010-041,豐原里,475,1382,746,636,108Y12M
10014,臺東縣,10014010,臺東市,10014010-038,豐榮里,3724,9366,4503,4863,108Y12M
10014,臺東縣,10014010,臺東市,10014010-033,豐樂里,581,1783,901,882,108Y12M
10014,臺東縣,10014010,臺東市,10014010-009,寶桑里,400,1006,503,503,108Y12M
10014,臺東縣,10014010,臺東市,10014010-028,鐵花里,198,438,207,231,108Y12M
10014,臺東縣,10014030,關山鎮,10014030-004,中福里,342,935,471,464,108Y12M
10014,臺東縣,10014030,關山鎮,10014030-007,月眉里,325,797,441,356,108Y12M
10014,臺東縣,10014030,關山鎮,10014030-005,里里,730,1951,964,987,108Y12M
10014,臺東縣,10014030,關山鎮,10014030-003,新福里,397,1038,551,487,108Y12M
10014,臺東縣,10014030,關山鎮,10014030-006,電光里,224,600,346,254,108Y12M
10014,臺東縣,10014030,關山鎮,10014030-001,德高里,704,1902,993,909,108Y12M
10014,臺東縣,10014030,關山鎮,10014030-002,豐泉里,478,1352,668,684,108Y12M
10014,臺東縣,10014160,蘭嶼鄉,10014160-001,東清村,531,1555,773,782,108Y12M
10014,臺東縣,10014160,蘭嶼鄉,10014160-003,紅頭村,594,1468,761,707,108Y12M
10014,臺東縣,10014160,蘭嶼鄉,10014160-002,朗島村,333,928,454,474,108Y12M
10014,臺東縣,10014160,蘭嶼鄉,10014160-004,椰油村,432,1176,602,574,108Y12M
10014,臺東縣,10014010,臺東市,10014010-001,富岡里,650,1661,881,780,109Y03M
10014,臺東縣,10014010,臺東市,10014010-002,富豐里,402,1002,542,460,109Y03M
10014,臺東縣,10014010,臺東市,10014010-003,岩灣里,1141,2458,1274,1184,109Y03M
10014,臺東縣,10014010,臺東市,10014010-004,南王里,1183,3099,1594,1505,109Y03M
10014,臺東縣,10014010,臺東市,10014010-005,卑南里,1231,3141,1547,1594,109Y03M
10014,臺東縣,10014010,臺東市,10014010-006,南榮里,1132,3072,1600,1472,109Y03M
10014,臺東縣,10014010,臺東市,10014010-007,新生里,3066,7528,3646,3882,109Y03M
10014,臺東縣,10014010,臺東市,10014010-008,民生里,1462,3524,1717,1807,109Y03M
10014,臺東縣,10014010,臺東市,10014010-009,寶桑里,399,995,501,494,109Y03M
10014,臺東縣,10014010,臺東市,10014010-010,馬蘭里,1186,3612,1703,1909,109Y03M
10014,臺東縣,10014010,臺東市,10014010-011,中心里,1391,4137,2047,2090,109Y03M
10014,臺東縣,10014010,臺東市,10014010-012,自強里,1882,5320,2547,2773,109Y03M
10014,臺東縣,10014010,臺東市,10014010-013,民族里,702,2324,1135,1189,109Y03M
10014,臺東縣,10014010,臺東市,10014010-014,四維里,306,785,413,372,109Y03M
10014,臺東縣,10014010,臺東市,10014010-015,中華里,755,1938,961,977,109Y03M
10014,臺東縣,10014010,臺東市,10014010-016,強國里,272,706,360,346,109Y03M
10014,臺東縣,10014010,臺東市,10014010-017,建國里,598,1412,723,689,109Y03M
10014,臺東縣,10014010,臺東市,10014010-018,民權里,395,985,519,466,109Y03M
10014,臺東縣,10014010,臺東市,10014010-019,仁愛里,329,789,410,379,109Y03M
10014,臺東縣,10014010,臺東市,10014010-020,中正里,370,845,424,421,109Y03M
10014,臺東縣,10014010,臺東市,10014010-021,大同里,342,847,409,438,109Y03M
10014,臺東縣,10014010,臺東市,10014010-022,成功里,374,881,448,433,109Y03M
10014,臺東縣,10014010,臺東市,10014010-023,文化里,532,1370,705,665,109Y03M
10014,臺東縣,10014010,臺東市,10014010-024,中山里,364,982,472,510,109Y03M
10014,臺東縣,10014010,臺東市,10014010-025,復國里,293,670,343,327,109Y03M
10014,臺東縣,10014010,臺東市,10014010-026,興國里,356,1019,492,527,109Y03M
10014,臺東縣,10014010,臺東市,10014010-027,復興里,197,481,246,235,109Y03M
10014,臺東縣,10014010,臺東市,10014010-028,鐵花里,198,429,204,225,109Y03M
10014,臺東縣,10014010,臺東市,10014010-029,新園里,764,1866,1003,863,109Y03M
10014,臺東縣,10014010,臺東市,10014010-030,豐田里,884,2393,1186,1207,109Y03M
10014,臺東縣,10014010,臺東市,10014010-031,豐年里,1378,3502,1796,1706,109Y03M
10014,臺東縣,10014010,臺東市,10014010-032,光明里,1323,3380,1533,1847,109Y03M
10014,臺東縣,10014010,臺東市,10014010-033,豐樂里,577,1783,895,888,109Y03M
10014,臺東縣,10014010,臺東市,10014010-034,永樂里,895,2663,1369,1294,109Y03M
10014,臺東縣,10014010,臺東市,10014010-035,康樂里,594,1582,853,729,109Y03M
10014,臺東縣,10014010,臺東市,10014010-036,東海里,1343,3513,1690,1823,109Y03M
10014,臺東縣,10014010,臺東市,10014010-037,新興里,472,1088,525,563,109Y03M
10014,臺東縣,10014010,臺東市,10014010-038,豐榮里,3710,9358,4506,4852,109Y03M
10014,臺東縣,10014010,臺東市,10014010-039,豐谷里,2117,5880,2971,2909,109Y03M
10014,臺東縣,10014010,臺東市,10014010-040,豐里里,955,2724,1403,1321,109Y03M
10014,臺東縣,10014010,臺東市,10014010-041,豐原里,477,1379,747,632,109Y03M
10014,臺東縣,10014010,臺東市,10014010-042,建和里,609,1602,839,763,109Y03M
10014,臺東縣,10014010,臺東市,10014010-043,建興里,407,1031,523,508,109Y03M
10014,臺東縣,10014010,臺東市,10014010-044,建業里,573,1473,752,721,109Y03M
10014,臺東縣,10014010,臺東市,10014010-045,知本里,603,1552,780,772,109Y03M
10014,臺東縣,10014010,臺東市,10014010-046,建農里,870,2289,1198,1091,109Y03M
10014,臺東縣,10014020,成功鎮,10014020-001,博愛里,311,645,368,277,109Y03M
10014,臺東縣,10014020,成功鎮,10014020-002,忠孝里,471,1041,517,524,109Y03M
10014,臺東縣,10014020,成功鎮,10014020-003,三仙里,616,1529,858,671,109Y03M
10014,臺東縣,10014020,成功鎮,10014020-004,三民里,1132,3021,1554,1467,109Y03M
10014,臺東縣,10014020,成功鎮,10014020-005,忠智里,765,2202,1114,1088,109Y03M
10014,臺東縣,10014020,成功鎮,10014020-006,忠仁里,914,2496,1298,1198,109Y03M
10014,臺東縣,10014020,成功鎮,10014020-007,和平里,355,775,426,349,109Y03M
10014,臺東縣,10014020,成功鎮,10014020-008,信義里,790,1958,1058,900,109Y03M
10014,臺東縣,10014030,關山鎮,10014030-001,德高里,706,1895,991,904,109Y03M
10014,臺東縣,10014030,關山鎮,10014030-002,豐泉里,479,1354,668,686,109Y03M
10014,臺東縣,10014030,關山鎮,10014030-003,新福里,396,1036,550,486,109Y03M
10014,臺東縣,10014030,關山鎮,10014030-004,中福里,340,931,473,458,109Y03M
10014,臺東縣,10014030,關山鎮,10014030-005,里壠里,734,1951,959,992,109Y03M
10014,臺東縣,10014030,關山鎮,10014030-006,電光里,225,597,341,256,109Y03M
10014,臺東縣,10014030,關山鎮,10014030-007,月眉里,326,794,439,355,109Y03M
10014,臺東縣,10014040,卑南鄉,10014040-001,嘉豐村,214,541,295,246,109Y03M
10014,臺東縣,10014040,卑南鄉,10014040-002,利吉村,202,484,260,224,109Y03M
10014,臺東縣,10014040,卑南鄉,10014040-003,富山村,239,534,299,235,109Y03M
10014,臺東縣,10014040,卑南鄉,10014040-004,富源村,159,354,208,146,109Y03M
10014,臺東縣,10014040,卑南鄉,10014040-005,明峰村,515,1302,716,586,109Y03M
10014,臺東縣,10014040,卑南鄉,10014040-006,初鹿村,529,1447,756,691,109Y03M
10014,臺東縣,10014040,卑南鄉,10014040-007,美農村,523,1198,660,538,109Y03M
10014,臺東縣,10014040,卑南鄉,10014040-008,賓朗村,962,2530,1303,1227,109Y03M
10014,臺東縣,10014040,卑南鄉,10014040-009,泰安村,520,1331,684,647,109Y03M
10014,臺東縣,10014040,卑南鄉,10014040-010,太平村,1384,3500,1774,1726,109Y03M
10014,臺東縣,10014040,卑南鄉,10014040-011,利嘉村,470,1284,670,614,109Y03M
10014,臺東縣,10014040,卑南鄉,10014040-012,東興村,501,1352,714,638,109Y03M
10014,臺東縣,10014040,卑南鄉,10014040-013,溫泉村,555,1253,678,575,109Y03M
10014,臺東縣,10014050,鹿野鄉,10014050-001,瑞和村,267,736,392,344,109Y03M
10014,臺東縣,10014050,鹿野鄉,10014050-002,瑞豐村,398,981,526,455,109Y03M
10014,臺東縣,10014050,鹿野鄉,10014050-003,瑞源村,374,968,485,483,109Y03M
10014,臺東縣,10014050,鹿野鄉,10014050-004,永安村,626,1619,880,739,109Y03M
10014,臺東縣,10014050,鹿野鄉,10014050-005,瑞隆村,400,1000,534,466,109Y03M
10014,臺東縣,10014050,鹿野鄉,10014050-006,鹿野村,487,1214,620,594,109Y03M
10014,臺東縣,10014050,鹿野鄉,10014050-007,龍田村,478,1184,634,550,109Y03M
10014,臺東縣,10014060,池上鄉,10014060-001,福文村,512,1297,679,618,109Y03M
10014,臺東縣,10014060,池上鄉,10014060-002,慶豐村,274,732,383,349,109Y03M
10014,臺東縣,10014060,池上鄉,10014060-003,大坡村,144,356,193,163,109Y03M
10014,臺東縣,10014060,池上鄉,10014060-004,大埔村,325,888,450,438,109Y03M
10014,臺東縣,10014060,池上鄉,10014060-005,福原村,878,2281,1088,1193,109Y03M
10014,臺東縣,10014060,池上鄉,10014060-006,錦園村,160,385,207,178,109Y03M
10014,臺東縣,10014060,池上鄉,10014060-007,新興村,383,934,521,413,109Y03M
10014,臺東縣,10014060,池上鄉,10014060-008,萬安村,146,347,179,168,109Y03M
10014,臺東縣,10014060,池上鄉,10014060-009,富興村,172,442,250,192,109Y03M
10014,臺東縣,10014060,池上鄉,10014060-010,振興村,193,478,260,218,109Y03M
10014,臺東縣,10014070,東河鄉,10014070-001,北源村,884,1714,1077,637,109Y03M
10014,臺東縣,10014070,東河鄉,10014070-002,泰源村,513,1290,681,609,109Y03M
10014,臺東縣,10014070,東河鄉,10014070-003,東河村,456,1084,586,498,109Y03M
10014,臺東縣,10014070,東河鄉,10014070-004,尚德村,126,287,164,123,109Y03M
10014,臺東縣,10014070,東河鄉,10014070-005,隆昌村,267,583,301,282,109Y03M
10014,臺東縣,10014070,東河鄉,10014070-006,興昌村,501,1001,536,465,109Y03M
10014,臺東縣,10014070,東河鄉,10014070-007,都蘭村,994,2351,1245,1106,109Y03M
10014,臺東縣,10014080,長濱鄉,10014080-001,樟原村,286,653,358,295,109Y03M
10014,臺東縣,10014080,長濱鄉,10014080-002,三間村,541,1283,750,533,109Y03M
10014,臺東縣,10014080,長濱鄉,10014080-003,忠勇村,232,606,368,238,109Y03M
10014,臺東縣,10014080,長濱鄉,10014080-004,長濱村,865,2199,1196,1003,109Y03M
10014,臺東縣,10014080,長濱鄉,10014080-005,竹湖村,395,978,536,442,109Y03M
10014,臺東縣,10014080,長濱鄉,10014080-006,寧埔村,571,1275,745,530,109Y03M
10014,臺東縣,10014090,太麻里鄉,10014090-001,美和村,551,1471,771,700,109Y03M
10014,臺東縣,10014090,太麻里鄉,10014090-002,三和村,277,658,356,302,109Y03M
10014,臺東縣,10014090,太麻里鄉,10014090-003,華源村,320,648,354,294,109Y03M
10014,臺東縣,10014090,太麻里鄉,10014090-004,北里村,306,640,379,261,109Y03M
10014,臺東縣,10014090,太麻里鄉,10014090-005,泰和村,694,1595,806,789,109Y03M
10014,臺東縣,10014090,太麻里鄉,10014090-006,大王村,892,2039,1076,963,109Y03M
10014,臺東縣,10014090,太麻里鄉,10014090-007,香蘭村,379,896,494,402,109Y03M
10014,臺東縣,10014090,太麻里鄉,10014090-008,金崙村,854,1972,1025,947,109Y03M
10014,臺東縣,10014090,太麻里鄉,10014090-009,多良村,479,1049,549,500,109Y03M
10014,臺東縣,10014100,大武鄉,10014100-001,大竹村,359,868,462,406,109Y03M
10014,臺東縣,10014100,大武鄉,10014100-002,大鳥村,523,1299,713,586,109Y03M
10014,臺東縣,10014100,大武鄉,10014100-003,大武村,615,1489,775,714,109Y03M
10014,臺東縣,10014100,大武鄉,10014100-004,尚武村,660,1528,768,760,109Y03M
10014,臺東縣,10014100,大武鄉,10014100-005,南興村,281,595,306,289,109Y03M
10014,臺東縣,10014110,綠島鄉,10014110-001,公館村,331,1144,635,509,109Y03M
10014,臺東縣,10014110,綠島鄉,10014110-002,中寮村,334,1184,626,558,109Y03M
10014,臺東縣,10014110,綠島鄉,10014110-003,南寮村,483,1696,867,829,109Y03M
10014,臺東縣,10014120,海端鄉,10014120-001,廣原村,249,957,484,473,109Y03M
10014,臺東縣,10014120,海端鄉,10014120-002,霧鹿村,92,317,163,154,109Y03M
10014,臺東縣,10014120,海端鄉,10014120-003,利稻村,80,324,168,156,109Y03M
10014,臺東縣,10014120,海端鄉,10014120-004,海端村,303,1190,637,553,109Y03M
10014,臺東縣,10014120,海端鄉,10014120-005,崁頂村,206,704,395,309,109Y03M
10014,臺東縣,10014120,海端鄉,10014120-006,加拿村,153,604,339,265,109Y03M
10014,臺東縣,10014130,延平鄉,10014130-001,武陵村,224,710,381,329,109Y03M
10014,臺東縣,10014130,延平鄉,10014130-002,永康村,119,379,202,177,109Y03M
10014,臺東縣,10014130,延平鄉,10014130-003,紅葉村,145,509,281,228,109Y03M
10014,臺東縣,10014130,延平鄉,10014130-004,鸞山村,220,698,373,325,109Y03M
10014,臺東縣,10014130,延平鄉,10014130-005,桃源村,358,1231,653,578,109Y03M
10014,臺東縣,10014140,金峰鄉,10014140-001,新興村,191,640,327,313,109Y03M
10014,臺東縣,10014140,金峰鄉,10014140-002,正興村,220,726,358,368,109Y03M
10014,臺東縣,10014140,金峰鄉,10014140-003,嘉蘭村,483,1539,772,767,109Y03M
10014,臺東縣,10014140,金峰鄉,10014140-004,賓茂村,140,399,217,182,109Y03M
10014,臺東縣,10014140,金峰鄉,10014140-005,歷坵村,127,397,194,203,109Y03M
10014,臺東縣,10014150,達仁鄉,10014150-001,台坂村,276,699,376,323,109Y03M
10014,臺東縣,10014150,達仁鄉,10014150-002,土坂村,347,1011,543,468,109Y03M
10014,臺東縣,10014150,達仁鄉,10014150-003,新化村,151,374,210,164,109Y03M
10014,臺東縣,10014150,達仁鄉,10014150-004,安朔村,310,650,357,293,109Y03M
10014,臺東縣,10014150,達仁鄉,10014150-005,森永村,203,431,235,196,109Y03M
10014,臺東縣,10014150,達仁鄉,10014150-006,南田村,139,352,180,172,109Y03M
10014,臺東縣,10014160,蘭嶼鄉,10014160-001,東清村,541,1559,775,784,109Y03M
10014,臺東縣,10014160,蘭嶼鄉,10014160-002,朗島村,332,925,450,475,109Y03M
10014,臺東縣,10014160,蘭嶼鄉,10014160-003,紅頭村,596,1471,763,708,109Y03M
10014,臺東縣,10014160,蘭嶼鄉,10014160-004,椰油村,435,1190,609,581,109Y03M
10014,臺東縣,10014010,臺東市,10014010-001,富岡里,645,1671,885,786,109Y06M
10014,臺東縣,10014010,臺東市,10014010-002,富豐里,399,1002,541,461,109Y06M
10014,臺東縣,10014010,臺東市,10014010-003,岩灣里,1142,2427,1236,1191,109Y06M
10014,臺東縣,10014010,臺東市,10014010-004,南王里,1197,3121,1596,1525,109Y06M
10014,臺東縣,10014010,臺東市,10014010-005,卑南里,1228,3127,1544,1583,109Y06M
10014,臺東縣,10014010,臺東市,10014010-006,南榮里,1143,3082,1601,1481,109Y06M
10014,臺東縣,10014010,臺東市,10014010-007,新生里,3071,7507,3632,3875,109Y06M
10014,臺東縣,10014010,臺東市,10014010-008,民生里,1472,3517,1721,1796,109Y06M
10014,臺東縣,10014010,臺東市,10014010-009,寶桑里,401,996,504,492,109Y06M
10014,臺東縣,10014010,臺東市,10014010-010,馬蘭里,1187,3613,1698,1915,109Y06M
10014,臺東縣,10014010,臺東市,10014010-011,中心里,1394,4135,2035,2100,109Y06M
10014,臺東縣,10014010,臺東市,10014010-012,自強里,1889,5341,2569,2772,109Y06M
10014,臺東縣,10014010,臺東市,10014010-013,民族里,702,2330,1142,1188,109Y06M
10014,臺東縣,10014010,臺東市,10014010-014,四維里,306,773,407,366,109Y06M
10014,臺東縣,10014010,臺東市,10014010-015,中華里,751,1928,958,970,109Y06M
10014,臺東縣,10014010,臺東市,10014010-016,強國里,274,705,363,342,109Y06M
10014,臺東縣,10014010,臺東市,10014010-017,建國里,583,1369,702,667,109Y06M
10014,臺東縣,10014010,臺東市,10014010-018,民權里,386,968,512,456,109Y06M
10014,臺東縣,10014010,臺東市,10014010-019,仁愛里,329,791,412,379,109Y06M
10014,臺東縣,10014010,臺東市,10014010-020,中正里,371,846,421,425,109Y06M
10014,臺東縣,10014010,臺東市,10014010-021,大同里,340,853,408,445,109Y06M
10014,臺東縣,10014010,臺東市,10014010-022,成功里,383,897,458,439,109Y06M
10014,臺東縣,10014010,臺東市,10014010-023,文化里,530,1402,744,658,109Y06M
10014,臺東縣,10014010,臺東市,10014010-024,中山里,362,990,483,507,109Y06M
10014,臺東縣,10014010,臺東市,10014010-025,復國里,295,671,344,327,109Y06M
10014,臺東縣,10014010,臺東市,10014010-026,興國里,354,1010,487,523,109Y06M
10014,臺東縣,10014010,臺東市,10014010-027,復興里,195,479,245,234,109Y06M
10014,臺東縣,10014010,臺東市,10014010-028,鐵花里,196,422,200,222,109Y06M
10014,臺東縣,10014010,臺東市,10014010-029,新園里,766,1873,1009,864,109Y06M
10014,臺東縣,10014010,臺東市,10014010-030,豐田里,886,2394,1190,1204,109Y06M
10014,臺東縣,10014010,臺東市,10014010-031,豐年里,1390,3500,1805,1695,109Y06M
10014,臺東縣,10014010,臺東市,10014010-032,光明里,1334,3361,1522,1839,109Y06M
10014,臺東縣,10014010,臺東市,10014010-033,豐樂里,581,1778,895,883,109Y06M
10014,臺東縣,10014010,臺東市,10014010-034,永樂里,893,2642,1352,1290,109Y06M
10014,臺東縣,10014010,臺東市,10014010-035,康樂里,593,1578,851,727,109Y06M
10014,臺東縣,10014010,臺東市,10014010-036,東海里,1340,3518,1698,1820,109Y06M
10014,臺東縣,10014010,臺東市,10014010-037,新興里,471,1081,523,558,109Y06M
10014,臺東縣,10014010,臺東市,10014010-038,豐榮里,3727,9378,4497,4881,109Y06M
10014,臺東縣,10014010,臺東市,10014010-039,豐谷里,2114,5844,2959,2885,109Y06M
10014,臺東縣,10014010,臺東市,10014010-040,豐里里,963,2737,1416,1321,109Y06M
10014,臺東縣,10014010,臺東市,10014010-041,豐原里,481,1381,752,629,109Y06M
10014,臺東縣,10014010,臺東市,10014010-042,建和里,609,1598,834,764,109Y06M
10014,臺東縣,10014010,臺東市,10014010-043,建興里,410,1029,520,509,109Y06M
10014,臺東縣,10014010,臺東市,10014010-044,建業里,579,1472,748,724,109Y06M
10014,臺東縣,10014010,臺東市,10014010-045,知本里,612,1557,780,777,109Y06M
10014,臺東縣,10014010,臺東市,10014010-046,建農里,877,2291,1200,1091,109Y06M
10014,臺東縣,10014020,成功鎮,10014020-001,博愛里,309,639,361,278,109Y06M
10014,臺東縣,10014020,成功鎮,10014020-002,忠孝里,469,1037,515,522,109Y06M
10014,臺東縣,10014020,成功鎮,10014020-003,三仙里,619,1515,852,663,109Y06M
10014,臺東縣,10014020,成功鎮,10014020-004,三民里,1133,3014,1552,1462,109Y06M
10014,臺東縣,10014020,成功鎮,10014020-005,忠智里,759,2179,1104,1075,109Y06M
10014,臺東縣,10014020,成功鎮,10014020-006,忠仁里,916,2485,1292,1193,109Y06M
10014,臺東縣,10014020,成功鎮,10014020-007,和平里,354,777,427,350,109Y06M
10014,臺東縣,10014020,成功鎮,10014020-008,信義里,790,1950,1056,894,109Y06M
10014,臺東縣,10014030,關山鎮,10014030-001,德高里,719,1890,990,900,109Y06M
10014,臺東縣,10014030,關山鎮,10014030-002,豐泉里,480,1355,674,681,109Y06M
10014,臺東縣,10014030,關山鎮,10014030-003,新福里,406,1043,555,488,109Y06M
10014,臺東縣,10014030,關山鎮,10014030-004,中福里,337,914,463,451,109Y06M
10014,臺東縣,10014030,關山鎮,10014030-005,里壠里,730,1930,951,979,109Y06M
10014,臺東縣,10014030,關山鎮,10014030-006,電光里,228,595,339,256,109Y06M
10014,臺東縣,10014030,關山鎮,10014030-007,月眉里,325,784,437,347,109Y06M
10014,臺東縣,10014040,卑南鄉,10014040-001,嘉豐村,216,539,296,243,109Y06M
10014,臺東縣,10014040,卑南鄉,10014040-002,利吉村,203,483,257,226,109Y06M
10014,臺東縣,10014040,卑南鄉,10014040-003,富山村,244,540,299,241,109Y06M
10014,臺東縣,10014040,卑南鄉,10014040-004,富源村,158,351,206,145,109Y06M
10014,臺東縣,10014040,卑南鄉,10014040-005,明峰村,516,1298,713,585,109Y06M
10014,臺東縣,10014040,卑南鄉,10014040-006,初鹿村,533,1452,760,692,109Y06M
10014,臺東縣,10014040,卑南鄉,10014040-007,美農村,523,1182,649,533,109Y06M
10014,臺東縣,10014040,卑南鄉,10014040-008,賓朗村,968,2529,1300,1229,109Y06M
10014,臺東縣,10014040,卑南鄉,10014040-009,泰安村,518,1350,693,657,109Y06M
10014,臺東縣,10014040,卑南鄉,10014040-010,太平村,1397,3513,1781,1732,109Y06M
10014,臺東縣,10014040,卑南鄉,10014040-011,利嘉村,469,1285,665,620,109Y06M
10014,臺東縣,10014040,卑南鄉,10014040-012,東興村,502,1351,716,635,109Y06M
10014,臺東縣,10014040,卑南鄉,10014040-013,溫泉村,555,1243,673,570,109Y06M
10014,臺東縣,10014050,鹿野鄉,10014050-001,瑞和村,264,728,387,341,109Y06M
10014,臺東縣,10014050,鹿野鄉,10014050-002,瑞豐村,398,977,525,452,109Y06M
10014,臺東縣,10014050,鹿野鄉,10014050-003,瑞源村,377,963,480,483,109Y06M
10014,臺東縣,10014050,鹿野鄉,10014050-004,永安村,625,1617,880,737,109Y06M
10014,臺東縣,10014050,鹿野鄉,10014050-005,瑞隆村,399,997,531,466,109Y06M
10014,臺東縣,10014050,鹿野鄉,10014050-006,鹿野村,479,1199,612,587,109Y06M
10014,臺東縣,10014050,鹿野鄉,10014050-007,龍田村,477,1183,635,548,109Y06M
10014,臺東縣,10014060,池上鄉,10014060-001,福文村,514,1295,678,617,109Y06M
10014,臺東縣,10014060,池上鄉,10014060-002,慶豐村,273,735,382,353,109Y06M
10014,臺東縣,10014060,池上鄉,10014060-003,大坡村,146,356,192,164,109Y06M
10014,臺東縣,10014060,池上鄉,10014060-004,大埔村,328,885,449,436,109Y06M
10014,臺東縣,10014060,池上鄉,10014060-005,福原村,869,2261,1081,1180,109Y06M
10014,臺東縣,10014060,池上鄉,10014060-006,錦園村,163,383,205,178,109Y06M
10014,臺東縣,10014060,池上鄉,10014060-007,新興村,382,923,515,408,109Y06M
10014,臺東縣,10014060,池上鄉,10014060-008,萬安村,146,348,179,169,109Y06M
10014,臺東縣,10014060,池上鄉,10014060-009,富興村,170,441,248,193,109Y06M
10014,臺東縣,10014060,池上鄉,10014060-010,振興村,194,481,262,219,109Y06M
10014,臺東縣,10014070,東河鄉,10014070-001,北源村,873,1693,1067,626,109Y06M
10014,臺東縣,10014070,東河鄉,10014070-002,泰源村,514,1296,688,608,109Y06M
10014,臺東縣,10014070,東河鄉,10014070-003,東河村,455,1087,591,496,109Y06M
10014,臺東縣,10014070,東河鄉,10014070-004,尚德村,126,281,160,121,109Y06M
10014,臺東縣,10014070,東河鄉,10014070-005,隆昌村,269,575,297,278,109Y06M
10014,臺東縣,10014070,東河鄉,10014070-006,興昌村,502,1011,540,471,109Y06M
10014,臺東縣,10014070,東河鄉,10014070-007,都蘭村,993,2344,1242,1102,109Y06M
10014,臺東縣,10014080,長濱鄉,10014080-001,樟原村,284,650,359,291,109Y06M
10014,臺東縣,10014080,長濱鄉,10014080-002,三間村,540,1291,747,544,109Y06M
10014,臺東縣,10014080,長濱鄉,10014080-003,忠勇村,233,608,366,242,109Y06M
10014,臺東縣,10014080,長濱鄉,10014080-004,長濱村,866,2197,1192,1005,109Y06M
10014,臺東縣,10014080,長濱鄉,10014080-005,竹湖村,397,972,532,440,109Y06M
10014,臺東縣,10014080,長濱鄉,10014080-006,寧埔村,573,1277,744,533,109Y06M
10014,臺東縣,10014090,太麻里鄉,10014090-001,美和村,554,1457,764,693,109Y06M
10014,臺東縣,10014090,太麻里鄉,10014090-002,三和村,277,651,353,298,109Y06M
10014,臺東縣,10014090,太麻里鄉,10014090-003,華源村,319,648,352,296,109Y06M
10014,臺東縣,10014090,太麻里鄉,10014090-004,北里村,317,650,387,263,109Y06M
10014,臺東縣,10014090,太麻里鄉,10014090-005,泰和村,696,1585,803,782,109Y06M
10014,臺東縣,10014090,太麻里鄉,10014090-006,大王村,889,2018,1069,949,109Y06M
10014,臺東縣,10014090,太麻里鄉,10014090-007,香蘭村,380,899,493,406,109Y06M
10014,臺東縣,10014090,太麻里鄉,10014090-008,金崙村,861,1973,1032,941,109Y06M
10014,臺東縣,10014090,太麻里鄉,10014090-009,多良村,488,1055,549,506,109Y06M
10014,臺東縣,10014100,大武鄉,10014100-001,大竹村,365,870,462,408,109Y06M
10014,臺東縣,10014100,大武鄉,10014100-002,大鳥村,528,1282,702,580,109Y06M
10014,臺東縣,10014100,大武鄉,10014100-003,大武村,615,1477,771,706,109Y06M
10014,臺東縣,10014100,大武鄉,10014100-004,尚武村,665,1530,769,761,109Y06M
10014,臺東縣,10014100,大武鄉,10014100-005,南興村,282,598,306,292,109Y06M
10014,臺東縣,10014110,綠島鄉,10014110-001,公館村,327,1147,636,511,109Y06M
10014,臺東縣,10014110,綠島鄉,10014110-002,中寮村,332,1187,624,563,109Y06M
10014,臺東縣,10014110,綠島鄉,10014110-003,南寮村,491,1701,877,824,109Y06M
10014,臺東縣,10014120,海端鄉,10014120-001,廣原村,249,947,480,467,109Y06M
10014,臺東縣,10014120,海端鄉,10014120-002,霧鹿村,92,311,159,152,109Y06M
10014,臺東縣,10014120,海端鄉,10014120-003,利稻村,81,314,162,152,109Y06M
10014,臺東縣,10014120,海端鄉,10014120-004,海端村,301,1188,629,559,109Y06M
10014,臺東縣,10014120,海端鄉,10014120-005,崁頂村,205,713,398,315,109Y06M
10014,臺東縣,10014120,海端鄉,10014120-006,加拿村,153,608,337,271,109Y06M
10014,臺東縣,10014130,延平鄉,10014130-001,武陵村,225,713,382,331,109Y06M
10014,臺東縣,10014130,延平鄉,10014130-002,永康村,117,375,202,173,109Y06M
10014,臺東縣,10014130,延平鄉,10014130-003,紅葉村,145,504,277,227,109Y06M
10014,臺東縣,10014130,延平鄉,10014130-004,鸞山村,221,706,376,330,109Y06M
10014,臺東縣,10014130,延平鄉,10014130-005,桃源村,358,1221,646,575,109Y06M
10014,臺東縣,10014140,金峰鄉,10014140-001,新興村,191,645,326,319,109Y06M
10014,臺東縣,10014140,金峰鄉,10014140-002,正興村,222,727,357,370,109Y06M
10014,臺東縣,10014140,金峰鄉,10014140-003,嘉蘭村,484,1538,770,768,109Y06M
10014,臺東縣,10014140,金峰鄉,10014140-004,賓茂村,142,400,217,183,109Y06M
10014,臺東縣,10014140,金峰鄉,10014140-005,歷坵村,128,396,193,203,109Y06M
10014,臺東縣,10014150,達仁鄉,10014150-001,台坂村,274,698,377,321,109Y06M
10014,臺東縣,10014150,達仁鄉,10014150-002,土坂村,348,1008,545,463,109Y06M
10014,臺東縣,10014150,達仁鄉,10014150-003,新化村,153,377,212,165,109Y06M
10014,臺東縣,10014150,達仁鄉,10014150-004,安朔村,309,642,350,292,109Y06M
10014,臺東縣,10014150,達仁鄉,10014150-005,森永村,205,426,231,195,109Y06M
10014,臺東縣,10014150,達仁鄉,10014150-006,南田村,138,356,180,176,109Y06M
10014,臺東縣,10014160,蘭嶼鄉,10014160-001,東清村,540,1555,772,783,109Y06M
10014,臺東縣,10014160,蘭嶼鄉,10014160-002,朗島村,333,924,450,474,109Y06M
10014,臺東縣,10014160,蘭嶼鄉,10014160-003,紅頭村,606,1479,765,714,109Y06M
10014,臺東縣,10014160,蘭嶼鄉,10014160-004,椰油村,433,1179,604,575,109Y06M
10014,臺東縣,10014010,臺東市,10014010-001,富岡里,644,1666,879,787,109Y09M
10014,臺東縣,10014010,臺東市,10014010-002,富豐里,397,1004,540,464,109Y09M
10014,臺東縣,10014010,臺東市,10014010-003,岩灣里,1147,2438,1244,1194,109Y09M
10014,臺東縣,10014010,臺東市,10014010-004,南王里,1207,3131,1602,1529,109Y09M
10014,臺東縣,10014010,臺東市,10014010-005,卑南里,1237,3151,1569,1582,109Y09M
10014,臺東縣,10014010,臺東市,10014010-006,南榮里,1149,3089,1601,1488,109Y09M
10014,臺東縣,10014010,臺東市,10014010-007,新生里,3085,7511,3616,3895,109Y09M
10014,臺東縣,10014010,臺東市,10014010-008,民生里,1473,3508,1714,1794,109Y09M
10014,臺東縣,10014010,臺東市,10014010-009,寶桑里,399,986,497,489,109Y09M
10014,臺東縣,10014010,臺東市,10014010-010,馬蘭里,1185,3590,1686,1904,109Y09M
10014,臺東縣,10014010,臺東市,10014010-011,中心里,1417,4138,2034,2104,109Y09M
10014,臺東縣,10014010,臺東市,10014010-012,自強里,1896,5349,2570,2779,109Y09M
10014,臺東縣,10014010,臺東市,10014010-013,民族里,696,2305,1126,1179,109Y09M
10014,臺東縣,10014010,臺東市,10014010-014,四維里,301,759,396,363,109Y09M
10014,臺東縣,10014010,臺東市,10014010-015,中華里,742,1898,950,948,109Y09M
10014,臺東縣,10014010,臺東市,10014010-016,強國里,274,707,365,342,109Y09M
10014,臺東縣,10014010,臺東市,10014010-017,建國里,580,1380,705,675,109Y09M
10014,臺東縣,10014010,臺東市,10014010-018,民權里,380,949,498,451,109Y09M
10014,臺東縣,10014010,臺東市,10014010-019,仁愛里,327,786,409,377,109Y09M
10014,臺東縣,10014010,臺東市,10014010-020,中正里,373,830,411,419,109Y09M
10014,臺東縣,10014010,臺東市,10014010-021,大同里,344,851,405,446,109Y09M
10014,臺東縣,10014010,臺東市,10014010-022,成功里,381,890,452,438,109Y09M
10014,臺東縣,10014010,臺東市,10014010-023,文化里,539,1398,752,646,109Y09M
10014,臺東縣,10014010,臺東市,10014010-024,中山里,359,986,485,501,109Y09M
10014,臺東縣,10014010,臺東市,10014010-025,復國里,295,660,338,322,109Y09M
10014,臺東縣,10014010,臺東市,10014010-026,興國里,351,992,476,516,109Y09M
10014,臺東縣,10014010,臺東市,10014010-027,復興里,197,472,243,229,109Y09M
10014,臺東縣,10014010,臺東市,10014010-028,鐵花里,192,416,199,217,109Y09M
10014,臺東縣,10014010,臺東市,10014010-029,新園里,761,1873,1002,871,109Y09M
10014,臺東縣,10014010,臺東市,10014010-030,豐田里,914,2422,1206,1216,109Y09M
10014,臺東縣,10014010,臺東市,10014010-031,豐年里,1404,3511,1809,1702,109Y09M
10014,臺東縣,10014010,臺東市,10014010-032,光明里,1343,3365,1523,1842,109Y09M
10014,臺東縣,10014010,臺東市,10014010-033,豐樂里,583,1774,892,882,109Y09M
10014,臺東縣,10014010,臺東市,10014010-034,永樂里,895,2658,1363,1295,109Y09M
10014,臺東縣,10014010,臺東市,10014010-035,康樂里,597,1575,847,728,109Y09M
10014,臺東縣,10014010,臺東市,10014010-036,東海里,1335,3493,1677,1816,109Y09M
10014,臺東縣,10014010,臺東市,10014010-037,新興里,470,1075,521,554,109Y09M
10014,臺東縣,10014010,臺東市,10014010-038,豐榮里,3734,9370,4502,4868,109Y09M
10014,臺東縣,10014010,臺東市,10014010-039,豐谷里,2108,5831,2946,2885,109Y09M
10014,臺東縣,10014010,臺東市,10014010-040,豐里里,967,2738,1419,1319,109Y09M
10014,臺東縣,10014010,臺東市,10014010-041,豐原里,483,1386,749,637,109Y09M
10014,臺東縣,10014010,臺東市,10014010-042,建和里,611,1597,827,770,109Y09M
10014,臺東縣,10014010,臺東市,10014010-043,建興里,409,1030,520,510,109Y09M
10014,臺東縣,10014010,臺東市,10014010-044,建業里,584,1455,740,715,109Y09M
10014,臺東縣,10014010,臺東市,10014010-045,知本里,611,1552,776,776,109Y09M
10014,臺東縣,10014010,臺東市,10014010-046,建農里,881,2304,1200,1104,109Y09M
10014,臺東縣,10014020,成功鎮,10014020-001,博愛里,307,633,357,276,109Y09M
10014,臺東縣,10014020,成功鎮,10014020-002,忠孝里,470,1036,516,520,109Y09M
10014,臺東縣,10014020,成功鎮,10014020-003,三仙里,618,1505,845,660,109Y09M
10014,臺東縣,10014020,成功鎮,10014020-004,三民里,1127,2994,1535,1459,109Y09M
10014,臺東縣,10014020,成功鎮,10014020-005,忠智里,760,2161,1093,1068,109Y09M
10014,臺東縣,10014020,成功鎮,10014020-006,忠仁里,909,2452,1281,1171,109Y09M
10014,臺東縣,10014020,成功鎮,10014020-007,和平里,350,776,425,351,109Y09M
10014,臺東縣,10014020,成功鎮,10014020-008,信義里,789,1953,1053,900,109Y09M
10014,臺東縣,10014030,關山鎮,10014030-001,德高里,719,1886,989,897,109Y09M
10014,臺東縣,10014030,關山鎮,10014030-002,豐泉里,484,1351,672,679,109Y09M
10014,臺東縣,10014030,關山鎮,10014030-003,新福里,404,1032,553,479,109Y09M
10014,臺東縣,10014030,關山鎮,10014030-004,中福里,336,906,460,446,109Y09M
10014,臺東縣,10014030,關山鎮,10014030-005,里壠里,733,1911,943,968,109Y09M
10014,臺東縣,10014030,關山鎮,10014030-006,電光里,229,598,339,259,109Y09M
10014,臺東縣,10014030,關山鎮,10014030-007,月眉里,323,770,428,342,109Y09M
10014,臺東縣,10014040,卑南鄉,10014040-001,嘉豐村,217,536,296,240,109Y09M
10014,臺東縣,10014040,卑南鄉,10014040-002,利吉村,202,490,258,232,109Y09M
10014,臺東縣,10014040,卑南鄉,10014040-003,富山村,246,534,292,242,109Y09M
10014,臺東縣,10014040,卑南鄉,10014040-004,富源村,164,355,209,146,109Y09M
10014,臺東縣,10014040,卑南鄉,10014040-005,明峰村,520,1292,707,585,109Y09M
10014,臺東縣,10014040,卑南鄉,10014040-006,初鹿村,535,1433,752,681,109Y09M
10014,臺東縣,10014040,卑南鄉,10014040-007,美農村,514,1168,644,524,109Y09M
10014,臺東縣,10014040,卑南鄉,10014040-008,賓朗村,971,2524,1299,1225,109Y09M
10014,臺東縣,10014040,卑南鄉,10014040-009,泰安村,521,1349,688,661,109Y09M
10014,臺東縣,10014040,卑南鄉,10014040-010,太平村,1409,3514,1786,1728,109Y09M
10014,臺東縣,10014040,卑南鄉,10014040-011,利嘉村,473,1283,664,619,109Y09M
10014,臺東縣,10014040,卑南鄉,10014040-012,東興村,502,1346,712,634,109Y09M
10014,臺東縣,10014040,卑南鄉,10014040-013,溫泉村,552,1231,667,564,109Y09M
10014,臺東縣,10014050,鹿野鄉,10014050-001,瑞和村,264,724,383,341,109Y09M
10014,臺東縣,10014050,鹿野鄉,10014050-002,瑞豐村,395,966,518,448,109Y09M
10014,臺東縣,10014050,鹿野鄉,10014050-003,瑞源村,380,974,491,483,109Y09M
10014,臺東縣,10014050,鹿野鄉,10014050-004,永安村,630,1628,887,741,109Y09M
10014,臺東縣,10014050,鹿野鄉,10014050-005,瑞隆村,400,988,527,461,109Y09M
10014,臺東縣,10014050,鹿野鄉,10014050-006,鹿野村,482,1188,608,580,109Y09M
10014,臺東縣,10014050,鹿野鄉,10014050-007,龍田村,474,1176,632,544,109Y09M
10014,臺東縣,10014060,池上鄉,10014060-001,福文村,513,1276,674,602,109Y09M
10014,臺東縣,10014060,池上鄉,10014060-002,慶豐村,272,736,381,355,109Y09M
10014,臺東縣,10014060,池上鄉,10014060-003,大坡村,146,356,193,163,109Y09M
10014,臺東縣,10014060,池上鄉,10014060-004,大埔村,329,882,444,438,109Y09M
10014,臺東縣,10014060,池上鄉,10014060-005,福原村,874,2268,1082,1186,109Y09M
10014,臺東縣,10014060,池上鄉,10014060-006,錦園村,162,378,205,173,109Y09M
10014,臺東縣,10014060,池上鄉,10014060-007,新興村,381,919,515,404,109Y09M
10014,臺東縣,10014060,池上鄉,10014060-008,萬安村,145,344,177,167,109Y09M
10014,臺東縣,10014060,池上鄉,10014060-009,富興村,170,440,246,194,109Y09M
10014,臺東縣,10014060,池上鄉,10014060-010,振興村,195,483,262,221,109Y09M
10014,臺東縣,10014070,東河鄉,10014070-001,北源村,860,1677,1050,627,109Y09M
10014,臺東縣,10014070,東河鄉,10014070-002,泰源村,511,1285,680,605,109Y09M
10014,臺東縣,10014070,東河鄉,10014070-003,東河村,455,1076,587,489,109Y09M
10014,臺東縣,10014070,東河鄉,10014070-004,尚德村,127,282,159,123,109Y09M
10014,臺東縣,10014070,東河鄉,10014070-005,隆昌村,268,571,295,276,109Y09M
10014,臺東縣,10014070,東河鄉,10014070-006,興昌村,501,1010,543,467,109Y09M
10014,臺東縣,10014070,東河鄉,10014070-007,都蘭村,996,2341,1237,1104,109Y09M
10014,臺東縣,10014080,長濱鄉,10014080-001,樟原村,282,641,354,287,109Y09M
10014,臺東縣,10014080,長濱鄉,10014080-002,三間村,543,1295,749,546,109Y09M
10014,臺東縣,10014080,長濱鄉,10014080-003,忠勇村,235,612,370,242,109Y09M
10014,臺東縣,10014080,長濱鄉,10014080-004,長濱村,867,2184,1184,1000,109Y09M
10014,臺東縣,10014080,長濱鄉,10014080-005,竹湖村,397,965,531,434,109Y09M
10014,臺東縣,10014080,長濱鄉,10014080-006,寧埔村,573,1259,734,525,109Y09M
10014,臺東縣,10014090,太麻里鄉,10014090-001,美和村,556,1459,766,693,109Y09M
10014,臺東縣,10014090,太麻里鄉,10014090-002,三和村,277,646,351,295,109Y09M
10014,臺東縣,10014090,太麻里鄉,10014090-003,華源村,321,640,345,295,109Y09M
10014,臺東縣,10014090,太麻里鄉,10014090-004,北里村,320,648,387,261,109Y09M
10014,臺東縣,10014090,太麻里鄉,10014090-005,泰和村,699,1587,810,777,109Y09M
10014,臺東縣,10014090,太麻里鄉,10014090-006,大王村,893,2023,1068,955,109Y09M
10014,臺東縣,10014090,太麻里鄉,10014090-007,香蘭村,380,896,488,408,109Y09M
10014,臺東縣,10014090,太麻里鄉,10014090-008,金崙村,866,1982,1039,943,109Y09M
10014,臺東縣,10014090,太麻里鄉,10014090-009,多良村,486,1038,537,501,109Y09M
10014,臺東縣,10014100,大武鄉,10014100-001,大竹村,365,868,464,404,109Y09M
10014,臺東縣,10014100,大武鄉,10014100-002,大鳥村,529,1272,691,581,109Y09M
10014,臺東縣,10014100,大武鄉,10014100-003,大武村,616,1483,766,717,109Y09M
10014,臺東縣,10014100,大武鄉,10014100-004,尚武村,667,1532,776,756,109Y09M
10014,臺東縣,10014100,大武鄉,10014100-005,南興村,282,595,304,291,109Y09M
10014,臺東縣,10014110,綠島鄉,10014110-001,公館村,333,1133,635,498,109Y09M
10014,臺東縣,10014110,綠島鄉,10014110-002,中寮村,339,1195,630,565,109Y09M
10014,臺東縣,10014110,綠島鄉,10014110-003,南寮村,491,1716,880,836,109Y09M
10014,臺東縣,10014120,海端鄉,10014120-001,廣原村,250,950,483,467,109Y09M
10014,臺東縣,10014120,海端鄉,10014120-002,霧鹿村,92,312,159,153,109Y09M
10014,臺東縣,10014120,海端鄉,10014120-003,利稻村,81,315,160,155,109Y09M
10014,臺東縣,10014120,海端鄉,10014120-004,海端村,300,1188,626,562,109Y09M
10014,臺東縣,10014120,海端鄉,10014120-005,崁頂村,205,722,404,318,109Y09M
10014,臺東縣,10014120,海端鄉,10014120-006,加拿村,154,614,342,272,109Y09M
10014,臺東縣,10014130,延平鄉,10014130-001,武陵村,224,710,385,325,109Y09M
10014,臺東縣,10014130,延平鄉,10014130-002,永康村,117,375,201,174,109Y09M
10014,臺東縣,10014130,延平鄉,10014130-003,紅葉村,145,510,281,229,109Y09M
10014,臺東縣,10014130,延平鄉,10014130-004,鸞山村,219,702,370,332,109Y09M
10014,臺東縣,10014130,延平鄉,10014130-005,桃源村,364,1236,657,579,109Y09M
10014,臺東縣,10014140,金峰鄉,10014140-001,新興村,192,642,324,318,109Y09M
10014,臺東縣,10014140,金峰鄉,10014140-002,正興村,222,718,351,367,109Y09M
10014,臺東縣,10014140,金峰鄉,10014140-003,嘉蘭村,482,1534,765,769,109Y09M
10014,臺東縣,10014140,金峰鄉,10014140-004,賓茂村,143,401,213,188,109Y09M
10014,臺東縣,10014140,金峰鄉,10014140-005,歷坵村,129,394,193,201,109Y09M
10014,臺東縣,10014150,達仁鄉,10014150-001,台坂村,270,691,375,316,109Y09M
10014,臺東縣,10014150,達仁鄉,10014150-002,土坂村,351,996,540,456,109Y09M
10014,臺東縣,10014150,達仁鄉,10014150-003,新化村,154,376,212,164,109Y09M
10014,臺東縣,10014150,達仁鄉,10014150-004,安朔村,310,640,350,290,109Y09M
10014,臺東縣,10014150,達仁鄉,10014150-005,森永村,203,423,229,194,109Y09M
10014,臺東縣,10014150,達仁鄉,10014150-006,南田村,136,357,179,178,109Y09M
10014,臺東縣,10014160,蘭嶼鄉,10014160-001,東清村,546,1581,784,797,109Y09M
10014,臺東縣,10014160,蘭嶼鄉,10014160-002,朗島村,341,931,454,477,109Y09M
10014,臺東縣,10014160,蘭嶼鄉,10014160-003,紅頭村,608,1474,752,722,109Y09M
10014,臺東縣,10014160,蘭嶼鄉,10014160-004,椰油村,444,1186,605,581,109Y09M
10014,臺東縣,10014010,臺東市,10014010-001,富岡里,640,1648,872,776,109Y12M
10014,臺東縣,10014010,臺東市,10014010-002,富豐里,399,1009,545,464,109Y12M
10014,臺東縣,10014010,臺東市,10014010-003,岩灣里,1155,2452,1260,1192,109Y12M
10014,臺東縣,10014010,臺東市,10014010-004,南王里,1212,3135,1608,1527,109Y12M
10014,臺東縣,10014010,臺東市,10014010-005,卑南里,1249,3163,1576,1587,109Y12M
10014,臺東縣,10014010,臺東市,10014010-006,南榮里,1144,3085,1602,1483,109Y12M
10014,臺東縣,10014010,臺東市,10014010-007,新生里,3089,7511,3620,3891,109Y12M
10014,臺東縣,10014010,臺東市,10014010-008,民生里,1471,3494,1701,1793,109Y12M
10014,臺東縣,10014010,臺東市,10014010-009,寶桑里,392,970,487,483,109Y12M
10014,臺東縣,10014010,臺東市,10014010-010,馬蘭里,1179,3577,1680,1897,109Y12M
10014,臺東縣,10014010,臺東市,10014010-011,中心里,1419,4157,2048,2109,109Y12M
10014,臺東縣,10014010,臺東市,10014010-012,自強里,1891,5346,2563,2783,109Y12M
10014,臺東縣,10014010,臺東市,10014010-013,民族里,691,2277,1112,1165,109Y12M
10014,臺東縣,10014010,臺東市,10014010-014,四維里,300,746,393,353,109Y12M
10014,臺東縣,10014010,臺東市,10014010-015,中華里,737,1876,935,941,109Y12M
10014,臺東縣,10014010,臺東市,10014010-016,強國里,273,703,365,338,109Y12M
10014,臺東縣,10014010,臺東市,10014010-017,建國里,575,1365,697,668,109Y12M
10014,臺東縣,10014010,臺東市,10014010-018,民權里,385,953,500,453,109Y12M
10014,臺東縣,10014010,臺東市,10014010-019,仁愛里,327,781,403,378,109Y12M
10014,臺東縣,10014010,臺東市,10014010-020,中正里,374,828,406,422,109Y12M
10014,臺東縣,10014010,臺東市,10014010-021,大同里,346,870,412,458,109Y12M
10014,臺東縣,10014010,臺東市,10014010-022,成功里,379,894,452,442,109Y12M
10014,臺東縣,10014010,臺東市,10014010-023,文化里,546,1419,760,659,109Y12M
10014,臺東縣,10014010,臺東市,10014010-024,中山里,356,980,482,498,109Y12M
10014,臺東縣,10014010,臺東市,10014010-025,復國里,295,654,337,317,109Y12M
10014,臺東縣,10014010,臺東市,10014010-026,興國里,353,993,479,514,109Y12M
10014,臺東縣,10014010,臺東市,10014010-027,復興里,192,453,234,219,109Y12M
10014,臺東縣,10014010,臺東市,10014010-028,鐵花里,190,415,199,216,109Y12M
10014,臺東縣,10014010,臺東市,10014010-029,新園里,766,1859,992,867,109Y12M
10014,臺東縣,10014010,臺東市,10014010-030,豐田里,942,2488,1238,1250,109Y12M
10014,臺東縣,10014010,臺東市,10014010-031,豐年里,1405,3520,1812,1708,109Y12M
10014,臺東縣,10014010,臺東市,10014010-032,光明里,1334,3357,1522,1835,109Y12M
10014,臺東縣,10014010,臺東市,10014010-033,豐樂里,585,1778,895,883,109Y12M
10014,臺東縣,10014010,臺東市,10014010-034,永樂里,904,2682,1375,1307,109Y12M
10014,臺東縣,10014010,臺東市,10014010-035,康樂里,601,1573,843,730,109Y12M
10014,臺東縣,10014010,臺東市,10014010-036,東海里,1329,3487,1663,1824,109Y12M
10014,臺東縣,10014010,臺東市,10014010-037,新興里,468,1076,521,555,109Y12M
10014,臺東縣,10014010,臺東市,10014010-038,豐榮里,3733,9353,4507,4846,109Y12M
10014,臺東縣,10014010,臺東市,10014010-039,豐谷里,2101,5822,2941,2881,109Y12M
10014,臺東縣,10014010,臺東市,10014010-040,豐里里,966,2731,1417,1314,109Y12M
10014,臺東縣,10014010,臺東市,10014010-041,豐原里,489,1385,745,640,109Y12M
10014,臺東縣,10014010,臺東市,10014010-042,建和里,611,1584,817,767,109Y12M
10014,臺東縣,10014010,臺東市,10014010-043,建興里,409,1024,517,507,109Y12M
10014,臺東縣,10014010,臺東市,10014010-044,建業里,583,1449,738,711,109Y12M
10014,臺東縣,10014010,臺東市,10014010-045,知本里,614,1564,779,785,109Y12M
10014,臺東縣,10014010,臺東市,10014010-046,建農里,883,2317,1203,1114,109Y12M
10014,臺東縣,10014020,成功鎮,10014020-001,博愛里,307,639,357,282,109Y12M
10014,臺東縣,10014020,成功鎮,10014020-002,忠孝里,468,1034,513,521,109Y12M
10014,臺東縣,10014020,成功鎮,10014020-003,三仙里,613,1499,838,661,109Y12M
10014,臺東縣,10014020,成功鎮,10014020-004,三民里,1126,2977,1522,1455,109Y12M
10014,臺東縣,10014020,成功鎮,10014020-005,忠智里,763,2163,1098,1065,109Y12M
10014,臺東縣,10014020,成功鎮,10014020-006,忠仁里,911,2455,1281,1174,109Y12M
10014,臺東縣,10014020,成功鎮,10014020-007,和平里,357,784,433,351,109Y12M
10014,臺東縣,10014020,成功鎮,10014020-008,信義里,795,1954,1053,901,109Y12M
10014,臺東縣,10014030,關山鎮,10014030-001,德高里,715,1871,976,895,109Y12M
10014,臺東縣,10014030,關山鎮,10014030-002,豐泉里,483,1355,672,683,109Y12M
10014,臺東縣,10014030,關山鎮,10014030-003,新福里,406,1029,549,480,109Y12M
10014,臺東縣,10014030,關山鎮,10014030-004,中福里,335,901,459,442,109Y12M
10014,臺東縣,10014030,關山鎮,10014030-005,里壠里,730,1897,932,965,109Y12M
10014,臺東縣,10014030,關山鎮,10014030-006,電光里,228,595,337,258,109Y12M
10014,臺東縣,10014030,關山鎮,10014030-007,月眉里,321,772,423,349,109Y12M
10014,臺東縣,10014040,卑南鄉,10014040-001,嘉豐村,216,531,295,236,109Y12M
10014,臺東縣,10014040,卑南鄉,10014040-002,利吉村,204,495,261,234,109Y12M
10014,臺東縣,10014040,卑南鄉,10014040-003,富山村,247,542,295,247,109Y12M
10014,臺東縣,10014040,卑南鄉,10014040-004,富源村,164,352,205,147,109Y12M
10014,臺東縣,10014040,卑南鄉,10014040-005,明峰村,524,1287,703,584,109Y12M
10014,臺東縣,10014040,卑南鄉,10014040-006,初鹿村,535,1420,744,676,109Y12M
10014,臺東縣,10014040,卑南鄉,10014040-007,美農村,526,1165,641,524,109Y12M
10014,臺東縣,10014040,卑南鄉,10014040-008,賓朗村,969,2519,1300,1219,109Y12M
10014,臺東縣,10014040,卑南鄉,10014040-009,泰安村,522,1338,684,654,109Y12M
10014,臺東縣,10014040,卑南鄉,10014040-010,太平村,1408,3494,1771,1723,109Y12M
10014,臺東縣,10014040,卑南鄉,10014040-011,利嘉村,472,1268,648,620,109Y12M
10014,臺東縣,10014040,卑南鄉,10014040-012,東興村,501,1328,702,626,109Y12M
10014,臺東縣,10014040,卑南鄉,10014040-013,溫泉村,554,1222,665,557,109Y12M
10014,臺東縣,10014050,鹿野鄉,10014050-001,瑞和村,262,720,379,341,109Y12M
10014,臺東縣,10014050,鹿野鄉,10014050-002,瑞豐村,395,962,515,447,109Y12M
10014,臺東縣,10014050,鹿野鄉,10014050-003,瑞源村,378,971,490,481,109Y12M
10014,臺東縣,10014050,鹿野鄉,10014050-004,永安村,634,1626,887,739,109Y12M
10014,臺東縣,10014050,鹿野鄉,10014050-005,瑞隆村,401,983,526,457,109Y12M
10014,臺東縣,10014050,鹿野鄉,10014050-006,鹿野村,480,1181,599,582,109Y12M
10014,臺東縣,10014050,鹿野鄉,10014050-007,龍田村,470,1158,629,529,109Y12M
10014,臺東縣,10014060,池上鄉,10014060-001,福文村,511,1270,673,597,109Y12M
10014,臺東縣,10014060,池上鄉,10014060-002,慶豐村,273,740,387,353,109Y12M
10014,臺東縣,10014060,池上鄉,10014060-003,大坡村,145,356,192,164,109Y12M
10014,臺東縣,10014060,池上鄉,10014060-004,大埔村,330,885,445,440,109Y12M
10014,臺東縣,10014060,池上鄉,10014060-005,福原村,871,2264,1082,1182,109Y12M
10014,臺東縣,10014060,池上鄉,10014060-006,錦園村,163,376,203,173,109Y12M
10014,臺東縣,10014060,池上鄉,10014060-007,新興村,379,919,511,408,109Y12M
10014,臺東縣,10014060,池上鄉,10014060-008,萬安村,145,343,176,167,109Y12M
10014,臺東縣,10014060,池上鄉,10014060-009,富興村,168,440,246,194,109Y12M
10014,臺東縣,10014060,池上鄉,10014060-010,振興村,195,480,259,221,109Y12M
10014,臺東縣,10014070,東河鄉,10014070-001,北源村,860,1674,1051,623,109Y12M
10014,臺東縣,10014070,東河鄉,10014070-002,泰源村,509,1272,674,598,109Y12M
10014,臺東縣,10014070,東河鄉,10014070-003,東河村,451,1070,583,487,109Y12M
10014,臺東縣,10014070,東河鄉,10014070-004,尚德村,125,280,159,121,109Y12M
10014,臺東縣,10014070,東河鄉,10014070-005,隆昌村,270,571,294,277,109Y12M
10014,臺東縣,10014070,東河鄉,10014070-006,興昌村,497,997,533,464,109Y12M
10014,臺東縣,10014070,東河鄉,10014070-007,都蘭村,992,2339,1234,1105,109Y12M
10014,臺東縣,10014080,長濱鄉,10014080-001,樟原村,282,642,352,290,109Y12M
10014,臺東縣,10014080,長濱鄉,10014080-002,三間村,545,1290,749,541,109Y12M
10014,臺東縣,10014080,長濱鄉,10014080-003,忠勇村,235,611,369,242,109Y12M
10014,臺東縣,10014080,長濱鄉,10014080-004,長濱村,869,2175,1180,995,109Y12M
10014,臺東縣,10014080,長濱鄉,10014080-005,竹湖村,398,963,530,433,109Y12M
10014,臺東縣,10014080,長濱鄉,10014080-006,寧埔村,571,1245,725,520,109Y12M
10014,臺東縣,10014090,太麻里鄉,10014090-001,美和村,559,1469,773,696,109Y12M
10014,臺東縣,10014090,太麻里鄉,10014090-002,三和村,275,643,348,295,109Y12M
10014,臺東縣,10014090,太麻里鄉,10014090-003,華源村,321,633,346,287,109Y12M
10014,臺東縣,10014090,太麻里鄉,10014090-004,北里村,325,651,389,262,109Y12M
10014,臺東縣,10014090,太麻里鄉,10014090-005,泰和村,698,1576,800,776,109Y12M
10014,臺東縣,10014090,太麻里鄉,10014090-006,大王村,890,2029,1077,952,109Y12M
10014,臺東縣,10014090,太麻里鄉,10014090-007,香蘭村,382,900,492,408,109Y12M
10014,臺東縣,10014090,太麻里鄉,10014090-008,金崙村,868,1976,1029,947,109Y12M
10014,臺東縣,10014090,太麻里鄉,10014090-009,多良村,486,1048,541,507,109Y12M
10014,臺東縣,10014100,大武鄉,10014100-001,大竹村,360,852,458,394,109Y12M
10014,臺東縣,10014100,大武鄉,10014100-002,大鳥村,527,1268,685,583,109Y12M
10014,臺東縣,10014100,大武鄉,10014100-003,大武村,616,1485,766,719,109Y12M
10014,臺東縣,10014100,大武鄉,10014100-004,尚武村,670,1528,770,758,109Y12M
10014,臺東縣,10014100,大武鄉,10014100-005,南興村,281,594,303,291,109Y12M
10014,臺東縣,10014110,綠島鄉,10014110-001,公館村,340,1133,639,494,109Y12M
10014,臺東縣,10014110,綠島鄉,10014110-002,中寮村,335,1176,621,555,109Y12M
10014,臺東縣,10014110,綠島鄉,10014110-003,南寮村,496,1717,884,833,109Y12M
10014,臺東縣,10014120,海端鄉,10014120-001,廣原村,252,958,487,471,109Y12M
10014,臺東縣,10014120,海端鄉,10014120-002,霧鹿村,92,313,160,153,109Y12M
10014,臺東縣,10014120,海端鄉,10014120-003,利稻村,81,317,161,156,109Y12M
10014,臺東縣,10014120,海端鄉,10014120-004,海端村,300,1186,622,564,109Y12M
10014,臺東縣,10014120,海端鄉,10014120-005,崁頂村,206,719,402,317,109Y12M
10014,臺東縣,10014120,海端鄉,10014120-006,加拿村,155,612,339,273,109Y12M
10014,臺東縣,10014130,延平鄉,10014130-001,武陵村,226,723,392,331,109Y12M
10014,臺東縣,10014130,延平鄉,10014130-002,永康村,117,379,202,177,109Y12M
10014,臺東縣,10014130,延平鄉,10014130-003,紅葉村,144,510,281,229,109Y12M
10014,臺東縣,10014130,延平鄉,10014130-004,鸞山村,219,693,364,329,109Y12M
10014,臺東縣,10014130,延平鄉,10014130-005,桃源村,362,1244,661,583,109Y12M
10014,臺東縣,10014140,金峰鄉,10014140-001,新興村,194,645,325,320,109Y12M
10014,臺東縣,10014140,金峰鄉,10014140-002,正興村,224,718,348,370,109Y12M
10014,臺東縣,10014140,金峰鄉,10014140-003,嘉蘭村,482,1539,770,769,109Y12M
10014,臺東縣,10014140,金峰鄉,10014140-004,賓茂村,142,400,214,186,109Y12M
10014,臺東縣,10014140,金峰鄉,10014140-005,歷坵村,128,397,197,200,109Y12M
10014,臺東縣,10014150,達仁鄉,10014150-001,台坂村,272,710,381,329,109Y12M
10014,臺東縣,10014150,達仁鄉,10014150-002,土坂村,350,995,540,455,109Y12M
10014,臺東縣,10014150,達仁鄉,10014150-003,新化村,155,376,213,163,109Y12M
10014,臺東縣,10014150,達仁鄉,10014150-004,安朔村,309,635,350,285,109Y12M
10014,臺東縣,10014150,達仁鄉,10014150-005,森永村,200,419,229,190,109Y12M
10014,臺東縣,10014150,達仁鄉,10014150-006,南田村,136,354,178,176,109Y12M
10014,臺東縣,10014160,蘭嶼鄉,10014160-001,東清村,544,1595,792,803,109Y12M
10014,臺東縣,10014160,蘭嶼鄉,10014160-002,朗島村,342,950,463,487,109Y12M
10014,臺東縣,10014160,蘭嶼鄉,10014160-003,紅頭村,606,1499,767,732,109Y12M
10014,臺東縣,10014160,蘭嶼鄉,10014160-004,椰油村,442,1205,614,591,109Y12M
10014,臺東縣,10014010,臺東市,10014010-001,富岡里,641,1644,865,779,110Y03M
10014,臺東縣,10014010,臺東市,10014010-002,富豐里,395,992,539,453,110Y03M
10014,臺東縣,10014010,臺東市,10014010-003,岩灣里,1162,2453,1257,1196,110Y03M
10014,臺東縣,10014010,臺東市,10014010-004,南王里,1209,3127,1603,1524,110Y03M
10014,臺東縣,10014010,臺東市,10014010-005,卑南里,1262,3182,1584,1598,110Y03M
10014,臺東縣,10014010,臺東市,10014010-006,南榮里,1147,3116,1622,1494,110Y03M
10014,臺東縣,10014010,臺東市,10014010-007,新生里,3106,7490,3619,3871,110Y03M
10014,臺東縣,10014010,臺東市,10014010-008,民生里,1468,3468,1679,1789,110Y03M
10014,臺東縣,10014010,臺東市,10014010-009,寶桑里,396,973,488,485,110Y03M
10014,臺東縣,10014010,臺東市,10014010-010,馬蘭里,1172,3556,1667,1889,110Y03M
10014,臺東縣,10014010,臺東市,10014010-011,中心里,1422,4174,2060,2114,110Y03M
10014,臺東縣,10014010,臺東市,10014010-012,自強里,1881,5330,2555,2775,110Y03M
10014,臺東縣,10014010,臺東市,10014010-013,民族里,685,2263,1107,1156,110Y03M
10014,臺東縣,10014010,臺東市,10014010-014,四維里,300,752,393,359,110Y03M
10014,臺東縣,10014010,臺東市,10014010-015,中華里,742,1877,934,943,110Y03M
10014,臺東縣,10014010,臺東市,10014010-016,強國里,271,702,364,338,110Y03M
10014,臺東縣,10014010,臺東市,10014010-017,建國里,573,1356,691,665,110Y03M
10014,臺東縣,10014010,臺東市,10014010-018,民權里,383,938,489,449,110Y03M
10014,臺東縣,10014010,臺東市,10014010-019,仁愛里,322,762,390,372,110Y03M
10014,臺東縣,10014010,臺東市,10014010-020,中正里,367,811,397,414,110Y03M
10014,臺東縣,10014010,臺東市,10014010-021,大同里,344,857,406,451,110Y03M
10014,臺東縣,10014010,臺東市,10014010-022,成功里,382,899,453,446,110Y03M
10014,臺東縣,10014010,臺東市,10014010-023,文化里,562,1450,776,674,110Y03M
10014,臺東縣,10014010,臺東市,10014010-024,中山里,355,975,481,494,110Y03M
10014,臺東縣,10014010,臺東市,10014010-025,復國里,290,642,331,311,110Y03M
10014,臺東縣,10014010,臺東市,10014010-026,興國里,351,981,471,510,110Y03M
10014,臺東縣,10014010,臺東市,10014010-027,復興里,187,446,227,219,110Y03M
10014,臺東縣,10014010,臺東市,10014010-028,鐵花里,187,409,197,212,110Y03M
10014,臺東縣,10014010,臺東市,10014010-029,新園里,762,1850,980,870,110Y03M
10014,臺東縣,10014010,臺東市,10014010-030,豐田里,966,2529,1259,1270,110Y03M
10014,臺東縣,10014010,臺東市,10014010-031,豐年里,1414,3492,1799,1693,110Y03M
10014,臺東縣,10014010,臺東市,10014010-032,光明里,1337,3348,1518,1830,110Y03M
10014,臺東縣,10014010,臺東市,10014010-033,豐樂里,589,1781,895,886,110Y03M
10014,臺東縣,10014010,臺東市,10014010-034,永樂里,916,2695,1379,1316,110Y03M
10014,臺東縣,10014010,臺東市,10014010-035,康樂里,603,1573,842,731,110Y03M
10014,臺東縣,10014010,臺東市,10014010-036,東海里,1317,3454,1656,1798,110Y03M
10014,臺東縣,10014010,臺東市,10014010-037,新興里,476,1086,526,560,110Y03M
10014,臺東縣,10014010,臺東市,10014010-038,豐榮里,3747,9319,4491,4828,110Y03M
10014,臺東縣,10014010,臺東市,10014010-039,豐谷里,2097,5809,2920,2889,110Y03M
10014,臺東縣,10014010,臺東市,10014010-040,豐里里,964,2731,1412,1319,110Y03M
10014,臺東縣,10014010,臺東市,10014010-041,豐原里,489,1393,748,645,110Y03M
10014,臺東縣,10014010,臺東市,10014010-042,建和里,610,1582,815,767,110Y03M
10014,臺東縣,10014010,臺東市,10014010-043,建興里,406,1013,511,502,110Y03M
10014,臺東縣,10014010,臺東市,10014010-044,建業里,582,1443,733,710,110Y03M
10014,臺東縣,10014010,臺東市,10014010-045,知本里,611,1560,774,786,110Y03M
10014,臺東縣,10014010,臺東市,10014010-046,建農里,886,2317,1204,1113,110Y03M
10014,臺東縣,10014020,成功鎮,10014020-001,博愛里,307,636,357,279,110Y03M
10014,臺東縣,10014020,成功鎮,10014020-002,忠孝里,464,1030,511,519,110Y03M
10014,臺東縣,10014020,成功鎮,10014020-003,三仙里,614,1496,833,663,110Y03M
10014,臺東縣,10014020,成功鎮,10014020-004,三民里,1126,2971,1518,1453,110Y03M
10014,臺東縣,10014020,成功鎮,10014020-005,忠智里,765,2150,1091,1059,110Y03M
10014,臺東縣,10014020,成功鎮,10014020-006,忠仁里,910,2448,1278,1170,110Y03M
10014,臺東縣,10014020,成功鎮,10014020-007,和平里,356,793,441,352,110Y03M
10014,臺東縣,10014020,成功鎮,10014020-008,信義里,797,1934,1045,889,110Y03M
10014,臺東縣,10014030,關山鎮,10014030-001,德高里,716,1861,972,889,110Y03M
10014,臺東縣,10014030,關山鎮,10014030-002,豐泉里,481,1341,668,673,110Y03M
10014,臺東縣,10014030,關山鎮,10014030-003,新福里,401,1023,547,476,110Y03M
10014,臺東縣,10014030,關山鎮,10014030-004,中福里,332,886,448,438,110Y03M
10014,臺東縣,10014030,關山鎮,10014030-005,里壠里,737,1899,935,964,110Y03M
10014,臺東縣,10014030,關山鎮,10014030-006,電光里,227,591,335,256,110Y03M
10014,臺東縣,10014030,關山鎮,10014030-007,月眉里,319,768,423,345,110Y03M
10014,臺東縣,10014040,卑南鄉,10014040-001,嘉豐村,218,535,293,242,110Y03M
10014,臺東縣,10014040,卑南鄉,10014040-002,利吉村,203,491,262,229,110Y03M
10014,臺東縣,10014040,卑南鄉,10014040-003,富山村,246,536,294,242,110Y03M
10014,臺東縣,10014040,卑南鄉,10014040-004,富源村,161,344,198,146,110Y03M
10014,臺東縣,10014040,卑南鄉,10014040-005,明峰村,520,1273,694,579,110Y03M
10014,臺東縣,10014040,卑南鄉,10014040-006,初鹿村,531,1406,736,670,110Y03M
10014,臺東縣,10014040,卑南鄉,10014040-007,美農村,527,1168,645,523,110Y03M
10014,臺東縣,10014040,卑南鄉,10014040-008,賓朗村,969,2521,1303,1218,110Y03M
10014,臺東縣,10014040,卑南鄉,10014040-009,泰安村,524,1340,687,653,110Y03M
10014,臺東縣,10014040,卑南鄉,10014040-010,太平村,1426,3535,1799,1736,110Y03M
10014,臺東縣,10014040,卑南鄉,10014040-011,利嘉村,475,1280,655,625,110Y03M
10014,臺東縣,10014040,卑南鄉,10014040-012,東興村,499,1314,695,619,110Y03M
10014,臺東縣,10014040,卑南鄉,10014040-013,溫泉村,556,1206,656,550,110Y03M
10014,臺東縣,10014050,鹿野鄉,10014050-001,瑞和村,262,722,379,343,110Y03M
10014,臺東縣,10014050,鹿野鄉,10014050-002,瑞豐村,390,944,500,444,110Y03M
10014,臺東縣,10014050,鹿野鄉,10014050-003,瑞源村,377,955,484,471,110Y03M
10014,臺東縣,10014050,鹿野鄉,10014050-004,永安村,635,1628,877,751,110Y03M
10014,臺東縣,10014050,鹿野鄉,10014050-005,瑞隆村,401,977,522,455,110Y03M
10014,臺東縣,10014050,鹿野鄉,10014050-006,鹿野村,476,1175,596,579,110Y03M
10014,臺東縣,10014050,鹿野鄉,10014050-007,龍田村,468,1160,632,528,110Y03M
10014,臺東縣,10014060,池上鄉,10014060-001,福文村,508,1265,669,596,110Y03M
10014,臺東縣,10014060,池上鄉,10014060-002,慶豐村,273,745,387,358,110Y03M
10014,臺東縣,10014060,池上鄉,10014060-003,大坡村,145,353,189,164,110Y03M
10014,臺東縣,10014060,池上鄉,10014060-004,大埔村,333,882,443,439,110Y03M
10014,臺東縣,10014060,池上鄉,10014060-005,福原村,870,2265,1084,1181,110Y03M
10014,臺東縣,10014060,池上鄉,10014060-006,錦園村,164,367,199,168,110Y03M
10014,臺東縣,10014060,池上鄉,10014060-007,新興村,380,919,505,414,110Y03M
10014,臺東縣,10014060,池上鄉,10014060-008,萬安村,143,342,177,165,110Y03M
10014,臺東縣,10014060,池上鄉,10014060-009,富興村,169,436,242,194,110Y03M
10014,臺東縣,10014060,池上鄉,10014060-010,振興村,195,478,255,223,110Y03M
10014,臺東縣,10014070,東河鄉,10014070-001,北源村,871,1676,1056,620,110Y03M
10014,臺東縣,10014070,東河鄉,10014070-002,泰源村,511,1275,675,600,110Y03M
10014,臺東縣,10014070,東河鄉,10014070-003,東河村,447,1053,574,479,110Y03M
10014,臺東縣,10014070,東河鄉,10014070-004,尚德村,126,277,157,120,110Y03M
10014,臺東縣,10014070,東河鄉,10014070-005,隆昌村,268,564,288,276,110Y03M
10014,臺東縣,10014070,東河鄉,10014070-006,興昌村,501,1000,539,461,110Y03M
10014,臺東縣,10014070,東河鄉,10014070-007,都蘭村,987,2321,1218,1103,110Y03M
10014,臺東縣,10014080,長濱鄉,10014080-001,樟原村,283,637,349,288,110Y03M
10014,臺東縣,10014080,長濱鄉,10014080-002,三間村,545,1294,755,539,110Y03M
10014,臺東縣,10014080,長濱鄉,10014080-003,忠勇村,233,609,366,243,110Y03M
10014,臺東縣,10014080,長濱鄉,10014080-004,長濱村,862,2150,1165,985,110Y03M
10014,臺東縣,10014080,長濱鄉,10014080-005,竹湖村,400,955,526,429,110Y03M
10014,臺東縣,10014080,長濱鄉,10014080-006,寧埔村,572,1241,720,521,110Y03M
10014,臺東縣,10014090,太麻里鄉,10014090-001,美和村,558,1461,768,693,110Y03M
10014,臺東縣,10014090,太麻里鄉,10014090-002,三和村,274,632,344,288,110Y03M
10014,臺東縣,10014090,太麻里鄉,10014090-003,華源村,322,634,347,287,110Y03M
10014,臺東縣,10014090,太麻里鄉,10014090-004,北里村,322,644,385,259,110Y03M
10014,臺東縣,10014090,太麻里鄉,10014090-005,泰和村,700,1562,799,763,110Y03M
10014,臺東縣,10014090,太麻里鄉,10014090-006,大王村,899,2035,1082,953,110Y03M
10014,臺東縣,10014090,太麻里鄉,10014090-007,香蘭村,384,900,490,410,110Y03M
10014,臺東縣,10014090,太麻里鄉,10014090-008,金崙村,866,1973,1026,947,110Y03M
10014,臺東縣,10014090,太麻里鄉,10014090-009,多良村,484,1043,538,505,110Y03M
10014,臺東縣,10014100,大武鄉,10014100-001,大竹村,368,851,459,392,110Y03M
10014,臺東縣,10014100,大武鄉,10014100-002,大鳥村,526,1270,691,579,110Y03M
10014,臺東縣,10014100,大武鄉,10014100-003,大武村,614,1463,757,706,110Y03M
10014,臺東縣,10014100,大武鄉,10014100-004,尚武村,670,1512,762,750,110Y03M
10014,臺東縣,10014100,大武鄉,10014100-005,南興村,282,595,304,291,110Y03M
10014,臺東縣,10014110,綠島鄉,10014110-001,公館村,335,1132,636,496,110Y03M
10014,臺東縣,10014110,綠島鄉,10014110-002,中寮村,341,1197,634,563,110Y03M
10014,臺東縣,10014110,綠島鄉,10014110-003,南寮村,497,1728,899,829,110Y03M
10014,臺東縣,10014120,海端鄉,10014120-001,廣原村,253,955,488,467,110Y03M
10014,臺東縣,10014120,海端鄉,10014120-002,霧鹿村,92,308,157,151,110Y03M
10014,臺東縣,10014120,海端鄉,10014120-003,利稻村,81,324,160,164,110Y03M
10014,臺東縣,10014120,海端鄉,10014120-004,海端村,298,1183,619,564,110Y03M
10014,臺東縣,10014120,海端鄉,10014120-005,崁頂村,206,741,415,326,110Y03M
10014,臺東縣,10014120,海端鄉,10014120-006,加拿村,155,619,343,276,110Y03M
10014,臺東縣,10014130,延平鄉,10014130-001,武陵村,226,731,395,336,110Y03M
10014,臺東縣,10014130,延平鄉,10014130-002,永康村,118,382,204,178,110Y03M
10014,臺東縣,10014130,延平鄉,10014130-003,紅葉村,145,511,281,230,110Y03M
10014,臺東縣,10014130,延平鄉,10014130-004,鸞山村,219,692,364,328,110Y03M
10014,臺東縣,10014130,延平鄉,10014130-005,桃源村,360,1241,652,589,110Y03M
10014,臺東縣,10014140,金峰鄉,10014140-001,新興村,201,646,327,319,110Y03M
10014,臺東縣,10014140,金峰鄉,10014140-002,正興村,224,717,349,368,110Y03M
10014,臺東縣,10014140,金峰鄉,10014140-003,嘉蘭村,482,1522,765,757,110Y03M
10014,臺東縣,10014140,金峰鄉,10014140-004,賓茂村,142,400,216,184,110Y03M
10014,臺東縣,10014140,金峰鄉,10014140-005,歷坵村,129,394,196,198,110Y03M
10014,臺東縣,10014150,達仁鄉,10014150-001,台坂村,273,706,377,329,110Y03M
10014,臺東縣,10014150,達仁鄉,10014150-002,土坂村,350,1000,544,456,110Y03M
10014,臺東縣,10014150,達仁鄉,10014150-003,新化村,153,376,213,163,110Y03M
10014,臺東縣,10014150,達仁鄉,10014150-004,安朔村,309,633,347,286,110Y03M
10014,臺東縣,10014150,達仁鄉,10014150-005,森永村,199,419,228,191,110Y03M
10014,臺東縣,10014150,達仁鄉,10014150-006,南田村,137,356,178,178,110Y03M
10014,臺東縣,10014160,蘭嶼鄉,10014160-001,東清村,548,1589,791,798,110Y03M
10014,臺東縣,10014160,蘭嶼鄉,10014160-002,朗島村,342,945,458,487,110Y03M
10014,臺東縣,10014160,蘭嶼鄉,10014160-003,紅頭村,608,1482,759,723,110Y03M
10014,臺東縣,10014160,蘭嶼鄉,10014160-004,椰油村,442,1200,609,591,110Y03M
10014,臺東縣,10014010,臺東市,10014010-001,富岡里,632,1630,856,774,110Y06M
10014,臺東縣,10014010,臺東市,10014010-002,富豐里,390,980,531,449,110Y06M
10014,臺東縣,10014010,臺東市,10014010-003,岩灣里,1146,2434,1236,1198,110Y06M
10014,臺東縣,10014010,臺東市,10014010-004,南王里,1234,3170,1622,1548,110Y06M
10014,臺東縣,10014010,臺東市,10014010-005,卑南里,1275,3190,1590,1600,110Y06M
10014,臺東縣,10014010,臺東市,10014010-006,南榮里,1145,3113,1612,1501,110Y06M
10014,臺東縣,10014010,臺東市,10014010-007,新生里,3139,7500,3630,3870,110Y06M
10014,臺東縣,10014010,臺東市,10014010-008,民生里,1472,3466,1680,1786,110Y06M
10014,臺東縣,10014010,臺東市,10014010-009,寶桑里,401,980,487,493,110Y06M
10014,臺東縣,10014010,臺東市,10014010-010,馬蘭里,1171,3554,1663,1891,110Y06M
10014,臺東縣,10014010,臺東市,10014010-011,中心里,1415,4135,2046,2089,110Y06M
10014,臺東縣,10014010,臺東市,10014010-012,自強里,1888,5330,2558,2772,110Y06M
10014,臺東縣,10014010,臺東市,10014010-013,民族里,677,2256,1100,1156,110Y06M
10014,臺東縣,10014010,臺東市,10014010-014,四維里,297,746,390,356,110Y06M
10014,臺東縣,10014010,臺東市,10014010-015,中華里,745,1867,926,941,110Y06M
10014,臺東縣,10014010,臺東市,10014010-016,強國里,274,705,365,340,110Y06M
10014,臺東縣,10014010,臺東市,10014010-017,建國里,573,1365,697,668,110Y06M
10014,臺東縣,10014010,臺東市,10014010-018,民權里,378,922,482,440,110Y06M
10014,臺東縣,10014010,臺東市,10014010-019,仁愛里,323,751,385,366,110Y06M
10014,臺東縣,10014010,臺東市,10014010-020,中正里,364,801,391,410,110Y06M
10014,臺東縣,10014010,臺東市,10014010-021,大同里,337,836,396,440,110Y06M
10014,臺東縣,10014010,臺東市,10014010-022,成功里,386,897,456,441,110Y06M
10014,臺東縣,10014010,臺東市,10014010-023,文化里,572,1469,787,682,110Y06M
10014,臺東縣,10014010,臺東市,10014010-024,中山里,357,970,481,489,110Y06M
10014,臺東縣,10014010,臺東市,10014010-025,復國里,291,637,328,309,110Y06M
10014,臺東縣,10014010,臺東市,10014010-026,興國里,350,973,468,505,110Y06M
10014,臺東縣,10014010,臺東市,10014010-027,復興里,190,455,234,221,110Y06M
10014,臺東縣,10014010,臺東市,10014010-028,鐵花里,189,412,198,214,110Y06M
10014,臺東縣,10014010,臺東市,10014010-029,新園里,759,1842,970,872,110Y06M
10014,臺東縣,10014010,臺東市,10014010-030,豐田里,999,2569,1273,1296,110Y06M
10014,臺東縣,10014010,臺東市,10014010-031,豐年里,1416,3494,1796,1698,110Y06M
10014,臺東縣,10014010,臺東市,10014010-032,光明里,1335,3339,1528,1811,110Y06M
10014,臺東縣,10014010,臺東市,10014010-033,豐樂里,597,1786,894,892,110Y06M
10014,臺東縣,10014010,臺東市,10014010-034,永樂里,916,2699,1380,1319,110Y06M
10014,臺東縣,10014010,臺東市,10014010-035,康樂里,605,1574,839,735,110Y06M
10014,臺東縣,10014010,臺東市,10014010-036,東海里,1308,3424,1640,1784,110Y06M
10014,臺東縣,10014010,臺東市,10014010-037,新興里,471,1080,525,555,110Y06M
10014,臺東縣,10014010,臺東市,10014010-038,豐榮里,3769,9336,4502,4834,110Y06M
10014,臺東縣,10014010,臺東市,10014010-039,豐谷里,2096,5795,2910,2885,110Y06M
10014,臺東縣,10014010,臺東市,10014010-040,豐里里,963,2725,1402,1323,110Y06M
10014,臺東縣,10014010,臺東市,10014010-041,豐原里,491,1389,744,645,110Y06M
10014,臺東縣,10014010,臺東市,10014010-042,建和里,605,1586,819,767,110Y06M
10014,臺東縣,10014010,臺東市,10014010-043,建興里,410,1025,518,507,110Y06M
10014,臺東縣,10014010,臺東市,10014010-044,建業里,577,1430,729,701,110Y06M
10014,臺東縣,10014010,臺東市,10014010-045,知本里,613,1547,768,779,110Y06M
10014,臺東縣,10014010,臺東市,10014010-046,建農里,886,2302,1197,1105,110Y06M
10014,臺東縣,10014020,成功鎮,10014020-001,博愛里,306,622,351,271,110Y06M
10014,臺東縣,10014020,成功鎮,10014020-002,忠孝里,461,1025,511,514,110Y06M
10014,臺東縣,10014020,成功鎮,10014020-003,三仙里,614,1477,826,651,110Y06M
10014,臺東縣,10014020,成功鎮,10014020-004,三民里,1123,2961,1511,1450,110Y06M
10014,臺東縣,10014020,成功鎮,10014020-005,忠智里,770,2143,1088,1055,110Y06M
10014,臺東縣,10014020,成功鎮,10014020-006,忠仁里,916,2444,1278,1166,110Y06M
10014,臺東縣,10014020,成功鎮,10014020-007,和平里,360,793,443,350,110Y06M
10014,臺東縣,10014020,成功鎮,10014020-008,信義里,799,1943,1049,894,110Y06M
10014,臺東縣,10014030,關山鎮,10014030-001,德高里,714,1859,969,890,110Y06M
10014,臺東縣,10014030,關山鎮,10014030-002,豐泉里,479,1327,663,664,110Y06M
10014,臺東縣,10014030,關山鎮,10014030-003,新福里,403,1020,544,476,110Y06M
10014,臺東縣,10014030,關山鎮,10014030-004,中福里,332,881,441,440,110Y06M
10014,臺東縣,10014030,關山鎮,10014030-005,里壠里,732,1893,932,961,110Y06M
10014,臺東縣,10014030,關山鎮,10014030-006,電光里,226,597,336,261,110Y06M
10014,臺東縣,10014030,關山鎮,10014030-007,月眉里,318,767,424,343,110Y06M
10014,臺東縣,10014040,卑南鄉,10014040-001,嘉豐村,217,534,293,241,110Y06M
10014,臺東縣,10014040,卑南鄉,10014040-002,利吉村,202,490,263,227,110Y06M
10014,臺東縣,10014040,卑南鄉,10014040-003,富山村,244,529,288,241,110Y06M
10014,臺東縣,10014040,卑南鄉,10014040-004,富源村,162,343,197,146,110Y06M
10014,臺東縣,10014040,卑南鄉,10014040-005,明峰村,524,1278,694,584,110Y06M
10014,臺東縣,10014040,卑南鄉,10014040-006,初鹿村,531,1393,735,658,110Y06M
10014,臺東縣,10014040,卑南鄉,10014040-007,美農村,521,1158,638,520,110Y06M
10014,臺東縣,10014040,卑南鄉,10014040-008,賓朗村,969,2504,1296,1208,110Y06M
10014,臺東縣,10014040,卑南鄉,10014040-009,泰安村,524,1332,677,655,110Y06M
10014,臺東縣,10014040,卑南鄉,10014040-010,太平村,1430,3541,1806,1735,110Y06M
10014,臺東縣,10014040,卑南鄉,10014040-011,利嘉村,479,1281,655,626,110Y06M
10014,臺東縣,10014040,卑南鄉,10014040-012,東興村,496,1299,689,610,110Y06M
10014,臺東縣,10014040,卑南鄉,10014040-013,溫泉村,555,1194,647,547,110Y06M
10014,臺東縣,10014050,鹿野鄉,10014050-001,瑞和村,261,720,379,341,110Y06M
10014,臺東縣,10014050,鹿野鄉,10014050-002,瑞豐村,395,944,501,443,110Y06M
10014,臺東縣,10014050,鹿野鄉,10014050-003,瑞源村,379,954,490,464,110Y06M
10014,臺東縣,10014050,鹿野鄉,10014050-004,永安村,635,1629,877,752,110Y06M
10014,臺東縣,10014050,鹿野鄉,10014050-005,瑞隆村,399,973,517,456,110Y06M
10014,臺東縣,10014050,鹿野鄉,10014050-006,鹿野村,472,1159,586,573,110Y06M
10014,臺東縣,10014050,鹿野鄉,10014050-007,龍田村,470,1160,633,527,110Y06M
10014,臺東縣,10014060,池上鄉,10014060-001,福文村,505,1260,662,598,110Y06M
10014,臺東縣,10014060,池上鄉,10014060-002,慶豐村,274,746,387,359,110Y06M
10014,臺東縣,10014060,池上鄉,10014060-003,大坡村,144,348,185,163,110Y06M
10014,臺東縣,10014060,池上鄉,10014060-004,大埔村,334,879,439,440,110Y06M
10014,臺東縣,10014060,池上鄉,10014060-005,福原村,871,2270,1088,1182,110Y06M
10014,臺東縣,10014060,池上鄉,10014060-006,錦園村,160,365,198,167,110Y06M
10014,臺東縣,10014060,池上鄉,10014060-007,新興村,380,925,508,417,110Y06M
10014,臺東縣,10014060,池上鄉,10014060-008,萬安村,145,339,178,161,110Y06M
10014,臺東縣,10014060,池上鄉,10014060-009,富興村,168,438,244,194,110Y06M
10014,臺東縣,10014060,池上鄉,10014060-010,振興村,194,475,254,221,110Y06M
10014,臺東縣,10014070,東河鄉,10014070-001,北源村,861,1658,1039,619,110Y06M
10014,臺東縣,10014070,東河鄉,10014070-002,泰源村,509,1265,668,597,110Y06M
10014,臺東縣,10014070,東河鄉,10014070-003,東河村,452,1062,585,477,110Y06M
10014,臺東縣,10014070,東河鄉,10014070-004,尚德村,125,272,155,117,110Y06M
10014,臺東縣,10014070,東河鄉,10014070-005,隆昌村,269,559,285,274,110Y06M
10014,臺東縣,10014070,東河鄉,10014070-006,興昌村,500,995,535,460,110Y06M
10014,臺東縣,10014070,東河鄉,10014070-007,都蘭村,990,2327,1222,1105,110Y06M
10014,臺東縣,10014080,長濱鄉,10014080-001,樟原村,285,641,352,289,110Y06M
10014,臺東縣,10014080,長濱鄉,10014080-002,三間村,539,1282,747,535,110Y06M
10014,臺東縣,10014080,長濱鄉,10014080-003,忠勇村,232,601,362,239,110Y06M
10014,臺東縣,10014080,長濱鄉,10014080-004,長濱村,861,2140,1160,980,110Y06M
10014,臺東縣,10014080,長濱鄉,10014080-005,竹湖村,397,934,517,417,110Y06M
10014,臺東縣,10014080,長濱鄉,10014080-006,寧埔村,569,1245,722,523,110Y06M
10014,臺東縣,10014090,太麻里鄉,10014090-001,美和村,557,1459,768,691,110Y06M
10014,臺東縣,10014090,太麻里鄉,10014090-002,三和村,276,628,343,285,110Y06M
10014,臺東縣,10014090,太麻里鄉,10014090-003,華源村,320,627,341,286,110Y06M
10014,臺東縣,10014090,太麻里鄉,10014090-004,北里村,317,624,373,251,110Y06M
10014,臺東縣,10014090,太麻里鄉,10014090-005,泰和村,699,1558,797,761,110Y06M
10014,臺東縣,10014090,太麻里鄉,10014090-006,大王村,898,2019,1078,941,110Y06M
10014,臺東縣,10014090,太麻里鄉,10014090-007,香蘭村,388,910,494,416,110Y06M
10014,臺東縣,10014090,太麻里鄉,10014090-008,金崙村,865,1957,1017,940,110Y06M
10014,臺東縣,10014090,太麻里鄉,10014090-009,多良村,485,1041,541,500,110Y06M
10014,臺東縣,10014100,大武鄉,10014100-001,大竹村,367,838,448,390,110Y06M
10014,臺東縣,10014100,大武鄉,10014100-002,大鳥村,529,1277,695,582,110Y06M
10014,臺東縣,10014100,大武鄉,10014100-003,大武村,619,1457,756,701,110Y06M
10014,臺東縣,10014100,大武鄉,10014100-004,尚武村,670,1502,757,745,110Y06M
10014,臺東縣,10014100,大武鄉,10014100-005,南興村,282,595,303,292,110Y06M
10014,臺東縣,10014110,綠島鄉,10014110-001,公館村,338,1122,627,495,110Y06M
10014,臺東縣,10014110,綠島鄉,10014110-002,中寮村,339,1200,638,562,110Y06M
10014,臺東縣,10014110,綠島鄉,10014110-003,南寮村,505,1757,915,842,110Y06M
10014,臺東縣,10014120,海端鄉,10014120-001,廣原村,254,948,487,461,110Y06M
10014,臺東縣,10014120,海端鄉,10014120-002,霧鹿村,92,311,159,152,110Y06M
10014,臺東縣,10014120,海端鄉,10014120-003,利稻村,81,320,157,163,110Y06M
10014,臺東縣,10014120,海端鄉,10014120-004,海端村,302,1189,622,567,110Y06M
10014,臺東縣,10014120,海端鄉,10014120-005,崁頂村,206,749,422,327,110Y06M
10014,臺東縣,10014120,海端鄉,10014120-006,加拿村,155,617,344,273,110Y06M
10014,臺東縣,10014130,延平鄉,10014130-001,武陵村,228,742,399,343,110Y06M
10014,臺東縣,10014130,延平鄉,10014130-002,永康村,119,382,203,179,110Y06M
10014,臺東縣,10014130,延平鄉,10014130-003,紅葉村,145,512,280,232,110Y06M
10014,臺東縣,10014130,延平鄉,10014130-004,鸞山村,218,693,364,329,110Y06M
10014,臺東縣,10014130,延平鄉,10014130-005,桃源村,358,1237,651,586,110Y06M
10014,臺東縣,10014140,金峰鄉,10014140-001,新興村,203,641,324,317,110Y06M
10014,臺東縣,10014140,金峰鄉,10014140-002,正興村,222,718,349,369,110Y06M
10014,臺東縣,10014140,金峰鄉,10014140-003,嘉蘭村,483,1516,763,753,110Y06M
10014,臺東縣,10014140,金峰鄉,10014140-004,賓茂村,142,396,213,183,110Y06M
10014,臺東縣,10014140,金峰鄉,10014140-005,歷坵村,130,392,193,199,110Y06M
10014,臺東縣,10014150,達仁鄉,10014150-001,台坂村,271,701,374,327,110Y06M
10014,臺東縣,10014150,達仁鄉,10014150-002,土坂村,354,998,543,455,110Y06M
10014,臺東縣,10014150,達仁鄉,10014150-003,新化村,152,377,213,164,110Y06M
10014,臺東縣,10014150,達仁鄉,10014150-004,安朔村,307,621,342,279,110Y06M
10014,臺東縣,10014150,達仁鄉,10014150-005,森永村,198,413,227,186,110Y06M
10014,臺東縣,10014150,達仁鄉,10014150-006,南田村,138,349,174,175,110Y06M
10014,臺東縣,10014160,蘭嶼鄉,10014160-001,東清村,549,1590,788,802,110Y06M
10014,臺東縣,10014160,蘭嶼鄉,10014160-002,朗島村,342,938,453,485,110Y06M
10014,臺東縣,10014160,蘭嶼鄉,10014160-003,紅頭村,612,1476,755,721,110Y06M
10014,臺東縣,10014160,蘭嶼鄉,10014160-004,椰油村,443,1198,608,590,110Y06M
10014,臺東縣,10014010,臺東市,10014010-001,富岡里,629,1611,843,768,110Y09M
10014,臺東縣,10014010,臺東市,10014010-002,富豐里,397,977,531,446,110Y09M
10014,臺東縣,10014010,臺東市,10014010-003,岩灣里,1163,2434,1230,1204,110Y09M
10014,臺東縣,10014010,臺東市,10014010-004,南王里,1243,3182,1634,1548,110Y09M
10014,臺東縣,10014010,臺東市,10014010-005,卑南里,1292,3199,1585,1614,110Y09M
10014,臺東縣,10014010,臺東市,10014010-006,南榮里,1155,3095,1603,1492,110Y09M
10014,臺東縣,10014010,臺東市,10014010-007,新生里,3146,7497,3639,3858,110Y09M
10014,臺東縣,10014010,臺東市,10014010-008,民生里,1472,3463,1679,1784,110Y09M
10014,臺東縣,10014010,臺東市,10014010-009,寶桑里,400,967,478,489,110Y09M
10014,臺東縣,10014010,臺東市,10014010-010,馬蘭里,1166,3497,1639,1858,110Y09M
10014,臺東縣,10014010,臺東市,10014010-011,中心里,1423,4122,2035,2087,110Y09M
10014,臺東縣,10014010,臺東市,10014010-012,自強里,1883,5282,2539,2743,110Y09M
10014,臺東縣,10014010,臺東市,10014010-013,民族里,677,2254,1088,1166,110Y09M
10014,臺東縣,10014010,臺東市,10014010-014,四維里,294,734,384,350,110Y09M
10014,臺東縣,10014010,臺東市,10014010-015,中華里,754,1875,925,950,110Y09M
10014,臺東縣,10014010,臺東市,10014010-016,強國里,272,689,355,334,110Y09M
10014,臺東縣,10014010,臺東市,10014010-017,建國里,573,1357,693,664,110Y09M
10014,臺東縣,10014010,臺東市,10014010-018,民權里,371,900,477,423,110Y09M
10014,臺東縣,10014010,臺東市,10014010-019,仁愛里,319,738,374,364,110Y09M
10014,臺東縣,10014010,臺東市,10014010-020,中正里,367,801,395,406,110Y09M
10014,臺東縣,10014010,臺東市,10014010-021,大同里,335,826,386,440,110Y09M
10014,臺東縣,10014010,臺東市,10014010-022,成功里,383,891,449,442,110Y09M
10014,臺東縣,10014010,臺東市,10014010-023,文化里,568,1446,780,666,110Y09M
10014,臺東縣,10014010,臺東市,10014010-024,中山里,357,957,479,478,110Y09M
10014,臺東縣,10014010,臺東市,10014010-025,復國里,294,637,326,311,110Y09M
10014,臺東縣,10014010,臺東市,10014010-026,興國里,348,958,452,506,110Y09M
10014,臺東縣,10014010,臺東市,10014010-027,復興里,185,450,229,221,110Y09M
10014,臺東縣,10014010,臺東市,10014010-028,鐵花里,188,407,198,209,110Y09M
10014,臺東縣,10014010,臺東市,10014010-029,新園里,765,1849,976,873,110Y09M
10014,臺東縣,10014010,臺東市,10014010-030,豐田里,1036,2596,1274,1322,110Y09M
10014,臺東縣,10014010,臺東市,10014010-031,豐年里,1440,3523,1816,1707,110Y09M
10014,臺東縣,10014010,臺東市,10014010-032,光明里,1344,3341,1533,1808,110Y09M
10014,臺東縣,10014010,臺東市,10014010-033,豐樂里,591,1767,894,873,110Y09M
10014,臺東縣,10014010,臺東市,10014010-034,永樂里,922,2682,1373,1309,110Y09M
10014,臺東縣,10014010,臺東市,10014010-035,康樂里,612,1582,844,738,110Y09M
10014,臺東縣,10014010,臺東市,10014010-036,東海里,1302,3389,1620,1769,110Y09M
10014,臺東縣,10014010,臺東市,10014010-037,新興里,467,1066,518,548,110Y09M
10014,臺東縣,10014010,臺東市,10014010-038,豐榮里,3827,9383,4529,4854,110Y09M
10014,臺東縣,10014010,臺東市,10014010-039,豐谷里,2118,5799,2907,2892,110Y09M
10014,臺東縣,10014010,臺東市,10014010-040,豐里里,979,2720,1401,1319,110Y09M
10014,臺東縣,10014010,臺東市,10014010-041,豐原里,496,1393,747,646,110Y09M
10014,臺東縣,10014010,臺東市,10014010-042,建和里,609,1597,818,779,110Y09M
10014,臺東縣,10014010,臺東市,10014010-043,建興里,409,1022,513,509,110Y09M
10014,臺東縣,10014010,臺東市,10014010-044,建業里,575,1410,721,689,110Y09M
10014,臺東縣,10014010,臺東市,10014010-045,知本里,616,1550,769,781,110Y09M
10014,臺東縣,10014010,臺東市,10014010-046,建農里,886,2295,1192,1103,110Y09M
10014,臺東縣,10014020,成功鎮,10014020-001,博愛里,310,629,358,271,110Y09M
10014,臺東縣,10014020,成功鎮,10014020-002,忠孝里,462,1014,504,510,110Y09M
10014,臺東縣,10014020,成功鎮,10014020-003,三仙里,617,1471,828,643,110Y09M
10014,臺東縣,10014020,成功鎮,10014020-004,三民里,1128,2973,1510,1463,110Y09M
10014,臺東縣,10014020,成功鎮,10014020-005,忠智里,772,2144,1091,1053,110Y09M
10014,臺東縣,10014020,成功鎮,10014020-006,忠仁里,915,2432,1271,1161,110Y09M
10014,臺東縣,10014020,成功鎮,10014020-007,和平里,360,790,443,347,110Y09M
10014,臺東縣,10014020,成功鎮,10014020-008,信義里,800,1933,1050,883,110Y09M
10014,臺東縣,10014030,關山鎮,10014030-001,德高里,711,1878,979,899,110Y09M
10014,臺東縣,10014030,關山鎮,10014030-002,豐泉里,480,1317,651,666,110Y09M
10014,臺東縣,10014030,關山鎮,10014030-003,新福里,399,1013,540,473,110Y09M
10014,臺東縣,10014030,關山鎮,10014030-004,中福里,338,874,437,437,110Y09M
10014,臺東縣,10014030,關山鎮,10014030-005,里壠里,734,1870,924,946,110Y09M
10014,臺東縣,10014030,關山鎮,10014030-006,電光里,225,590,332,258,110Y09M
10014,臺東縣,10014030,關山鎮,10014030-007,月眉里,314,759,417,342,110Y09M
10014,臺東縣,10014040,卑南鄉,10014040-001,嘉豐村,215,530,289,241,110Y09M
10014,臺東縣,10014040,卑南鄉,10014040-002,利吉村,203,492,263,229,110Y09M
10014,臺東縣,10014040,卑南鄉,10014040-003,富山村,244,528,287,241,110Y09M
10014,臺東縣,10014040,卑南鄉,10014040-004,富源村,164,339,195,144,110Y09M
10014,臺東縣,10014040,卑南鄉,10014040-005,明峰村,520,1272,694,578,110Y09M
10014,臺東縣,10014040,卑南鄉,10014040-006,初鹿村,534,1385,731,654,110Y09M
10014,臺東縣,10014040,卑南鄉,10014040-007,美農村,523,1162,646,516,110Y09M
10014,臺東縣,10014040,卑南鄉,10014040-008,賓朗村,972,2501,1294,1207,110Y09M
10014,臺東縣,10014040,卑南鄉,10014040-009,泰安村,526,1307,661,646,110Y09M
10014,臺東縣,10014040,卑南鄉,10014040-010,太平村,1446,3562,1804,1758,110Y09M
10014,臺東縣,10014040,卑南鄉,10014040-011,利嘉村,483,1289,661,628,110Y09M
10014,臺東縣,10014040,卑南鄉,10014040-012,東興村,502,1308,695,613,110Y09M
10014,臺東縣,10014040,卑南鄉,10014040-013,溫泉村,559,1201,641,560,110Y09M
10014,臺東縣,10014050,鹿野鄉,10014050-001,瑞和村,260,723,382,341,110Y09M
10014,臺東縣,10014050,鹿野鄉,10014050-002,瑞豐村,395,946,502,444,110Y09M
10014,臺東縣,10014050,鹿野鄉,10014050-003,瑞源村,381,948,487,461,110Y09M
10014,臺東縣,10014050,鹿野鄉,10014050-004,永安村,636,1623,871,752,110Y09M
10014,臺東縣,10014050,鹿野鄉,10014050-005,瑞隆村,400,962,507,455,110Y09M
10014,臺東縣,10014050,鹿野鄉,10014050-006,鹿野村,472,1152,581,571,110Y09M
10014,臺東縣,10014050,鹿野鄉,10014050-007,龍田村,472,1155,634,521,110Y09M
10014,臺東縣,10014060,池上鄉,10014060-001,福文村,506,1250,657,593,110Y09M
10014,臺東縣,10014060,池上鄉,10014060-002,慶豐村,270,738,382,356,110Y09M
10014,臺東縣,10014060,池上鄉,10014060-003,大坡村,145,351,187,164,110Y09M
10014,臺東縣,10014060,池上鄉,10014060-004,大埔村,335,881,439,442,110Y09M
10014,臺東縣,10014060,池上鄉,10014060-005,福原村,865,2242,1076,1166,110Y09M
10014,臺東縣,10014060,池上鄉,10014060-006,錦園村,158,360,195,165,110Y09M
10014,臺東縣,10014060,池上鄉,10014060-007,新興村,382,927,511,416,110Y09M
10014,臺東縣,10014060,池上鄉,10014060-008,萬安村,144,336,178,158,110Y09M
10014,臺東縣,10014060,池上鄉,10014060-009,富興村,166,434,244,190,110Y09M
10014,臺東縣,10014060,池上鄉,10014060-010,振興村,195,480,259,221,110Y09M
10014,臺東縣,10014070,東河鄉,10014070-001,北源村,852,1655,1034,621,110Y09M
10014,臺東縣,10014070,東河鄉,10014070-002,泰源村,509,1256,666,590,110Y09M
10014,臺東縣,10014070,東河鄉,10014070-003,東河村,451,1054,582,472,110Y09M
10014,臺東縣,10014070,東河鄉,10014070-004,尚德村,125,275,153,122,110Y09M
10014,臺東縣,10014070,東河鄉,10014070-005,隆昌村,269,558,283,275,110Y09M
10014,臺東縣,10014070,東河鄉,10014070-006,興昌村,497,983,528,455,110Y09M
10014,臺東縣,10014070,東河鄉,10014070-007,都蘭村,992,2343,1226,1117,110Y09M
10014,臺東縣,10014080,長濱鄉,10014080-001,樟原村,285,628,348,280,110Y09M
10014,臺東縣,10014080,長濱鄉,10014080-002,三間村,537,1269,737,532,110Y09M
10014,臺東縣,10014080,長濱鄉,10014080-003,忠勇村,230,601,363,238,110Y09M
10014,臺東縣,10014080,長濱鄉,10014080-004,長濱村,865,2149,1161,988,110Y09M
10014,臺東縣,10014080,長濱鄉,10014080-005,竹湖村,393,922,509,413,110Y09M
10014,臺東縣,10014080,長濱鄉,10014080-006,寧埔村,571,1242,722,520,110Y09M
10014,臺東縣,10014090,太麻里鄉,10014090-001,美和村,565,1466,771,695,110Y09M
10014,臺東縣,10014090,太麻里鄉,10014090-002,三和村,277,634,346,288,110Y09M
10014,臺東縣,10014090,太麻里鄉,10014090-003,華源村,324,631,345,286,110Y09M
10014,臺東縣,10014090,太麻里鄉,10014090-004,北里村,315,627,373,254,110Y09M
10014,臺東縣,10014090,太麻里鄉,10014090-005,泰和村,705,1559,796,763,110Y09M
10014,臺東縣,10014090,太麻里鄉,10014090-006,大王村,900,2009,1077,932,110Y09M
10014,臺東縣,10014090,太麻里鄉,10014090-007,香蘭村,386,906,491,415,110Y09M
10014,臺東縣,10014090,太麻里鄉,10014090-008,金崙村,865,1972,1026,946,110Y09M
10014,臺東縣,10014090,太麻里鄉,10014090-009,多良村,483,1039,536,503,110Y09M
10014,臺東縣,10014100,大武鄉,10014100-001,大竹村,375,830,444,386,110Y09M
10014,臺東縣,10014100,大武鄉,10014100-002,大鳥村,529,1272,689,583,110Y09M
10014,臺東縣,10014100,大武鄉,10014100-003,大武村,622,1469,759,710,110Y09M
10014,臺東縣,10014100,大武鄉,10014100-004,尚武村,666,1476,748,728,110Y09M
10014,臺東縣,10014100,大武鄉,10014100-005,南興村,279,601,305,296,110Y09M
10014,臺東縣,10014110,綠島鄉,10014110-001,公館村,344,1134,633,501,110Y09M
10014,臺東縣,10014110,綠島鄉,10014110-002,中寮村,349,1189,638,551,110Y09M
10014,臺東縣,10014110,綠島鄉,10014110-003,南寮村,506,1761,914,847,110Y09M
10014,臺東縣,10014120,海端鄉,10014120-001,廣原村,254,946,488,458,110Y09M
10014,臺東縣,10014120,海端鄉,10014120-002,霧鹿村,92,315,160,155,110Y09M
10014,臺東縣,10014120,海端鄉,10014120-003,利稻村,81,326,160,166,110Y09M
10014,臺東縣,10014120,海端鄉,10014120-004,海端村,300,1194,629,565,110Y09M
10014,臺東縣,10014120,海端鄉,10014120-005,崁頂村,206,743,419,324,110Y09M
10014,臺東縣,10014120,海端鄉,10014120-006,加拿村,157,621,343,278,110Y09M
10014,臺東縣,10014130,延平鄉,10014130-001,武陵村,229,736,394,342,110Y09M
10014,臺東縣,10014130,延平鄉,10014130-002,永康村,120,393,210,183,110Y09M
10014,臺東縣,10014130,延平鄉,10014130-003,紅葉村,148,516,283,233,110Y09M
10014,臺東縣,10014130,延平鄉,10014130-004,鸞山村,216,688,362,326,110Y09M
10014,臺東縣,10014130,延平鄉,10014130-005,桃源村,363,1240,654,586,110Y09M
10014,臺東縣,10014140,金峰鄉,10014140-001,新興村,203,652,329,323,110Y09M
10014,臺東縣,10014140,金峰鄉,10014140-002,正興村,225,710,346,364,110Y09M
10014,臺東縣,10014140,金峰鄉,10014140-003,嘉蘭村,490,1516,767,749,110Y09M
10014,臺東縣,10014140,金峰鄉,10014140-004,賓茂村,142,390,211,179,110Y09M
10014,臺東縣,10014140,金峰鄉,10014140-005,歷坵村,130,396,192,204,110Y09M
10014,臺東縣,10014150,達仁鄉,10014150-001,台坂村,274,694,371,323,110Y09M
10014,臺東縣,10014150,達仁鄉,10014150-002,土坂村,357,981,535,446,110Y09M
10014,臺東縣,10014150,達仁鄉,10014150-003,新化村,155,376,213,163,110Y09M
10014,臺東縣,10014150,達仁鄉,10014150-004,安朔村,309,623,344,279,110Y09M
10014,臺東縣,10014150,達仁鄉,10014150-005,森永村,197,404,221,183,110Y09M
10014,臺東縣,10014150,達仁鄉,10014150-006,南田村,138,345,173,172,110Y09M
10014,臺東縣,10014160,蘭嶼鄉,10014160-001,東清村,552,1588,782,806,110Y09M
10014,臺東縣,10014160,蘭嶼鄉,10014160-002,朗島村,346,940,453,487,110Y09M
10014,臺東縣,10014160,蘭嶼鄉,10014160-003,紅頭村,618,1484,761,723,110Y09M
10014,臺東縣,10014160,蘭嶼鄉,10014160-004,椰油村,448,1210,610,600,110Y09M
10014,臺東縣,10014010,臺東市,10014010-001,富岡里,1026,2592,1375,1217,110Y12M
10014,臺東縣,10014010,臺東市,10014010-003,岩灣里,1157,2415,1220,1195,110Y12M
10014,臺東縣,10014010,臺東市,10014010-004,南王里,1243,3184,1632,1552,110Y12M
10014,臺東縣,10014010,臺東市,10014010-005,卑南里,1304,3220,1584,1636,110Y12M
10014,臺東縣,10014010,臺東市,10014010-006,南榮里,1124,3024,1565,1459,110Y12M
10014,臺東縣,10014010,臺東市,10014010-007,新生里,1630,3904,1924,1980,110Y12M
10014,臺東縣,10014010,臺東市,10014010-008,民生里,1257,2986,1406,1580,110Y12M
10014,臺東縣,10014010,臺東市,10014010-009,寶桑里,657,1544,790,754,110Y12M
10014,臺東縣,10014010,臺東市,10014010-010,馬蘭里,1091,3277,1552,1725,110Y12M
10014,臺東縣,10014010,臺東市,10014010-011,中心里,1373,3942,1936,2006,110Y12M
10014,臺東縣,10014010,臺東市,10014010-012,自強里,1491,4398,2117,2281,110Y12M
10014,臺東縣,10014010,臺東市,10014010-013,民族里,1176,3546,1702,1844,110Y12M
10014,臺東縣,10014010,臺東市,10014010-015,中華里,1036,2556,1278,1278,110Y12M
10014,臺東縣,10014010,臺東市,10014010-017,建國里,842,2029,1045,984,110Y12M
10014,臺東縣,10014010,臺東市,10014010-020,中正里,1014,2349,1149,1200,110Y12M
10014,臺東縣,10014010,臺東市,10014010-022,成功里,921,2111,1058,1053,110Y12M
10014,臺東縣,10014010,臺東市,10014010-023,文化里,937,2307,1237,1070,110Y12M
10014,臺東縣,10014010,臺東市,10014010-024,中山里,919,2363,1144,1219,110Y12M
10014,臺東縣,10014010,臺東市,10014010-029,新園里,765,1842,963,879,110Y12M
10014,臺東縣,10014010,臺東市,10014010-030,豐田里,1045,2602,1274,1328,110Y12M
10014,臺東縣,10014010,臺東市,10014010-031,豐年里,1460,3582,1843,1739,110Y12M
10014,臺東縣,10014010,臺東市,10014010-032,光明里,1333,3312,1511,1801,110Y12M
10014,臺東縣,10014010,臺東市,10014010-033,豐樂里,710,2092,1069,1023,110Y12M
10014,臺東縣,10014010,臺東市,10014010-034,永樂里,1129,3293,1680,1613,110Y12M
10014,臺東縣,10014010,臺東市,10014010-035,康樂里,609,1571,840,731,110Y12M
10014,臺東縣,10014010,臺東市,10014010-036,東海里,982,2563,1197,1366,110Y12M
10014,臺東縣,10014010,臺東市,10014010-037,新興里,677,1631,816,815,110Y12M
10014,臺東縣,10014010,臺東市,10014010-038,豐榮里,1416,3500,1708,1792,110Y12M
10014,臺東縣,10014010,臺東市,10014010-039,豐谷里,1478,4020,2024,1996,110Y12M
10014,臺東縣,10014010,臺東市,10014010-040,豐里里,956,2647,1359,1288,110Y12M
10014,臺東縣,10014010,臺東市,10014010-041,豐原里,513,1433,776,657,110Y12M
10014,臺東縣,10014010,臺東市,10014010-042,建和里,603,1569,809,760,110Y12M
10014,臺東縣,10014010,臺東市,10014010-043,建興里,547,1349,664,685,110Y12M
10014,臺東縣,10014010,臺東市,10014010-045,知本里,1058,2636,1335,1301,110Y12M
10014,臺東縣,10014010,臺東市,10014010-046,建農里,889,2302,1191,1111,110Y12M
10014,臺東縣,10014010,臺東市,10014010-047,仁和里　,1483,3496,1686,1810,110Y12M
10014,臺東縣,10014010,臺東市,10014010-048,豐安里　,1234,2969,1396,1573,110Y12M
10014,臺東縣,10014010,臺東市,10014010-049,豐盛里　,1502,3787,1844,1943,110Y12M
10014,臺東縣,10014020,成功鎮,10014020-001,博愛里,310,622,353,269,110Y12M
10014,臺東縣,10014020,成功鎮,10014020-002,忠孝里,462,1007,498,509,110Y12M
10014,臺東縣,10014020,成功鎮,10014020-003,三仙里,619,1459,821,638,110Y12M
10014,臺東縣,10014020,成功鎮,10014020-004,三民里,1121,2966,1503,1463,110Y12M
10014,臺東縣,10014020,成功鎮,10014020-005,忠智里,774,2142,1087,1055,110Y12M
10014,臺東縣,10014020,成功鎮,10014020-006,忠仁里,907,2413,1263,1150,110Y12M
10014,臺東縣,10014020,成功鎮,10014020-007,和平里,361,786,436,350,110Y12M
10014,臺東縣,10014020,成功鎮,10014020-008,信義里,802,1935,1049,886,110Y12M
10014,臺東縣,10014030,關山鎮,10014030-001,德高里,712,1877,975,902,110Y12M
10014,臺東縣,10014030,關山鎮,10014030-002,豐泉里,483,1319,650,669,110Y12M
10014,臺東縣,10014030,關山鎮,10014030-003,新福里,393,1009,536,473,110Y12M
10014,臺東縣,10014030,關山鎮,10014030-004,中福里,335,869,435,434,110Y12M
10014,臺東縣,10014030,關山鎮,10014030-005,里壠里,732,1868,925,943,110Y12M
10014,臺東縣,10014030,關山鎮,10014030-006,電光里,225,581,328,253,110Y12M
10014,臺東縣,10014030,關山鎮,10014030-007,月眉里,312,751,415,336,110Y12M
10014,臺東縣,10014040,卑南鄉,10014040-001,嘉豐村,216,533,291,242,110Y12M
10014,臺東縣,10014040,卑南鄉,10014040-002,利吉村,201,492,263,229,110Y12M
10014,臺東縣,10014040,卑南鄉,10014040-003,富山村,241,523,284,239,110Y12M
10014,臺東縣,10014040,卑南鄉,10014040-004,富源村,162,339,195,144,110Y12M
10014,臺東縣,10014040,卑南鄉,10014040-005,明峰村,523,1265,690,575,110Y12M
10014,臺東縣,10014040,卑南鄉,10014040-006,初鹿村,530,1381,726,655,110Y12M
10014,臺東縣,10014040,卑南鄉,10014040-007,美農村,517,1155,641,514,110Y12M
10014,臺東縣,10014040,卑南鄉,10014040-008,賓朗村,969,2486,1288,1198,110Y12M
10014,臺東縣,10014040,卑南鄉,10014040-009,泰安村,531,1313,666,647,110Y12M
10014,臺東縣,10014040,卑南鄉,10014040-010,太平村,1440,3568,1808,1760,110Y12M
10014,臺東縣,10014040,卑南鄉,10014040-011,利嘉村,482,1275,656,619,110Y12M
10014,臺東縣,10014040,卑南鄉,10014040-012,東興村,502,1313,697,616,110Y12M
10014,臺東縣,10014040,卑南鄉,10014040-013,溫泉村,558,1190,634,556,110Y12M
10014,臺東縣,10014050,鹿野鄉,10014050-001,瑞和村,261,716,376,340,110Y12M
10014,臺東縣,10014050,鹿野鄉,10014050-002,瑞豐村,401,952,507,445,110Y12M
10014,臺東縣,10014050,鹿野鄉,10014050-003,瑞源村,383,943,485,458,110Y12M
10014,臺東縣,10014050,鹿野鄉,10014050-004,永安村,637,1607,866,741,110Y12M
10014,臺東縣,10014050,鹿野鄉,10014050-005,瑞隆村,400,960,508,452,110Y12M
10014,臺東縣,10014050,鹿野鄉,10014050-006,鹿野村,471,1142,576,566,110Y12M
10014,臺東縣,10014050,鹿野鄉,10014050-007,龍田村,472,1162,634,528,110Y12M
10014,臺東縣,10014060,池上鄉,10014060-001,福文村,505,1248,656,592,110Y12M
10014,臺東縣,10014060,池上鄉,10014060-002,慶豐村,268,732,379,353,110Y12M
10014,臺東縣,10014060,池上鄉,10014060-003,大坡村,145,349,186,163,110Y12M
10014,臺東縣,10014060,池上鄉,10014060-004,大埔村,336,886,441,445,110Y12M
10014,臺東縣,10014060,池上鄉,10014060-005,福原村,866,2231,1071,1160,110Y12M
10014,臺東縣,10014060,池上鄉,10014060-006,錦園村,157,356,191,165,110Y12M
10014,臺東縣,10014060,池上鄉,10014060-007,新興村,385,932,512,420,110Y12M
10014,臺東縣,10014060,池上鄉,10014060-008,萬安村,143,334,176,158,110Y12M
10014,臺東縣,10014060,池上鄉,10014060-009,富興村,167,430,243,187,110Y12M
10014,臺東縣,10014060,池上鄉,10014060-010,振興村,196,478,257,221,110Y12M
10014,臺東縣,10014070,東河鄉,10014070-001,北源村,852,1656,1035,621,110Y12M
10014,臺東縣,10014070,東河鄉,10014070-002,泰源村,512,1255,664,591,110Y12M
10014,臺東縣,10014070,東河鄉,10014070-003,東河村,449,1047,574,473,110Y12M
10014,臺東縣,10014070,東河鄉,10014070-004,尚德村,124,271,151,120,110Y12M
10014,臺東縣,10014070,東河鄉,10014070-005,隆昌村,267,555,283,272,110Y12M
10014,臺東縣,10014070,東河鄉,10014070-006,興昌村,501,995,530,465,110Y12M
10014,臺東縣,10014070,東河鄉,10014070-007,都蘭村,992,2327,1219,1108,110Y12M
10014,臺東縣,10014080,長濱鄉,10014080-001,樟原村,287,626,348,278,110Y12M
10014,臺東縣,10014080,長濱鄉,10014080-002,三間村,532,1252,724,528,110Y12M
10014,臺東縣,10014080,長濱鄉,10014080-003,忠勇村,229,606,366,240,110Y12M
10014,臺東縣,10014080,長濱鄉,10014080-004,長濱村,869,2154,1159,995,110Y12M
10014,臺東縣,10014080,長濱鄉,10014080-005,竹湖村,393,919,510,409,110Y12M
10014,臺東縣,10014080,長濱鄉,10014080-006,寧埔村,573,1234,723,511,110Y12M
10014,臺東縣,10014090,太麻里鄉,10014090-001,美和村,565,1457,767,690,110Y12M
10014,臺東縣,10014090,太麻里鄉,10014090-002,三和村,274,627,343,284,110Y12M
10014,臺東縣,10014090,太麻里鄉,10014090-003,華源村,327,631,342,289,110Y12M
10014,臺東縣,10014090,太麻里鄉,10014090-004,北里村,314,629,373,256,110Y12M
10014,臺東縣,10014090,太麻里鄉,10014090-005,泰和村,706,1551,788,763,110Y12M
10014,臺東縣,10014090,太麻里鄉,10014090-006,大王村,896,2005,1066,939,110Y12M
10014,臺東縣,10014090,太麻里鄉,10014090-007,香蘭村,390,903,487,416,110Y12M
10014,臺東縣,10014090,太麻里鄉,10014090-008,金崙村,871,1972,1025,947,110Y12M
10014,臺東縣,10014090,太麻里鄉,10014090-009,多良村,484,1044,535,509,110Y12M
10014,臺東縣,10014100,大武鄉,10014100-001,大竹村,374,832,444,388,110Y12M
10014,臺東縣,10014100,大武鄉,10014100-002,大鳥村,530,1261,682,579,110Y12M
10014,臺東縣,10014100,大武鄉,10014100-003,大武村,623,1468,756,712,110Y12M
10014,臺東縣,10014100,大武鄉,10014100-004,尚武村,664,1463,742,721,110Y12M
10014,臺東縣,10014100,大武鄉,10014100-005,南興村,281,611,309,302,110Y12M
10014,臺東縣,10014110,綠島鄉,10014110-001,公館村,344,1120,629,491,110Y12M
10014,臺東縣,10014110,綠島鄉,10014110-002,中寮村,347,1201,642,559,110Y12M
10014,臺東縣,10014110,綠島鄉,10014110-003,南寮村,511,1803,941,862,110Y12M
10014,臺東縣,10014120,海端鄉,10014120-001,廣原村,254,950,492,458,110Y12M
10014,臺東縣,10014120,海端鄉,10014120-002,霧鹿村,92,319,161,158,110Y12M
10014,臺東縣,10014120,海端鄉,10014120-003,利稻村,81,325,158,167,110Y12M
10014,臺東縣,10014120,海端鄉,10014120-004,海端村,299,1189,632,557,110Y12M
10014,臺東縣,10014120,海端鄉,10014120-005,崁頂村,206,747,416,331,110Y12M
10014,臺東縣,10014120,海端鄉,10014120-006,加拿村,159,621,339,282,110Y12M
10014,臺東縣,10014130,延平鄉,10014130-001,武陵村,230,742,397,345,110Y12M
10014,臺東縣,10014130,延平鄉,10014130-002,永康村,122,397,210,187,110Y12M
10014,臺東縣,10014130,延平鄉,10014130-003,紅葉村,150,514,281,233,110Y12M
10014,臺東縣,10014130,延平鄉,10014130-004,鸞山村,216,688,360,328,110Y12M
10014,臺東縣,10014130,延平鄉,10014130-005,桃源村,362,1250,658,592,110Y12M
10014,臺東縣,10014140,金峰鄉,10014140-001,新興村,204,653,327,326,110Y12M
10014,臺東縣,10014140,金峰鄉,10014140-002,正興村,226,708,347,361,110Y12M
10014,臺東縣,10014140,金峰鄉,10014140-003,嘉蘭村,490,1521,774,747,110Y12M
10014,臺東縣,10014140,金峰鄉,10014140-004,賓茂村,141,388,210,178,110Y12M
10014,臺東縣,10014140,金峰鄉,10014140-005,歷坵村,130,393,191,202,110Y12M
10014,臺東縣,10014150,達仁鄉,10014150-001,台坂村,278,700,374,326,110Y12M
10014,臺東縣,10014150,達仁鄉,10014150-002,土坂村,359,983,534,449,110Y12M
10014,臺東縣,10014150,達仁鄉,10014150-003,新化村,156,383,215,168,110Y12M
10014,臺東縣,10014150,達仁鄉,10014150-004,安朔村,311,626,348,278,110Y12M
10014,臺東縣,10014150,達仁鄉,10014150-005,森永村,196,405,220,185,110Y12M
10014,臺東縣,10014150,達仁鄉,10014150-006,南田村,138,340,174,166,110Y12M
10014,臺東縣,10014160,蘭嶼鄉,10014160-001,東清村,554,1603,794,809,110Y12M
10014,臺東縣,10014160,蘭嶼鄉,10014160-002,朗島村,342,940,455,485,110Y12M
10014,臺東縣,10014160,蘭嶼鄉,10014160-003,紅頭村,617,1488,761,727,110Y12M
10014,臺東縣,10014160,蘭嶼鄉,10014160-004,椰油村,446,1200,603,597,110Y12M
10014,臺東縣,10014010,臺東市,10014010-001,富岡里,1058,2594,1380,1214,111Y03M
10014,臺東縣,10014010,臺東市,10014010-003,岩灣里,1153,2411,1214,1197,111Y03M
10014,臺東縣,10014010,臺東市,10014010-004,南王里,1249,3194,1631,1563,111Y03M
10014,臺東縣,10014010,臺東市,10014010-005,卑南里,1318,3253,1588,1665,111Y03M
10014,臺東縣,10014010,臺東市,10014010-006,南榮里,1121,3047,1586,1461,111Y03M
10014,臺東縣,10014010,臺東市,10014010-007,新生里,1626,3901,1921,1980,111Y03M
10014,臺東縣,10014010,臺東市,10014010-008,民生里,1257,2960,1403,1557,111Y03M
10014,臺東縣,10014010,臺東市,10014010-009,寶桑里,655,1555,793,762,111Y03M
10014,臺東縣,10014010,臺東市,10014010-010,馬蘭里,1093,3256,1546,1710,111Y03M
10014,臺東縣,10014010,臺東市,10014010-011,中心里,1364,3906,1923,1983,111Y03M
10014,臺東縣,10014010,臺東市,10014010-012,自強里,1496,4377,2101,2276,111Y03M
10014,臺東縣,10014010,臺東市,10014010-013,民族里,1177,3540,1689,1851,111Y03M
10014,臺東縣,10014010,臺東市,10014010-015,中華里,1032,2540,1273,1267,111Y03M
10014,臺東縣,10014010,臺東市,10014010-017,建國里,840,2033,1049,984,111Y03M
10014,臺東縣,10014010,臺東市,10014010-020,中正里,1009,2309,1137,1172,111Y03M
10014,臺東縣,10014010,臺東市,10014010-022,成功里,929,2105,1057,1048,111Y03M
10014,臺東縣,10014010,臺東市,10014010-023,文化里,938,2287,1223,1064,111Y03M
10014,臺東縣,10014010,臺東市,10014010-024,中山里,910,2329,1127,1202,111Y03M
10014,臺東縣,10014010,臺東市,10014010-029,新園里,771,1836,962,874,111Y03M
10014,臺東縣,10014010,臺東市,10014010-030,豐田里,1059,2606,1268,1338,111Y03M
10014,臺東縣,10014010,臺東市,10014010-031,豐年里,1468,3562,1835,1727,111Y03M
10014,臺東縣,10014010,臺東市,10014010-032,光明里,1326,3293,1498,1795,111Y03M
10014,臺東縣,10014010,臺東市,10014010-033,豐樂里,716,2095,1074,1021,111Y03M
10014,臺東縣,10014010,臺東市,10014010-034,永樂里,1129,3288,1683,1605,111Y03M
10014,臺東縣,10014010,臺東市,10014010-035,康樂里,614,1574,841,733,111Y03M
10014,臺東縣,10014010,臺東市,10014010-036,東海里,977,2545,1197,1348,111Y03M
10014,臺東縣,10014010,臺東市,10014010-037,新興里,667,1596,802,794,111Y03M
10014,臺東縣,10014010,臺東市,10014010-038,豐榮里,1416,3499,1709,1790,111Y03M
10014,臺東縣,10014010,臺東市,10014010-039,豐谷里,1473,4003,2018,1985,111Y03M
10014,臺東縣,10014010,臺東市,10014010-040,豐里里,961,2631,1356,1275,111Y03M
10014,臺東縣,10014010,臺東市,10014010-041,豐原里,510,1426,769,657,111Y03M
10014,臺東縣,10014010,臺東市,10014010-042,建和里,602,1557,804,753,111Y03M
10014,臺東縣,10014010,臺東市,10014010-043,建興里,550,1352,659,693,111Y03M
10014,臺東縣,10014010,臺東市,10014010-045,知本里,1064,2630,1338,1292,111Y03M
10014,臺東縣,10014010,臺東市,10014010-046,建農里,891,2285,1178,1107,111Y03M
10014,臺東縣,10014010,臺東市,10014010-047,仁和里,1473,3485,1678,1807,111Y03M
10014,臺東縣,10014010,臺東市,10014010-048,豐安里,1245,2985,1403,1582,111Y03M
10014,臺東縣,10014010,臺東市,10014010-049,豐盛里,1501,3785,1836,1949,111Y03M
10014,臺東縣,10014020,成功鎮,10014020-001,博愛里,306,615,352,263,111Y03M
10014,臺東縣,10014020,成功鎮,10014020-002,忠孝里,460,999,492,507,111Y03M
10014,臺東縣,10014020,成功鎮,10014020-003,三仙里,619,1445,815,630,111Y03M
10014,臺東縣,10014020,成功鎮,10014020-004,三民里,1119,2960,1499,1461,111Y03M
10014,臺東縣,10014020,成功鎮,10014020-005,忠智里,773,2165,1096,1069,111Y03M
10014,臺東縣,10014020,成功鎮,10014020-006,忠仁里,909,2401,1250,1151,111Y03M
10014,臺東縣,10014020,成功鎮,10014020-007,和平里,361,781,434,347,111Y03M
10014,臺東縣,10014020,成功鎮,10014020-008,信義里,804,1915,1035,880,111Y03M
10014,臺東縣,10014030,關山鎮,10014030-001,德高里,706,1851,960,891,111Y03M
10014,臺東縣,10014030,關山鎮,10014030-002,豐泉里,482,1321,651,670,111Y03M
10014,臺東縣,10014030,關山鎮,10014030-003,新福里,392,1003,533,470,111Y03M
10014,臺東縣,10014030,關山鎮,10014030-004,中福里,335,877,439,438,111Y03M
10014,臺東縣,10014030,關山鎮,10014030-005,里壠里,728,1858,916,942,111Y03M
10014,臺東縣,10014030,關山鎮,10014030-006,電光里,224,581,328,253,111Y03M
10014,臺東縣,10014030,關山鎮,10014030-007,月眉里,311,742,413,329,111Y03M
10014,臺東縣,10014040,卑南鄉,10014040-001,嘉豐村,218,540,296,244,111Y03M
10014,臺東縣,10014040,卑南鄉,10014040-002,利吉村,202,483,256,227,111Y03M
10014,臺東縣,10014040,卑南鄉,10014040-003,富山村,244,520,283,237,111Y03M
10014,臺東縣,10014040,卑南鄉,10014040-004,富源村,161,337,193,144,111Y03M
10014,臺東縣,10014040,卑南鄉,10014040-005,明峰村,521,1253,687,566,111Y03M
10014,臺東縣,10014040,卑南鄉,10014040-006,初鹿村,530,1387,725,662,111Y03M
10014,臺東縣,10014040,卑南鄉,10014040-007,美農村,508,1142,628,514,111Y03M
10014,臺東縣,10014040,卑南鄉,10014040-008,賓朗村,964,2472,1278,1194,111Y03M
10014,臺東縣,10014040,卑南鄉,10014040-009,泰安村,534,1321,670,651,111Y03M
10014,臺東縣,10014040,卑南鄉,10014040-010,太平村,1451,3576,1814,1762,111Y03M
10014,臺東縣,10014040,卑南鄉,10014040-011,利嘉村,480,1285,663,622,111Y03M
10014,臺東縣,10014040,卑南鄉,10014040-012,東興村,504,1318,697,621,111Y03M
10014,臺東縣,10014040,卑南鄉,10014040-013,溫泉村,553,1185,630,555,111Y03M
10014,臺東縣,10014050,鹿野鄉,10014050-001,瑞和村,261,715,375,340,111Y03M
10014,臺東縣,10014050,鹿野鄉,10014050-002,瑞豐村,396,945,504,441,111Y03M
10014,臺東縣,10014050,鹿野鄉,10014050-003,瑞源村,381,927,478,449,111Y03M
10014,臺東縣,10014050,鹿野鄉,10014050-004,永安村,634,1590,856,734,111Y03M
10014,臺東縣,10014050,鹿野鄉,10014050-005,瑞隆村,399,955,503,452,111Y03M
10014,臺東縣,10014050,鹿野鄉,10014050-006,鹿野村,469,1129,569,560,111Y03M
10014,臺東縣,10014050,鹿野鄉,10014050-007,龍田村,481,1172,635,537,111Y03M
10014,臺東縣,10014060,池上鄉,10014060-001,福文村,504,1243,656,587,111Y03M
10014,臺東縣,10014060,池上鄉,10014060-002,慶豐村,266,739,380,359,111Y03M
10014,臺東縣,10014060,池上鄉,10014060-003,大坡村,143,346,185,161,111Y03M
10014,臺東縣,10014060,池上鄉,10014060-004,大埔村,336,886,442,444,111Y03M
10014,臺東縣,10014060,池上鄉,10014060-005,福原村,865,2233,1069,1164,111Y03M
10014,臺東縣,10014060,池上鄉,10014060-006,錦園村,158,360,193,167,111Y03M
10014,臺東縣,10014060,池上鄉,10014060-007,新興村,383,937,512,425,111Y03M
10014,臺東縣,10014060,池上鄉,10014060-008,萬安村,143,347,179,168,111Y03M
10014,臺東縣,10014060,池上鄉,10014060-009,富興村,165,427,240,187,111Y03M
10014,臺東縣,10014060,池上鄉,10014060-010,振興村,194,479,257,222,111Y03M
10014,臺東縣,10014070,東河鄉,10014070-001,北源村,852,1654,1031,623,111Y03M
10014,臺東縣,10014070,東河鄉,10014070-002,泰源村,513,1246,659,587,111Y03M
10014,臺東縣,10014070,東河鄉,10014070-003,東河村,445,1051,571,480,111Y03M
10014,臺東縣,10014070,東河鄉,10014070-004,尚德村,124,267,151,116,111Y03M
10014,臺東縣,10014070,東河鄉,10014070-005,隆昌村,266,548,282,266,111Y03M
10014,臺東縣,10014070,東河鄉,10014070-006,興昌村,503,994,530,464,111Y03M
10014,臺東縣,10014070,東河鄉,10014070-007,都蘭村,995,2324,1212,1112,111Y03M
10014,臺東縣,10014080,長濱鄉,10014080-001,樟原村,287,618,345,273,111Y03M
10014,臺東縣,10014080,長濱鄉,10014080-002,三間村,535,1248,723,525,111Y03M
10014,臺東縣,10014080,長濱鄉,10014080-003,忠勇村,231,580,354,226,111Y03M
10014,臺東縣,10014080,長濱鄉,10014080-004,長濱村,878,2168,1160,1008,111Y03M
10014,臺東縣,10014080,長濱鄉,10014080-005,竹湖村,394,917,507,410,111Y03M
10014,臺東縣,10014080,長濱鄉,10014080-006,寧埔村,575,1238,721,517,111Y03M
10014,臺東縣,10014090,太麻里鄉,10014090-001,美和村,560,1442,762,680,111Y03M
10014,臺東縣,10014090,太麻里鄉,10014090-002,三和村,273,625,338,287,111Y03M
10014,臺東縣,10014090,太麻里鄉,10014090-003,華源村,329,636,346,290,111Y03M
10014,臺東縣,10014090,太麻里鄉,10014090-004,北里村,311,620,368,252,111Y03M
10014,臺東縣,10014090,太麻里鄉,10014090-005,泰和村,705,1532,782,750,111Y03M
10014,臺東縣,10014090,太麻里鄉,10014090-006,大王村,891,1987,1051,936,111Y03M
10014,臺東縣,10014090,太麻里鄉,10014090-007,香蘭村,389,896,483,413,111Y03M
10014,臺東縣,10014090,太麻里鄉,10014090-008,金崙村,866,1991,1035,956,111Y03M
10014,臺東縣,10014090,太麻里鄉,10014090-009,多良村,484,1052,540,512,111Y03M
10014,臺東縣,10014100,大武鄉,10014100-001,大竹村,377,840,451,389,111Y03M
10014,臺東縣,10014100,大武鄉,10014100-002,大鳥村,530,1258,680,578,111Y03M
10014,臺東縣,10014100,大武鄉,10014100-003,大武村,623,1455,747,708,111Y03M
10014,臺東縣,10014100,大武鄉,10014100-004,尚武村,663,1464,735,729,111Y03M
10014,臺東縣,10014100,大武鄉,10014100-005,南興村,283,615,316,299,111Y03M
10014,臺東縣,10014110,綠島鄉,10014110-001,公館村,345,1121,629,492,111Y03M
10014,臺東縣,10014110,綠島鄉,10014110-002,中寮村,346,1202,637,565,111Y03M
10014,臺東縣,10014110,綠島鄉,10014110-003,南寮村,514,1842,969,873,111Y03M
10014,臺東縣,10014120,海端鄉,10014120-001,廣原村,253,948,487,461,111Y03M
10014,臺東縣,10014120,海端鄉,10014120-002,霧鹿村,91,322,162,160,111Y03M
10014,臺東縣,10014120,海端鄉,10014120-003,利稻村,81,328,161,167,111Y03M
10014,臺東縣,10014120,海端鄉,10014120-004,海端村,302,1197,636,561,111Y03M
10014,臺東縣,10014120,海端鄉,10014120-005,崁頂村,206,770,425,345,111Y03M
10014,臺東縣,10014120,海端鄉,10014120-006,加拿村,159,627,345,282,111Y03M
10014,臺東縣,10014130,延平鄉,10014130-001,武陵村,233,743,394,349,111Y03M
10014,臺東縣,10014130,延平鄉,10014130-002,永康村,123,400,210,190,111Y03M
10014,臺東縣,10014130,延平鄉,10014130-003,紅葉村,149,503,274,229,111Y03M
10014,臺東縣,10014130,延平鄉,10014130-004,鸞山村,218,701,365,336,111Y03M
10014,臺東縣,10014130,延平鄉,10014130-005,桃源村,364,1265,664,601,111Y03M
10014,臺東縣,10014140,金峰鄉,10014140-001,新興村,205,662,332,330,111Y03M
10014,臺東縣,10014140,金峰鄉,10014140-002,正興村,226,717,348,369,111Y03M
10014,臺東縣,10014140,金峰鄉,10014140-003,嘉蘭村,495,1544,789,755,111Y03M
10014,臺東縣,10014140,金峰鄉,10014140-004,賓茂村,141,395,213,182,111Y03M
10014,臺東縣,10014140,金峰鄉,10014140-005,歷坵村,131,389,190,199,111Y03M
10014,臺東縣,10014150,達仁鄉,10014150-001,台坂村,281,700,373,327,111Y03M
10014,臺東縣,10014150,達仁鄉,10014150-002,土坂村,361,985,535,450,111Y03M
10014,臺東縣,10014150,達仁鄉,10014150-003,新化村,157,390,219,171,111Y03M
10014,臺東縣,10014150,達仁鄉,10014150-004,安朔村,311,631,346,285,111Y03M
10014,臺東縣,10014150,達仁鄉,10014150-005,森永村,196,407,223,184,111Y03M
10014,臺東縣,10014150,達仁鄉,10014150-006,南田村,139,340,174,166,111Y03M
10014,臺東縣,10014160,蘭嶼鄉,10014160-001,東清村,551,1606,795,811,111Y03M
10014,臺東縣,10014160,蘭嶼鄉,10014160-002,朗島村,341,943,458,485,111Y03M
10014,臺東縣,10014160,蘭嶼鄉,10014160-003,紅頭村,619,1498,763,735,111Y03M
10014,臺東縣,10014160,蘭嶼鄉,10014160-004,椰油村,444,1197,603,594,111Y03M
10014,臺東縣,10014010,臺東市,10014010-001,富岡里,1068,2584,1380,1204,111Y06M
10014,臺東縣,10014010,臺東市,10014010-003,岩灣里,1170,2423,1218,1205,111Y06M
10014,臺東縣,10014010,臺東市,10014010-004,南王里,1247,3184,1636,1548,111Y06M
10014,臺東縣,10014010,臺東市,10014010-005,卑南里,1321,3256,1582,1674,111Y06M
10014,臺東縣,10014010,臺東市,10014010-006,南榮里,1126,3073,1591,1482,111Y06M
10014,臺東縣,10014010,臺東市,10014010-007,新生里,1629,3912,1922,1990,111Y06M
10014,臺東縣,10014010,臺東市,10014010-008,民生里,1258,2946,1396,1550,111Y06M
10014,臺東縣,10014010,臺東市,10014010-009,寶桑里,651,1570,800,770,111Y06M
10014,臺東縣,10014010,臺東市,10014010-010,馬蘭里,1094,3240,1537,1703,111Y06M
10014,臺東縣,10014010,臺東市,10014010-011,中心里,1361,3898,1915,1983,111Y06M
10014,臺東縣,10014010,臺東市,10014010-012,自強里,1487,4312,2057,2255,111Y06M
10014,臺東縣,10014010,臺東市,10014010-013,民族里,1165,3505,1671,1834,111Y06M
10014,臺東縣,10014010,臺東市,10014010-015,中華里,1048,2582,1295,1287,111Y06M
10014,臺東縣,10014010,臺東市,10014010-017,建國里,843,2027,1042,985,111Y06M
10014,臺東縣,10014010,臺東市,10014010-020,中正里,1001,2262,1121,1141,111Y06M
10014,臺東縣,10014010,臺東市,10014010-022,成功里,912,2084,1043,1041,111Y06M
10014,臺東縣,10014010,臺東市,10014010-023,文化里,933,2253,1212,1041,111Y06M
10014,臺東縣,10014010,臺東市,10014010-024,中山里,899,2283,1103,1180,111Y06M
10014,臺東縣,10014010,臺東市,10014010-029,新園里,772,1828,958,870,111Y06M
10014,臺東縣,10014010,臺東市,10014010-030,豐田里,1063,2611,1271,1340,111Y06M
10014,臺東縣,10014010,臺東市,10014010-031,豐年里,1472,3587,1847,1740,111Y06M
10014,臺東縣,10014010,臺東市,10014010-032,光明里,1329,3273,1488,1785,111Y06M
10014,臺東縣,10014010,臺東市,10014010-033,豐樂里,709,2087,1070,1017,111Y06M
10014,臺東縣,10014010,臺東市,10014010-034,永樂里,1132,3285,1682,1603,111Y06M
10014,臺東縣,10014010,臺東市,10014010-035,康樂里,614,1565,837,728,111Y06M
10014,臺東縣,10014010,臺東市,10014010-036,東海里,977,2520,1185,1335,111Y06M
10014,臺東縣,10014010,臺東市,10014010-037,新興里,672,1592,801,791,111Y06M
10014,臺東縣,10014010,臺東市,10014010-038,豐榮里,1427,3504,1698,1806,111Y06M
10014,臺東縣,10014010,臺東市,10014010-039,豐谷里,1466,3977,2002,1975,111Y06M
10014,臺東縣,10014010,臺東市,10014010-040,豐里里,957,2645,1357,1288,111Y06M
10014,臺東縣,10014010,臺東市,10014010-041,豐原里,510,1426,766,660,111Y06M
10014,臺東縣,10014010,臺東市,10014010-042,建和里,600,1539,795,744,111Y06M
10014,臺東縣,10014010,臺東市,10014010-043,建興里,543,1345,659,686,111Y06M
10014,臺東縣,10014010,臺東市,10014010-045,知本里,1060,2624,1338,1286,111Y06M
10014,臺東縣,10014010,臺東市,10014010-046,建農里,898,2312,1192,1120,111Y06M
10014,臺東縣,10014010,臺東市,10014010-047,仁和里,1477,3476,1664,1812,111Y06M
10014,臺東縣,10014010,臺東市,10014010-048,豐安里,1244,2977,1399,1578,111Y06M
10014,臺東縣,10014010,臺東市,10014010-049,豐盛里,1501,3779,1840,1939,111Y06M
10014,臺東縣,10014020,成功鎮,10014020-001,博愛里,302,601,343,258,111Y06M
10014,臺東縣,10014020,成功鎮,10014020-002,忠孝里,459,997,496,501,111Y06M
10014,臺東縣,10014020,成功鎮,10014020-003,三仙里,617,1444,808,636,111Y06M
10014,臺東縣,10014020,成功鎮,10014020-004,三民里,1116,2946,1498,1448,111Y06M
10014,臺東縣,10014020,成功鎮,10014020-005,忠智里,769,2154,1086,1068,111Y06M
10014,臺東縣,10014020,成功鎮,10014020-006,忠仁里,912,2413,1252,1161,111Y06M
10014,臺東縣,10014020,成功鎮,10014020-007,和平里,362,789,439,350,111Y06M
10014,臺東縣,10014020,成功鎮,10014020-008,信義里,809,1921,1039,882,111Y06M
10014,臺東縣,10014030,關山鎮,10014030-001,德高里,711,1861,966,895,111Y06M
10014,臺東縣,10014030,關山鎮,10014030-002,豐泉里,487,1309,644,665,111Y06M
10014,臺東縣,10014030,關山鎮,10014030-003,新福里,392,1003,531,472,111Y06M
10014,臺東縣,10014030,關山鎮,10014030-004,中福里,336,872,434,438,111Y06M
10014,臺東縣,10014030,關山鎮,10014030-005,里壠里,729,1847,911,936,111Y06M
10014,臺東縣,10014030,關山鎮,10014030-006,電光里,223,580,328,252,111Y06M
10014,臺東縣,10014030,關山鎮,10014030-007,月眉里,312,748,415,333,111Y06M
10014,臺東縣,10014040,卑南鄉,10014040-001,嘉豐村,217,535,293,242,111Y06M
10014,臺東縣,10014040,卑南鄉,10014040-002,利吉村,209,486,257,229,111Y06M
10014,臺東縣,10014040,卑南鄉,10014040-003,富山村,244,512,275,237,111Y06M
10014,臺東縣,10014040,卑南鄉,10014040-004,富源村,160,342,194,148,111Y06M
10014,臺東縣,10014040,卑南鄉,10014040-005,明峰村,521,1253,681,572,111Y06M
10014,臺東縣,10014040,卑南鄉,10014040-006,初鹿村,527,1376,721,655,111Y06M
10014,臺東縣,10014040,卑南鄉,10014040-007,美農村,506,1136,626,510,111Y06M
10014,臺東縣,10014040,卑南鄉,10014040-008,賓朗村,960,2444,1265,1179,111Y06M
10014,臺東縣,10014040,卑南鄉,10014040-009,泰安村,530,1345,677,668,111Y06M
10014,臺東縣,10014040,卑南鄉,10014040-010,太平村,1458,3596,1817,1779,111Y06M
10014,臺東縣,10014040,卑南鄉,10014040-011,利嘉村,474,1273,655,618,111Y06M
10014,臺東縣,10014040,卑南鄉,10014040-012,東興村,503,1314,694,620,111Y06M
10014,臺東縣,10014040,卑南鄉,10014040-013,溫泉村,548,1176,627,549,111Y06M
10014,臺東縣,10014050,鹿野鄉,10014050-001,瑞和村,262,708,371,337,111Y06M
10014,臺東縣,10014050,鹿野鄉,10014050-002,瑞豐村,392,936,500,436,111Y06M
10014,臺東縣,10014050,鹿野鄉,10014050-003,瑞源村,380,922,475,447,111Y06M
10014,臺東縣,10014050,鹿野鄉,10014050-004,永安村,633,1577,852,725,111Y06M
10014,臺東縣,10014050,鹿野鄉,10014050-005,瑞隆村,396,947,496,451,111Y06M
10014,臺東縣,10014050,鹿野鄉,10014050-006,鹿野村,472,1121,566,555,111Y06M
10014,臺東縣,10014050,鹿野鄉,10014050-007,龍田村,478,1166,629,537,111Y06M
10014,臺東縣,10014060,池上鄉,10014060-001,福文村,506,1237,649,588,111Y06M
10014,臺東縣,10014060,池上鄉,10014060-002,慶豐村,265,752,389,363,111Y06M
10014,臺東縣,10014060,池上鄉,10014060-003,大坡村,141,350,186,164,111Y06M
10014,臺東縣,10014060,池上鄉,10014060-004,大埔村,334,884,445,439,111Y06M
10014,臺東縣,10014060,池上鄉,10014060-005,福原村,869,2230,1067,1163,111Y06M
10014,臺東縣,10014060,池上鄉,10014060-006,錦園村,158,361,196,165,111Y06M
10014,臺東縣,10014060,池上鄉,10014060-007,新興村,382,937,513,424,111Y06M
10014,臺東縣,10014060,池上鄉,10014060-008,萬安村,143,353,182,171,111Y06M
10014,臺東縣,10014060,池上鄉,10014060-009,富興村,166,425,239,186,111Y06M
10014,臺東縣,10014060,池上鄉,10014060-010,振興村,195,482,259,223,111Y06M
10014,臺東縣,10014070,東河鄉,10014070-001,北源村,845,1644,1026,618,111Y06M
10014,臺東縣,10014070,東河鄉,10014070-002,泰源村,512,1240,651,589,111Y06M
10014,臺東縣,10014070,東河鄉,10014070-003,東河村,452,1067,582,485,111Y06M
10014,臺東縣,10014070,東河鄉,10014070-004,尚德村,123,260,146,114,111Y06M
10014,臺東縣,10014070,東河鄉,10014070-005,隆昌村,264,534,278,256,111Y06M
10014,臺東縣,10014070,東河鄉,10014070-006,興昌村,500,1015,525,490,111Y06M
10014,臺東縣,10014070,東河鄉,10014070-007,都蘭村,989,2324,1214,1110,111Y06M
10014,臺東縣,10014080,長濱鄉,10014080-001,樟原村,284,611,340,271,111Y06M
10014,臺東縣,10014080,長濱鄉,10014080-002,三間村,532,1237,720,517,111Y06M
10014,臺東縣,10014080,長濱鄉,10014080-003,忠勇村,232,584,356,228,111Y06M
10014,臺東縣,10014080,長濱鄉,10014080-004,長濱村,883,2175,1161,1014,111Y06M
10014,臺東縣,10014080,長濱鄉,10014080-005,竹湖村,394,924,508,416,111Y06M
10014,臺東縣,10014080,長濱鄉,10014080-006,寧埔村,570,1234,719,515,111Y06M
10014,臺東縣,10014090,太麻里鄉,10014090-001,美和村,558,1442,767,675,111Y06M
10014,臺東縣,10014090,太麻里鄉,10014090-002,三和村,270,620,336,284,111Y06M
10014,臺東縣,10014090,太麻里鄉,10014090-003,華源村,329,638,348,290,111Y06M
10014,臺東縣,10014090,太麻里鄉,10014090-004,北里村,313,628,370,258,111Y06M
10014,臺東縣,10014090,太麻里鄉,10014090-005,泰和村,709,1524,777,747,111Y06M
10014,臺東縣,10014090,太麻里鄉,10014090-006,大王村,892,2000,1065,935,111Y06M
10014,臺東縣,10014090,太麻里鄉,10014090-007,香蘭村,390,904,486,418,111Y06M
10014,臺東縣,10014090,太麻里鄉,10014090-008,金崙村,875,2004,1039,965,111Y06M
10014,臺東縣,10014090,太麻里鄉,10014090-009,多良村,483,1032,526,506,111Y06M
10014,臺東縣,10014100,大武鄉,10014100-001,大竹村,381,850,456,394,111Y06M
10014,臺東縣,10014100,大武鄉,10014100-002,大鳥村,532,1272,691,581,111Y06M
10014,臺東縣,10014100,大武鄉,10014100-003,大武村,622,1465,746,719,111Y06M
10014,臺東縣,10014100,大武鄉,10014100-004,尚武村,666,1470,735,735,111Y06M
10014,臺東縣,10014100,大武鄉,10014100-005,南興村,279,608,316,292,111Y06M
10014,臺東縣,10014110,綠島鄉,10014110-001,公館村,345,1144,640,504,111Y06M
10014,臺東縣,10014110,綠島鄉,10014110-002,中寮村,351,1214,638,576,111Y06M
10014,臺東縣,10014110,綠島鄉,10014110-003,南寮村,514,1882,997,885,111Y06M
10014,臺東縣,10014120,海端鄉,10014120-001,廣原村,253,953,487,466,111Y06M
10014,臺東縣,10014120,海端鄉,10014120-002,霧鹿村,91,320,162,158,111Y06M
10014,臺東縣,10014120,海端鄉,10014120-003,利稻村,81,330,161,169,111Y06M
10014,臺東縣,10014120,海端鄉,10014120-004,海端村,305,1193,633,560,111Y06M
10014,臺東縣,10014120,海端鄉,10014120-005,崁頂村,204,769,425,344,111Y06M
10014,臺東縣,10014120,海端鄉,10014120-006,加拿村,159,617,339,278,111Y06M
10014,臺東縣,10014130,延平鄉,10014130-001,武陵村,231,751,398,353,111Y06M
10014,臺東縣,10014130,延平鄉,10014130-002,永康村,123,405,210,195,111Y06M
10014,臺東縣,10014130,延平鄉,10014130-003,紅葉村,148,504,272,232,111Y06M
10014,臺東縣,10014130,延平鄉,10014130-004,鸞山村,215,702,365,337,111Y06M
10014,臺東縣,10014130,延平鄉,10014130-005,桃源村,366,1275,669,606,111Y06M
10014,臺東縣,10014140,金峰鄉,10014140-001,新興村,207,668,333,335,111Y06M
10014,臺東縣,10014140,金峰鄉,10014140-002,正興村,226,726,349,377,111Y06M
10014,臺東縣,10014140,金峰鄉,10014140-003,嘉蘭村,495,1549,792,757,111Y06M
10014,臺東縣,10014140,金峰鄉,10014140-004,賓茂村,140,389,210,179,111Y06M
10014,臺東縣,10014140,金峰鄉,10014140-005,歷坵村,130,386,188,198,111Y06M
10014,臺東縣,10014150,達仁鄉,10014150-001,台坂村,282,702,378,324,111Y06M
10014,臺東縣,10014150,達仁鄉,10014150-002,土坂村,363,978,534,444,111Y06M
10014,臺東縣,10014150,達仁鄉,10014150-003,新化村,158,398,222,176,111Y06M
10014,臺東縣,10014150,達仁鄉,10014150-004,安朔村,314,637,345,292,111Y06M
10014,臺東縣,10014150,達仁鄉,10014150-005,森永村,195,409,221,188,111Y06M
10014,臺東縣,10014150,達仁鄉,10014150-006,南田村,138,344,175,169,111Y06M
10014,臺東縣,10014160,蘭嶼鄉,10014160-001,東清村,552,1608,790,818,111Y06M
10014,臺東縣,10014160,蘭嶼鄉,10014160-002,朗島村,343,937,457,480,111Y06M
10014,臺東縣,10014160,蘭嶼鄉,10014160-003,紅頭村,619,1505,773,732,111Y06M
10014,臺東縣,10014160,蘭嶼鄉,10014160-004,椰油村,444,1196,601,595,111Y06M
10014,臺東縣,10014010,臺東市,10014010-001,富岡里,1068,2555,1361,1194,111Y09M
10014,臺東縣,10014010,臺東市,10014010-003,岩灣里,1175,2439,1216,1223,111Y09M
10014,臺東縣,10014010,臺東市,10014010-004,南王里,1252,3181,1632,1549,111Y09M
10014,臺東縣,10014010,臺東市,10014010-005,卑南里,1326,3252,1585,1667,111Y09M
10014,臺東縣,10014010,臺東市,10014010-006,南榮里,1133,3081,1593,1488,111Y09M
10014,臺東縣,10014010,臺東市,10014010-007,新生里,1633,3911,1912,1999,111Y09M
10014,臺東縣,10014010,臺東市,10014010-008,民生里,1259,2939,1383,1556,111Y09M
10014,臺東縣,10014010,臺東市,10014010-009,寶桑里,651,1559,798,761,111Y09M
10014,臺東縣,10014010,臺東市,10014010-010,馬蘭里,1096,3232,1526,1706,111Y09M
10014,臺東縣,10014010,臺東市,10014010-011,中心里,1357,3862,1900,1962,111Y09M
10014,臺東縣,10014010,臺東市,10014010-012,自強里,1483,4330,2081,2249,111Y09M
10014,臺東縣,10014010,臺東市,10014010-013,民族里,1162,3466,1653,1813,111Y09M
10014,臺東縣,10014010,臺東市,10014010-015,中華里,1046,2587,1289,1298,111Y09M
10014,臺東縣,10014010,臺東市,10014010-017,建國里,838,2020,1037,983,111Y09M
10014,臺東縣,10014010,臺東市,10014010-020,中正里,1002,2262,1119,1143,111Y09M
10014,臺東縣,10014010,臺東市,10014010-022,成功里,917,2099,1040,1059,111Y09M
10014,臺東縣,10014010,臺東市,10014010-023,文化里,928,2254,1220,1034,111Y09M
10014,臺東縣,10014010,臺東市,10014010-024,中山里,890,2244,1077,1167,111Y09M
10014,臺東縣,10014010,臺東市,10014010-029,新園里,775,1836,962,874,111Y09M
10014,臺東縣,10014010,臺東市,10014010-030,豐田里,1065,2596,1254,1342,111Y09M
10014,臺東縣,10014010,臺東市,10014010-031,豐年里,1464,3558,1837,1721,111Y09M
10014,臺東縣,10014010,臺東市,10014010-032,光明里,1319,3240,1466,1774,111Y09M
10014,臺東縣,10014010,臺東市,10014010-033,豐樂里,706,2074,1064,1010,111Y09M
10014,臺東縣,10014010,臺東市,10014010-034,永樂里,1134,3274,1675,1599,111Y09M
10014,臺東縣,10014010,臺東市,10014010-035,康樂里,619,1579,833,746,111Y09M
10014,臺東縣,10014010,臺東市,10014010-036,東海里,976,2520,1188,1332,111Y09M
10014,臺東縣,10014010,臺東市,10014010-037,新興里,663,1566,783,783,111Y09M
10014,臺東縣,10014010,臺東市,10014010-038,豐榮里,1426,3501,1700,1801,111Y09M
10014,臺東縣,10014010,臺東市,10014010-039,豐谷里,1469,3954,1990,1964,111Y09M
10014,臺東縣,10014010,臺東市,10014010-040,豐里里,948,2630,1350,1280,111Y09M
10014,臺東縣,10014010,臺東市,10014010-041,豐原里,507,1404,759,645,111Y09M
10014,臺東縣,10014010,臺東市,10014010-042,建和里,603,1535,791,744,111Y09M
10014,臺東縣,10014010,臺東市,10014010-043,建興里,544,1358,661,697,111Y09M
10014,臺東縣,10014010,臺東市,10014010-045,知本里,1072,2629,1339,1290,111Y09M
10014,臺東縣,10014010,臺東市,10014010-046,建農里,900,2301,1187,1114,111Y09M
10014,臺東縣,10014010,臺東市,10014010-047,仁和里,1481,3477,1669,1808,111Y09M
10014,臺東縣,10014010,臺東市,10014010-048,豐安里,1334,3114,1461,1653,111Y09M
10014,臺東縣,10014010,臺東市,10014010-049,豐盛里,1514,3788,1841,1947,111Y09M
10014,臺東縣,10014020,成功鎮,10014020-001,博愛里,303,605,346,259,111Y09M
10014,臺東縣,10014020,成功鎮,10014020-002,忠孝里,457,992,496,496,111Y09M
10014,臺東縣,10014020,成功鎮,10014020-003,三仙里,616,1438,800,638,111Y09M
10014,臺東縣,10014020,成功鎮,10014020-004,三民里,1109,2946,1501,1445,111Y09M
10014,臺東縣,10014020,成功鎮,10014020-005,忠智里,773,2173,1102,1071,111Y09M
10014,臺東縣,10014020,成功鎮,10014020-006,忠仁里,915,2403,1244,1159,111Y09M
10014,臺東縣,10014020,成功鎮,10014020-007,和平里,356,761,422,339,111Y09M
10014,臺東縣,10014020,成功鎮,10014020-008,信義里,810,1915,1035,880,111Y09M
10014,臺東縣,10014030,關山鎮,10014030-001,德高里,714,1851,963,888,111Y09M
10014,臺東縣,10014030,關山鎮,10014030-002,豐泉里,492,1301,638,663,111Y09M
10014,臺東縣,10014030,關山鎮,10014030-003,新福里,399,1000,529,471,111Y09M
10014,臺東縣,10014030,關山鎮,10014030-004,中福里,333,866,434,432,111Y09M
10014,臺東縣,10014030,關山鎮,10014030-005,里壠里,734,1852,912,940,111Y09M
10014,臺東縣,10014030,關山鎮,10014030-006,電光里,222,578,326,252,111Y09M
10014,臺東縣,10014030,關山鎮,10014030-007,月眉里,316,742,410,332,111Y09M
10014,臺東縣,10014040,卑南鄉,10014040-001,嘉豐村,218,542,297,245,111Y09M
10014,臺東縣,10014040,卑南鄉,10014040-002,利吉村,209,487,261,226,111Y09M
10014,臺東縣,10014040,卑南鄉,10014040-003,富山村,242,511,273,238,111Y09M
10014,臺東縣,10014040,卑南鄉,10014040-004,富源村,160,342,195,147,111Y09M
10014,臺東縣,10014040,卑南鄉,10014040-005,明峰村,520,1248,676,572,111Y09M
10014,臺東縣,10014040,卑南鄉,10014040-006,初鹿村,525,1379,718,661,111Y09M
10014,臺東縣,10014040,卑南鄉,10014040-007,美農村,506,1129,624,505,111Y09M
10014,臺東縣,10014040,卑南鄉,10014040-008,賓朗村,967,2447,1268,1179,111Y09M
10014,臺東縣,10014040,卑南鄉,10014040-009,泰安村,536,1357,681,676,111Y09M
10014,臺東縣,10014040,卑南鄉,10014040-010,太平村,1464,3642,1835,1807,111Y09M
10014,臺東縣,10014040,卑南鄉,10014040-011,利嘉村,484,1282,657,625,111Y09M
10014,臺東縣,10014040,卑南鄉,10014040-012,東興村,508,1327,704,623,111Y09M
10014,臺東縣,10014040,卑南鄉,10014040-013,溫泉村,560,1184,637,547,111Y09M
10014,臺東縣,10014050,鹿野鄉,10014050-001,瑞和村,257,700,361,339,111Y09M
10014,臺東縣,10014050,鹿野鄉,10014050-002,瑞豐村,387,935,496,439,111Y09M
10014,臺東縣,10014050,鹿野鄉,10014050-003,瑞源村,381,924,470,454,111Y09M
10014,臺東縣,10014050,鹿野鄉,10014050-004,永安村,632,1560,841,719,111Y09M
10014,臺東縣,10014050,鹿野鄉,10014050-005,瑞隆村,397,941,493,448,111Y09M
10014,臺東縣,10014050,鹿野鄉,10014050-006,鹿野村,469,1118,562,556,111Y09M
10014,臺東縣,10014050,鹿野鄉,10014050-007,龍田村,476,1152,625,527,111Y09M
10014,臺東縣,10014060,池上鄉,10014060-001,福文村,504,1228,648,580,111Y09M
10014,臺東縣,10014060,池上鄉,10014060-002,慶豐村,265,753,392,361,111Y09M
10014,臺東縣,10014060,池上鄉,10014060-003,大坡村,144,354,186,168,111Y09M
10014,臺東縣,10014060,池上鄉,10014060-004,大埔村,337,885,443,442,111Y09M
10014,臺東縣,10014060,池上鄉,10014060-005,福原村,867,2221,1061,1160,111Y09M
10014,臺東縣,10014060,池上鄉,10014060-006,錦園村,156,361,195,166,111Y09M
10014,臺東縣,10014060,池上鄉,10014060-007,新興村,382,935,510,425,111Y09M
10014,臺東縣,10014060,池上鄉,10014060-008,萬安村,144,355,182,173,111Y09M
10014,臺東縣,10014060,池上鄉,10014060-009,富興村,163,417,233,184,111Y09M
10014,臺東縣,10014060,池上鄉,10014060-010,振興村,197,489,263,226,111Y09M
10014,臺東縣,10014070,東河鄉,10014070-001,北源村,847,1640,1024,616,111Y09M
10014,臺東縣,10014070,東河鄉,10014070-002,泰源村,513,1252,657,595,111Y09M
10014,臺東縣,10014070,東河鄉,10014070-003,東河村,448,1069,581,488,111Y09M
10014,臺東縣,10014070,東河鄉,10014070-004,尚德村,124,260,146,114,111Y09M
10014,臺東縣,10014070,東河鄉,10014070-005,隆昌村,264,539,281,258,111Y09M
10014,臺東縣,10014070,東河鄉,10014070-006,興昌村,498,1017,526,491,111Y09M
10014,臺東縣,10014070,東河鄉,10014070-007,都蘭村,989,2321,1214,1107,111Y09M
10014,臺東縣,10014080,長濱鄉,10014080-001,樟原村,285,613,342,271,111Y09M
10014,臺東縣,10014080,長濱鄉,10014080-002,三間村,533,1242,718,524,111Y09M
10014,臺東縣,10014080,長濱鄉,10014080-003,忠勇村,232,575,352,223,111Y09M
10014,臺東縣,10014080,長濱鄉,10014080-004,長濱村,885,2162,1153,1009,111Y09M
10014,臺東縣,10014080,長濱鄉,10014080-005,竹湖村,394,928,513,415,111Y09M
10014,臺東縣,10014080,長濱鄉,10014080-006,寧埔村,571,1246,724,522,111Y09M
10014,臺東縣,10014090,太麻里鄉,10014090-001,美和村,557,1436,771,665,111Y09M
10014,臺東縣,10014090,太麻里鄉,10014090-002,三和村,270,618,336,282,111Y09M
10014,臺東縣,10014090,太麻里鄉,10014090-003,華源村,327,634,347,287,111Y09M
10014,臺東縣,10014090,太麻里鄉,10014090-004,北里村,312,622,365,257,111Y09M
10014,臺東縣,10014090,太麻里鄉,10014090-005,泰和村,717,1529,780,749,111Y09M
10014,臺東縣,10014090,太麻里鄉,10014090-006,大王村,897,1998,1070,928,111Y09M
10014,臺東縣,10014090,太麻里鄉,10014090-007,香蘭村,385,893,478,415,111Y09M
10014,臺東縣,10014090,太麻里鄉,10014090-008,金崙村,877,1996,1034,962,111Y09M
10014,臺東縣,10014090,太麻里鄉,10014090-009,多良村,485,1036,530,506,111Y09M
10014,臺東縣,10014100,大武鄉,10014100-001,大竹村,382,858,461,397,111Y09M
10014,臺東縣,10014100,大武鄉,10014100-002,大鳥村,532,1269,685,584,111Y09M
10014,臺東縣,10014100,大武鄉,10014100-003,大武村,619,1456,743,713,111Y09M
10014,臺東縣,10014100,大武鄉,10014100-004,尚武村,664,1459,734,725,111Y09M
10014,臺東縣,10014100,大武鄉,10014100-005,南興村,281,611,317,294,111Y09M
10014,臺東縣,10014110,綠島鄉,10014110-001,公館村,350,1161,646,515,111Y09M
10014,臺東縣,10014110,綠島鄉,10014110-002,中寮村,357,1216,635,581,111Y09M
10014,臺東縣,10014110,綠島鄉,10014110-003,南寮村,515,1906,1018,888,111Y09M
10014,臺東縣,10014120,海端鄉,10014120-001,廣原村,252,957,490,467,111Y09M
10014,臺東縣,10014120,海端鄉,10014120-002,霧鹿村,93,324,165,159,111Y09M
10014,臺東縣,10014120,海端鄉,10014120-003,利稻村,82,339,165,174,111Y09M
10014,臺東縣,10014120,海端鄉,10014120-004,海端村,305,1179,621,558,111Y09M
10014,臺東縣,10014120,海端鄉,10014120-005,崁頂村,205,781,433,348,111Y09M
10014,臺東縣,10014120,海端鄉,10014120-006,加拿村,160,614,339,275,111Y09M
10014,臺東縣,10014130,延平鄉,10014130-001,武陵村,229,745,394,351,111Y09M
10014,臺東縣,10014130,延平鄉,10014130-002,永康村,123,407,212,195,111Y09M
10014,臺東縣,10014130,延平鄉,10014130-003,紅葉村,148,504,269,235,111Y09M
10014,臺東縣,10014130,延平鄉,10014130-004,鸞山村,215,705,371,334,111Y09M
10014,臺東縣,10014130,延平鄉,10014130-005,桃源村,369,1277,670,607,111Y09M
10014,臺東縣,10014140,金峰鄉,10014140-001,新興村,209,672,335,337,111Y09M
10014,臺東縣,10014140,金峰鄉,10014140-002,正興村,227,728,352,376,111Y09M
10014,臺東縣,10014140,金峰鄉,10014140-003,嘉蘭村,499,1553,789,764,111Y09M
10014,臺東縣,10014140,金峰鄉,10014140-004,賓茂村,140,384,205,179,111Y09M
10014,臺東縣,10014140,金峰鄉,10014140-005,歷坵村,130,392,192,200,111Y09M
10014,臺東縣,10014150,達仁鄉,10014150-001,台坂村,282,707,382,325,111Y09M
10014,臺東縣,10014150,達仁鄉,10014150-002,土坂村,364,991,545,446,111Y09M
10014,臺東縣,10014150,達仁鄉,10014150-003,新化村,161,406,226,180,111Y09M
10014,臺東縣,10014150,達仁鄉,10014150-004,安朔村,313,639,347,292,111Y09M
10014,臺東縣,10014150,達仁鄉,10014150-005,森永村,193,416,223,193,111Y09M
10014,臺東縣,10014150,達仁鄉,10014150-006,南田村,139,344,172,172,111Y09M
10014,臺東縣,10014160,蘭嶼鄉,10014160-001,東清村,562,1617,796,821,111Y09M
10014,臺東縣,10014160,蘭嶼鄉,10014160-002,朗島村,339,939,458,481,111Y09M
10014,臺東縣,10014160,蘭嶼鄉,10014160-003,紅頭村,623,1519,780,739,111Y09M
10014,臺東縣,10014160,蘭嶼鄉,10014160-004,椰油村,443,1185,591,594,111Y09M
10014,臺東縣,10014010,臺東市,10014010-001,富岡里,1063,2540,1353,1187,111Y12M
10014,臺東縣,10014010,臺東市,10014010-003,岩灣里,1179,2436,1215,1221,111Y12M
10014,臺東縣,10014010,臺東市,10014010-004,南王里,1246,3196,1634,1562,111Y12M
10014,臺東縣,10014010,臺東市,10014010-005,卑南里,1322,3247,1580,1667,111Y12M
10014,臺東縣,10014010,臺東市,10014010-006,南榮里,1132,3080,1593,1487,111Y12M
10014,臺東縣,10014010,臺東市,10014010-007,新生里,1630,3908,1913,1995,111Y12M
10014,臺東縣,10014010,臺東市,10014010-008,民生里,1266,2949,1382,1567,111Y12M
10014,臺東縣,10014010,臺東市,10014010-009,寶桑里,650,1569,807,762,111Y12M
10014,臺東縣,10014010,臺東市,10014010-010,馬蘭里,1093,3223,1525,1698,111Y12M
10014,臺東縣,10014010,臺東市,10014010-011,中心里,1355,3865,1900,1965,111Y12M
10014,臺東縣,10014010,臺東市,10014010-012,自強里,1482,4335,2091,2244,111Y12M
10014,臺東縣,10014010,臺東市,10014010-013,民族里,1163,3463,1649,1814,111Y12M
10014,臺東縣,10014010,臺東市,10014010-015,中華里,1041,2565,1280,1285,111Y12M
10014,臺東縣,10014010,臺東市,10014010-017,建國里,835,2008,1025,983,111Y12M
10014,臺東縣,10014010,臺東市,10014010-020,中正里,1001,2257,1114,1143,111Y12M
10014,臺東縣,10014010,臺東市,10014010-022,成功里,918,2088,1030,1058,111Y12M
10014,臺東縣,10014010,臺東市,10014010-023,文化里,929,2281,1241,1040,111Y12M
10014,臺東縣,10014010,臺東市,10014010-024,中山里,883,2227,1067,1160,111Y12M
10014,臺東縣,10014010,臺東市,10014010-029,新園里,779,1851,972,879,111Y12M
10014,臺東縣,10014010,臺東市,10014010-030,豐田里,1072,2597,1254,1343,111Y12M
10014,臺東縣,10014010,臺東市,10014010-031,豐年里,1472,3573,1846,1727,111Y12M
10014,臺東縣,10014010,臺東市,10014010-032,光明里,1329,3250,1465,1785,111Y12M
10014,臺東縣,10014010,臺東市,10014010-033,豐樂里,710,2081,1067,1014,111Y12M
10014,臺東縣,10014010,臺東市,10014010-034,永樂里,1135,3286,1679,1607,111Y12M
10014,臺東縣,10014010,臺東市,10014010-035,康樂里,621,1589,832,757,111Y12M
10014,臺東縣,10014010,臺東市,10014010-036,東海里,973,2523,1191,1332,111Y12M
10014,臺東縣,10014010,臺東市,10014010-037,新興里,672,1571,783,788,111Y12M
10014,臺東縣,10014010,臺東市,10014010-038,豐榮里,1429,3495,1698,1797,111Y12M
10014,臺東縣,10014010,臺東市,10014010-039,豐谷里,1471,3956,1993,1963,111Y12M
10014,臺東縣,10014010,臺東市,10014010-040,豐里里,949,2613,1339,1274,111Y12M
10014,臺東縣,10014010,臺東市,10014010-041,豐原里,509,1414,763,651,111Y12M
10014,臺東縣,10014010,臺東市,10014010-042,建和里,602,1545,795,750,111Y12M
10014,臺東縣,10014010,臺東市,10014010-043,建興里,549,1370,669,701,111Y12M
10014,臺東縣,10014010,臺東市,10014010-045,知本里,1064,2596,1327,1269,111Y12M
10014,臺東縣,10014010,臺東市,10014010-046,建農里,902,2313,1187,1126,111Y12M
10014,臺東縣,10014010,臺東市,10014010-047,仁和里,1480,3467,1658,1809,111Y12M
10014,臺東縣,10014010,臺東市,10014010-048,豐安里,1345,3128,1466,1662,111Y12M
10014,臺東縣,10014010,臺東市,10014010-049,豐盛里,1515,3797,1844,1953,111Y12M
10014,臺東縣,10014020,成功鎮,10014020-001,博愛里,305,608,344,264,111Y12M
10014,臺東縣,10014020,成功鎮,10014020-002,忠孝里,461,993,495,498,111Y12M
10014,臺東縣,10014020,成功鎮,10014020-003,三仙里,620,1439,796,643,111Y12M
10014,臺東縣,10014020,成功鎮,10014020-004,三民里,1110,2938,1504,1434,111Y12M
10014,臺東縣,10014020,成功鎮,10014020-005,忠智里,779,2172,1103,1069,111Y12M
10014,臺東縣,10014020,成功鎮,10014020-006,忠仁里,913,2393,1240,1153,111Y12M
10014,臺東縣,10014020,成功鎮,10014020-007,和平里,357,758,424,334,111Y12M
10014,臺東縣,10014020,成功鎮,10014020-008,信義里,813,1911,1040,871,111Y12M
10014,臺東縣,10014030,關山鎮,10014030-001,德高里,714,1843,958,885,111Y12M
10014,臺東縣,10014030,關山鎮,10014030-002,豐泉里,492,1300,637,663,111Y12M
10014,臺東縣,10014030,關山鎮,10014030-003,新福里,397,1001,533,468,111Y12M
10014,臺東縣,10014030,關山鎮,10014030-004,中福里,335,870,432,438,111Y12M
10014,臺東縣,10014030,關山鎮,10014030-005,里壠里,730,1831,898,933,111Y12M
10014,臺東縣,10014030,關山鎮,10014030-006,電光里,223,581,325,256,111Y12M
10014,臺東縣,10014030,關山鎮,10014030-007,月眉里,313,739,407,332,111Y12M
10014,臺東縣,10014040,卑南鄉,10014040-001,嘉豐村,219,537,294,243,111Y12M
10014,臺東縣,10014040,卑南鄉,10014040-002,利吉村,211,490,264,226,111Y12M
10014,臺東縣,10014040,卑南鄉,10014040-003,富山村,241,516,273,243,111Y12M
10014,臺東縣,10014040,卑南鄉,10014040-004,富源村,160,337,192,145,111Y12M
10014,臺東縣,10014040,卑南鄉,10014040-005,明峰村,519,1246,672,574,111Y12M
10014,臺東縣,10014040,卑南鄉,10014040-006,初鹿村,522,1372,716,656,111Y12M
10014,臺東縣,10014040,卑南鄉,10014040-007,美農村,506,1129,621,508,111Y12M
10014,臺東縣,10014040,卑南鄉,10014040-008,賓朗村,961,2438,1265,1173,111Y12M
10014,臺東縣,10014040,卑南鄉,10014040-009,泰安村,530,1355,676,679,111Y12M
10014,臺東縣,10014040,卑南鄉,10014040-010,太平村,1464,3644,1845,1799,111Y12M
10014,臺東縣,10014040,卑南鄉,10014040-011,利嘉村,491,1279,656,623,111Y12M
10014,臺東縣,10014040,卑南鄉,10014040-012,東興村,506,1320,699,621,111Y12M
10014,臺東縣,10014040,卑南鄉,10014040-013,溫泉村,565,1183,635,548,111Y12M
10014,臺東縣,10014050,鹿野鄉,10014050-001,瑞和村,254,697,359,338,111Y12M
10014,臺東縣,10014050,鹿野鄉,10014050-002,瑞豐村,381,928,493,435,111Y12M
10014,臺東縣,10014050,鹿野鄉,10014050-003,瑞源村,382,924,471,453,111Y12M
10014,臺東縣,10014050,鹿野鄉,10014050-004,永安村,634,1557,841,716,111Y12M
10014,臺東縣,10014050,鹿野鄉,10014050-005,瑞隆村,395,936,489,447,111Y12M
10014,臺東縣,10014050,鹿野鄉,10014050-006,鹿野村,470,1121,561,560,111Y12M
10014,臺東縣,10014050,鹿野鄉,10014050-007,龍田村,475,1151,625,526,111Y12M
10014,臺東縣,10014060,池上鄉,10014060-001,福文村,503,1227,646,581,111Y12M
10014,臺東縣,10014060,池上鄉,10014060-002,慶豐村,266,757,392,365,111Y12M
10014,臺東縣,10014060,池上鄉,10014060-003,大坡村,143,353,186,167,111Y12M
10014,臺東縣,10014060,池上鄉,10014060-004,大埔村,337,883,442,441,111Y12M
10014,臺東縣,10014060,池上鄉,10014060-005,福原村,866,2216,1054,1162,111Y12M
10014,臺東縣,10014060,池上鄉,10014060-006,錦園村,156,355,192,163,111Y12M
10014,臺東縣,10014060,池上鄉,10014060-007,新興村,383,943,513,430,111Y12M
10014,臺東縣,10014060,池上鄉,10014060-008,萬安村,143,354,181,173,111Y12M
10014,臺東縣,10014060,池上鄉,10014060-009,富興村,162,416,229,187,111Y12M
10014,臺東縣,10014060,池上鄉,10014060-010,振興村,197,491,264,227,111Y12M
10014,臺東縣,10014070,東河鄉,10014070-001,北源村,829,1610,996,614,111Y12M
10014,臺東縣,10014070,東河鄉,10014070-002,泰源村,512,1250,653,597,111Y12M
10014,臺東縣,10014070,東河鄉,10014070-003,東河村,449,1073,583,490,111Y12M
10014,臺東縣,10014070,東河鄉,10014070-004,尚德村,125,258,143,115,111Y12M
10014,臺東縣,10014070,東河鄉,10014070-005,隆昌村,265,547,284,263,111Y12M
10014,臺東縣,10014070,東河鄉,10014070-006,興昌村,498,1013,527,486,111Y12M
10014,臺東縣,10014070,東河鄉,10014070-007,都蘭村,981,2309,1206,1103,111Y12M
10014,臺東縣,10014080,長濱鄉,10014080-001,樟原村,282,610,341,269,111Y12M
10014,臺東縣,10014080,長濱鄉,10014080-002,三間村,531,1241,722,519,111Y12M
10014,臺東縣,10014080,長濱鄉,10014080-003,忠勇村,232,573,347,226,111Y12M
10014,臺東縣,10014080,長濱鄉,10014080-004,長濱村,875,2141,1141,1000,111Y12M
10014,臺東縣,10014080,長濱鄉,10014080-005,竹湖村,393,922,510,412,111Y12M
10014,臺東縣,10014080,長濱鄉,10014080-006,寧埔村,571,1246,721,525,111Y12M
10014,臺東縣,10014090,太麻里鄉,10014090-001,美和村,557,1433,771,662,111Y12M
10014,臺東縣,10014090,太麻里鄉,10014090-002,三和村,272,622,336,286,111Y12M
10014,臺東縣,10014090,太麻里鄉,10014090-003,華源村,331,634,346,288,111Y12M
10014,臺東縣,10014090,太麻里鄉,10014090-004,北里村,313,622,366,256,111Y12M
10014,臺東縣,10014090,太麻里鄉,10014090-005,泰和村,717,1518,772,746,111Y12M
10014,臺東縣,10014090,太麻里鄉,10014090-006,大王村,904,2004,1074,930,111Y12M
10014,臺東縣,10014090,太麻里鄉,10014090-007,香蘭村,384,890,477,413,111Y12M
10014,臺東縣,10014090,太麻里鄉,10014090-008,金崙村,873,1987,1024,963,111Y12M
10014,臺東縣,10014090,太麻里鄉,10014090-009,多良村,485,1034,529,505,111Y12M
10014,臺東縣,10014100,大武鄉,10014100-001,大竹村,380,856,461,395,111Y12M
10014,臺東縣,10014100,大武鄉,10014100-002,大鳥村,530,1265,683,582,111Y12M
10014,臺東縣,10014100,大武鄉,10014100-003,大武村,623,1454,741,713,111Y12M
10014,臺東縣,10014100,大武鄉,10014100-004,尚武村,664,1447,726,721,111Y12M
10014,臺東縣,10014100,大武鄉,10014100-005,南興村,282,613,319,294,111Y12M
10014,臺東縣,10014110,綠島鄉,10014110-001,公館村,351,1152,639,513,111Y12M
10014,臺東縣,10014110,綠島鄉,10014110-002,中寮村,362,1217,639,578,111Y12M
10014,臺東縣,10014110,綠島鄉,10014110-003,南寮村,517,1916,1023,893,111Y12M
10014,臺東縣,10014120,海端鄉,10014120-001,廣原村,251,959,490,469,111Y12M
10014,臺東縣,10014120,海端鄉,10014120-002,霧鹿村,92,325,165,160,111Y12M
10014,臺東縣,10014120,海端鄉,10014120-003,利稻村,83,348,172,176,111Y12M
10014,臺東縣,10014120,海端鄉,10014120-004,海端村,307,1181,624,557,111Y12M
10014,臺東縣,10014120,海端鄉,10014120-005,崁頂村,204,796,441,355,111Y12M
10014,臺東縣,10014120,海端鄉,10014120-006,加拿村,159,613,337,276,111Y12M
10014,臺東縣,10014130,延平鄉,10014130-001,武陵村,230,742,393,349,111Y12M
10014,臺東縣,10014130,延平鄉,10014130-002,永康村,123,403,210,193,111Y12M
10014,臺東縣,10014130,延平鄉,10014130-003,紅葉村,149,495,264,231,111Y12M
10014,臺東縣,10014130,延平鄉,10014130-004,鸞山村,215,708,372,336,111Y12M
10014,臺東縣,10014130,延平鄉,10014130-005,桃源村,369,1282,669,613,111Y12M
10014,臺東縣,10014140,金峰鄉,10014140-001,新興村,210,670,337,333,111Y12M
10014,臺東縣,10014140,金峰鄉,10014140-002,正興村,227,725,346,379,111Y12M
10014,臺東縣,10014140,金峰鄉,10014140-003,嘉蘭村,500,1548,785,763,111Y12M
10014,臺東縣,10014140,金峰鄉,10014140-004,賓茂村,141,383,204,179,111Y12M
10014,臺東縣,10014140,金峰鄉,10014140-005,歷坵村,130,387,189,198,111Y12M
10014,臺東縣,10014150,達仁鄉,10014150-001,台坂村,284,703,381,322,111Y12M
10014,臺東縣,10014150,達仁鄉,10014150-002,土坂村,365,995,546,449,111Y12M
10014,臺東縣,10014150,達仁鄉,10014150-003,新化村,161,405,225,180,111Y12M
10014,臺東縣,10014150,達仁鄉,10014150-004,安朔村,311,630,346,284,111Y12M
10014,臺東縣,10014150,達仁鄉,10014150-005,森永村,195,407,218,189,111Y12M
10014,臺東縣,10014150,達仁鄉,10014150-006,南田村,138,342,173,169,111Y12M
10014,臺東縣,10014160,蘭嶼鄉,10014160-001,東清村,561,1622,797,825,111Y12M
10014,臺東縣,10014160,蘭嶼鄉,10014160-002,朗島村,339,943,460,483,111Y12M
10014,臺東縣,10014160,蘭嶼鄉,10014160-003,紅頭村,619,1524,782,742,111Y12M
10014,臺東縣,10014160,蘭嶼鄉,10014160-004,椰油村,438,1174,581,593,111Y12M
10014,臺東縣,10014010,臺東市,10014010-001,富岡里,1065,2533,1346,1187,112Y03M
10014,臺東縣,10014010,臺東市,10014010-003,岩灣里,1188,2422,1207,1215,112Y03M
10014,臺東縣,10014010,臺東市,10014010-004,南王里,1250,3205,1632,1573,112Y03M
10014,臺東縣,10014010,臺東市,10014010-005,卑南里,1327,3246,1582,1664,112Y03M
10014,臺東縣,10014010,臺東市,10014010-006,南榮里,1135,3059,1581,1478,112Y03M
10014,臺東縣,10014010,臺東市,10014010-007,新生里,1629,3925,1923,2002,112Y03M
10014,臺東縣,10014010,臺東市,10014010-008,民生里,1278,2963,1391,1572,112Y03M
10014,臺東縣,10014010,臺東市,10014010-009,寶桑里,647,1568,799,769,112Y03M
10014,臺東縣,10014010,臺東市,10014010-010,馬蘭里,1085,3222,1528,1694,112Y03M
10014,臺東縣,10014010,臺東市,10014010-011,中心里,1353,3867,1902,1965,112Y03M
10014,臺東縣,10014010,臺東市,10014010-012,自強里,1480,4347,2098,2249,112Y03M
10014,臺東縣,10014010,臺東市,10014010-013,民族里,1164,3492,1660,1832,112Y03M
10014,臺東縣,10014010,臺東市,10014010-015,中華里,1043,2566,1277,1289,112Y03M
10014,臺東縣,10014010,臺東市,10014010-017,建國里,836,2009,1024,985,112Y03M
10014,臺東縣,10014010,臺東市,10014010-020,中正里,1002,2219,1106,1113,112Y03M
10014,臺東縣,10014010,臺東市,10014010-022,成功里,913,2071,1020,1051,112Y03M
10014,臺東縣,10014010,臺東市,10014010-023,文化里,929,2282,1239,1043,112Y03M
10014,臺東縣,10014010,臺東市,10014010-024,中山里,875,2217,1059,1158,112Y03M
10014,臺東縣,10014010,臺東市,10014010-029,新園里,775,1873,981,892,112Y03M
10014,臺東縣,10014010,臺東市,10014010-030,豐田里,1082,2604,1247,1357,112Y03M
10014,臺東縣,10014010,臺東市,10014010-031,豐年里,1479,3557,1821,1736,112Y03M
10014,臺東縣,10014010,臺東市,10014010-032,光明里,1328,3264,1476,1788,112Y03M
10014,臺東縣,10014010,臺東市,10014010-033,豐樂里,711,2091,1069,1022,112Y03M
10014,臺東縣,10014010,臺東市,10014010-034,永樂里,1135,3276,1666,1610,112Y03M
10014,臺東縣,10014010,臺東市,10014010-035,康樂里,620,1591,833,758,112Y03M
10014,臺東縣,10014010,臺東市,10014010-036,東海里,977,2539,1203,1336,112Y03M
10014,臺東縣,10014010,臺東市,10014010-037,新興里,674,1582,789,793,112Y03M
10014,臺東縣,10014010,臺東市,10014010-038,豐榮里,1430,3490,1695,1795,112Y03M
10014,臺東縣,10014010,臺東市,10014010-039,豐谷里,1480,3949,1986,1963,112Y03M
10014,臺東縣,10014010,臺東市,10014010-040,豐里里,951,2604,1328,1276,112Y03M
10014,臺東縣,10014010,臺東市,10014010-041,豐原里,507,1420,768,652,112Y03M
10014,臺東縣,10014010,臺東市,10014010-042,建和里,600,1536,790,746,112Y03M
10014,臺東縣,10014010,臺東市,10014010-043,建興里,551,1372,674,698,112Y03M
10014,臺東縣,10014010,臺東市,10014010-045,知本里,1058,2585,1317,1268,112Y03M
10014,臺東縣,10014010,臺東市,10014010-046,建農里,908,2325,1192,1133,112Y03M
10014,臺東縣,10014010,臺東市,10014010-047,仁和里,1487,3474,1649,1825,112Y03M
10014,臺東縣,10014010,臺東市,10014010-048,豐安里,1359,3152,1477,1675,112Y03M
10014,臺東縣,10014010,臺東市,10014010-049,豐盛里,1526,3808,1854,1954,112Y03M
10014,臺東縣,10014020,成功鎮,10014020-001,博愛里,302,603,343,260,112Y03M
10014,臺東縣,10014020,成功鎮,10014020-002,忠孝里,455,971,483,488,112Y03M
10014,臺東縣,10014020,成功鎮,10014020-003,三仙里,615,1431,791,640,112Y03M
10014,臺東縣,10014020,成功鎮,10014020-004,三民里,1113,2931,1501,1430,112Y03M
10014,臺東縣,10014020,成功鎮,10014020-005,忠智里,783,2167,1099,1068,112Y03M
10014,臺東縣,10014020,成功鎮,10014020-006,忠仁里,912,2388,1232,1156,112Y03M
10014,臺東縣,10014020,成功鎮,10014020-007,和平里,356,755,423,332,112Y03M
10014,臺東縣,10014020,成功鎮,10014020-008,信義里,812,1920,1045,875,112Y03M
10014,臺東縣,10014030,關山鎮,10014030-001,德高里,714,1834,959,875,112Y03M
10014,臺東縣,10014030,關山鎮,10014030-002,豐泉里,493,1300,638,662,112Y03M
10014,臺東縣,10014030,關山鎮,10014030-003,新福里,397,998,525,473,112Y03M
10014,臺東縣,10014030,關山鎮,10014030-004,中福里,337,872,436,436,112Y03M
10014,臺東縣,10014030,關山鎮,10014030-005,里壠里,728,1825,896,929,112Y03M
10014,臺東縣,10014030,關山鎮,10014030-006,電光里,223,579,324,255,112Y03M
10014,臺東縣,10014030,關山鎮,10014030-007,月眉里,314,735,408,327,112Y03M
10014,臺東縣,10014040,卑南鄉,10014040-001,嘉豐村,220,536,294,242,112Y03M
10014,臺東縣,10014040,卑南鄉,10014040-002,利吉村,212,493,266,227,112Y03M
10014,臺東縣,10014040,卑南鄉,10014040-003,富山村,240,508,270,238,112Y03M
10014,臺東縣,10014040,卑南鄉,10014040-004,富源村,158,335,188,147,112Y03M
10014,臺東縣,10014040,卑南鄉,10014040-005,明峰村,519,1246,675,571,112Y03M
10014,臺東縣,10014040,卑南鄉,10014040-006,初鹿村,521,1352,704,648,112Y03M
10014,臺東縣,10014040,卑南鄉,10014040-007,美農村,497,1121,614,507,112Y03M
10014,臺東縣,10014040,卑南鄉,10014040-008,賓朗村,969,2435,1264,1171,112Y03M
10014,臺東縣,10014040,卑南鄉,10014040-009,泰安村,530,1343,668,675,112Y03M
10014,臺東縣,10014040,卑南鄉,10014040-010,太平村,1470,3646,1852,1794,112Y03M
10014,臺東縣,10014040,卑南鄉,10014040-011,利嘉村,492,1275,650,625,112Y03M
10014,臺東縣,10014040,卑南鄉,10014040-012,東興村,507,1322,699,623,112Y03M
10014,臺東縣,10014040,卑南鄉,10014040-013,溫泉村,568,1171,625,546,112Y03M
10014,臺東縣,10014050,鹿野鄉,10014050-001,瑞和村,254,692,360,332,112Y03M
10014,臺東縣,10014050,鹿野鄉,10014050-002,瑞豐村,382,918,491,427,112Y03M
10014,臺東縣,10014050,鹿野鄉,10014050-003,瑞源村,377,920,469,451,112Y03M
10014,臺東縣,10014050,鹿野鄉,10014050-004,永安村,634,1548,835,713,112Y03M
10014,臺東縣,10014050,鹿野鄉,10014050-005,瑞隆村,393,929,485,444,112Y03M
10014,臺東縣,10014050,鹿野鄉,10014050-006,鹿野村,469,1109,555,554,112Y03M
10014,臺東縣,10014050,鹿野鄉,10014050-007,龍田村,476,1138,618,520,112Y03M
10014,臺東縣,10014060,池上鄉,10014060-001,福文村,509,1223,645,578,112Y03M
10014,臺東縣,10014060,池上鄉,10014060-002,慶豐村,266,751,391,360,112Y03M
10014,臺東縣,10014060,池上鄉,10014060-003,大坡村,142,353,188,165,112Y03M
10014,臺東縣,10014060,池上鄉,10014060-004,大埔村,336,885,443,442,112Y03M
10014,臺東縣,10014060,池上鄉,10014060-005,福原村,867,2208,1042,1166,112Y03M
10014,臺東縣,10014060,池上鄉,10014060-006,錦園村,156,355,193,162,112Y03M
10014,臺東縣,10014060,池上鄉,10014060-007,新興村,383,929,501,428,112Y03M
10014,臺東縣,10014060,池上鄉,10014060-008,萬安村,143,348,179,169,112Y03M
10014,臺東縣,10014060,池上鄉,10014060-009,富興村,164,415,228,187,112Y03M
10014,臺東縣,10014060,池上鄉,10014060-010,振興村,197,488,263,225,112Y03M
10014,臺東縣,10014070,東河鄉,10014070-001,北源村,826,1612,1001,611,112Y03M
10014,臺東縣,10014070,東河鄉,10014070-002,泰源村,509,1236,645,591,112Y03M
10014,臺東縣,10014070,東河鄉,10014070-003,東河村,451,1071,585,486,112Y03M
10014,臺東縣,10014070,東河鄉,10014070-004,尚德村,125,257,144,113,112Y03M
10014,臺東縣,10014070,東河鄉,10014070-005,隆昌村,263,536,276,260,112Y03M
10014,臺東縣,10014070,東河鄉,10014070-006,興昌村,506,1016,531,485,112Y03M
10014,臺東縣,10014070,東河鄉,10014070-007,都蘭村,987,2298,1200,1098,112Y03M
10014,臺東縣,10014080,長濱鄉,10014080-001,樟原村,280,613,340,273,112Y03M
10014,臺東縣,10014080,長濱鄉,10014080-002,三間村,530,1229,714,515,112Y03M
10014,臺東縣,10014080,長濱鄉,10014080-003,忠勇村,234,571,348,223,112Y03M
10014,臺東縣,10014080,長濱鄉,10014080-004,長濱村,872,2134,1136,998,112Y03M
10014,臺東縣,10014080,長濱鄉,10014080-005,竹湖村,393,920,504,416,112Y03M
10014,臺東縣,10014080,長濱鄉,10014080-006,寧埔村,572,1240,717,523,112Y03M
10014,臺東縣,10014090,太麻里鄉,10014090-001,美和村,560,1431,767,664,112Y03M
10014,臺東縣,10014090,太麻里鄉,10014090-002,三和村,271,622,337,285,112Y03M
10014,臺東縣,10014090,太麻里鄉,10014090-003,華源村,329,629,344,285,112Y03M
10014,臺東縣,10014090,太麻里鄉,10014090-004,北里村,316,622,366,256,112Y03M
10014,臺東縣,10014090,太麻里鄉,10014090-005,泰和村,720,1533,783,750,112Y03M
10014,臺東縣,10014090,太麻里鄉,10014090-006,大王村,909,2001,1075,926,112Y03M
10014,臺東縣,10014090,太麻里鄉,10014090-007,香蘭村,387,897,482,415,112Y03M
10014,臺東縣,10014090,太麻里鄉,10014090-008,金崙村,875,1994,1024,970,112Y03M
10014,臺東縣,10014090,太麻里鄉,10014090-009,多良村,480,1020,523,497,112Y03M
10014,臺東縣,10014100,大武鄉,10014100-001,大竹村,378,846,458,388,112Y03M
10014,臺東縣,10014100,大武鄉,10014100-002,大鳥村,531,1261,680,581,112Y03M
10014,臺東縣,10014100,大武鄉,10014100-003,大武村,622,1457,742,715,112Y03M
10014,臺東縣,10014100,大武鄉,10014100-004,尚武村,663,1439,726,713,112Y03M
10014,臺東縣,10014100,大武鄉,10014100-005,南興村,280,609,319,290,112Y03M
10014,臺東縣,10014110,綠島鄉,10014110-001,公館村,354,1168,646,522,112Y03M
10014,臺東縣,10014110,綠島鄉,10014110-002,中寮村,364,1228,648,580,112Y03M
10014,臺東縣,10014110,綠島鄉,10014110-003,南寮村,519,1914,1019,895,112Y03M
10014,臺東縣,10014120,海端鄉,10014120-001,廣原村,251,959,490,469,112Y03M
10014,臺東縣,10014120,海端鄉,10014120-002,霧鹿村,92,325,166,159,112Y03M
10014,臺東縣,10014120,海端鄉,10014120-003,利稻村,83,346,171,175,112Y03M
10014,臺東縣,10014120,海端鄉,10014120-004,海端村,307,1173,620,553,112Y03M
10014,臺東縣,10014120,海端鄉,10014120-005,崁頂村,205,806,446,360,112Y03M
10014,臺東縣,10014120,海端鄉,10014120-006,加拿村,161,614,336,278,112Y03M
10014,臺東縣,10014130,延平鄉,10014130-001,武陵村,228,742,393,349,112Y03M
10014,臺東縣,10014130,延平鄉,10014130-002,永康村,123,395,209,186,112Y03M
10014,臺東縣,10014130,延平鄉,10014130-003,紅葉村,148,503,265,238,112Y03M
10014,臺東縣,10014130,延平鄉,10014130-004,鸞山村,214,699,371,328,112Y03M
10014,臺東縣,10014130,延平鄉,10014130-005,桃源村,368,1260,657,603,112Y03M
10014,臺東縣,10014140,金峰鄉,10014140-001,新興村,212,682,344,338,112Y03M
10014,臺東縣,10014140,金峰鄉,10014140-002,正興村,225,715,344,371,112Y03M
10014,臺東縣,10014140,金峰鄉,10014140-003,嘉蘭村,496,1531,776,755,112Y03M
10014,臺東縣,10014140,金峰鄉,10014140-004,賓茂村,142,380,202,178,112Y03M
10014,臺東縣,10014140,金峰鄉,10014140-005,歷坵村,130,386,190,196,112Y03M
10014,臺東縣,10014150,達仁鄉,10014150-001,台坂村,285,701,378,323,112Y03M
10014,臺東縣,10014150,達仁鄉,10014150-002,土坂村,365,1000,552,448,112Y03M
10014,臺東縣,10014150,達仁鄉,10014150-003,新化村,162,407,226,181,112Y03M
10014,臺東縣,10014150,達仁鄉,10014150-004,安朔村,307,626,343,283,112Y03M
10014,臺東縣,10014150,達仁鄉,10014150-005,森永村,195,394,212,182,112Y03M
10014,臺東縣,10014150,達仁鄉,10014150-006,南田村,138,339,171,168,112Y03M
10014,臺東縣,10014160,蘭嶼鄉,10014160-001,東清村,563,1619,800,819,112Y03M
10014,臺東縣,10014160,蘭嶼鄉,10014160-002,朗島村,341,944,461,483,112Y03M
10014,臺東縣,10014160,蘭嶼鄉,10014160-003,紅頭村,620,1527,788,739,112Y03M
10014,臺東縣,10014160,蘭嶼鄉,10014160-004,椰油村,437,1176,585,591,112Y03M
10014,臺東縣,10014010,臺東市,10014010-001,富岡里,1060,2512,1339,1173,112Y06M
10014,臺東縣,10014010,臺東市,10014010-003,岩灣里,1189,2426,1207,1219,112Y06M
10014,臺東縣,10014010,臺東市,10014010-004,南王里,1251,3197,1632,1565,112Y06M
10014,臺東縣,10014010,臺東市,10014010-005,卑南里,1326,3228,1568,1660,112Y06M
10014,臺東縣,10014010,臺東市,10014010-006,南榮里,1135,3045,1574,1471,112Y06M
10014,臺東縣,10014010,臺東市,10014010-007,新生里,1627,3911,1918,1993,112Y06M
10014,臺東縣,10014010,臺東市,10014010-008,民生里,1321,3012,1407,1605,112Y06M
10014,臺東縣,10014010,臺東市,10014010-009,寶桑里,653,1590,807,783,112Y06M
10014,臺東縣,10014010,臺東市,10014010-010,馬蘭里,1080,3172,1503,1669,112Y06M
10014,臺東縣,10014010,臺東市,10014010-011,中心里,1356,3882,1908,1974,112Y06M
10014,臺東縣,10014010,臺東市,10014010-012,自強里,1480,4335,2092,2243,112Y06M
10014,臺東縣,10014010,臺東市,10014010-013,民族里,1163,3500,1671,1829,112Y06M
10014,臺東縣,10014010,臺東市,10014010-015,中華里,1042,2562,1277,1285,112Y06M
10014,臺東縣,10014010,臺東市,10014010-017,建國里,834,1992,1021,971,112Y06M
10014,臺東縣,10014010,臺東市,10014010-020,中正里,1002,2207,1099,1108,112Y06M
10014,臺東縣,10014010,臺東市,10014010-022,成功里,908,2065,1015,1050,112Y06M
10014,臺東縣,10014010,臺東市,10014010-023,文化里,954,2309,1265,1044,112Y06M
10014,臺東縣,10014010,臺東市,10014010-024,中山里,878,2216,1059,1157,112Y06M
10014,臺東縣,10014010,臺東市,10014010-029,新園里,775,1869,979,890,112Y06M
10014,臺東縣,10014010,臺東市,10014010-030,豐田里,1083,2608,1248,1360,112Y06M
10014,臺東縣,10014010,臺東市,10014010-031,豐年里,1498,3571,1829,1742,112Y06M
10014,臺東縣,10014010,臺東市,10014010-032,光明里,1335,3254,1473,1781,112Y06M
10014,臺東縣,10014010,臺東市,10014010-033,豐樂里,714,2105,1078,1027,112Y06M
10014,臺東縣,10014010,臺東市,10014010-034,永樂里,1136,3278,1665,1613,112Y06M
10014,臺東縣,10014010,臺東市,10014010-035,康樂里,635,1622,844,778,112Y06M
10014,臺東縣,10014010,臺東市,10014010-036,東海里,983,2541,1185,1356,112Y06M
10014,臺東縣,10014010,臺東市,10014010-037,新興里,675,1575,785,790,112Y06M
10014,臺東縣,10014010,臺東市,10014010-038,豐榮里,1435,3482,1691,1791,112Y06M
10014,臺東縣,10014010,臺東市,10014010-039,豐谷里,1491,3947,1974,1973,112Y06M
10014,臺東縣,10014010,臺東市,10014010-040,豐里里,948,2606,1328,1278,112Y06M
10014,臺東縣,10014010,臺東市,10014010-041,豐原里,506,1411,764,647,112Y06M
10014,臺東縣,10014010,臺東市,10014010-042,建和里,600,1540,790,750,112Y06M
10014,臺東縣,10014010,臺東市,10014010-043,建興里,553,1366,666,700,112Y06M
10014,臺東縣,10014010,臺東市,10014010-045,知本里,1053,2582,1314,1268,112Y06M
10014,臺東縣,10014010,臺東市,10014010-046,建農里,904,2307,1185,1122,112Y06M
10014,臺東縣,10014010,臺東市,10014010-047,仁和里,1495,3481,1656,1825,112Y06M
10014,臺東縣,10014010,臺東市,10014010-048,豐安里,1365,3155,1478,1677,112Y06M
10014,臺東縣,10014010,臺東市,10014010-049,豐盛里,1531,3830,1868,1962,112Y06M
10014,臺東縣,10014020,成功鎮,10014020-001,博愛里,303,599,339,260,112Y06M
10014,臺東縣,10014020,成功鎮,10014020-002,忠孝里,454,972,481,491,112Y06M
10014,臺東縣,10014020,成功鎮,10014020-003,三仙里,617,1431,790,641,112Y06M
10014,臺東縣,10014020,成功鎮,10014020-004,三民里,1120,2904,1489,1415,112Y06M
10014,臺東縣,10014020,成功鎮,10014020-005,忠智里,779,2151,1092,1059,112Y06M
10014,臺東縣,10014020,成功鎮,10014020-006,忠仁里,916,2364,1219,1145,112Y06M
10014,臺東縣,10014020,成功鎮,10014020-007,和平里,358,757,424,333,112Y06M
10014,臺東縣,10014020,成功鎮,10014020-008,信義里,816,1941,1055,886,112Y06M
10014,臺東縣,10014030,關山鎮,10014030-001,德高里,710,1819,954,865,112Y06M
10014,臺東縣,10014030,關山鎮,10014030-002,豐泉里,494,1293,637,656,112Y06M
10014,臺東縣,10014030,關山鎮,10014030-003,新福里,400,999,525,474,112Y06M
10014,臺東縣,10014030,關山鎮,10014030-004,中福里,336,870,431,439,112Y06M
10014,臺東縣,10014030,關山鎮,10014030-005,里壠里,719,1811,887,924,112Y06M
10014,臺東縣,10014030,關山鎮,10014030-006,電光里,223,582,324,258,112Y06M
10014,臺東縣,10014030,關山鎮,10014030-007,月眉里,310,727,405,322,112Y06M
10014,臺東縣,10014040,卑南鄉,10014040-001,嘉豐村,217,533,294,239,112Y06M
10014,臺東縣,10014040,卑南鄉,10014040-002,利吉村,210,486,264,222,112Y06M
10014,臺東縣,10014040,卑南鄉,10014040-003,富山村,239,507,267,240,112Y06M
10014,臺東縣,10014040,卑南鄉,10014040-004,富源村,156,331,187,144,112Y06M
10014,臺東縣,10014040,卑南鄉,10014040-005,明峰村,517,1241,670,571,112Y06M
10014,臺東縣,10014040,卑南鄉,10014040-006,初鹿村,518,1344,695,649,112Y06M
10014,臺東縣,10014040,卑南鄉,10014040-007,美農村,495,1116,610,506,112Y06M
10014,臺東縣,10014040,卑南鄉,10014040-008,賓朗村,965,2417,1255,1162,112Y06M
10014,臺東縣,10014040,卑南鄉,10014040-009,泰安村,531,1352,675,677,112Y06M
10014,臺東縣,10014040,卑南鄉,10014040-010,太平村,1468,3616,1840,1776,112Y06M
10014,臺東縣,10014040,卑南鄉,10014040-011,利嘉村,494,1275,650,625,112Y06M
10014,臺東縣,10014040,卑南鄉,10014040-012,東興村,509,1345,706,639,112Y06M
10014,臺東縣,10014040,卑南鄉,10014040-013,溫泉村,569,1160,623,537,112Y06M
10014,臺東縣,10014050,鹿野鄉,10014050-001,瑞和村,252,685,356,329,112Y06M
10014,臺東縣,10014050,鹿野鄉,10014050-002,瑞豐村,386,924,494,430,112Y06M
10014,臺東縣,10014050,鹿野鄉,10014050-003,瑞源村,375,918,465,453,112Y06M
10014,臺東縣,10014050,鹿野鄉,10014050-004,永安村,638,1548,833,715,112Y06M
10014,臺東縣,10014050,鹿野鄉,10014050-005,瑞隆村,390,928,483,445,112Y06M
10014,臺東縣,10014050,鹿野鄉,10014050-006,鹿野村,469,1101,553,548,112Y06M
10014,臺東縣,10014050,鹿野鄉,10014050-007,龍田村,475,1120,606,514,112Y06M
10014,臺東縣,10014060,池上鄉,10014060-001,福文村,506,1212,635,577,112Y06M
10014,臺東縣,10014060,池上鄉,10014060-002,慶豐村,266,747,389,358,112Y06M
10014,臺東縣,10014060,池上鄉,10014060-003,大坡村,144,357,190,167,112Y06M
10014,臺東縣,10014060,池上鄉,10014060-004,大埔村,336,880,441,439,112Y06M
10014,臺東縣,10014060,池上鄉,10014060-005,福原村,863,2187,1032,1155,112Y06M
10014,臺東縣,10014060,池上鄉,10014060-006,錦園村,155,356,191,165,112Y06M
10014,臺東縣,10014060,池上鄉,10014060-007,新興村,382,925,498,427,112Y06M
10014,臺東縣,10014060,池上鄉,10014060-008,萬安村,144,347,180,167,112Y06M
10014,臺東縣,10014060,池上鄉,10014060-009,富興村,164,413,228,185,112Y06M
10014,臺東縣,10014060,池上鄉,10014060-010,振興村,197,486,260,226,112Y06M
10014,臺東縣,10014070,東河鄉,10014070-001,北源村,806,1589,977,612,112Y06M
10014,臺東縣,10014070,東河鄉,10014070-002,泰源村,509,1229,640,589,112Y06M
10014,臺東縣,10014070,東河鄉,10014070-003,東河村,447,1061,578,483,112Y06M
10014,臺東縣,10014070,東河鄉,10014070-004,尚德村,125,251,142,109,112Y06M
10014,臺東縣,10014070,東河鄉,10014070-005,隆昌村,261,534,272,262,112Y06M
10014,臺東縣,10014070,東河鄉,10014070-006,興昌村,501,1013,527,486,112Y06M
10014,臺東縣,10014070,東河鄉,10014070-007,都蘭村,988,2289,1196,1093,112Y06M
10014,臺東縣,10014080,長濱鄉,10014080-001,樟原村,278,604,335,269,112Y06M
10014,臺東縣,10014080,長濱鄉,10014080-002,三間村,534,1240,720,520,112Y06M
10014,臺東縣,10014080,長濱鄉,10014080-003,忠勇村,231,570,345,225,112Y06M
10014,臺東縣,10014080,長濱鄉,10014080-004,長濱村,872,2115,1121,994,112Y06M
10014,臺東縣,10014080,長濱鄉,10014080-005,竹湖村,389,916,501,415,112Y06M
10014,臺東縣,10014080,長濱鄉,10014080-006,寧埔村,573,1236,715,521,112Y06M
10014,臺東縣,10014090,太麻里鄉,10014090-001,美和村,561,1428,762,666,112Y06M
10014,臺東縣,10014090,太麻里鄉,10014090-002,三和村,267,621,336,285,112Y06M
10014,臺東縣,10014090,太麻里鄉,10014090-003,華源村,325,621,343,278,112Y06M
10014,臺東縣,10014090,太麻里鄉,10014090-004,北里村,318,628,370,258,112Y06M
10014,臺東縣,10014090,太麻里鄉,10014090-005,泰和村,719,1514,774,740,112Y06M
10014,臺東縣,10014090,太麻里鄉,10014090-006,大王村,907,2004,1073,931,112Y06M
10014,臺東縣,10014090,太麻里鄉,10014090-007,香蘭村,389,897,479,418,112Y06M
10014,臺東縣,10014090,太麻里鄉,10014090-008,金崙村,877,2004,1026,978,112Y06M
10014,臺東縣,10014090,太麻里鄉,10014090-009,多良村,480,1023,527,496,112Y06M
10014,臺東縣,10014100,大武鄉,10014100-001,大竹村,377,839,455,384,112Y06M
10014,臺東縣,10014100,大武鄉,10014100-002,大鳥村,533,1270,687,583,112Y06M
10014,臺東縣,10014100,大武鄉,10014100-003,大武村,625,1450,741,709,112Y06M
10014,臺東縣,10014100,大武鄉,10014100-004,尚武村,660,1430,727,703,112Y06M
10014,臺東縣,10014100,大武鄉,10014100-005,南興村,280,611,320,291,112Y06M
10014,臺東縣,10014110,綠島鄉,10014110-001,公館村,359,1193,654,539,112Y06M
10014,臺東縣,10014110,綠島鄉,10014110-002,中寮村,365,1255,663,592,112Y06M
10014,臺東縣,10014110,綠島鄉,10014110-003,南寮村,519,1906,1016,890,112Y06M
10014,臺東縣,10014120,海端鄉,10014120-001,廣原村,251,957,490,467,112Y06M
10014,臺東縣,10014120,海端鄉,10014120-002,霧鹿村,93,327,168,159,112Y06M
10014,臺東縣,10014120,海端鄉,10014120-003,利稻村,82,343,167,176,112Y06M
10014,臺東縣,10014120,海端鄉,10014120-004,海端村,306,1167,619,548,112Y06M
10014,臺東縣,10014120,海端鄉,10014120-005,崁頂村,205,807,447,360,112Y06M
10014,臺東縣,10014120,海端鄉,10014120-006,加拿村,160,618,337,281,112Y06M
10014,臺東縣,10014130,延平鄉,10014130-001,武陵村,228,747,389,358,112Y06M
10014,臺東縣,10014130,延平鄉,10014130-002,永康村,123,401,209,192,112Y06M
10014,臺東縣,10014130,延平鄉,10014130-003,紅葉村,148,500,263,237,112Y06M
10014,臺東縣,10014130,延平鄉,10014130-004,鸞山村,215,702,371,331,112Y06M
10014,臺東縣,10014130,延平鄉,10014130-005,桃源村,366,1250,654,596,112Y06M
10014,臺東縣,10014140,金峰鄉,10014140-001,新興村,213,691,346,345,112Y06M
10014,臺東縣,10014140,金峰鄉,10014140-002,正興村,224,718,343,375,112Y06M
10014,臺東縣,10014140,金峰鄉,10014140-003,嘉蘭村,496,1528,776,752,112Y06M
10014,臺東縣,10014140,金峰鄉,10014140-004,賓茂村,139,373,199,174,112Y06M
10014,臺東縣,10014140,金峰鄉,10014140-005,歷坵村,134,401,194,207,112Y06M
10014,臺東縣,10014150,達仁鄉,10014150-001,台坂村,285,692,374,318,112Y06M
10014,臺東縣,10014150,達仁鄉,10014150-002,土坂村,364,993,551,442,112Y06M
10014,臺東縣,10014150,達仁鄉,10014150-003,新化村,161,408,224,184,112Y06M
10014,臺東縣,10014150,達仁鄉,10014150-004,安朔村,307,627,340,287,112Y06M
10014,臺東縣,10014150,達仁鄉,10014150-005,森永村,193,390,213,177,112Y06M
10014,臺東縣,10014150,達仁鄉,10014150-006,南田村,139,339,172,167,112Y06M
10014,臺東縣,10014160,蘭嶼鄉,10014160-001,東清村,560,1654,822,832,112Y06M
10014,臺東縣,10014160,蘭嶼鄉,10014160-002,朗島村,341,943,462,481,112Y06M
10014,臺東縣,10014160,蘭嶼鄉,10014160-003,紅頭村,617,1530,782,748,112Y06M
10014,臺東縣,10014160,蘭嶼鄉,10014160-004,椰油村,441,1193,590,603,112Y06M
10014,臺東縣,10014010,臺東市,10014010-001,富岡里,1056,2512,1332,1180,112Y09M
10014,臺東縣,10014010,臺東市,10014010-003,岩灣里,1201,2433,1214,1219,112Y09M
10014,臺東縣,10014010,臺東市,10014010-004,南王里,1256,3178,1622,1556,112Y09M
10014,臺東縣,10014010,臺東市,10014010-005,卑南里,1336,3232,1582,1650,112Y09M
10014,臺東縣,10014010,臺東市,10014010-006,南榮里,1132,3026,1563,1463,112Y09M
10014,臺東縣,10014010,臺東市,10014010-007,新生里,1630,3896,1903,1993,112Y09M
10014,臺東縣,10014010,臺東市,10014010-008,民生里,1347,3064,1433,1631,112Y09M
10014,臺東縣,10014010,臺東市,10014010-009,寶桑里,653,1567,793,774,112Y09M
10014,臺東縣,10014010,臺東市,10014010-010,馬蘭里,1070,3111,1479,1632,112Y09M
10014,臺東縣,10014010,臺東市,10014010-011,中心里,1356,3883,1903,1980,112Y09M
10014,臺東縣,10014010,臺東市,10014010-012,自強里,1476,4305,2070,2235,112Y09M
10014,臺東縣,10014010,臺東市,10014010-013,民族里,1166,3486,1663,1823,112Y09M
10014,臺東縣,10014010,臺東市,10014010-015,中華里,1042,2562,1284,1278,112Y09M
10014,臺東縣,10014010,臺東市,10014010-017,建國里,839,1995,1019,976,112Y09M
10014,臺東縣,10014010,臺東市,10014010-020,中正里,998,2210,1101,1109,112Y09M
10014,臺東縣,10014010,臺東市,10014010-022,成功里,909,2056,1006,1050,112Y09M
10014,臺東縣,10014010,臺東市,10014010-023,文化里,950,2294,1258,1036,112Y09M
10014,臺東縣,10014010,臺東市,10014010-024,中山里,876,2210,1056,1154,112Y09M
10014,臺東縣,10014010,臺東市,10014010-029,新園里,776,1874,974,900,112Y09M
10014,臺東縣,10014010,臺東市,10014010-030,豐田里,1092,2651,1266,1385,112Y09M
10014,臺東縣,10014010,臺東市,10014010-031,豐年里,1521,3580,1827,1753,112Y09M
10014,臺東縣,10014010,臺東市,10014010-032,光明里,1341,3256,1475,1781,112Y09M
10014,臺東縣,10014010,臺東市,10014010-033,豐樂里,719,2106,1072,1034,112Y09M
10014,臺東縣,10014010,臺東市,10014010-034,永樂里,1146,3285,1668,1617,112Y09M
10014,臺東縣,10014010,臺東市,10014010-035,康樂里,637,1621,849,772,112Y09M
10014,臺東縣,10014010,臺東市,10014010-036,東海里,979,2535,1184,1351,112Y09M
10014,臺東縣,10014010,臺東市,10014010-037,新興里,674,1572,781,791,112Y09M
10014,臺東縣,10014010,臺東市,10014010-038,豐榮里,1438,3447,1677,1770,112Y09M
10014,臺東縣,10014010,臺東市,10014010-039,豐谷里,1498,3936,1964,1972,112Y09M
10014,臺東縣,10014010,臺東市,10014010-040,豐里里,956,2613,1331,1282,112Y09M
10014,臺東縣,10014010,臺東市,10014010-041,豐原里,512,1428,773,655,112Y09M
10014,臺東縣,10014010,臺東市,10014010-042,建和里,607,1526,782,744,112Y09M
10014,臺東縣,10014010,臺東市,10014010-043,建興里,556,1361,664,697,112Y09M
10014,臺東縣,10014010,臺東市,10014010-045,知本里,1061,2609,1323,1286,112Y09M
10014,臺東縣,10014010,臺東市,10014010-046,建農里,907,2310,1186,1124,112Y09M
10014,臺東縣,10014010,臺東市,10014010-047,仁和里,1496,3486,1654,1832,112Y09M
10014,臺東縣,10014010,臺東市,10014010-048,豐安里,1386,3188,1497,1691,112Y09M
10014,臺東縣,10014010,臺東市,10014010-049,豐盛里,1534,3821,1866,1955,112Y09M
10014,臺東縣,10014020,成功鎮,10014020-001,博愛里,302,592,338,254,112Y09M
10014,臺東縣,10014020,成功鎮,10014020-002,忠孝里,454,970,479,491,112Y09M
10014,臺東縣,10014020,成功鎮,10014020-003,三仙里,616,1428,794,634,112Y09M
10014,臺東縣,10014020,成功鎮,10014020-004,三民里,1124,2893,1475,1418,112Y09M
10014,臺東縣,10014020,成功鎮,10014020-005,忠智里,785,2154,1095,1059,112Y09M
10014,臺東縣,10014020,成功鎮,10014020-006,忠仁里,919,2379,1227,1152,112Y09M
10014,臺東縣,10014020,成功鎮,10014020-007,和平里,356,749,418,331,112Y09M
10014,臺東縣,10014020,成功鎮,10014020-008,信義里,818,1922,1049,873,112Y09M
10014,臺東縣,10014030,關山鎮,10014030-001,德高里,710,1818,954,864,112Y09M
10014,臺東縣,10014030,關山鎮,10014030-002,豐泉里,495,1291,638,653,112Y09M
10014,臺東縣,10014030,關山鎮,10014030-003,新福里,400,995,526,469,112Y09M
10014,臺東縣,10014030,關山鎮,10014030-004,中福里,338,865,427,438,112Y09M
10014,臺東縣,10014030,關山鎮,10014030-005,里壠里,713,1803,885,918,112Y09M
10014,臺東縣,10014030,關山鎮,10014030-006,電光里,218,573,322,251,112Y09M
10014,臺東縣,10014030,關山鎮,10014030-007,月眉里,312,731,404,327,112Y09M
10014,臺東縣,10014040,卑南鄉,10014040-001,嘉豐村,218,526,293,233,112Y09M
10014,臺東縣,10014040,卑南鄉,10014040-002,利吉村,212,480,265,215,112Y09M
10014,臺東縣,10014040,卑南鄉,10014040-003,富山村,238,505,265,240,112Y09M
10014,臺東縣,10014040,卑南鄉,10014040-004,富源村,160,330,188,142,112Y09M
10014,臺東縣,10014040,卑南鄉,10014040-005,明峰村,517,1247,674,573,112Y09M
10014,臺東縣,10014040,卑南鄉,10014040-006,初鹿村,516,1334,687,647,112Y09M
10014,臺東縣,10014040,卑南鄉,10014040-007,美農村,500,1109,609,500,112Y09M
10014,臺東縣,10014040,卑南鄉,10014040-008,賓朗村,958,2408,1245,1163,112Y09M
10014,臺東縣,10014040,卑南鄉,10014040-009,泰安村,530,1339,668,671,112Y09M
10014,臺東縣,10014040,卑南鄉,10014040-010,太平村,1478,3616,1839,1777,112Y09M
10014,臺東縣,10014040,卑南鄉,10014040-011,利嘉村,490,1265,645,620,112Y09M
10014,臺東縣,10014040,卑南鄉,10014040-012,東興村,511,1328,695,633,112Y09M
10014,臺東縣,10014040,卑南鄉,10014040-013,溫泉村,570,1165,622,543,112Y09M
10014,臺東縣,10014050,鹿野鄉,10014050-001,瑞和村,252,685,355,330,112Y09M
10014,臺東縣,10014050,鹿野鄉,10014050-002,瑞豐村,391,925,500,425,112Y09M
10014,臺東縣,10014050,鹿野鄉,10014050-003,瑞源村,377,911,462,449,112Y09M
10014,臺東縣,10014050,鹿野鄉,10014050-004,永安村,635,1531,825,706,112Y09M
10014,臺東縣,10014050,鹿野鄉,10014050-005,瑞隆村,391,931,482,449,112Y09M
10014,臺東縣,10014050,鹿野鄉,10014050-006,鹿野村,466,1091,552,539,112Y09M
10014,臺東縣,10014050,鹿野鄉,10014050-007,龍田村,480,1124,606,518,112Y09M
10014,臺東縣,10014060,池上鄉,10014060-001,福文村,501,1206,636,570,112Y09M
10014,臺東縣,10014060,池上鄉,10014060-002,慶豐村,266,741,384,357,112Y09M
10014,臺東縣,10014060,池上鄉,10014060-003,大坡村,145,358,190,168,112Y09M
10014,臺東縣,10014060,池上鄉,10014060-004,大埔村,336,872,436,436,112Y09M
10014,臺東縣,10014060,池上鄉,10014060-005,福原村,866,2193,1035,1158,112Y09M
10014,臺東縣,10014060,池上鄉,10014060-006,錦園村,156,350,188,162,112Y09M
10014,臺東縣,10014060,池上鄉,10014060-007,新興村,384,921,499,422,112Y09M
10014,臺東縣,10014060,池上鄉,10014060-008,萬安村,143,348,178,170,112Y09M
10014,臺東縣,10014060,池上鄉,10014060-009,富興村,163,410,227,183,112Y09M
10014,臺東縣,10014060,池上鄉,10014060-010,振興村,199,483,259,224,112Y09M
10014,臺東縣,10014070,東河鄉,10014070-001,北源村,804,1582,974,608,112Y09M
10014,臺東縣,10014070,東河鄉,10014070-002,泰源村,509,1227,639,588,112Y09M
10014,臺東縣,10014070,東河鄉,10014070-003,東河村,445,1053,576,477,112Y09M
10014,臺東縣,10014070,東河鄉,10014070-004,尚德村,125,248,142,106,112Y09M
10014,臺東縣,10014070,東河鄉,10014070-005,隆昌村,261,537,272,265,112Y09M
10014,臺東縣,10014070,東河鄉,10014070-006,興昌村,496,999,518,481,112Y09M
10014,臺東縣,10014070,東河鄉,10014070-007,都蘭村,986,2285,1190,1095,112Y09M
10014,臺東縣,10014080,長濱鄉,10014080-001,樟原村,278,603,335,268,112Y09M
10014,臺東縣,10014080,長濱鄉,10014080-002,三間村,531,1228,709,519,112Y09M
10014,臺東縣,10014080,長濱鄉,10014080-003,忠勇村,231,558,336,222,112Y09M
10014,臺東縣,10014080,長濱鄉,10014080-004,長濱村,873,2118,1122,996,112Y09M
10014,臺東縣,10014080,長濱鄉,10014080-005,竹湖村,387,915,499,416,112Y09M
10014,臺東縣,10014080,長濱鄉,10014080-006,寧埔村,578,1246,720,526,112Y09M
10014,臺東縣,10014090,太麻里鄉,10014090-001,美和村,563,1426,763,663,112Y09M
10014,臺東縣,10014090,太麻里鄉,10014090-002,三和村,267,612,330,282,112Y09M
10014,臺東縣,10014090,太麻里鄉,10014090-003,華源村,325,617,341,276,112Y09M
10014,臺東縣,10014090,太麻里鄉,10014090-004,北里村,315,622,367,255,112Y09M
10014,臺東縣,10014090,太麻里鄉,10014090-005,泰和村,720,1517,771,746,112Y09M
10014,臺東縣,10014090,太麻里鄉,10014090-006,大王村,910,2002,1075,927,112Y09M
10014,臺東縣,10014090,太麻里鄉,10014090-007,香蘭村,389,896,475,421,112Y09M
10014,臺東縣,10014090,太麻里鄉,10014090-008,金崙村,884,2008,1031,977,112Y09M
10014,臺東縣,10014090,太麻里鄉,10014090-009,多良村,478,1023,522,501,112Y09M
10014,臺東縣,10014100,大武鄉,10014100-001,大竹村,381,838,451,387,112Y09M
10014,臺東縣,10014100,大武鄉,10014100-002,大鳥村,529,1254,677,577,112Y09M
10014,臺東縣,10014100,大武鄉,10014100-003,大武村,625,1451,745,706,112Y09M
10014,臺東縣,10014100,大武鄉,10014100-004,尚武村,662,1423,723,700,112Y09M
10014,臺東縣,10014100,大武鄉,10014100-005,南興村,278,611,320,291,112Y09M
10014,臺東縣,10014110,綠島鄉,10014110-001,公館村,364,1212,667,545,112Y09M
10014,臺東縣,10014110,綠島鄉,10014110-002,中寮村,374,1261,662,599,112Y09M
10014,臺東縣,10014110,綠島鄉,10014110-003,南寮村,515,1904,1015,889,112Y09M
10014,臺東縣,10014120,海端鄉,10014120-001,廣原村,252,955,483,472,112Y09M
10014,臺東縣,10014120,海端鄉,10014120-002,霧鹿村,93,328,171,157,112Y09M
10014,臺東縣,10014120,海端鄉,10014120-003,利稻村,82,348,170,178,112Y09M
10014,臺東縣,10014120,海端鄉,10014120-004,海端村,306,1179,622,557,112Y09M
10014,臺東縣,10014120,海端鄉,10014120-005,崁頂村,206,809,453,356,112Y09M
10014,臺東縣,10014120,海端鄉,10014120-006,加拿村,158,620,337,283,112Y09M
10014,臺東縣,10014130,延平鄉,10014130-001,武陵村,226,740,383,357,112Y09M
10014,臺東縣,10014130,延平鄉,10014130-002,永康村,123,397,208,189,112Y09M
10014,臺東縣,10014130,延平鄉,10014130-003,紅葉村,149,501,261,240,112Y09M
10014,臺東縣,10014130,延平鄉,10014130-004,鸞山村,215,696,369,327,112Y09M
10014,臺東縣,10014130,延平鄉,10014130-005,桃源村,366,1243,650,593,112Y09M
10014,臺東縣,10014140,金峰鄉,10014140-001,新興村,214,690,346,344,112Y09M
10014,臺東縣,10014140,金峰鄉,10014140-002,正興村,223,719,344,375,112Y09M
10014,臺東縣,10014140,金峰鄉,10014140-003,嘉蘭村,498,1528,775,753,112Y09M
10014,臺東縣,10014140,金峰鄉,10014140-004,賓茂村,140,371,200,171,112Y09M
10014,臺東縣,10014140,金峰鄉,10014140-005,歷坵村,135,403,197,206,112Y09M
10014,臺東縣,10014150,達仁鄉,10014150-001,台坂村,283,697,379,318,112Y09M
10014,臺東縣,10014150,達仁鄉,10014150-002,土坂村,360,978,542,436,112Y09M
10014,臺東縣,10014150,達仁鄉,10014150-003,新化村,161,404,222,182,112Y09M
10014,臺東縣,10014150,達仁鄉,10014150-004,安朔村,309,627,343,284,112Y09M
10014,臺東縣,10014150,達仁鄉,10014150-005,森永村,189,384,210,174,112Y09M
10014,臺東縣,10014150,達仁鄉,10014150-006,南田村,139,329,167,162,112Y09M
10014,臺東縣,10014160,蘭嶼鄉,10014160-001,東清村,568,1654,826,828,112Y09M
10014,臺東縣,10014160,蘭嶼鄉,10014160-002,朗島村,341,943,461,482,112Y09M
10014,臺東縣,10014160,蘭嶼鄉,10014160-003,紅頭村,623,1530,787,743,112Y09M
10014,臺東縣,10014160,蘭嶼鄉,10014160-004,椰油村,447,1212,600,612,112Y09M
10014,臺東縣,10014010,臺東市,10014010-001,富岡里,1059,2528,1338,1190,112Y12M
10014,臺東縣,10014010,臺東市,10014010-003,岩灣里,1216,2444,1215,1229,112Y12M
10014,臺東縣,10014010,臺東市,10014010-004,南王里,1260,3184,1625,1559,112Y12M
10014,臺東縣,10014010,臺東市,10014010-005,卑南里,1332,3232,1580,1652,112Y12M
10014,臺東縣,10014010,臺東市,10014010-006,南榮里,1127,3001,1552,1449,112Y12M
10014,臺東縣,10014010,臺東市,10014010-007,新生里,1636,3908,1900,2008,112Y12M
10014,臺東縣,10014010,臺東市,10014010-008,民生里,1349,3076,1440,1636,112Y12M
10014,臺東縣,10014010,臺東市,10014010-009,寶桑里,654,1575,795,780,112Y12M
10014,臺東縣,10014010,臺東市,10014010-010,馬蘭里,1072,3073,1465,1608,112Y12M
10014,臺東縣,10014010,臺東市,10014010-011,中心里,1357,3908,1909,1999,112Y12M
10014,臺東縣,10014010,臺東市,10014010-012,自強里,1475,4320,2076,2244,112Y12M
10014,臺東縣,10014010,臺東市,10014010-013,民族里,1163,3492,1666,1826,112Y12M
10014,臺東縣,10014010,臺東市,10014010-015,中華里,1039,2557,1279,1278,112Y12M
10014,臺東縣,10014010,臺東市,10014010-017,建國里,835,1983,1012,971,112Y12M
10014,臺東縣,10014010,臺東市,10014010-020,中正里,1012,2214,1101,1113,112Y12M
10014,臺東縣,10014010,臺東市,10014010-022,成功里,901,2043,997,1046,112Y12M
10014,臺東縣,10014010,臺東市,10014010-023,文化里,963,2307,1280,1027,112Y12M
10014,臺東縣,10014010,臺東市,10014010-024,中山里,873,2204,1051,1153,112Y12M
10014,臺東縣,10014010,臺東市,10014010-029,新園里,778,1875,973,902,112Y12M
10014,臺東縣,10014010,臺東市,10014010-030,豐田里,1094,2663,1269,1394,112Y12M
10014,臺東縣,10014010,臺東市,10014010-031,豐年里,1520,3592,1832,1760,112Y12M
10014,臺東縣,10014010,臺東市,10014010-032,光明里,1347,3271,1481,1790,112Y12M
10014,臺東縣,10014010,臺東市,10014010-033,豐樂里,714,2083,1061,1022,112Y12M
10014,臺東縣,10014010,臺東市,10014010-034,永樂里,1152,3286,1668,1618,112Y12M
10014,臺東縣,10014010,臺東市,10014010-035,康樂里,641,1619,849,770,112Y12M
10014,臺東縣,10014010,臺東市,10014010-036,東海里,970,2523,1182,1341,112Y12M
10014,臺東縣,10014010,臺東市,10014010-037,新興里,673,1572,781,791,112Y12M
10014,臺東縣,10014010,臺東市,10014010-038,豐榮里,1438,3440,1678,1762,112Y12M
10014,臺東縣,10014010,臺東市,10014010-039,豐谷里,1494,3924,1961,1963,112Y12M
10014,臺東縣,10014010,臺東市,10014010-040,豐里里,954,2602,1322,1280,112Y12M
10014,臺東縣,10014010,臺東市,10014010-041,豐原里,513,1434,777,657,112Y12M
10014,臺東縣,10014010,臺東市,10014010-042,建和里,600,1515,777,738,112Y12M
10014,臺東縣,10014010,臺東市,10014010-043,建興里,556,1365,665,700,112Y12M
10014,臺東縣,10014010,臺東市,10014010-045,知本里,1065,2620,1323,1297,112Y12M
10014,臺東縣,10014010,臺東市,10014010-046,建農里,912,2304,1182,1122,112Y12M
10014,臺東縣,10014010,臺東市,10014010-047,仁和里,1493,3468,1643,1825,112Y12M
10014,臺東縣,10014010,臺東市,10014010-048,豐安里,1416,3247,1508,1739,112Y12M
10014,臺東縣,10014010,臺東市,10014010-049,豐盛里,1535,3829,1866,1963,112Y12M
10014,臺東縣,10014020,成功鎮,10014020-001,博愛里,303,597,341,256,112Y12M
10014,臺東縣,10014020,成功鎮,10014020-002,忠孝里,451,968,478,490,112Y12M
10014,臺東縣,10014020,成功鎮,10014020-003,三仙里,619,1431,799,632,112Y12M
10014,臺東縣,10014020,成功鎮,10014020-004,三民里,1125,2889,1471,1418,112Y12M
10014,臺東縣,10014020,成功鎮,10014020-005,忠智里,786,2158,1099,1059,112Y12M
10014,臺東縣,10014020,成功鎮,10014020-006,忠仁里,918,2372,1217,1155,112Y12M
10014,臺東縣,10014020,成功鎮,10014020-007,和平里,360,748,415,333,112Y12M
10014,臺東縣,10014020,成功鎮,10014020-008,信義里,823,1915,1044,871,112Y12M
10014,臺東縣,10014030,關山鎮,10014030-001,德高里,706,1808,950,858,112Y12M
10014,臺東縣,10014030,關山鎮,10014030-002,豐泉里,496,1305,641,664,112Y12M
10014,臺東縣,10014030,關山鎮,10014030-003,新福里,401,999,525,474,112Y12M
10014,臺東縣,10014030,關山鎮,10014030-004,中福里,333,849,421,428,112Y12M
10014,臺東縣,10014030,關山鎮,10014030-005,里壠里,713,1795,879,916,112Y12M
10014,臺東縣,10014030,關山鎮,10014030-006,電光里,218,573,319,254,112Y12M
10014,臺東縣,10014030,關山鎮,10014030-007,月眉里,309,723,401,322,112Y12M
10014,臺東縣,10014040,卑南鄉,10014040-001,嘉豐村,217,521,290,231,112Y12M
10014,臺東縣,10014040,卑南鄉,10014040-002,利吉村,209,473,263,210,112Y12M
10014,臺東縣,10014040,卑南鄉,10014040-003,富山村,241,502,265,237,112Y12M
10014,臺東縣,10014040,卑南鄉,10014040-004,富源村,158,328,188,140,112Y12M
10014,臺東縣,10014040,卑南鄉,10014040-005,明峰村,516,1241,670,571,112Y12M
10014,臺東縣,10014040,卑南鄉,10014040-006,初鹿村,520,1342,693,649,112Y12M
10014,臺東縣,10014040,卑南鄉,10014040-007,美農村,499,1103,604,499,112Y12M
10014,臺東縣,10014040,卑南鄉,10014040-008,賓朗村,956,2396,1242,1154,112Y12M
10014,臺東縣,10014040,卑南鄉,10014040-009,泰安村,529,1346,672,674,112Y12M
10014,臺東縣,10014040,卑南鄉,10014040-010,太平村,1476,3608,1833,1775,112Y12M
10014,臺東縣,10014040,卑南鄉,10014040-011,利嘉村,483,1258,642,616,112Y12M
10014,臺東縣,10014040,卑南鄉,10014040-012,東興村,511,1328,695,633,112Y12M
10014,臺東縣,10014040,卑南鄉,10014040-013,溫泉村,566,1155,622,533,112Y12M
10014,臺東縣,10014050,鹿野鄉,10014050-001,瑞和村,249,679,353,326,112Y12M
10014,臺東縣,10014050,鹿野鄉,10014050-002,瑞豐村,389,919,495,424,112Y12M
10014,臺東縣,10014050,鹿野鄉,10014050-003,瑞源村,381,915,467,448,112Y12M
10014,臺東縣,10014050,鹿野鄉,10014050-004,永安村,636,1526,822,704,112Y12M
10014,臺東縣,10014050,鹿野鄉,10014050-005,瑞隆村,389,929,483,446,112Y12M
10014,臺東縣,10014050,鹿野鄉,10014050-006,鹿野村,470,1099,553,546,112Y12M
10014,臺東縣,10014050,鹿野鄉,10014050-007,龍田村,479,1126,606,520,112Y12M
10014,臺東縣,10014060,池上鄉,10014060-001,福文村,500,1204,635,569,112Y12M
10014,臺東縣,10014060,池上鄉,10014060-002,慶豐村,265,739,384,355,112Y12M
10014,臺東縣,10014060,池上鄉,10014060-003,大坡村,144,356,188,168,112Y12M
10014,臺東縣,10014060,池上鄉,10014060-004,大埔村,338,871,434,437,112Y12M
10014,臺東縣,10014060,池上鄉,10014060-005,福原村,863,2188,1033,1155,112Y12M
10014,臺東縣,10014060,池上鄉,10014060-006,錦園村,155,348,189,159,112Y12M
10014,臺東縣,10014060,池上鄉,10014060-007,新興村,379,915,498,417,112Y12M
10014,臺東縣,10014060,池上鄉,10014060-008,萬安村,143,344,175,169,112Y12M
10014,臺東縣,10014060,池上鄉,10014060-009,富興村,164,411,227,184,112Y12M
10014,臺東縣,10014060,池上鄉,10014060-010,振興村,199,482,258,224,112Y12M
10014,臺東縣,10014070,東河鄉,10014070-001,北源村,796,1562,960,602,112Y12M
10014,臺東縣,10014070,東河鄉,10014070-002,泰源村,507,1226,639,587,112Y12M
10014,臺東縣,10014070,東河鄉,10014070-003,東河村,455,1057,580,477,112Y12M
10014,臺東縣,10014070,東河鄉,10014070-004,尚德村,124,247,142,105,112Y12M
10014,臺東縣,10014070,東河鄉,10014070-005,隆昌村,261,538,271,267,112Y12M
10014,臺東縣,10014070,東河鄉,10014070-006,興昌村,497,998,516,482,112Y12M
10014,臺東縣,10014070,東河鄉,10014070-007,都蘭村,979,2268,1182,1086,112Y12M
10014,臺東縣,10014080,長濱鄉,10014080-001,樟原村,279,597,331,266,112Y12M
10014,臺東縣,10014080,長濱鄉,10014080-002,三間村,534,1229,707,522,112Y12M
10014,臺東縣,10014080,長濱鄉,10014080-003,忠勇村,230,558,335,223,112Y12M
10014,臺東縣,10014080,長濱鄉,10014080-004,長濱村,873,2110,1115,995,112Y12M
10014,臺東縣,10014080,長濱鄉,10014080-005,竹湖村,389,915,499,416,112Y12M
10014,臺東縣,10014080,長濱鄉,10014080-006,寧埔村,577,1240,717,523,112Y12M
10014,臺東縣,10014090,太麻里鄉,10014090-001,美和村,559,1417,754,663,112Y12M
10014,臺東縣,10014090,太麻里鄉,10014090-002,三和村,265,602,322,280,112Y12M
10014,臺東縣,10014090,太麻里鄉,10014090-003,華源村,325,611,339,272,112Y12M
10014,臺東縣,10014090,太麻里鄉,10014090-004,北里村,317,625,366,259,112Y12M
10014,臺東縣,10014090,太麻里鄉,10014090-005,泰和村,717,1506,767,739,112Y12M
10014,臺東縣,10014090,太麻里鄉,10014090-006,大王村,909,1993,1070,923,112Y12M
10014,臺東縣,10014090,太麻里鄉,10014090-007,香蘭村,389,902,476,426,112Y12M
10014,臺東縣,10014090,太麻里鄉,10014090-008,金崙村,878,2002,1028,974,112Y12M
10014,臺東縣,10014090,太麻里鄉,10014090-009,多良村,479,1021,520,501,112Y12M
10014,臺東縣,10014100,大武鄉,10014100-001,大竹村,378,834,451,383,112Y12M
10014,臺東縣,10014100,大武鄉,10014100-002,大鳥村,530,1248,677,571,112Y12M
10014,臺東縣,10014100,大武鄉,10014100-003,大武村,622,1435,736,699,112Y12M
10014,臺東縣,10014100,大武鄉,10014100-004,尚武村,665,1423,722,701,112Y12M
10014,臺東縣,10014100,大武鄉,10014100-005,南興村,280,613,322,291,112Y12M
10014,臺東縣,10014110,綠島鄉,10014110-001,公館村,367,1213,673,540,112Y12M
10014,臺東縣,10014110,綠島鄉,10014110-002,中寮村,378,1265,664,601,112Y12M
10014,臺東縣,10014110,綠島鄉,10014110-003,南寮村,513,1895,1008,887,112Y12M
10014,臺東縣,10014120,海端鄉,10014120-001,廣原村,251,962,482,480,112Y12M
10014,臺東縣,10014120,海端鄉,10014120-002,霧鹿村,93,334,176,158,112Y12M
10014,臺東縣,10014120,海端鄉,10014120-003,利稻村,82,349,172,177,112Y12M
10014,臺東縣,10014120,海端鄉,10014120-004,海端村,306,1184,624,560,112Y12M
10014,臺東縣,10014120,海端鄉,10014120-005,崁頂村,207,822,459,363,112Y12M
10014,臺東縣,10014120,海端鄉,10014120-006,加拿村,159,624,337,287,112Y12M
10014,臺東縣,10014130,延平鄉,10014130-001,武陵村,225,735,379,356,112Y12M
10014,臺東縣,10014130,延平鄉,10014130-002,永康村,122,386,203,183,112Y12M
10014,臺東縣,10014130,延平鄉,10014130-003,紅葉村,148,501,258,243,112Y12M
10014,臺東縣,10014130,延平鄉,10014130-004,鸞山村,213,696,369,327,112Y12M
10014,臺東縣,10014130,延平鄉,10014130-005,桃源村,365,1249,652,597,112Y12M
10014,臺東縣,10014140,金峰鄉,10014140-001,新興村,213,695,347,348,112Y12M
10014,臺東縣,10014140,金峰鄉,10014140-002,正興村,226,725,352,373,112Y12M
10014,臺東縣,10014140,金峰鄉,10014140-003,嘉蘭村,500,1528,774,754,112Y12M
10014,臺東縣,10014140,金峰鄉,10014140-004,賓茂村,140,375,203,172,112Y12M
10014,臺東縣,10014140,金峰鄉,10014140-005,歷坵村,137,409,198,211,112Y12M
10014,臺東縣,10014150,達仁鄉,10014150-001,台坂村,282,702,377,325,112Y12M
10014,臺東縣,10014150,達仁鄉,10014150-002,土坂村,360,994,547,447,112Y12M
10014,臺東縣,10014150,達仁鄉,10014150-003,新化村,160,403,222,181,112Y12M
10014,臺東縣,10014150,達仁鄉,10014150-004,安朔村,312,628,341,287,112Y12M
10014,臺東縣,10014150,達仁鄉,10014150-005,森永村,188,380,210,170,112Y12M
10014,臺東縣,10014150,達仁鄉,10014150-006,南田村,140,332,168,164,112Y12M
10014,臺東縣,10014160,蘭嶼鄉,10014160-001,東清村,573,1650,821,829,112Y12M
10014,臺東縣,10014160,蘭嶼鄉,10014160-002,朗島村,346,945,459,486,112Y12M
10014,臺東縣,10014160,蘭嶼鄉,10014160-003,紅頭村,622,1519,779,740,112Y12M
10014,臺東縣,10014160,蘭嶼鄉,10014160-004,椰油村,450,1204,598,606,112Y12M
10014,臺東縣,10014010,臺東市,10014010-001,富岡里,1077,2541,1345,1196,113Y06M
10014,臺東縣,10014010,臺東市,10014010-003,岩灣里,1234,2484,1232,1252,113Y06M
10014,臺東縣,10014010,臺東市,10014010-004,南王里,1277,3199,1625,1574,113Y06M
10014,臺東縣,10014010,臺東市,10014010-005,卑南里,1360,3260,1591,1669,113Y06M
10014,臺東縣,10014010,臺東市,10014010-006,南榮里,1129,2994,1547,1447,113Y06M
10014,臺東縣,10014010,臺東市,10014010-007,新生里,1636,3896,1886,2010,113Y06M
10014,臺東縣,10014010,臺東市,10014010-008,民生里,1353,3023,1428,1595,113Y06M
10014,臺東縣,10014010,臺東市,10014010-009,寶桑里,652,1574,783,791,113Y06M
10014,臺東縣,10014010,臺東市,10014010-010,馬蘭里,1065,3050,1465,1585,113Y06M
10014,臺東縣,10014010,臺東市,10014010-011,中心里,1369,3933,1909,2024,113Y06M
10014,臺東縣,10014010,臺東市,10014010-012,自強里,1491,4324,2072,2252,113Y06M
10014,臺東縣,10014010,臺東市,10014010-013,民族里,1157,3490,1658,1832,113Y06M
10014,臺東縣,10014010,臺東市,10014010-015,中華里,1045,2538,1275,1263,113Y06M
10014,臺東縣,10014010,臺東市,10014010-017,建國里,834,1979,1001,978,113Y06M
10014,臺東縣,10014010,臺東市,10014010-020,中正里,1035,2235,1102,1133,113Y06M
10014,臺東縣,10014010,臺東市,10014010-022,成功里,903,2022,979,1043,113Y06M
10014,臺東縣,10014010,臺東市,10014010-023,文化里,960,2281,1256,1025,113Y06M
10014,臺東縣,10014010,臺東市,10014010-024,中山里,868,2170,1037,1133,113Y06M
10014,臺東縣,10014010,臺東市,10014010-029,新園里,778,1857,967,890,113Y06M
10014,臺東縣,10014010,臺東市,10014010-030,豐田里,1107,2670,1273,1397,113Y06M
10014,臺東縣,10014010,臺東市,10014010-031,豐年里,1544,3609,1828,1781,113Y06M
10014,臺東縣,10014010,臺東市,10014010-032,光明里,1342,3226,1456,1770,113Y06M
10014,臺東縣,10014010,臺東市,10014010-033,豐樂里,725,2105,1066,1039,113Y06M
10014,臺東縣,10014010,臺東市,10014010-034,永樂里,1159,3272,1654,1618,113Y06M
10014,臺東縣,10014010,臺東市,10014010-035,康樂里,665,1670,871,799,113Y06M
10014,臺東縣,10014010,臺東市,10014010-036,東海里,968,2506,1190,1316,113Y06M
10014,臺東縣,10014010,臺東市,10014010-037,新興里,668,1564,774,790,113Y06M
10014,臺東縣,10014010,臺東市,10014010-038,豐榮里,1439,3432,1673,1759,113Y06M
10014,臺東縣,10014010,臺東市,10014010-039,豐谷里,1498,3895,1939,1956,113Y06M
10014,臺東縣,10014010,臺東市,10014010-040,豐里里,956,2593,1318,1275,113Y06M
10014,臺東縣,10014010,臺東市,10014010-041,豐原里,511,1416,760,656,113Y06M
10014,臺東縣,10014010,臺東市,10014010-042,建和里,597,1492,762,730,113Y06M
10014,臺東縣,10014010,臺東市,10014010-043,建興里,557,1355,660,695,113Y06M
10014,臺東縣,10014010,臺東市,10014010-045,知本里,1069,2620,1327,1293,113Y06M
10014,臺東縣,10014010,臺東市,10014010-046,建農里,905,2302,1188,1114,113Y06M
10014,臺東縣,10014010,臺東市,10014010-047,仁和里,1491,3475,1634,1841,113Y06M
10014,臺東縣,10014010,臺東市,10014010-048,豐安里,1478,3344,1542,1802,113Y06M
10014,臺東縣,10014010,臺東市,10014010-049,豐盛里,1546,3859,1880,1979,113Y06M
10014,臺東縣,10014020,成功鎮,10014020-001,博愛里,304,589,335,254,113Y06M
10014,臺東縣,10014020,成功鎮,10014020-002,忠孝里,452,963,477,486,113Y06M
10014,臺東縣,10014020,成功鎮,10014020-003,三仙里,620,1425,803,622,113Y06M
10014,臺東縣,10014020,成功鎮,10014020-004,三民里,1122,2856,1456,1400,113Y06M
10014,臺東縣,10014020,成功鎮,10014020-005,忠智里,786,2144,1092,1052,113Y06M
10014,臺東縣,10014020,成功鎮,10014020-006,忠仁里,918,2361,1214,1147,113Y06M
10014,臺東縣,10014020,成功鎮,10014020-007,和平里,359,741,410,331,113Y06M
10014,臺東縣,10014020,成功鎮,10014020-008,信義里,830,1913,1044,869,113Y06M
10014,臺東縣,10014030,關山鎮,10014030-001,德高里,710,1798,947,851,113Y06M
10014,臺東縣,10014030,關山鎮,10014030-002,豐泉里,502,1304,638,666,113Y06M
10014,臺東縣,10014030,關山鎮,10014030-003,新福里,407,986,523,463,113Y06M
10014,臺東縣,10014030,關山鎮,10014030-004,中福里,334,834,414,420,113Y06M
10014,臺東縣,10014030,關山鎮,10014030-005,里壠里,707,1797,880,917,113Y06M
10014,臺東縣,10014030,關山鎮,10014030-006,電光里,220,571,318,253,113Y06M
10014,臺東縣,10014030,關山鎮,10014030-007,月眉里,304,726,404,322,113Y06M
10014,臺東縣,10014040,卑南鄉,10014040-001,嘉豐村,214,516,286,230,113Y06M
10014,臺東縣,10014040,卑南鄉,10014040-002,利吉村,210,467,259,208,113Y06M
10014,臺東縣,10014040,卑南鄉,10014040-003,富山村,242,500,271,229,113Y06M
10014,臺東縣,10014040,卑南鄉,10014040-004,富源村,156,324,183,141,113Y06M
10014,臺東縣,10014040,卑南鄉,10014040-005,明峰村,513,1213,649,564,113Y06M
10014,臺東縣,10014040,卑南鄉,10014040-006,初鹿村,524,1343,692,651,113Y06M
10014,臺東縣,10014040,卑南鄉,10014040-007,美農村,502,1104,612,492,113Y06M
10014,臺東縣,10014040,卑南鄉,10014040-008,賓朗村,947,2353,1226,1127,113Y06M
10014,臺東縣,10014040,卑南鄉,10014040-009,泰安村,542,1361,676,685,113Y06M
10014,臺東縣,10014040,卑南鄉,10014040-010,太平村,1476,3570,1817,1753,113Y06M
10014,臺東縣,10014040,卑南鄉,10014040-011,利嘉村,478,1244,635,609,113Y06M
10014,臺東縣,10014040,卑南鄉,10014040-012,東興村,511,1345,706,639,113Y06M
10014,臺東縣,10014040,卑南鄉,10014040-013,溫泉村,564,1172,628,544,113Y06M
10014,臺東縣,10014050,鹿野鄉,10014050-001,瑞和村,250,669,346,323,113Y06M
10014,臺東縣,10014050,鹿野鄉,10014050-002,瑞豐村,394,915,495,420,113Y06M
10014,臺東縣,10014050,鹿野鄉,10014050-003,瑞源村,382,914,465,449,113Y06M
10014,臺東縣,10014050,鹿野鄉,10014050-004,永安村,633,1508,816,692,113Y06M
10014,臺東縣,10014050,鹿野鄉,10014050-005,瑞隆村,395,918,478,440,113Y06M
10014,臺東縣,10014050,鹿野鄉,10014050-006,鹿野村,465,1081,544,537,113Y06M
10014,臺東縣,10014050,鹿野鄉,10014050-007,龍田村,479,1105,594,511,113Y06M
10014,臺東縣,10014060,池上鄉,10014060-001,福文村,502,1201,629,572,113Y06M
10014,臺東縣,10014060,池上鄉,10014060-002,慶豐村,261,724,376,348,113Y06M
10014,臺東縣,10014060,池上鄉,10014060-003,大坡村,142,351,186,165,113Y06M
10014,臺東縣,10014060,池上鄉,10014060-004,大埔村,337,850,425,425,113Y06M
10014,臺東縣,10014060,池上鄉,10014060-005,福原村,861,2167,1029,1138,113Y06M
10014,臺東縣,10014060,池上鄉,10014060-006,錦園村,151,340,186,154,113Y06M
10014,臺東縣,10014060,池上鄉,10014060-007,新興村,378,896,489,407,113Y06M
10014,臺東縣,10014060,池上鄉,10014060-008,萬安村,146,342,175,167,113Y06M
10014,臺東縣,10014060,池上鄉,10014060-009,富興村,161,403,222,181,113Y06M
10014,臺東縣,10014060,池上鄉,10014060-010,振興村,198,472,250,222,113Y06M
10014,臺東縣,10014070,東河鄉,10014070-001,北源村,804,1553,956,597,113Y06M
10014,臺東縣,10014070,東河鄉,10014070-002,泰源村,505,1216,635,581,113Y06M
10014,臺東縣,10014070,東河鄉,10014070-003,東河村,447,1044,568,476,113Y06M
10014,臺東縣,10014070,東河鄉,10014070-004,尚德村,125,243,141,102,113Y06M
10014,臺東縣,10014070,東河鄉,10014070-005,隆昌村,261,537,273,264,113Y06M
10014,臺東縣,10014070,東河鄉,10014070-006,興昌村,495,1005,517,488,113Y06M
10014,臺東縣,10014070,東河鄉,10014070-007,都蘭村,988,2271,1183,1088,113Y06M
10014,臺東縣,10014080,長濱鄉,10014080-001,樟原村,279,583,328,255,113Y06M
10014,臺東縣,10014080,長濱鄉,10014080-002,三間村,531,1221,697,524,113Y06M
10014,臺東縣,10014080,長濱鄉,10014080-003,忠勇村,230,561,336,225,113Y06M
10014,臺東縣,10014080,長濱鄉,10014080-004,長濱村,876,2101,1105,996,113Y06M
10014,臺東縣,10014080,長濱鄉,10014080-005,竹湖村,391,898,497,401,113Y06M
10014,臺東縣,10014080,長濱鄉,10014080-006,寧埔村,574,1220,702,518,113Y06M
10014,臺東縣,10014090,太麻里鄉,10014090-001,美和村,561,1416,753,663,113Y06M
10014,臺東縣,10014090,太麻里鄉,10014090-002,三和村,264,604,320,284,113Y06M
10014,臺東縣,10014090,太麻里鄉,10014090-003,華源村,324,601,335,266,113Y06M
10014,臺東縣,10014090,太麻里鄉,10014090-004,北里村,314,615,361,254,113Y06M
10014,臺東縣,10014090,太麻里鄉,10014090-005,泰和村,719,1490,754,736,113Y06M
10014,臺東縣,10014090,太麻里鄉,10014090-006,大王村,914,1989,1066,923,113Y06M
10014,臺東縣,10014090,太麻里鄉,10014090-007,香蘭村,387,883,465,418,113Y06M
10014,臺東縣,10014090,太麻里鄉,10014090-008,金崙村,879,2006,1031,975,113Y06M
10014,臺東縣,10014090,太麻里鄉,10014090-009,多良村,487,1007,512,495,113Y06M
10014,臺東縣,10014100,大武鄉,10014100-001,大竹村,379,840,451,389,113Y06M
10014,臺東縣,10014100,大武鄉,10014100-002,大鳥村,527,1229,670,559,113Y06M
10014,臺東縣,10014100,大武鄉,10014100-003,大武村,620,1424,727,697,113Y06M
10014,臺東縣,10014100,大武鄉,10014100-004,尚武村,658,1408,729,679,113Y06M
10014,臺東縣,10014100,大武鄉,10014100-005,南興村,278,599,316,283,113Y06M
10014,臺東縣,10014110,綠島鄉,10014110-001,公館村,367,1214,677,537,113Y06M
10014,臺東縣,10014110,綠島鄉,10014110-002,中寮村,382,1270,665,605,113Y06M
10014,臺東縣,10014110,綠島鄉,10014110-003,南寮村,515,1893,1008,885,113Y06M
10014,臺東縣,10014120,海端鄉,10014120-001,廣原村,249,951,477,474,113Y06M
10014,臺東縣,10014120,海端鄉,10014120-002,霧鹿村,91,346,180,166,113Y06M
10014,臺東縣,10014120,海端鄉,10014120-003,利稻村,85,348,172,176,113Y06M
10014,臺東縣,10014120,海端鄉,10014120-004,海端村,310,1194,629,565,113Y06M
10014,臺東縣,10014120,海端鄉,10014120-005,崁頂村,208,815,449,366,113Y06M
10014,臺東縣,10014120,海端鄉,10014120-006,加拿村,160,629,342,287,113Y06M
10014,臺東縣,10014130,延平鄉,10014130-001,武陵村,227,739,379,360,113Y06M
10014,臺東縣,10014130,延平鄉,10014130-002,永康村,123,397,205,192,113Y06M
10014,臺東縣,10014130,延平鄉,10014130-003,紅葉村,148,505,265,240,113Y06M
10014,臺東縣,10014130,延平鄉,10014130-004,鸞山村,213,689,360,329,113Y06M
10014,臺東縣,10014130,延平鄉,10014130-005,桃源村,365,1228,639,589,113Y06M
10014,臺東縣,10014140,金峰鄉,10014140-001,新興村,213,685,340,345,113Y06M
10014,臺東縣,10014140,金峰鄉,10014140-002,正興村,229,734,359,375,113Y06M
10014,臺東縣,10014140,金峰鄉,10014140-003,嘉蘭村,499,1516,765,751,113Y06M
10014,臺東縣,10014140,金峰鄉,10014140-004,賓茂村,141,370,205,165,113Y06M
10014,臺東縣,10014140,金峰鄉,10014140-005,歷坵村,140,404,194,210,113Y06M
10014,臺東縣,10014150,達仁鄉,10014150-001,台坂村,285,705,376,329,113Y06M
10014,臺東縣,10014150,達仁鄉,10014150-002,土坂村,358,995,545,450,113Y06M
10014,臺東縣,10014150,達仁鄉,10014150-003,新化村,160,401,219,182,113Y06M
10014,臺東縣,10014150,達仁鄉,10014150-004,安朔村,312,621,329,292,113Y06M
10014,臺東縣,10014150,達仁鄉,10014150-005,森永村,183,362,203,159,113Y06M
10014,臺東縣,10014150,達仁鄉,10014150-006,南田村,133,319,158,161,113Y06M
10014,臺東縣,10014160,蘭嶼鄉,10014160-001,東清村,577,1637,817,820,113Y06M
10014,臺東縣,10014160,蘭嶼鄉,10014160-002,朗島村,347,946,458,488,113Y06M
10014,臺東縣,10014160,蘭嶼鄉,10014160-003,紅頭村,625,1507,783,724,113Y06M
10014,臺東縣,10014160,蘭嶼鄉,10014160-004,椰油村,449,1178,590,588,113Y06M
10014,臺東縣,10014010,臺東市,10014010-001,富岡里,1070,2514,1329,1185,113Y12M
10014,臺東縣,10014010,臺東市,10014010-003,岩灣里,1276,2524,1258,1266,113Y12M
10014,臺東縣,10014010,臺東市,10014010-004,南王里,1313,3206,1613,1593,113Y12M
10014,臺東縣,10014010,臺東市,10014010-005,卑南里,1403,3299,1615,1684,113Y12M
10014,臺東縣,10014010,臺東市,10014010-006,南榮里,1163,3002,1562,1440,113Y12M
10014,臺東縣,10014010,臺東市,10014010-007,新生里,1672,3935,1905,2030,113Y12M
10014,臺東縣,10014010,臺東市,10014010-008,民生里,1386,3014,1427,1587,113Y12M
10014,臺東縣,10014010,臺東市,10014010-009,寶桑里,656,1563,774,789,113Y12M
10014,臺東縣,10014010,臺東市,10014010-010,馬蘭里,1054,2986,1453,1533,113Y12M
10014,臺東縣,10014010,臺東市,10014010-011,中心里,1381,3896,1878,2018,113Y12M
10014,臺東縣,10014010,臺東市,10014010-012,自強里,1522,4342,2093,2249,113Y12M
10014,臺東縣,10014010,臺東市,10014010-013,民族里,1161,3456,1631,1825,113Y12M
10014,臺東縣,10014010,臺東市,10014010-015,中華里,1060,2519,1262,1257,113Y12M
10014,臺東縣,10014010,臺東市,10014010-017,建國里,843,1949,987,962,113Y12M
10014,臺東縣,10014010,臺東市,10014010-020,中正里,1065,2255,1109,1146,113Y12M
10014,臺東縣,10014010,臺東市,10014010-022,成功里,904,1995,961,1034,113Y12M
10014,臺東縣,10014010,臺東市,10014010-023,文化里,959,2264,1242,1022,113Y12M
10014,臺東縣,10014010,臺東市,10014010-024,中山里,881,2105,1018,1087,113Y12M
10014,臺東縣,10014010,臺東市,10014010-029,新園里,778,1857,961,896,113Y12M
10014,臺東縣,10014010,臺東市,10014010-030,豐田里,1124,2686,1285,1401,113Y12M
10014,臺東縣,10014010,臺東市,10014010-031,豐年里,1561,3637,1842,1795,113Y12M
10014,臺東縣,10014010,臺東市,10014010-032,光明里,1380,3267,1463,1804,113Y12M
10014,臺東縣,10014010,臺東市,10014010-033,豐樂里,736,2109,1065,1044,113Y12M
10014,臺東縣,10014010,臺東市,10014010-034,永樂里,1181,3251,1640,1611,113Y12M
10014,臺東縣,10014010,臺東市,10014010-035,康樂里,683,1686,869,817,113Y12M
10014,臺東縣,10014010,臺東市,10014010-036,東海里,970,2481,1183,1298,113Y12M
10014,臺東縣,10014010,臺東市,10014010-037,新興里,675,1548,776,772,113Y12M
10014,臺東縣,10014010,臺東市,10014010-038,豐榮里,1465,3408,1659,1749,113Y12M
10014,臺東縣,10014010,臺東市,10014010-039,豐谷里,1509,3911,1945,1966,113Y12M
10014,臺東縣,10014010,臺東市,10014010-040,豐里里,975,2620,1334,1286,113Y12M
10014,臺東縣,10014010,臺東市,10014010-041,豐原里,519,1368,733,635,113Y12M
10014,臺東縣,10014010,臺東市,10014010-042,建和里,605,1500,771,729,113Y12M
10014,臺東縣,10014010,臺東市,10014010-043,建興里,576,1354,661,693,113Y12M
10014,臺東縣,10014010,臺東市,10014010-045,知本里,1094,2620,1327,1293,113Y12M
10014,臺東縣,10014010,臺東市,10014010-046,建農里,906,2298,1184,1114,113Y12M
10014,臺東縣,10014010,臺東市,10014010-047,仁和里,1522,3474,1629,1845,113Y12M
10014,臺東縣,10014010,臺東市,10014010-048,豐安里,1513,3367,1546,1821,113Y12M
10014,臺東縣,10014010,臺東市,10014010-049,豐盛里,1560,3849,1864,1985,113Y12M
10014,臺東縣,10014020,成功鎮,10014020-001,博愛里,309,593,338,255,113Y12M
10014,臺東縣,10014020,成功鎮,10014020-002,忠孝里,450,950,475,475,113Y12M
10014,臺東縣,10014020,成功鎮,10014020-003,三仙里,621,1420,796,624,113Y12M
10014,臺東縣,10014020,成功鎮,10014020-004,三民里,1149,2855,1453,1402,113Y12M
10014,臺東縣,10014020,成功鎮,10014020-005,忠智里,800,2129,1076,1053,113Y12M
10014,臺東縣,10014020,成功鎮,10014020-006,忠仁里,921,2344,1203,1141,113Y12M
10014,臺東縣,10014020,成功鎮,10014020-007,和平里,363,738,409,329,113Y12M
10014,臺東縣,10014020,成功鎮,10014020-008,信義里,835,1897,1035,862,113Y12M
10014,臺東縣,10014030,關山鎮,10014030-001,德高里,707,1775,939,836,113Y12M
10014,臺東縣,10014030,關山鎮,10014030-002,豐泉里,506,1296,633,663,113Y12M
10014,臺東縣,10014030,關山鎮,10014030-003,新福里,412,983,521,462,113Y12M
10014,臺東縣,10014030,關山鎮,10014030-004,中福里,332,831,411,420,113Y12M
10014,臺東縣,10014030,關山鎮,10014030-005,里壠里,711,1778,866,912,113Y12M
10014,臺東縣,10014030,關山鎮,10014030-006,電光里,223,567,320,247,113Y12M
10014,臺東縣,10014030,關山鎮,10014030-007,月眉里,303,724,407,317,113Y12M
10014,臺東縣,10014040,卑南鄉,10014040-001,嘉豐村,212,503,280,223,113Y12M
10014,臺東縣,10014040,卑南鄉,10014040-002,利吉村,208,462,251,211,113Y12M
10014,臺東縣,10014040,卑南鄉,10014040-003,富山村,242,500,271,229,113Y12M
10014,臺東縣,10014040,卑南鄉,10014040-004,富源村,158,325,183,142,113Y12M
10014,臺東縣,10014040,卑南鄉,10014040-005,明峰村,518,1218,654,564,113Y12M
10014,臺東縣,10014040,卑南鄉,10014040-006,初鹿村,531,1318,677,641,113Y12M
10014,臺東縣,10014040,卑南鄉,10014040-007,美農村,513,1113,614,499,113Y12M
10014,臺東縣,10014040,卑南鄉,10014040-008,賓朗村,954,2338,1216,1122,113Y12M
10014,臺東縣,10014040,卑南鄉,10014040-009,泰安村,551,1371,682,689,113Y12M
10014,臺東縣,10014040,卑南鄉,10014040-010,太平村,1479,3547,1797,1750,113Y12M
10014,臺東縣,10014040,卑南鄉,10014040-011,利嘉村,483,1246,632,614,113Y12M
10014,臺東縣,10014040,卑南鄉,10014040-012,東興村,516,1352,710,642,113Y12M
10014,臺東縣,10014040,卑南鄉,10014040-013,溫泉村,579,1179,628,551,113Y12M
10014,臺東縣,10014050,鹿野鄉,10014050-001,瑞和村,256,669,348,321,113Y12M
10014,臺東縣,10014050,鹿野鄉,10014050-002,瑞豐村,391,887,480,407,113Y12M
10014,臺東縣,10014050,鹿野鄉,10014050-003,瑞源村,391,909,462,447,113Y12M
10014,臺東縣,10014050,鹿野鄉,10014050-004,永安村,631,1491,810,681,113Y12M
10014,臺東縣,10014050,鹿野鄉,10014050-005,瑞隆村,396,908,475,433,113Y12M
10014,臺東縣,10014050,鹿野鄉,10014050-006,鹿野村,468,1077,539,538,113Y12M
10014,臺東縣,10014050,鹿野鄉,10014050-007,龍田村,490,1106,599,507,113Y12M
10014,臺東縣,10014060,池上鄉,10014060-001,福文村,496,1192,627,565,113Y12M
10014,臺東縣,10014060,池上鄉,10014060-002,慶豐村,256,706,371,335,113Y12M
10014,臺東縣,10014060,池上鄉,10014060-003,大坡村,143,351,186,165,113Y12M
10014,臺東縣,10014060,池上鄉,10014060-004,大埔村,336,838,414,424,113Y12M
10014,臺東縣,10014060,池上鄉,10014060-005,福原村,882,2170,1032,1138,113Y12M
10014,臺東縣,10014060,池上鄉,10014060-006,錦園村,151,338,182,156,113Y12M
10014,臺東縣,10014060,池上鄉,10014060-007,新興村,381,893,486,407,113Y12M
10014,臺東縣,10014060,池上鄉,10014060-008,萬安村,145,335,172,163,113Y12M
10014,臺東縣,10014060,池上鄉,10014060-009,富興村,161,401,220,181,113Y12M
10014,臺東縣,10014060,池上鄉,10014060-010,振興村,196,472,251,221,113Y12M
10014,臺東縣,10014070,東河鄉,10014070-001,北源村,819,1556,962,594,113Y12M
10014,臺東縣,10014070,東河鄉,10014070-002,泰源村,510,1218,641,577,113Y12M
10014,臺東縣,10014070,東河鄉,10014070-003,東河村,451,1033,563,470,113Y12M
10014,臺東縣,10014070,東河鄉,10014070-004,尚德村,127,248,144,104,113Y12M
10014,臺東縣,10014070,東河鄉,10014070-005,隆昌村,260,529,267,262,113Y12M
10014,臺東縣,10014070,東河鄉,10014070-006,興昌村,494,991,512,479,113Y12M
10014,臺東縣,10014070,東河鄉,10014070-007,都蘭村,993,2247,1163,1084,113Y12M
10014,臺東縣,10014080,長濱鄉,10014080-001,樟原村,280,574,321,253,113Y12M
10014,臺東縣,10014080,長濱鄉,10014080-002,三間村,529,1201,684,517,113Y12M
10014,臺東縣,10014080,長濱鄉,10014080-003,忠勇村,234,560,332,228,113Y12M
10014,臺東縣,10014080,長濱鄉,10014080-004,長濱村,884,2094,1092,1002,113Y12M
10014,臺東縣,10014080,長濱鄉,10014080-005,竹湖村,393,891,493,398,113Y12M
10014,臺東縣,10014080,長濱鄉,10014080-006,寧埔村,580,1218,697,521,113Y12M
10014,臺東縣,10014090,太麻里鄉,10014090-001,美和村,567,1407,749,658,113Y12M
10014,臺東縣,10014090,太麻里鄉,10014090-002,三和村,269,598,320,278,113Y12M
10014,臺東縣,10014090,太麻里鄉,10014090-003,華源村,323,603,334,269,113Y12M
10014,臺東縣,10014090,太麻里鄉,10014090-004,北里村,316,608,360,248,113Y12M
10014,臺東縣,10014090,太麻里鄉,10014090-005,泰和村,737,1493,759,734,113Y12M
10014,臺東縣,10014090,太麻里鄉,10014090-006,大王村,909,1971,1054,917,113Y12M
10014,臺東縣,10014090,太麻里鄉,10014090-007,香蘭村,384,857,460,397,113Y12M
10014,臺東縣,10014090,太麻里鄉,10014090-008,金崙村,888,2020,1030,990,113Y12M
10014,臺東縣,10014090,太麻里鄉,10014090-009,多良村,490,1012,515,497,113Y12M
10014,臺東縣,10014100,大武鄉,10014100-001,大竹村,382,827,447,380,113Y12M
10014,臺東縣,10014100,大武鄉,10014100-002,大鳥村,525,1219,663,556,113Y12M
10014,臺東縣,10014100,大武鄉,10014100-003,大武村,617,1414,725,689,113Y12M
10014,臺東縣,10014100,大武鄉,10014100-004,尚武村,669,1407,727,680,113Y12M
10014,臺東縣,10014100,大武鄉,10014100-005,南興村,276,598,317,281,113Y12M
10014,臺東縣,10014110,綠島鄉,10014110-001,公館村,368,1211,668,543,113Y12M
10014,臺東縣,10014110,綠島鄉,10014110-002,中寮村,377,1254,640,614,113Y12M
10014,臺東縣,10014110,綠島鄉,10014110-003,南寮村,527,1920,1045,875,113Y12M
10014,臺東縣,10014120,海端鄉,10014120-001,廣原村,251,940,474,466,113Y12M
10014,臺東縣,10014120,海端鄉,10014120-002,霧鹿村,92,351,178,173,113Y12M
10014,臺東縣,10014120,海端鄉,10014120-003,利稻村,85,355,174,181,113Y12M
10014,臺東縣,10014120,海端鄉,10014120-004,海端村,310,1203,630,573,113Y12M
10014,臺東縣,10014120,海端鄉,10014120-005,崁頂村,207,816,448,368,113Y12M
10014,臺東縣,10014120,海端鄉,10014120-006,加拿村,164,635,343,292,113Y12M
10014,臺東縣,10014130,延平鄉,10014130-001,武陵村,228,738,380,358,113Y12M
10014,臺東縣,10014130,延平鄉,10014130-002,永康村,121,402,205,197,113Y12M
10014,臺東縣,10014130,延平鄉,10014130-003,紅葉村,150,504,258,246,113Y12M
10014,臺東縣,10014130,延平鄉,10014130-004,鸞山村,211,688,361,327,113Y12M
10014,臺東縣,10014130,延平鄉,10014130-005,桃源村,368,1225,639,586,113Y12M
10014,臺東縣,10014140,金峰鄉,10014140-001,新興村,214,675,335,340,113Y12M
10014,臺東縣,10014140,金峰鄉,10014140-002,正興村,227,728,358,370,113Y12M
10014,臺東縣,10014140,金峰鄉,10014140-003,嘉蘭村,501,1508,757,751,113Y12M
10014,臺東縣,10014140,金峰鄉,10014140-004,賓茂村,141,370,205,165,113Y12M
10014,臺東縣,10014140,金峰鄉,10014140-005,歷坵村,139,406,195,211,113Y12M
10014,臺東縣,10014150,達仁鄉,10014150-001,台坂村,286,698,373,325,113Y12M
10014,臺東縣,10014150,達仁鄉,10014150-002,土坂村,364,1007,556,451,113Y12M
10014,臺東縣,10014150,達仁鄉,10014150-003,新化村,157,398,212,186,113Y12M
10014,臺東縣,10014150,達仁鄉,10014150-004,安朔村,313,612,326,286,113Y12M
10014,臺東縣,10014150,達仁鄉,10014150-005,森永村,180,353,196,157,113Y12M
10014,臺東縣,10014150,達仁鄉,10014150-006,南田村,132,341,167,174,113Y12M
10014,臺東縣,10014160,蘭嶼鄉,10014160-001,東清村,580,1628,810,818,113Y12M
10014,臺東縣,10014160,蘭嶼鄉,10014160-002,朗島村,350,958,464,494,113Y12M
10014,臺東縣,10014160,蘭嶼鄉,10014160-003,紅頭村,622,1498,776,722,113Y12M
10014,臺東縣,10014160,蘭嶼鄉,10014160-004,椰油村,457,1193,596,597,113Y12M
