COUNTY_ID,COUNTY,TOWN_ID,TOWN,V_ID,VILLAGE,A0A14_CNT,A0A14_M_CNT,A0A14_F_CNT,A15A64_CNT,A15A64_M_CNT,A15A64_F_CNT,A65UP_CNT,A65UP_M_CNT,A65UP_F_CNT,INFO_TIME
縣市代碼,縣市名稱,鄉鎮市區代碼,鄉鎮市區名稱,村里代碼,村里名稱,0-14歲人口數,0-14歲男性人口數,0-14歲女性人口數,15-64歲人口數,15-64歲男性人口數,15-64歲女性人口數,65歲以上人口數,65歲以上男性人口數,65歲以上女性人口數,資料時間
10014,臺東縣,10014100,大武鄉,10014100-001,大竹村,115,61,54,644,350,294,122,49,73,104Y12M
10014,臺東縣,10014100,大武鄉,10014100-003,大武村,219,121,98,1246,663,583,216,98,118,104Y12M
10014,臺東縣,10014100,大武鄉,10014100-002,大鳥村,193,106,87,1031,577,454,140,60,80,104Y12M
10014,臺東縣,10014100,大武鄉,10014100-004,尚武村,154,85,69,1327,686,641,263,119,144,104Y12M
10014,臺東縣,10014100,大武鄉,10014100-005,南興村,60,30,30,505,256,249,89,43,46,104Y12M
10014,臺東縣,10014090,太麻里鄉,10014090-002,三和村,75,40,35,521,273,248,130,66,64,104Y12M
10014,臺東縣,10014090,太麻里鄉,10014090-006,大王村,264,152,112,1525,826,699,349,164,185,104Y12M
10014,臺東縣,10014090,太麻里鄉,10014090-004,北里村,72,32,40,465,278,187,116,59,57,104Y12M
10014,臺東縣,10014090,太麻里鄉,10014090-009,多良村,133,74,59,789,414,375,134,59,75,104Y12M
10014,臺東縣,10014090,太麻里鄉,10014090-008,金崙村,270,150,120,1486,794,692,244,119,125,104Y12M
10014,臺東縣,10014090,太麻里鄉,10014090-001,美和村,159,90,69,1111,586,525,230,111,119,104Y12M
10014,臺東縣,10014090,太麻里鄉,10014090-007,香蘭村,85,52,33,614,352,262,192,93,99,104Y12M
10014,臺東縣,10014090,太麻里鄉,10014090-005,泰和村,186,112,74,1217,620,597,301,138,163,104Y12M
10014,臺東縣,10014090,太麻里鄉,10014090-003,華源村,64,32,32,453,268,185,189,88,101,104Y12M
10014,臺東縣,10014020,成功鎮,10014020-003,三仙里,178,95,83,1203,686,517,261,122,139,104Y12M
10014,臺東縣,10014020,成功鎮,10014020-004,三民里,312,176,136,2381,1247,1134,485,229,256,104Y12M
10014,臺東縣,10014020,成功鎮,10014020-007,和平里,58,29,29,612,335,277,198,100,98,104Y12M
10014,臺東縣,10014020,成功鎮,10014020-006,忠仁里,344,169,175,1957,1028,929,426,220,206,104Y12M
10014,臺東縣,10014020,成功鎮,10014020-002,忠孝里,104,47,57,803,434,369,238,105,133,104Y12M
10014,臺東縣,10014020,成功鎮,10014020-005,忠智里,283,148,135,1602,837,765,388,206,182,104Y12M
10014,臺東縣,10014020,成功鎮,10014020-008,信義里,174,100,74,1511,844,667,421,189,232,104Y12M
10014,臺東縣,10014020,成功鎮,10014020-001,博愛里,41,18,23,494,297,197,178,84,94,104Y12M
10014,臺東縣,10014060,池上鄉,10014060-003,大坡村,37,17,20,255,148,107,76,33,43,104Y12M
10014,臺東縣,10014060,池上鄉,10014060-004,大埔村,87,40,47,655,326,329,177,85,92,104Y12M
10014,臺東縣,10014060,池上鄉,10014060-010,振興村,49,32,17,356,192,164,93,46,47,104Y12M
10014,臺東縣,10014060,池上鄉,10014060-009,富興村,45,27,18,324,187,137,83,48,35,104Y12M
10014,臺東縣,10014060,池上鄉,10014060-007,新興村,119,63,56,708,399,309,201,98,103,104Y12M
10014,臺東縣,10014060,池上鄉,10014060-008,萬安村,55,29,26,256,144,112,90,42,48,104Y12M
10014,臺東縣,10014060,池上鄉,10014060-001,福文村,136,80,56,961,529,432,270,117,153,104Y12M
10014,臺東縣,10014060,池上鄉,10014060-005,福原村,275,154,121,1599,804,795,415,176,239,104Y12M
10014,臺東縣,10014060,池上鄉,10014060-002,慶豐村,58,31,27,550,303,247,158,73,85,104Y12M
10014,臺東縣,10014060,池上鄉,10014060-006,錦園村,36,14,22,271,160,111,93,44,49,104Y12M
10014,臺東縣,10014040,卑南鄉,10014040-010,太平村,341,167,174,2702,1392,1310,378,185,193,104Y12M
10014,臺東縣,10014040,卑南鄉,10014040-002,利吉村,33,17,16,339,192,147,98,43,55,104Y12M
10014,臺東縣,10014040,卑南鄉,10014040-011,利嘉村,126,67,59,964,504,460,157,81,76,104Y12M
10014,臺東縣,10014040,卑南鄉,10014040-005,明峰村,134,72,62,952,539,413,267,138,129,104Y12M
10014,臺東縣,10014040,卑南鄉,10014040-012,東興村,181,98,83,1070,559,511,147,75,72,104Y12M
10014,臺東縣,10014040,卑南鄉,10014040-006,初鹿村,189,100,89,1106,613,493,252,106,146,104Y12M
10014,臺東縣,10014040,卑南鄉,10014040-007,美農村,100,51,49,842,489,353,243,109,134,104Y12M
10014,臺東縣,10014040,卑南鄉,10014040-009,泰安村,198,106,92,1008,536,472,149,71,78,104Y12M
10014,臺東縣,10014040,卑南鄉,10014040-003,富山村,62,25,37,433,254,179,103,50,53,104Y12M
10014,臺東縣,10014040,卑南鄉,10014040-004,富源村,29,17,12,266,162,104,94,44,50,104Y12M
10014,臺東縣,10014040,卑南鄉,10014040-013,溫泉村,156,76,80,929,506,423,265,134,131,104Y12M
10014,臺東縣,10014040,卑南鄉,10014040-001,嘉豐村,61,32,29,423,247,176,94,40,54,104Y12M
10014,臺東縣,10014040,卑南鄉,10014040-008,賓朗村,286,150,136,1884,1020,864,446,211,235,104Y12M
10014,臺東縣,10014130,延平鄉,10014130-002,永康村,61,30,31,269,156,113,30,8,22,104Y12M
10014,臺東縣,10014130,延平鄉,10014130-001,武陵村,126,58,68,547,311,236,56,24,32,104Y12M
10014,臺東縣,10014130,延平鄉,10014130-003,紅葉村,87,44,43,387,214,173,42,19,23,104Y12M
10014,臺東縣,10014130,延平鄉,10014130-005,桃源村,213,100,113,951,521,430,79,29,50,104Y12M
10014,臺東縣,10014130,延平鄉,10014130-004,鸞山村,117,63,54,540,299,241,70,31,39,104Y12M
10014,臺東縣,10014070,東河鄉,10014070-001,北源村,112,57,55,1315,881,434,377,173,204,104Y12M
10014,臺東縣,10014070,東河鄉,10014070-004,尚德村,25,10,15,232,129,103,61,36,25,104Y12M
10014,臺東縣,10014070,東河鄉,10014070-003,東河村,104,51,53,807,467,340,223,101,122,104Y12M
10014,臺東縣,10014070,東河鄉,10014070-002,泰源村,134,70,64,1039,593,446,263,108,155,104Y12M
10014,臺東縣,10014070,東河鄉,10014070-007,都蘭村,260,139,121,1769,981,788,474,210,264,104Y12M
10014,臺東縣,10014070,東河鄉,10014070-005,隆昌村,36,20,16,396,225,171,153,64,89,104Y12M
10014,臺東縣,10014070,東河鄉,10014070-006,興昌村,102,44,58,693,384,309,272,124,148,104Y12M
10014,臺東縣,10014140,金峰鄉,10014140-002,正興村,102,51,51,536,274,262,64,28,36,104Y12M
10014,臺東縣,10014140,金峰鄉,10014140-001,新興村,109,58,51,466,243,223,35,15,20,104Y12M
10014,臺東縣,10014140,金峰鄉,10014140-003,嘉蘭村,256,127,129,1120,586,534,116,52,64,104Y12M
10014,臺東縣,10014140,金峰鄉,10014140-004,賓茂村,64,44,20,298,155,143,43,21,22,104Y12M
10014,臺東縣,10014140,金峰鄉,10014140-005,歷坵村,58,31,27,279,150,129,40,18,22,104Y12M
10014,臺東縣,10014080,長濱鄉,10014080-002,三間村,122,59,63,948,605,343,355,160,195,104Y12M
10014,臺東縣,10014080,長濱鄉,10014080-005,竹湖村,83,41,42,727,434,293,217,88,129,104Y12M
10014,臺東縣,10014080,長濱鄉,10014080-003,忠勇村,80,41,39,448,286,162,136,67,69,104Y12M
10014,臺東縣,10014080,長濱鄉,10014080-004,長濱村,216,118,98,1608,934,674,473,216,257,104Y12M
10014,臺東縣,10014080,長濱鄉,10014080-006,寧埔村,92,58,34,1030,617,413,307,160,147,104Y12M
10014,臺東縣,10014080,長濱鄉,10014080-001,樟原村,46,26,20,494,303,191,197,85,112,104Y12M
10014,臺東縣,10014120,海端鄉,10014120-006,加拿村,117,65,52,514,291,223,38,17,21,104Y12M
10014,臺東縣,10014120,海端鄉,10014120-003,利稻村,71,31,40,237,125,112,21,8,13,104Y12M
10014,臺東縣,10014120,海端鄉,10014120-005,崁頂村,127,71,56,554,313,241,48,23,25,104Y12M
10014,臺東縣,10014120,海端鄉,10014120-004,海端村,213,106,107,919,508,411,88,33,55,104Y12M
10014,臺東縣,10014120,海端鄉,10014120-001,廣原村,210,110,100,736,385,351,69,27,42,104Y12M
10014,臺東縣,10014120,海端鄉,10014120-002,霧鹿村,67,33,34,251,138,113,42,19,23,104Y12M
10014,臺東縣,10014050,鹿野鄉,10014050-004,永安村,170,88,82,1276,720,556,260,120,140,104Y12M
10014,臺東縣,10014050,鹿野鄉,10014050-006,鹿野村,136,77,59,894,475,419,243,112,131,104Y12M
10014,臺東縣,10014050,鹿野鄉,10014050-001,瑞和村,75,36,39,558,318,240,129,52,77,104Y12M
10014,臺東縣,10014050,鹿野鄉,10014050-005,瑞隆村,93,45,48,719,414,305,209,104,105,104Y12M
10014,臺東縣,10014050,鹿野鄉,10014050-003,瑞源村,135,67,68,752,381,371,181,86,95,104Y12M
10014,臺東縣,10014050,鹿野鄉,10014050-002,瑞豐村,60,38,22,722,417,305,221,93,128,104Y12M
10014,臺東縣,10014050,鹿野鄉,10014050-007,龍田村,144,74,70,871,491,380,259,128,131,104Y12M
10014,臺東縣,10014150,達仁鄉,10014150-002,土村,99,52,47,779,451,328,84,38,46,104Y12M
10014,臺東縣,10014150,達仁鄉,10014150-001,台村,69,29,40,543,304,239,86,38,48,104Y12M
10014,臺東縣,10014150,達仁鄉,10014150-004,安朔村,79,41,38,588,335,253,72,28,44,104Y12M
10014,臺東縣,10014150,達仁鄉,10014150-006,南田村,26,11,15,304,157,147,27,12,15,104Y12M
10014,臺東縣,10014150,達仁鄉,10014150-005,森永村,54,27,27,336,190,146,62,30,32,104Y12M
10014,臺東縣,10014150,達仁鄉,10014150-003,新化村,51,31,20,278,156,122,52,26,26,104Y12M
10014,臺東縣,10014110,綠島鄉,10014110-002,中寮村,109,48,61,971,530,441,117,55,62,104Y12M
10014,臺東縣,10014110,綠島鄉,10014110-001,公館村,114,64,50,787,423,364,95,43,52,104Y12M
10014,臺東縣,10014110,綠島鄉,10014110-003,南寮村,157,85,72,1262,646,616,163,78,85,104Y12M
10014,臺東縣,10014010,臺東市,10014010-021,大同里,104,48,56,670,329,341,162,77,85,104Y12M
10014,臺東縣,10014010,臺東市,10014010-024,中山里,242,119,123,666,348,318,193,82,111,104Y12M
10014,臺東縣,10014010,臺東市,10014010-011,中心里,947,498,449,2816,1353,1463,446,202,244,104Y12M
10014,臺東縣,10014010,臺東市,10014010-020,中正里,46,23,23,674,339,335,200,94,106,104Y12M
10014,臺東縣,10014010,臺東市,10014010-015,中華里,206,103,103,1434,751,683,299,128,171,104Y12M
10014,臺東縣,10014010,臺東市,10014010-019,仁愛里,55,27,28,611,330,281,137,59,78,104Y12M
10014,臺東縣,10014010,臺東市,10014010-023,文化里,447,236,211,751,367,384,117,52,65,104Y12M
10014,臺東縣,10014010,臺東市,10014010-014,四維里,72,40,32,511,288,223,118,53,65,104Y12M
10014,臺東縣,10014010,臺東市,10014010-008,民生里,275,161,114,2721,1342,1379,541,248,293,104Y12M
10014,臺東縣,10014010,臺東市,10014010-013,民族里,863,445,418,1306,594,712,242,118,124,104Y12M
10014,臺東縣,10014010,臺東市,10014010-018,民權里,91,48,43,736,398,338,160,69,91,104Y12M
10014,臺東縣,10014010,臺東市,10014010-034,永樂里,432,222,210,1878,960,918,258,125,133,104Y12M
10014,臺東縣,10014010,臺東市,10014010-032,光明里,767,382,385,2481,1151,1330,302,134,168,104Y12M
10014,臺東縣,10014010,臺東市,10014010-022,成功里,99,48,51,681,344,337,176,78,98,104Y12M
10014,臺東縣,10014010,臺東市,10014010-012,自強里,1124,599,525,3616,1719,1897,640,288,352,104Y12M
10014,臺東縣,10014010,臺東市,10014010-005,卑南里,282,157,125,2428,1234,1194,385,168,217,104Y12M
10014,臺東縣,10014010,臺東市,10014010-003,岩灣里,187,88,99,1793,947,846,293,156,137,104Y12M
10014,臺東縣,10014010,臺東市,10014010-036,東海里,769,399,370,2586,1239,1347,438,206,232,104Y12M
10014,臺東縣,10014010,臺東市,10014010-045,知本里,146,83,63,1175,588,587,205,94,111,104Y12M
10014,臺東縣,10014010,臺東市,10014010-004,南王里,285,154,131,2333,1215,1118,430,202,228,104Y12M
10014,臺東縣,10014010,臺東市,10014010-006,南榮里,350,185,165,2318,1216,1102,466,265,201,104Y12M
10014,臺東縣,10014010,臺東市,10014010-042,建和里,172,96,76,1189,635,554,275,137,138,104Y12M
10014,臺東縣,10014010,臺東市,10014010-017,建國里,117,65,52,1119,611,508,259,115,144,104Y12M
10014,臺東縣,10014010,臺東市,10014010-044,建業里,168,96,72,1075,578,497,250,105,145,104Y12M
10014,臺東縣,10014010,臺東市,10014010-046,建農里,283,134,149,1774,968,806,264,118,146,104Y12M
10014,臺東縣,10014010,臺東市,10014010-043,建興里,84,44,40,799,432,367,195,91,104,104Y12M
10014,臺東縣,10014010,臺東市,10014010-010,馬蘭里,1078,528,550,2478,1176,1302,429,184,245,104Y12M
10014,臺東縣,10014010,臺東市,10014010-035,康樂里,208,103,105,1200,649,551,191,102,89,104Y12M
10014,臺東縣,10014010,臺東市,10014010-016,強國里,58,31,27,561,309,252,109,46,63,104Y12M
10014,臺東縣,10014010,臺東市,10014010-001,富岡里,141,79,62,1258,692,566,295,139,156,104Y12M
10014,臺東縣,10014010,臺東市,10014010-002,富豐里,110,60,50,724,401,323,158,69,89,104Y12M
10014,臺東縣,10014010,臺東市,10014010-025,復國里,70,42,28,543,277,266,121,61,60,104Y12M
10014,臺東縣,10014010,臺東市,10014010-027,復興里,47,21,26,375,192,183,89,39,50,104Y12M
10014,臺東縣,10014010,臺東市,10014010-007,新生里,789,412,377,5966,2935,3031,889,415,474,104Y12M
10014,臺東縣,10014010,臺東市,10014010-029,新園里,215,113,102,1398,743,655,247,125,122,104Y12M
10014,臺東縣,10014010,臺東市,10014010-037,新興里,120,54,66,856,434,422,226,106,120,104Y12M
10014,臺東縣,10014010,臺東市,10014010-026,興國里,292,156,136,692,331,361,148,57,91,104Y12M
10014,臺東縣,10014010,臺東市,10014010-030,豐田里,292,148,144,1809,915,894,325,158,167,104Y12M
10014,臺東縣,10014010,臺東市,10014010-031,豐年里,286,155,131,2482,1281,1201,416,204,212,104Y12M
10014,臺東縣,10014010,臺東市,10014010-039,豐谷里,674,347,327,4543,2314,2229,719,332,387,104Y12M
10014,臺東縣,10014010,臺東市,10014010-040,豐里里,332,190,142,2088,1115,973,382,178,204,104Y12M
10014,臺東縣,10014010,臺東市,10014010-041,豐原里,151,71,80,1033,581,452,235,111,124,104Y12M
10014,臺東縣,10014010,臺東市,10014010-038,豐榮里,1148,609,539,7265,3530,3735,969,439,530,104Y12M
10014,臺東縣,10014010,臺東市,10014010-033,豐樂里,280,135,145,1348,682,666,219,108,111,104Y12M
10014,臺東縣,10014010,臺東市,10014010-009,寶桑里,104,40,64,761,392,369,153,60,93,104Y12M
10014,臺東縣,10014010,臺東市,10014010-028,鐵花里,26,14,12,334,171,163,99,40,59,104Y12M
10014,臺東縣,10014030,關山鎮,10014030-004,中福里,135,60,75,661,352,309,190,99,91,104Y12M
10014,臺東縣,10014030,關山鎮,10014030-007,月眉里,79,45,34,615,343,272,153,66,87,104Y12M
10014,臺東縣,10014030,關山鎮,10014030-005,里里,262,129,133,1458,730,728,335,148,187,104Y12M
10014,臺東縣,10014030,關山鎮,10014030-003,新福里,145,75,70,760,443,317,162,75,87,104Y12M
10014,臺東縣,10014030,關山鎮,10014030-006,電光里,66,34,32,459,285,174,122,63,59,104Y12M
10014,臺東縣,10014030,關山鎮,10014030-001,德高里,180,94,86,1331,740,591,411,185,226,104Y12M
10014,臺東縣,10014030,關山鎮,10014030-002,豐泉里,200,102,98,1004,522,482,195,95,100,104Y12M
10014,臺東縣,10014160,蘭嶼鄉,10014160-001,東清村,258,140,118,1142,565,577,93,41,52,104Y12M
10014,臺東縣,10014160,蘭嶼鄉,10014160-003,紅頭村,205,110,95,1154,589,565,109,47,62,104Y12M
10014,臺東縣,10014160,蘭嶼鄉,10014160-002,朗島村,144,82,62,712,345,367,61,28,33,104Y12M
10014,臺東縣,10014160,蘭嶼鄉,10014160-004,椰油村,211,107,104,881,456,425,75,36,39,104Y12M
10014,臺東縣,10014100,大武鄉,10014100-001,大竹村,107,58,49,666,362,304,128,56,72,105Y12M
10014,臺東縣,10014100,大武鄉,10014100-003,大武村,210,110,100,1199,637,562,226,99,127,105Y12M
10014,臺東縣,10014100,大武鄉,10014100-002,大鳥村,184,101,83,1026,576,450,142,61,81,105Y12M
10014,臺東縣,10014100,大武鄉,10014100-004,尚武村,148,84,64,1288,666,622,274,125,149,105Y12M
10014,臺東縣,10014100,大武鄉,10014100-005,南興村,63,32,31,487,250,237,90,40,50,105Y12M
10014,臺東縣,10014090,太麻里鄉,10014090-002,三和村,76,42,34,513,270,243,136,69,67,105Y12M
10014,臺東縣,10014090,太麻里鄉,10014090-006,大王村,277,161,116,1484,814,670,371,172,199,105Y12M
10014,臺東縣,10014090,太麻里鄉,10014090-004,北里村,67,34,33,452,277,175,119,63,56,105Y12M
10014,臺東縣,10014090,太麻里鄉,10014090-009,多良村,145,79,66,776,414,362,139,60,79,105Y12M
10014,臺東縣,10014090,太麻里鄉,10014090-008,金崙村,245,141,104,1494,796,698,255,121,134,105Y12M
10014,臺東縣,10014090,太麻里鄉,10014090-001,美和村,165,89,76,1114,587,527,232,111,121,105Y12M
10014,臺東縣,10014090,太麻里鄉,10014090-007,香蘭村,85,53,32,614,355,259,201,95,106,105Y12M
10014,臺東縣,10014090,太麻里鄉,10014090-005,泰和村,179,109,70,1170,590,580,306,140,166,105Y12M
10014,臺東縣,10014090,太麻里鄉,10014090-003,華源村,52,27,25,448,270,178,189,88,101,105Y12M
10014,臺東縣,10014020,成功鎮,10014020-003,三仙里,160,84,76,1180,675,505,269,128,141,105Y12M
10014,臺東縣,10014020,成功鎮,10014020-004,三民里,292,166,126,2351,1238,1113,501,235,266,105Y12M
10014,臺東縣,10014020,成功鎮,10014020-007,和平里,53,31,22,594,330,264,190,96,94,105Y12M
10014,臺東縣,10014020,成功鎮,10014020-006,忠仁里,322,164,158,1919,1001,918,428,223,205,105Y12M
10014,臺東縣,10014020,成功鎮,10014020-002,忠孝里,98,38,60,761,412,349,244,104,140,105Y12M
10014,臺東縣,10014020,成功鎮,10014020-005,忠智里,294,155,139,1588,834,754,400,210,190,105Y12M
10014,臺東縣,10014020,成功鎮,10014020-008,信義里,165,96,69,1495,832,663,414,182,232,105Y12M
10014,臺東縣,10014020,成功鎮,10014020-001,博愛里,32,20,12,483,291,192,178,80,98,105Y12M
10014,臺東縣,10014060,池上鄉,10014060-003,大坡村,33,16,17,246,144,102,81,37,44,105Y12M
10014,臺東縣,10014060,池上鄉,10014060-004,大埔村,81,40,41,633,313,320,185,86,99,105Y12M
10014,臺東縣,10014060,池上鄉,10014060-010,振興村,46,27,19,353,192,161,93,44,49,105Y12M
10014,臺東縣,10014060,池上鄉,10014060-009,富興村,40,23,17,327,191,136,90,51,39,105Y12M
10014,臺東縣,10014060,池上鄉,10014060-007,新興村,95,49,46,678,386,292,214,107,107,105Y12M
10014,臺東縣,10014060,池上鄉,10014060-008,萬安村,47,25,22,238,135,103,93,44,49,105Y12M
10014,臺東縣,10014060,池上鄉,10014060-001,福文村,141,81,60,956,527,429,265,114,151,105Y12M
10014,臺東縣,10014060,池上鄉,10014060-005,福原村,281,154,127,1577,791,786,429,172,257,105Y12M
10014,臺東縣,10014060,池上鄉,10014060-002,慶豐村,57,33,24,531,295,236,161,71,90,105Y12M
10014,臺東縣,10014060,池上鄉,10014060-006,錦園村,36,19,17,279,164,115,89,39,50,105Y12M
10014,臺東縣,10014040,卑南鄉,10014040-010,太平村,350,173,177,2739,1421,1318,403,189,214,105Y12M
10014,臺東縣,10014040,卑南鄉,10014040-002,利吉村,37,20,17,339,193,146,101,46,55,105Y12M
10014,臺東縣,10014040,卑南鄉,10014040-011,利嘉村,135,72,63,964,502,462,167,88,79,105Y12M
10014,臺東縣,10014040,卑南鄉,10014040-005,明峰村,124,61,63,920,514,406,267,139,128,105Y12M
10014,臺東縣,10014040,卑南鄉,10014040-012,東興村,177,96,81,1051,551,500,154,81,73,105Y12M
10014,臺東縣,10014040,卑南鄉,10014040-006,初鹿村,174,93,81,1082,594,488,252,108,144,105Y12M
10014,臺東縣,10014040,卑南鄉,10014040-007,美農村,99,44,55,841,486,355,243,109,134,105Y12M
10014,臺東縣,10014040,卑南鄉,10014040-009,泰安村,204,103,101,1008,537,471,149,73,76,105Y12M
10014,臺東縣,10014040,卑南鄉,10014040-003,富山村,56,25,31,418,247,171,105,53,52,105Y12M
10014,臺東縣,10014040,卑南鄉,10014040-004,富源村,24,13,11,257,158,99,108,54,54,105Y12M
10014,臺東縣,10014040,卑南鄉,10014040-013,溫泉村,159,76,83,900,491,409,271,140,131,105Y12M
10014,臺東縣,10014040,卑南鄉,10014040-001,嘉豐村,55,28,27,412,244,168,93,39,54,105Y12M
10014,臺東縣,10014040,卑南鄉,10014040-008,賓朗村,276,143,133,1861,1007,854,468,214,254,105Y12M
10014,臺東縣,10014130,延平鄉,10014130-002,永康村,67,36,31,274,159,115,28,8,20,105Y12M
10014,臺東縣,10014130,延平鄉,10014130-001,武陵村,134,59,75,542,311,231,56,24,32,105Y12M
10014,臺東縣,10014130,延平鄉,10014130-003,紅葉村,84,46,38,384,213,171,44,21,23,105Y12M
10014,臺東縣,10014130,延平鄉,10014130-005,桃源村,209,98,111,922,503,419,81,34,47,105Y12M
10014,臺東縣,10014130,延平鄉,10014130-004,鸞山村,109,58,51,518,288,230,71,32,39,105Y12M
10014,臺東縣,10014070,東河鄉,10014070-001,北源村,103,54,49,1285,873,412,375,168,207,105Y12M
10014,臺東縣,10014070,東河鄉,10014070-004,尚德村,32,12,20,225,129,96,66,38,28,105Y12M
10014,臺東縣,10014070,東河鄉,10014070-003,東河村,95,44,51,772,445,327,238,111,127,105Y12M
10014,臺東縣,10014070,東河鄉,10014070-002,泰源村,132,72,60,1002,570,432,268,108,160,105Y12M
10014,臺東縣,10014070,東河鄉,10014070-007,都蘭村,239,127,112,1725,965,760,480,213,267,105Y12M
10014,臺東縣,10014070,東河鄉,10014070-005,隆昌村,35,21,14,402,232,170,152,63,89,105Y12M
10014,臺東縣,10014070,東河鄉,10014070-006,興昌村,101,46,55,682,385,297,277,123,154,105Y12M
10014,臺東縣,10014140,金峰鄉,10014140-002,正興村,107,54,53,541,275,266,68,29,39,105Y12M
10014,臺東縣,10014140,金峰鄉,10014140-001,新興村,110,57,53,468,241,227,42,18,24,105Y12M
10014,臺東縣,10014140,金峰鄉,10014140-003,嘉蘭村,254,128,126,1118,579,539,123,58,65,105Y12M
10014,臺東縣,10014140,金峰鄉,10014140-004,賓茂村,64,43,21,301,160,141,46,22,24,105Y12M
10014,臺東縣,10014140,金峰鄉,10014140-005,歷坵村,51,26,25,276,146,130,43,19,24,105Y12M
10014,臺東縣,10014080,長濱鄉,10014080-002,三間村,110,53,57,910,582,328,357,158,199,105Y12M
10014,臺東縣,10014080,長濱鄉,10014080-005,竹湖村,72,33,39,712,428,284,222,92,130,105Y12M
10014,臺東縣,10014080,長濱鄉,10014080-003,忠勇村,76,38,38,430,274,156,130,66,64,105Y12M
10014,臺東縣,10014080,長濱鄉,10014080-004,長濱村,211,117,94,1604,925,679,476,215,261,105Y12M
10014,臺東縣,10014080,長濱鄉,10014080-006,寧埔村,95,61,34,976,592,384,312,156,156,105Y12M
10014,臺東縣,10014080,長濱鄉,10014080-001,樟原村,43,21,22,471,292,179,192,82,110,105Y12M
10014,臺東縣,10014120,海端鄉,10014120-006,加拿村,108,59,49,497,280,217,41,20,21,105Y12M
10014,臺東縣,10014120,海端鄉,10014120-003,利稻村,73,38,35,242,126,116,22,7,15,105Y12M
10014,臺東縣,10014120,海端鄉,10014120-005,崁頂村,117,67,50,547,308,239,50,24,26,105Y12M
10014,臺東縣,10014120,海端鄉,10014120-004,海端村,215,113,102,911,502,409,94,37,57,105Y12M
10014,臺東縣,10014120,海端鄉,10014120-001,廣原村,209,106,103,733,390,343,74,27,47,105Y12M
10014,臺東縣,10014120,海端鄉,10014120-002,霧鹿村,67,34,33,245,128,117,38,18,20,105Y12M
10014,臺東縣,10014050,鹿野鄉,10014050-004,永安村,157,78,79,1254,714,540,268,123,145,105Y12M
10014,臺東縣,10014050,鹿野鄉,10014050-006,鹿野村,131,72,59,868,467,401,252,116,136,105Y12M
10014,臺東縣,10014050,鹿野鄉,10014050-001,瑞和村,69,31,38,561,321,240,132,54,78,105Y12M
10014,臺東縣,10014050,鹿野鄉,10014050-005,瑞隆村,89,42,47,714,404,310,208,104,104,105Y12M
10014,臺東縣,10014050,鹿野鄉,10014050-003,瑞源村,117,64,53,734,370,364,190,88,102,105Y12M
10014,臺東縣,10014050,鹿野鄉,10014050-002,瑞豐村,59,34,25,722,421,301,221,94,127,105Y12M
10014,臺東縣,10014050,鹿野鄉,10014050-007,龍田村,141,71,70,862,478,384,269,134,135,105Y12M
10014,臺東縣,10014150,達仁鄉,10014150-002,土村,106,53,53,768,446,322,81,37,44,105Y12M
10014,臺東縣,10014150,達仁鄉,10014150-001,台村,73,32,41,531,296,235,89,40,49,105Y12M
10014,臺東縣,10014150,達仁鄉,10014150-004,安朔村,74,40,34,570,327,243,74,32,42,105Y12M
10014,臺東縣,10014150,達仁鄉,10014150-006,南田村,27,12,15,295,151,144,26,13,13,105Y12M
10014,臺東縣,10014150,達仁鄉,10014150-005,森永村,50,23,27,324,181,143,62,29,33,105Y12M
10014,臺東縣,10014150,達仁鄉,10014150-003,新化村,44,26,18,275,158,117,55,25,30,105Y12M
10014,臺東縣,10014110,綠島鄉,10014110-002,中寮村,112,51,61,946,521,425,122,59,63,105Y12M
10014,臺東縣,10014110,綠島鄉,10014110-001,公館村,110,60,50,779,422,357,103,49,54,105Y12M
10014,臺東縣,10014110,綠島鄉,10014110-003,南寮村,147,83,64,1231,625,606,174,79,95,105Y12M
10014,臺東縣,10014010,臺東市,10014010-021,大同里,106,47,59,646,317,329,163,77,86,105Y12M
10014,臺東縣,10014010,臺東市,10014010-024,中山里,232,114,118,647,331,316,190,82,108,105Y12M
10014,臺東縣,10014010,臺東市,10014010-011,中心里,941,486,455,2826,1360,1466,465,212,253,105Y12M
10014,臺東縣,10014010,臺東市,10014010-020,中正里,43,27,16,652,330,322,214,100,114,105Y12M
10014,臺東縣,10014010,臺東市,10014010-015,中華里,202,103,99,1393,722,671,305,128,177,105Y12M
10014,臺東縣,10014010,臺東市,10014010-019,仁愛里,54,29,25,605,333,272,142,60,82,105Y12M
10014,臺東縣,10014010,臺東市,10014010-023,文化里,441,230,211,763,375,388,125,55,70,105Y12M
10014,臺東縣,10014010,臺東市,10014010-014,四維里,80,46,34,517,290,227,122,55,67,105Y12M
10014,臺東縣,10014010,臺東市,10014010-008,民生里,300,167,133,2682,1335,1347,578,263,315,105Y12M
10014,臺東縣,10014010,臺東市,10014010-013,民族里,836,446,390,1293,586,707,264,125,139,105Y12M
10014,臺東縣,10014010,臺東市,10014010-018,民權里,98,57,41,742,394,348,158,69,89,105Y12M
10014,臺東縣,10014010,臺東市,10014010-034,永樂里,416,225,191,1918,973,945,257,121,136,105Y12M
10014,臺東縣,10014010,臺東市,10014010-032,光明里,704,350,354,2473,1134,1339,318,137,181,105Y12M
10014,臺東縣,10014010,臺東市,10014010-022,成功里,91,47,44,667,343,324,181,78,103,105Y12M
10014,臺東縣,10014010,臺東市,10014010-012,自強里,1099,585,514,3565,1695,1870,676,300,376,105Y12M
10014,臺東縣,10014010,臺東市,10014010-005,卑南里,279,152,127,2412,1236,1176,408,177,231,105Y12M
10014,臺東縣,10014010,臺東市,10014010-003,岩灣里,182,89,93,1816,948,868,296,151,145,105Y12M
10014,臺東縣,10014010,臺東市,10014010-036,東海里,715,363,352,2508,1207,1301,467,213,254,105Y12M
10014,臺東縣,10014010,臺東市,10014010-045,知本里,147,89,58,1171,589,582,210,96,114,105Y12M
10014,臺東縣,10014010,臺東市,10014010-004,南王里,269,148,121,2295,1188,1107,454,218,236,105Y12M
10014,臺東縣,10014010,臺東市,10014010-006,南榮里,328,176,152,2305,1210,1095,478,264,214,105Y12M
10014,臺東縣,10014010,臺東市,10014010-042,建和里,162,82,80,1173,634,539,278,137,141,105Y12M
10014,臺東縣,10014010,臺東市,10014010-017,建國里,115,63,52,1101,603,498,270,119,151,105Y12M
10014,臺東縣,10014010,臺東市,10014010-044,建業里,154,85,69,1075,579,496,246,100,146,105Y12M
10014,臺東縣,10014010,臺東市,10014010-046,建農里,262,125,137,1773,966,807,278,111,167,105Y12M
10014,臺東縣,10014010,臺東市,10014010-043,建興里,85,43,42,810,436,374,203,92,111,105Y12M
10014,臺東縣,10014010,臺東市,10014010-010,馬蘭里,1022,486,536,2467,1167,1300,449,190,259,105Y12M
10014,臺東縣,10014010,臺東市,10014010-035,康樂里,201,102,99,1201,649,552,195,111,84,105Y12M
10014,臺東縣,10014010,臺東市,10014010-016,強國里,68,36,32,551,303,248,112,49,63,105Y12M
10014,臺東縣,10014010,臺東市,10014010-001,富岡里,135,75,60,1253,685,568,296,142,154,105Y12M
10014,臺東縣,10014010,臺東市,10014010-002,富豐里,111,67,44,723,402,321,159,66,93,105Y12M
10014,臺東縣,10014010,臺東市,10014010-025,復國里,68,39,29,535,275,260,119,59,60,105Y12M
10014,臺東縣,10014010,臺東市,10014010-027,復興里,49,25,24,372,200,172,91,39,52,105Y12M
10014,臺東縣,10014010,臺東市,10014010-007,新生里,747,389,358,5899,2898,3001,957,435,522,105Y12M
10014,臺東縣,10014010,臺東市,10014010-029,新園里,215,117,98,1409,760,649,253,122,131,105Y12M
10014,臺東縣,10014010,臺東市,10014010-037,新興里,102,44,58,840,425,415,223,106,117,105Y12M
10014,臺東縣,10014010,臺東市,10014010-026,興國里,277,155,122,685,326,359,154,61,93,105Y12M
10014,臺東縣,10014010,臺東市,10014010-030,豐田里,274,148,126,1785,889,896,330,153,177,105Y12M
10014,臺東縣,10014010,臺東市,10014010-031,豐年里,288,160,128,2529,1309,1220,419,200,219,105Y12M
10014,臺東縣,10014010,臺東市,10014010-039,豐谷里,656,335,321,4549,2319,2230,753,351,402,105Y12M
10014,臺東縣,10014010,臺東市,10014010-040,豐里里,315,184,131,2087,1107,980,409,187,222,105Y12M
10014,臺東縣,10014010,臺東市,10014010-041,豐原里,161,78,83,1028,582,446,245,120,125,105Y12M
10014,臺東縣,10014010,臺東市,10014010-038,豐榮里,1106,581,525,7297,3549,3748,1017,452,565,105Y12M
10014,臺東縣,10014010,臺東市,10014010-033,豐樂里,261,130,131,1314,666,648,224,110,114,105Y12M
10014,臺東縣,10014010,臺東市,10014010-009,寶桑里,121,53,68,748,383,365,158,68,90,105Y12M
10014,臺東縣,10014010,臺東市,10014010-028,鐵花里,25,11,14,313,164,149,103,40,63,105Y12M
10014,臺東縣,10014030,關山鎮,10014030-004,中福里,128,61,67,671,350,321,190,98,92,105Y12M
10014,臺東縣,10014030,關山鎮,10014030-007,月眉里,74,41,33,595,341,254,160,70,90,105Y12M
10014,臺東縣,10014030,關山鎮,10014030-005,里里,245,120,125,1430,720,710,350,148,202,105Y12M
10014,臺東縣,10014030,關山鎮,10014030-003,新福里,133,69,64,753,432,321,167,75,92,105Y12M
10014,臺東縣,10014030,關山鎮,10014030-006,電光里,72,35,37,449,274,175,119,64,55,105Y12M
10014,臺東縣,10014030,關山鎮,10014030-001,德高里,172,84,88,1312,738,574,419,182,237,105Y12M
10014,臺東縣,10014030,關山鎮,10014030-002,豐泉里,190,94,96,983,516,467,199,93,106,105Y12M
10014,臺東縣,10014160,蘭嶼鄉,10014160-001,東清村,241,131,110,1164,576,588,99,47,52,105Y12M
10014,臺東縣,10014160,蘭嶼鄉,10014160-003,紅頭村,210,113,97,1188,613,575,108,45,63,105Y12M
10014,臺東縣,10014160,蘭嶼鄉,10014160-002,朗島村,144,83,61,721,348,373,59,28,31,105Y12M
10014,臺東縣,10014160,蘭嶼鄉,10014160-004,椰油村,200,98,102,876,456,420,73,33,40,105Y12M
10014,臺東縣,10014100,大武鄉,10014100-001,大竹村,113,64,49,655,359,296,128,60,68,106Y12M
10014,臺東縣,10014100,大武鄉,10014100-003,大武村,188,106,82,1155,607,548,227,101,126,106Y12M
10014,臺東縣,10014100,大武鄉,10014100-002,大鳥村,175,89,86,1012,578,434,141,60,81,106Y12M
10014,臺東縣,10014100,大武鄉,10014100-004,尚武村,132,71,61,1252,660,592,295,131,164,106Y12M
10014,臺東縣,10014100,大武鄉,10014100-005,南興村,55,27,28,496,250,246,93,40,53,106Y12M
10014,臺東縣,10014090,太麻里鄉,10014090-002,三和村,65,40,25,495,262,233,136,69,67,106Y12M
10014,臺東縣,10014090,太麻里鄉,10014090-006,大王村,253,149,104,1445,793,652,394,182,212,106Y12M
10014,臺東縣,10014090,太麻里鄉,10014090-004,北里村,62,30,32,462,279,183,115,60,55,106Y12M
10014,臺東縣,10014090,太麻里鄉,10014090-009,多良村,133,76,57,778,414,364,146,65,81,106Y12M
10014,臺東縣,10014090,太麻里鄉,10014090-008,金崙村,238,134,104,1477,787,690,260,124,136,106Y12M
10014,臺東縣,10014090,太麻里鄉,10014090-001,美和村,158,84,74,1091,582,509,249,115,134,106Y12M
10014,臺東縣,10014090,太麻里鄉,10014090-007,香蘭村,86,52,34,619,360,259,194,92,102,106Y12M
10014,臺東縣,10014090,太麻里鄉,10014090-005,泰和村,172,108,64,1141,580,561,320,141,179,106Y12M
10014,臺東縣,10014090,太麻里鄉,10014090-003,華源村,39,22,17,440,265,175,195,91,104,106Y12M
10014,臺東縣,10014020,成功鎮,10014020-003,三仙里,151,80,71,1169,673,496,276,127,149,106Y12M
10014,臺東縣,10014020,成功鎮,10014020-004,三民里,287,171,116,2335,1214,1121,526,247,279,106Y12M
10014,臺東縣,10014020,成功鎮,10014020-007,和平里,55,33,22,579,327,252,197,97,100,106Y12M
10014,臺東縣,10014020,成功鎮,10014020-006,忠仁里,306,159,147,1846,963,883,445,233,212,106Y12M
10014,臺東縣,10014020,成功鎮,10014020-002,忠孝里,92,37,55,742,400,342,245,105,140,106Y12M
10014,臺東縣,10014020,成功鎮,10014020-005,忠智里,294,152,142,1572,811,761,417,219,198,106Y12M
10014,臺東縣,10014020,成功鎮,10014020-008,信義里,154,94,60,1452,800,652,415,182,233,106Y12M
10014,臺東縣,10014020,成功鎮,10014020-001,博愛里,35,19,16,469,282,187,179,79,100,106Y12M
10014,臺東縣,10014060,池上鄉,10014060-003,大坡村,34,14,20,251,147,104,83,40,43,106Y12M
10014,臺東縣,10014060,池上鄉,10014060-004,大埔村,74,38,36,613,313,300,196,87,109,106Y12M
10014,臺東縣,10014060,池上鄉,10014060-010,振興村,43,25,18,356,198,158,94,42,52,106Y12M
10014,臺東縣,10014060,池上鄉,10014060-009,富興村,42,23,19,319,187,132,92,49,43,106Y12M
10014,臺東縣,10014060,池上鄉,10014060-007,新興村,87,47,40,682,392,290,212,104,108,106Y12M
10014,臺東縣,10014060,池上鄉,10014060-008,萬安村,43,25,18,234,130,104,91,42,49,106Y12M
10014,臺東縣,10014060,池上鄉,10014060-001,福文村,131,74,57,928,517,411,264,113,151,106Y12M
10014,臺東縣,10014060,池上鄉,10014060-005,福原村,267,145,122,1564,782,782,426,171,255,106Y12M
10014,臺東縣,10014060,池上鄉,10014060-002,慶豐村,52,33,19,517,284,233,164,72,92,106Y12M
10014,臺東縣,10014060,池上鄉,10014060-006,錦園村,28,15,13,269,155,114,92,40,52,106Y12M
10014,臺東縣,10014040,卑南鄉,10014040-010,太平村,335,175,160,2694,1388,1306,443,202,241,106Y12M
10014,臺東縣,10014040,卑南鄉,10014040-002,利吉村,41,22,19,348,199,149,104,51,53,106Y12M
10014,臺東縣,10014040,卑南鄉,10014040-011,利嘉村,133,78,55,986,504,482,176,94,82,106Y12M
10014,臺東縣,10014040,卑南鄉,10014040-005,明峰村,128,63,65,915,515,400,279,145,134,106Y12M
10014,臺東縣,10014040,卑南鄉,10014040-012,東興村,183,95,88,1055,560,495,155,82,73,106Y12M
10014,臺東縣,10014040,卑南鄉,10014040-006,初鹿村,147,75,72,1055,583,472,263,112,151,106Y12M
10014,臺東縣,10014040,卑南鄉,10014040-007,美農村,93,39,54,854,497,357,237,102,135,106Y12M
10014,臺東縣,10014040,卑南鄉,10014040-009,泰安村,199,100,99,1006,526,480,149,71,78,106Y12M
10014,臺東縣,10014040,卑南鄉,10014040-003,富山村,49,21,28,420,247,173,105,56,49,106Y12M
10014,臺東縣,10014040,卑南鄉,10014040-004,富源村,25,14,11,255,156,99,110,56,54,106Y12M
10014,臺東縣,10014040,卑南鄉,10014040-013,溫泉村,165,82,83,876,475,401,277,143,134,106Y12M
10014,臺東縣,10014040,卑南鄉,10014040-001,嘉豐村,56,23,33,407,239,168,95,40,55,106Y12M
10014,臺東縣,10014040,卑南鄉,10014040-008,賓朗村,249,130,119,1841,996,845,491,224,267,106Y12M
10014,臺東縣,10014130,延平鄉,10014130-002,永康村,69,38,31,283,160,123,27,8,19,106Y12M
10014,臺東縣,10014130,延平鄉,10014130-001,武陵村,128,54,74,537,309,228,60,25,35,106Y12M
10014,臺東縣,10014130,延平鄉,10014130-003,紅葉村,83,50,33,387,212,175,44,23,21,106Y12M
10014,臺東縣,10014130,延平鄉,10014130-005,桃源村,204,100,104,935,503,432,86,37,49,106Y12M
10014,臺東縣,10014130,延平鄉,10014130-004,鸞山村,98,50,48,534,292,242,76,34,42,106Y12M
10014,臺東縣,10014070,東河鄉,10014070-001,北源村,103,57,46,1253,860,393,381,175,206,106Y12M
10014,臺東縣,10014070,東河鄉,10014070-004,尚德村,25,10,15,211,127,84,60,33,27,106Y12M
10014,臺東縣,10014070,東河鄉,10014070-003,東河村,93,48,45,771,437,334,242,112,130,106Y12M
10014,臺東縣,10014070,東河鄉,10014070-002,泰源村,119,69,50,943,538,405,275,113,162,106Y12M
10014,臺東縣,10014070,東河鄉,10014070-007,都蘭村,212,110,102,1704,958,746,479,212,267,106Y12M
10014,臺東縣,10014070,東河鄉,10014070-005,隆昌村,41,23,18,408,232,176,152,65,87,106Y12M
10014,臺東縣,10014070,東河鄉,10014070-006,興昌村,90,46,44,679,376,303,276,123,153,106Y12M
10014,臺東縣,10014140,金峰鄉,10014140-002,正興村,98,51,47,544,271,273,70,31,39,106Y12M
10014,臺東縣,10014140,金峰鄉,10014140-001,新興村,106,57,49,480,242,238,48,23,25,106Y12M
10014,臺東縣,10014140,金峰鄉,10014140-003,嘉蘭村,253,123,130,1131,589,542,126,58,68,106Y12M
10014,臺東縣,10014140,金峰鄉,10014140-004,賓茂村,61,43,18,305,157,148,48,23,25,106Y12M
10014,臺東縣,10014140,金峰鄉,10014140-005,歷坵村,52,26,26,288,149,139,43,18,25,106Y12M
10014,臺東縣,10014080,長濱鄉,10014080-002,三間村,93,45,48,876,563,313,355,158,197,106Y12M
10014,臺東縣,10014080,長濱鄉,10014080-005,竹湖村,73,38,35,709,418,291,224,97,127,106Y12M
10014,臺東縣,10014080,長濱鄉,10014080-003,忠勇村,73,35,38,420,271,149,133,67,66,106Y12M
10014,臺東縣,10014080,長濱鄉,10014080-004,長濱村,206,119,87,1569,903,666,487,218,269,106Y12M
10014,臺東縣,10014080,長濱鄉,10014080-006,寧埔村,86,56,30,947,578,369,312,152,160,106Y12M
10014,臺東縣,10014080,長濱鄉,10014080-001,樟原村,43,20,23,464,289,175,190,80,110,106Y12M
10014,臺東縣,10014120,海端鄉,10014120-006,加拿村,103,57,46,481,269,212,42,22,20,106Y12M
10014,臺東縣,10014120,海端鄉,10014120-003,利稻村,68,35,33,246,128,118,22,8,14,106Y12M
10014,臺東縣,10014120,海端鄉,10014120-005,崁頂村,112,62,50,548,306,242,55,26,29,106Y12M
10014,臺東縣,10014120,海端鄉,10014120-004,海端村,205,109,96,917,508,409,98,38,60,106Y12M
10014,臺東縣,10014120,海端鄉,10014120-001,廣原村,194,95,99,718,381,337,75,26,49,106Y12M
10014,臺東縣,10014120,海端鄉,10014120-002,霧鹿村,63,31,32,236,127,109,39,19,20,106Y12M
10014,臺東縣,10014050,鹿野鄉,10014050-004,永安村,149,83,66,1241,699,542,277,125,152,106Y12M
10014,臺東縣,10014050,鹿野鄉,10014050-006,鹿野村,132,72,60,879,468,411,253,112,141,106Y12M
10014,臺東縣,10014050,鹿野鄉,10014050-001,瑞和村,65,30,35,548,312,236,138,57,81,106Y12M
10014,臺東縣,10014050,鹿野鄉,10014050-005,瑞隆村,87,46,41,714,397,317,208,102,106,106Y12M
10014,臺東縣,10014050,鹿野鄉,10014050-003,瑞源村,109,54,55,718,370,348,193,89,104,106Y12M
10014,臺東縣,10014050,鹿野鄉,10014050-002,瑞豐村,58,32,26,712,416,296,228,95,133,106Y12M
10014,臺東縣,10014050,鹿野鄉,10014050-007,龍田村,129,65,64,848,479,369,265,129,136,106Y12M
10014,臺東縣,10014150,達仁鄉,10014150-002,土村,113,60,53,778,454,324,90,37,53,106Y12M
10014,臺東縣,10014150,達仁鄉,10014150-001,台村,82,37,45,516,290,226,94,40,54,106Y12M
10014,臺東縣,10014150,達仁鄉,10014150-004,安朔村,76,40,36,540,306,234,79,36,43,106Y12M
10014,臺東縣,10014150,達仁鄉,10014150-006,南田村,21,11,10,286,146,140,27,13,14,106Y12M
10014,臺東縣,10014150,達仁鄉,10014150-005,森永村,48,22,26,332,187,145,61,29,32,106Y12M
10014,臺東縣,10014150,達仁鄉,10014150-003,新化村,39,23,16,277,159,118,59,27,32,106Y12M
10014,臺東縣,10014110,綠島鄉,10014110-002,中寮村,118,56,62,957,525,432,130,62,68,106Y12M
10014,臺東縣,10014110,綠島鄉,10014110-001,公館村,123,72,51,856,474,382,109,53,56,106Y12M
10014,臺東縣,10014110,綠島鄉,10014110-003,南寮村,158,82,76,1291,661,630,184,82,102,106Y12M
10014,臺東縣,10014010,臺東市,10014010-021,大同里,86,39,47,633,314,319,169,79,90,106Y12M
10014,臺東縣,10014010,臺東市,10014010-024,中山里,218,98,120,612,310,302,189,86,103,106Y12M
10014,臺東縣,10014010,臺東市,10014010-011,中心里,927,485,442,2747,1361,1386,483,214,269,106Y12M
10014,臺東縣,10014010,臺東市,10014010-020,中正里,32,21,11,617,317,300,228,103,125,106Y12M
10014,臺東縣,10014010,臺東市,10014010-015,中華里,190,98,92,1393,714,679,324,139,185,106Y12M
10014,臺東縣,10014010,臺東市,10014010-019,仁愛里,60,35,25,593,325,268,154,63,91,106Y12M
10014,臺東縣,10014010,臺東市,10014010-023,文化里,464,248,216,726,359,367,134,55,79,106Y12M
10014,臺東縣,10014010,臺東市,10014010-014,四維里,97,52,45,515,287,228,130,59,71,106Y12M
10014,臺東縣,10014010,臺東市,10014010-008,民生里,295,155,140,2632,1324,1308,606,263,343,106Y12M
10014,臺東縣,10014010,臺東市,10014010-013,民族里,807,428,379,1276,579,697,276,129,147,106Y12M
10014,臺東縣,10014010,臺東市,10014010-018,民權里,112,65,47,730,393,337,165,75,90,106Y12M
10014,臺東縣,10014010,臺東市,10014010-034,永樂里,411,218,193,1921,973,948,269,131,138,106Y12M
10014,臺東縣,10014010,臺東市,10014010-032,光明里,689,341,348,2437,1111,1326,330,144,186,106Y12M
10014,臺東縣,10014010,臺東市,10014010-022,成功里,93,50,43,646,334,312,173,72,101,106Y12M
10014,臺東縣,10014010,臺東市,10014010-012,自強里,1078,564,514,3515,1661,1854,713,314,399,106Y12M
10014,臺東縣,10014010,臺東市,10014010-005,卑南里,266,156,110,2427,1223,1204,440,195,245,106Y12M
10014,臺東縣,10014010,臺東市,10014010-003,岩灣里,159,76,83,1860,975,885,319,164,155,106Y12M
10014,臺東縣,10014010,臺東市,10014010-036,東海里,686,355,331,2471,1206,1265,474,218,256,106Y12M
10014,臺東縣,10014010,臺東市,10014010-045,知本里,147,86,61,1167,589,578,227,108,119,106Y12M
10014,臺東縣,10014010,臺東市,10014010-004,南王里,248,136,112,2296,1181,1115,466,216,250,106Y12M
10014,臺東縣,10014010,臺東市,10014010-006,南榮里,323,176,147,2293,1210,1083,491,252,239,106Y12M
10014,臺東縣,10014010,臺東市,10014010-042,建和里,170,87,83,1163,623,540,283,139,144,106Y12M
10014,臺東縣,10014010,臺東市,10014010-017,建國里,114,67,47,1078,590,488,276,116,160,106Y12M
10014,臺東縣,10014010,臺東市,10014010-044,建業里,151,83,68,1047,562,485,261,104,157,106Y12M
10014,臺東縣,10014010,臺東市,10014010-046,建農里,235,110,125,1784,970,814,286,115,171,106Y12M
10014,臺東縣,10014010,臺東市,10014010-043,建興里,76,43,33,801,425,376,206,92,114,106Y12M
10014,臺東縣,10014010,臺東市,10014010-010,馬蘭里,994,483,511,2404,1120,1284,473,196,277,106Y12M
10014,臺東縣,10014010,臺東市,10014010-035,康樂里,203,113,90,1178,636,542,201,105,96,106Y12M
10014,臺東縣,10014010,臺東市,10014010-016,強國里,71,39,32,524,291,233,116,51,65,106Y12M
10014,臺東縣,10014010,臺東市,10014010-001,富岡里,140,75,65,1239,672,567,315,154,161,106Y12M
10014,臺東縣,10014010,臺東市,10014010-002,富豐里,113,64,49,723,406,317,156,58,98,106Y12M
10014,臺東縣,10014010,臺東市,10014010-025,復國里,59,32,27,516,270,246,123,57,66,106Y12M
10014,臺東縣,10014010,臺東市,10014010-027,復興里,48,24,24,332,174,158,94,44,50,106Y12M
10014,臺東縣,10014010,臺東市,10014010-007,新生里,736,390,346,5879,2895,2984,1027,458,569,106Y12M
10014,臺東縣,10014010,臺東市,10014010-029,新園里,196,114,82,1409,756,653,271,131,140,106Y12M
10014,臺東縣,10014010,臺東市,10014010-037,新興里,104,48,56,829,418,411,214,94,120,106Y12M
10014,臺東縣,10014010,臺東市,10014010-026,興國里,260,148,112,666,320,346,168,69,99,106Y12M
10014,臺東縣,10014010,臺東市,10014010-030,豐田里,286,148,138,1767,888,879,339,155,184,106Y12M
10014,臺東縣,10014010,臺東市,10014010-031,豐年里,325,178,147,2628,1370,1258,434,194,240,106Y12M
10014,臺東縣,10014010,臺東市,10014010-039,豐谷里,617,326,291,4524,2311,2213,780,356,424,106Y12M
10014,臺東縣,10014010,臺東市,10014010-040,豐里里,296,166,130,2088,1105,983,413,195,218,106Y12M
10014,臺東縣,10014010,臺東市,10014010-041,豐原里,164,78,86,1028,579,449,251,123,128,106Y12M
10014,臺東縣,10014010,臺東市,10014010-038,豐榮里,1009,525,484,7302,3543,3759,1082,478,604,106Y12M
10014,臺東縣,10014010,臺東市,10014010-033,豐樂里,259,128,131,1292,662,630,239,117,122,106Y12M
10014,臺東縣,10014010,臺東市,10014010-009,寶桑里,131,61,70,744,379,365,163,67,96,106Y12M
10014,臺東縣,10014010,臺東市,10014010-028,鐵花里,24,14,10,299,154,145,109,41,68,106Y12M
10014,臺東縣,10014030,關山鎮,10014030-004,中福里,115,58,57,667,343,324,197,100,97,106Y12M
10014,臺東縣,10014030,關山鎮,10014030-007,月眉里,71,41,30,596,342,254,158,72,86,106Y12M
10014,臺東縣,10014030,關山鎮,10014030-005,里里,228,108,120,1415,718,697,362,154,208,106Y12M
10014,臺東縣,10014030,關山鎮,10014030-003,新福里,129,62,67,741,422,319,172,78,94,106Y12M
10014,臺東縣,10014030,關山鎮,10014030-006,電光里,71,32,39,430,261,169,123,66,57,106Y12M
10014,臺東縣,10014030,關山鎮,10014030-001,德高里,169,76,93,1300,735,565,424,186,238,106Y12M
10014,臺東縣,10014030,關山鎮,10014030-002,豐泉里,186,89,97,984,507,477,204,92,112,106Y12M
10014,臺東縣,10014160,蘭嶼鄉,10014160-001,東清村,232,125,107,1182,577,605,103,50,53,106Y12M
10014,臺東縣,10014160,蘭嶼鄉,10014160-003,紅頭村,183,101,82,1165,601,564,121,55,66,106Y12M
10014,臺東縣,10014160,蘭嶼鄉,10014160-002,朗島村,143,79,64,721,350,371,63,29,34,106Y12M
10014,臺東縣,10014160,蘭嶼鄉,10014160-004,椰油村,194,94,100,888,460,428,80,39,41,106Y12M
10014,臺東縣,10014100,大武鄉,10014100-001,大竹村,103,54,49,660,356,304,134,62,72,107Y12M
10014,臺東縣,10014100,大武鄉,10014100-003,大武村,187,105,82,1121,594,527,236,106,130,107Y12M
10014,臺東縣,10014100,大武鄉,10014100-002,大鳥村,181,91,90,1021,572,449,148,66,82,107Y12M
10014,臺東縣,10014100,大武鄉,10014100-004,尚武村,124,66,58,1196,619,577,303,138,165,107Y12M
10014,臺東縣,10014100,大武鄉,10014100-005,南興村,50,27,23,489,247,242,93,39,54,107Y12M
10014,臺東縣,10014090,太麻里鄉,10014090-002,三和村,67,45,22,490,266,224,141,73,68,107Y12M
10014,臺東縣,10014090,太麻里鄉,10014090-006,大王村,244,135,109,1417,772,645,410,191,219,107Y12M
10014,臺東縣,10014090,太麻里鄉,10014090-004,北里村,61,31,30,448,272,176,123,68,55,107Y12M
10014,臺東縣,10014090,太麻里鄉,10014090-009,多良村,124,72,52,781,415,366,153,69,84,107Y12M
10014,臺東縣,10014090,太麻里鄉,10014090-008,金崙村,221,120,101,1515,803,712,272,127,145,107Y12M
10014,臺東縣,10014090,太麻里鄉,10014090-001,美和村,146,78,68,1078,581,497,265,122,143,107Y12M
10014,臺東縣,10014090,太麻里鄉,10014090-007,香蘭村,76,44,32,625,366,259,197,93,104,107Y12M
10014,臺東縣,10014090,太麻里鄉,10014090-005,泰和村,170,102,68,1133,569,564,311,137,174,107Y12M
10014,臺東縣,10014090,太麻里鄉,10014090-003,華源村,38,18,20,451,272,179,190,89,101,107Y12M
10014,臺東縣,10014020,成功鎮,10014020-003,三仙里,143,71,72,1153,674,479,281,133,148,107Y12M
10014,臺東縣,10014020,成功鎮,10014020-004,三民里,276,162,114,2273,1175,1098,540,254,286,107Y12M
10014,臺東縣,10014020,成功鎮,10014020-007,和平里,57,31,26,561,316,245,202,99,103,107Y12M
10014,臺東縣,10014020,成功鎮,10014020-006,忠仁里,277,147,130,1826,956,870,461,239,222,107Y12M
10014,臺東縣,10014020,成功鎮,10014020-002,忠孝里,87,35,52,740,397,343,244,100,144,107Y12M
10014,臺東縣,10014020,成功鎮,10014020-005,忠智里,282,144,138,1521,782,739,433,222,211,107Y12M
10014,臺東縣,10014020,成功鎮,10014020-008,信義里,151,86,65,1452,808,644,421,188,233,107Y12M
10014,臺東縣,10014020,成功鎮,10014020-001,博愛里,34,22,12,466,281,185,178,78,100,107Y12M
10014,臺東縣,10014060,池上鄉,10014060-003,大坡村,29,12,17,244,144,100,85,41,44,107Y12M
10014,臺東縣,10014060,池上鄉,10014060-004,大埔村,78,39,39,616,320,296,196,90,106,107Y12M
10014,臺東縣,10014060,池上鄉,10014060-010,振興村,35,19,16,350,199,151,98,43,55,107Y12M
10014,臺東縣,10014060,池上鄉,10014060-009,富興村,42,23,19,310,178,132,93,50,43,107Y12M
10014,臺東縣,10014060,池上鄉,10014060-007,新興村,81,43,38,669,385,284,223,110,113,107Y12M
10014,臺東縣,10014060,池上鄉,10014060-008,萬安村,38,23,15,228,126,102,93,41,52,107Y12M
10014,臺東縣,10014060,池上鄉,10014060-001,福文村,123,68,55,913,506,407,272,118,154,107Y12M
10014,臺東縣,10014060,池上鄉,10014060-005,福原村,265,141,124,1572,780,792,436,174,262,107Y12M
10014,臺東縣,10014060,池上鄉,10014060-002,慶豐村,46,29,17,512,278,234,162,71,91,107Y12M
10014,臺東縣,10014060,池上鄉,10014060-006,錦園村,29,17,12,263,147,116,98,44,54,107Y12M
10014,臺東縣,10014040,卑南鄉,10014040-010,太平村,332,180,152,2686,1387,1299,449,195,254,107Y12M
10014,臺東縣,10014040,卑南鄉,10014040-002,利吉村,37,18,19,343,192,151,105,53,52,107Y12M
10014,臺東縣,10014040,卑南鄉,10014040-011,利嘉村,138,78,60,952,492,460,189,98,91,107Y12M
10014,臺東縣,10014040,卑南鄉,10014040-005,明峰村,127,66,61,918,516,402,283,148,135,107Y12M
10014,臺東縣,10014040,卑南鄉,10014040-012,東興村,168,90,78,1055,555,500,159,84,75,107Y12M
10014,臺東縣,10014040,卑南鄉,10014040-006,初鹿村,146,78,68,1054,572,482,267,112,155,107Y12M
10014,臺東縣,10014040,卑南鄉,10014040-007,美農村,97,44,53,859,496,363,248,112,136,107Y12M
10014,臺東縣,10014040,卑南鄉,10014040-009,泰安村,193,99,94,998,524,474,154,75,79,107Y12M
10014,臺東縣,10014040,卑南鄉,10014040-003,富山村,50,22,28,402,236,166,98,52,46,107Y12M
10014,臺東縣,10014040,卑南鄉,10014040-004,富源村,20,12,8,249,154,95,105,53,52,107Y12M
10014,臺東縣,10014040,卑南鄉,10014040-013,溫泉村,163,78,85,871,473,398,290,148,142,107Y12M
10014,臺東縣,10014040,卑南鄉,10014040-001,嘉豐村,60,27,33,401,235,166,91,36,55,107Y12M
10014,臺東縣,10014040,卑南鄉,10014040-008,賓朗村,225,119,106,1800,969,831,487,223,264,107Y12M
10014,臺東縣,10014130,延平鄉,10014130-002,永康村,63,35,28,302,165,137,26,10,16,107Y12M
10014,臺東縣,10014130,延平鄉,10014130-001,武陵村,126,57,69,545,307,238,65,28,37,107Y12M
10014,臺東縣,10014130,延平鄉,10014130-003,紅葉村,75,45,30,394,209,185,48,25,23,107Y12M
10014,臺東縣,10014130,延平鄉,10014130-005,桃源村,201,105,96,961,519,442,98,45,53,107Y12M
10014,臺東縣,10014130,延平鄉,10014130-004,鸞山村,97,49,48,549,298,251,78,35,43,107Y12M
10014,臺東縣,10014070,東河鄉,10014070-001,北源村,102,57,45,1265,864,401,389,184,205,107Y12M
10014,臺東縣,10014070,東河鄉,10014070-004,尚德村,27,12,15,206,124,82,62,32,30,107Y12M
10014,臺東縣,10014070,東河鄉,10014070-003,東河村,93,46,47,764,435,329,243,114,129,107Y12M
10014,臺東縣,10014070,東河鄉,10014070-002,泰源村,111,62,49,940,535,405,277,117,160,107Y12M
10014,臺東縣,10014070,東河鄉,10014070-007,都蘭村,210,117,93,1669,933,736,498,217,281,107Y12M
10014,臺東縣,10014070,東河鄉,10014070-005,隆昌村,38,21,17,403,228,175,163,67,96,107Y12M
10014,臺東縣,10014070,東河鄉,10014070-006,興昌村,86,45,41,660,366,294,273,124,149,107Y12M
10014,臺東縣,10014140,金峰鄉,10014140-002,正興村,95,48,47,563,281,282,73,31,42,107Y12M
10014,臺東縣,10014140,金峰鄉,10014140-001,新興村,103,54,49,501,254,247,43,22,21,107Y12M
10014,臺東縣,10014140,金峰鄉,10014140-003,嘉蘭村,251,121,130,1164,606,558,141,60,81,107Y12M
10014,臺東縣,10014140,金峰鄉,10014140-004,賓茂村,60,41,19,300,157,143,49,24,25,107Y12M
10014,臺東縣,10014140,金峰鄉,10014140-005,歷坵村,47,22,25,301,148,153,48,21,27,107Y12M
10014,臺東縣,10014080,長濱鄉,10014080-002,三間村,93,47,46,863,560,303,351,158,193,107Y12M
10014,臺東縣,10014080,長濱鄉,10014080-005,竹湖村,71,39,32,692,408,284,231,102,129,107Y12M
10014,臺東縣,10014080,長濱鄉,10014080-003,忠勇村,72,35,37,418,272,146,132,68,64,107Y12M
10014,臺東縣,10014080,長濱鄉,10014080-004,長濱村,199,106,93,1562,909,653,474,206,268,107Y12M
10014,臺東縣,10014080,長濱鄉,10014080-006,寧埔村,88,58,30,933,579,354,309,146,163,107Y12M
10014,臺東縣,10014080,長濱鄉,10014080-001,樟原村,42,19,23,460,285,175,192,80,112,107Y12M
10014,臺東縣,10014120,海端鄉,10014120-006,加拿村,102,52,50,474,270,204,45,24,21,107Y12M
10014,臺東縣,10014120,海端鄉,10014120-003,利稻村,63,31,32,248,130,118,26,9,17,107Y12M
10014,臺東縣,10014120,海端鄉,10014120-005,崁頂村,117,64,53,536,300,236,56,27,29,107Y12M
10014,臺東縣,10014120,海端鄉,10014120-004,海端村,197,105,92,918,504,414,101,40,61,107Y12M
10014,臺東縣,10014120,海端鄉,10014120-001,廣原村,192,95,97,710,378,332,73,26,47,107Y12M
10014,臺東縣,10014120,海端鄉,10014120-002,霧鹿村,60,31,29,231,123,108,37,17,20,107Y12M
10014,臺東縣,10014050,鹿野鄉,10014050-004,永安村,140,81,59,1214,680,534,279,130,149,107Y12M
10014,臺東縣,10014050,鹿野鄉,10014050-006,鹿野村,125,57,68,868,463,405,263,120,143,107Y12M
10014,臺東縣,10014050,鹿野鄉,10014050-001,瑞和村,73,31,42,545,308,237,145,62,83,107Y12M
10014,臺東縣,10014050,鹿野鄉,10014050-005,瑞隆村,84,47,37,716,395,321,212,102,110,107Y12M
10014,臺東縣,10014050,鹿野鄉,10014050-003,瑞源村,102,53,49,682,348,334,207,98,109,107Y12M
10014,臺東縣,10014050,鹿野鄉,10014050-002,瑞豐村,57,32,25,724,419,305,227,94,133,107Y12M
10014,臺東縣,10014050,鹿野鄉,10014050-007,龍田村,116,58,58,832,461,371,264,126,138,107Y12M
10014,臺東縣,10014150,達仁鄉,10014150-002,土村,121,60,61,792,445,347,103,46,57,107Y12M
10014,臺東縣,10014150,達仁鄉,10014150-001,台村,74,40,34,530,303,227,102,42,60,107Y12M
10014,臺東縣,10014150,達仁鄉,10014150-004,安朔村,72,43,29,511,290,221,92,39,53,107Y12M
10014,臺東縣,10014150,達仁鄉,10014150-006,南田村,20,10,10,275,140,135,28,12,16,107Y12M
10014,臺東縣,10014150,達仁鄉,10014150-005,森永村,45,23,22,373,206,167,58,28,30,107Y12M
10014,臺東縣,10014150,達仁鄉,10014150-003,新化村,41,27,14,286,162,124,57,27,30,107Y12M
10014,臺東縣,10014110,綠島鄉,10014110-002,中寮村,131,57,74,968,521,447,138,68,70,107Y12M
10014,臺東縣,10014110,綠島鄉,10014110-001,公館村,131,78,53,927,530,397,117,62,55,107Y12M
10014,臺東縣,10014110,綠島鄉,10014110-003,南寮村,160,89,71,1334,684,650,191,90,101,107Y12M
10014,臺東縣,10014010,臺東市,10014010-021,大同里,81,40,41,620,306,314,176,81,95,107Y12M
10014,臺東縣,10014010,臺東市,10014010-024,中山里,212,94,118,593,299,294,192,86,106,107Y12M
10014,臺東縣,10014010,臺東市,10014010-011,中心里,900,479,421,2662,1313,1349,518,222,296,107Y12M
10014,臺東縣,10014010,臺東市,10014010-020,中正里,31,21,10,602,306,296,244,114,130,107Y12M
10014,臺東縣,10014010,臺東市,10014010-015,中華里,201,109,92,1371,707,664,324,141,183,107Y12M
10014,臺東縣,10014010,臺東市,10014010-019,仁愛里,56,34,22,571,306,265,165,72,93,107Y12M
10014,臺東縣,10014010,臺東市,10014010-023,文化里,457,239,218,776,386,390,147,65,82,107Y12M
10014,臺東縣,10014010,臺東市,10014010-014,四維里,107,55,52,541,297,244,132,61,71,107Y12M
10014,臺東縣,10014010,臺東市,10014010-008,民生里,329,180,149,2587,1288,1299,660,288,372,107Y12M
10014,臺東縣,10014010,臺東市,10014010-013,民族里,800,425,375,1263,578,685,289,138,151,107Y12M
10014,臺東縣,10014010,臺東市,10014010-018,民權里,115,63,52,744,400,344,167,72,95,107Y12M
10014,臺東縣,10014010,臺東市,10014010-034,永樂里,428,231,197,1926,971,955,287,141,146,107Y12M
10014,臺東縣,10014010,臺東市,10014010-032,光明里,657,318,339,2401,1095,1306,330,140,190,107Y12M
10014,臺東縣,10014010,臺東市,10014010-022,成功里,77,41,36,650,339,311,175,69,106,107Y12M
10014,臺東縣,10014010,臺東市,10014010-012,自強里,1076,547,529,3478,1639,1839,759,332,427,107Y12M
10014,臺東縣,10014010,臺東市,10014010-005,卑南里,257,144,113,2443,1227,1216,468,205,263,107Y12M
10014,臺東縣,10014010,臺東市,10014010-003,岩灣里,165,81,84,1903,998,905,344,174,170,107Y12M
10014,臺東縣,10014010,臺東市,10014010-036,東海里,682,343,339,2417,1184,1233,493,218,275,107Y12M
10014,臺東縣,10014010,臺東市,10014010-045,知本里,152,87,65,1168,587,581,237,110,127,107Y12M
10014,臺東縣,10014010,臺東市,10014010-004,南王里,257,142,115,2352,1217,1135,463,213,250,107Y12M
10014,臺東縣,10014010,臺東市,10014010-006,南榮里,300,161,139,2264,1198,1066,503,246,257,107Y12M
10014,臺東縣,10014010,臺東市,10014010-042,建和里,167,81,86,1140,627,513,289,133,156,107Y12M
10014,臺東縣,10014010,臺東市,10014010-017,建國里,97,56,41,1057,575,482,285,120,165,107Y12M
10014,臺東縣,10014010,臺東市,10014010-044,建業里,135,73,62,1060,572,488,273,111,162,107Y12M
10014,臺東縣,10014010,臺東市,10014010-046,建農里,234,116,118,1765,965,800,289,114,175,107Y12M
10014,臺東縣,10014010,臺東市,10014010-043,建興里,65,35,30,771,406,365,207,88,119,107Y12M
10014,臺東縣,10014010,臺東市,10014010-010,馬蘭里,965,479,486,2328,1084,1244,479,197,282,107Y12M
10014,臺東縣,10014010,臺東市,10014010-035,康樂里,201,115,86,1165,622,543,208,109,99,107Y12M
10014,臺東縣,10014010,臺東市,10014010-016,強國里,71,37,34,525,281,244,125,57,68,107Y12M
10014,臺東縣,10014010,臺東市,10014010-001,富岡里,139,81,58,1231,672,559,313,153,160,107Y12M
10014,臺東縣,10014010,臺東市,10014010-002,富豐里,103,60,43,713,398,315,157,59,98,107Y12M
10014,臺東縣,10014010,臺東市,10014010-025,復國里,55,27,28,500,258,242,119,59,60,107Y12M
10014,臺東縣,10014010,臺東市,10014010-027,復興里,49,24,25,336,175,161,89,44,45,107Y12M
10014,臺東縣,10014010,臺東市,10014010-007,新生里,698,359,339,5759,2834,2925,1078,476,602,107Y12M
10014,臺東縣,10014010,臺東市,10014010-029,新園里,173,106,67,1402,757,645,278,130,148,107Y12M
10014,臺東縣,10014010,臺東市,10014010-037,新興里,105,50,55,823,416,407,213,88,125,107Y12M
10014,臺東縣,10014010,臺東市,10014010-026,興國里,244,138,106,635,310,325,173,69,104,107Y12M
10014,臺東縣,10014010,臺東市,10014010-030,豐田里,296,160,136,1755,893,862,365,160,205,107Y12M
10014,臺東縣,10014010,臺東市,10014010-031,豐年里,330,174,156,2644,1384,1260,457,203,254,107Y12M
10014,臺東縣,10014010,臺東市,10014010-039,豐谷里,580,296,284,4483,2302,2181,828,378,450,107Y12M
10014,臺東縣,10014010,臺東市,10014010-040,豐里里,272,153,119,2054,1094,960,414,194,220,107Y12M
10014,臺東縣,10014010,臺東市,10014010-041,豐原里,170,84,86,1011,566,445,249,123,126,107Y12M
10014,臺東縣,10014010,臺東市,10014010-038,豐榮里,947,494,453,7237,3500,3737,1184,509,675,107Y12M
10014,臺東縣,10014010,臺東市,10014010-033,豐樂里,250,127,123,1273,661,612,255,123,132,107Y12M
10014,臺東縣,10014010,臺東市,10014010-009,寶桑里,128,68,60,723,371,352,176,75,101,107Y12M
10014,臺東縣,10014010,臺東市,10014010-028,鐵花里,25,15,10,329,165,164,107,44,63,107Y12M
10014,臺東縣,10014030,關山鎮,10014030-004,中福里,111,57,54,658,331,327,199,102,97,107Y12M
10014,臺東縣,10014030,關山鎮,10014030-007,月眉里,70,39,31,589,341,248,154,70,84,107Y12M
10014,臺東縣,10014030,關山鎮,10014030-005,里里,244,125,119,1387,704,683,370,160,210,107Y12M
10014,臺東縣,10014030,關山鎮,10014030-003,新福里,121,59,62,744,416,328,180,82,98,107Y12M
10014,臺東縣,10014030,關山鎮,10014030-006,電光里,64,35,29,422,253,169,129,69,60,107Y12M
10014,臺東縣,10014030,關山鎮,10014030-001,德高里,152,67,85,1307,736,571,435,195,240,107Y12M
10014,臺東縣,10014030,關山鎮,10014030-002,豐泉里,179,83,96,964,498,466,224,100,124,107Y12M
10014,臺東縣,10014160,蘭嶼鄉,10014160-001,東清村,238,130,108,1210,587,623,102,50,52,107Y12M
10014,臺東縣,10014160,蘭嶼鄉,10014160-003,紅頭村,183,103,80,1155,592,563,129,61,68,107Y12M
10014,臺東縣,10014160,蘭嶼鄉,10014160-002,朗島村,144,78,66,729,354,375,70,34,36,107Y12M
10014,臺東縣,10014160,蘭嶼鄉,10014160-004,椰油村,199,94,105,916,480,436,82,41,41,107Y12M
10014,臺東縣,10014100,大武鄉,10014100-001,大竹村,102,57,45,638,349,289,136,61,75,108Y12M
10014,臺東縣,10014100,大武鄉,10014100-003,大武村,180,98,82,1092,585,507,235,107,128,108Y12M
10014,臺東縣,10014100,大武鄉,10014100-002,大鳥村,171,92,79,984,556,428,160,73,87,108Y12M
10014,臺東縣,10014100,大武鄉,10014100-004,尚武村,109,56,53,1143,592,551,295,135,160,108Y12M
10014,臺東縣,10014100,大武鄉,10014100-005,南興村,51,29,22,463,242,221,92,41,51,108Y12M
10014,臺東縣,10014090,太麻里鄉,10014090-002,三和村,52,31,21,474,256,218,137,72,65,108Y12M
10014,臺東縣,10014090,太麻里鄉,10014090-006,大王村,210,118,92,1410,760,650,418,195,223,108Y12M
10014,臺東縣,10014090,太麻里鄉,10014090-004,北里村,59,34,25,449,270,179,132,71,61,108Y12M
10014,臺東縣,10014090,太麻里鄉,10014090-009,多良村,119,70,49,765,410,355,165,71,94,108Y12M
10014,臺東縣,10014090,太麻里鄉,10014090-008,金崙村,212,115,97,1490,788,702,271,126,145,108Y12M
10014,臺東縣,10014090,太麻里鄉,10014090-001,美和村,140,72,68,1066,571,495,273,127,146,108Y12M
10014,臺東縣,10014090,太麻里鄉,10014090-007,香蘭村,70,37,33,626,364,262,192,90,102,108Y12M
10014,臺東縣,10014090,太麻里鄉,10014090-005,泰和村,157,96,61,1123,575,548,323,144,179,108Y12M
10014,臺東縣,10014090,太麻里鄉,10014090-003,華源村,28,12,16,427,254,173,196,92,104,108Y12M
10014,臺東縣,10014020,成功鎮,10014020-003,三仙里,138,72,66,1127,658,469,284,136,148,108Y12M
10014,臺東縣,10014020,成功鎮,10014020-004,三民里,257,152,105,2194,1144,1050,563,258,305,108Y12M
10014,臺東縣,10014020,成功鎮,10014020-007,和平里,46,29,17,535,296,239,207,105,102,108Y12M
10014,臺東縣,10014020,成功鎮,10014020-006,忠仁里,263,133,130,1776,929,847,470,243,227,108Y12M
10014,臺東縣,10014020,成功鎮,10014020-002,忠孝里,79,31,48,725,390,335,248,102,146,108Y12M
10014,臺東縣,10014020,成功鎮,10014020-005,忠智里,279,133,146,1498,774,724,439,218,221,108Y12M
10014,臺東縣,10014020,成功鎮,10014020-008,信義里,144,88,56,1396,784,612,432,194,238,108Y12M
10014,臺東縣,10014020,成功鎮,10014020-001,博愛里,24,15,9,437,269,168,187,84,103,108Y12M
10014,臺東縣,10014060,池上鄉,10014060-003,大坡村,29,11,18,239,142,97,86,40,46,108Y12M
10014,臺東縣,10014060,池上鄉,10014060-004,大埔村,75,40,35,603,307,296,211,100,111,108Y12M
10014,臺東縣,10014060,池上鄉,10014060-010,振興村,41,24,17,349,195,154,97,44,53,108Y12M
10014,臺東縣,10014060,池上鄉,10014060-009,富興村,37,21,16,307,176,131,97,51,46,108Y12M
10014,臺東縣,10014060,池上鄉,10014060-007,新興村,72,41,31,647,374,273,221,108,113,108Y12M
10014,臺東縣,10014060,池上鄉,10014060-008,萬安村,35,18,17,218,121,97,97,41,56,108Y12M
10014,臺東縣,10014060,池上鄉,10014060-001,福文村,128,71,57,903,494,409,266,110,156,108Y12M
10014,臺東縣,10014060,池上鄉,10014060-005,福原村,272,139,133,1563,766,797,436,178,258,108Y12M
10014,臺東縣,10014060,池上鄉,10014060-002,慶豐村,54,33,21,511,275,236,165,74,91,108Y12M
10014,臺東縣,10014060,池上鄉,10014060-006,錦園村,29,17,12,261,147,114,92,43,49,108Y12M
10014,臺東縣,10014040,卑南鄉,10014040-010,太平村,326,167,159,2695,1397,1298,474,209,265,108Y12M
10014,臺東縣,10014040,卑南鄉,10014040-002,利吉村,36,16,20,335,187,148,113,57,56,108Y12M
10014,臺東縣,10014040,卑南鄉,10014040-011,利嘉村,135,72,63,952,496,456,198,102,96,108Y12M
10014,臺東縣,10014040,卑南鄉,10014040-005,明峰村,117,62,55,897,501,396,289,150,139,108Y12M
10014,臺東縣,10014040,卑南鄉,10014040-012,東興村,153,81,72,1053,560,493,157,80,77,108Y12M
10014,臺東縣,10014040,卑南鄉,10014040-006,初鹿村,135,68,67,1022,564,458,282,117,165,108Y12M
10014,臺東縣,10014040,卑南鄉,10014040-007,美農村,93,44,49,854,508,346,256,109,147,108Y12M
10014,臺東縣,10014040,卑南鄉,10014040-009,泰安村,178,87,91,997,527,470,161,73,88,108Y12M
10014,臺東縣,10014040,卑南鄉,10014040-003,富山村,48,25,23,384,223,161,100,50,50,108Y12M
10014,臺東縣,10014040,卑南鄉,10014040-004,富源村,15,8,7,237,150,87,105,53,52,108Y12M
10014,臺東縣,10014040,卑南鄉,10014040-013,溫泉村,152,82,70,826,450,376,297,151,146,108Y12M
10014,臺東縣,10014040,卑南鄉,10014040-001,嘉豐村,55,26,29,396,229,167,91,41,50,108Y12M
10014,臺東縣,10014040,卑南鄉,10014040-008,賓朗村,223,113,110,1798,961,837,497,223,274,108Y12M
10014,臺東縣,10014130,延平鄉,10014130-002,永康村,63,35,28,290,157,133,27,12,15,108Y12M
10014,臺東縣,10014130,延平鄉,10014130-001,武陵村,108,54,54,537,302,235,62,26,36,108Y12M
10014,臺東縣,10014130,延平鄉,10014130-003,紅葉村,74,48,26,384,206,178,50,27,23,108Y12M
10014,臺東縣,10014130,延平鄉,10014130-005,桃源村,194,97,97,943,513,430,105,50,55,108Y12M
10014,臺東縣,10014130,延平鄉,10014130-004,鸞山村,92,44,48,534,292,242,77,36,41,108Y12M
10014,臺東縣,10014070,東河鄉,10014070-001,北源村,96,56,40,1226,833,393,394,189,205,108Y12M
10014,臺東縣,10014070,東河鄉,10014070-004,尚德村,25,11,14,201,121,80,64,35,29,108Y12M
10014,臺東縣,10014070,東河鄉,10014070-003,東河村,79,38,41,752,425,327,254,122,132,108Y12M
10014,臺東縣,10014070,東河鄉,10014070-002,泰源村,110,59,51,920,519,401,277,117,160,108Y12M
10014,臺東縣,10014070,東河鄉,10014070-007,都蘭村,206,115,91,1633,907,726,518,224,294,108Y12M
10014,臺東縣,10014070,東河鄉,10014070-005,隆昌村,38,21,17,392,219,173,162,65,97,108Y12M
10014,臺東縣,10014070,東河鄉,10014070-006,興昌村,77,45,32,645,363,282,280,128,152,108Y12M
10014,臺東縣,10014140,金峰鄉,10014140-002,正興村,94,48,46,558,279,279,75,32,43,108Y12M
10014,臺東縣,10014140,金峰鄉,10014140-001,新興村,105,56,49,487,249,238,48,24,24,108Y12M
10014,臺東縣,10014140,金峰鄉,10014140-003,嘉蘭村,241,116,125,1150,594,556,141,59,82,108Y12M
10014,臺東縣,10014140,金峰鄉,10014140-004,賓茂村,58,35,23,294,161,133,50,24,26,108Y12M
10014,臺東縣,10014140,金峰鄉,10014140-005,歷坵村,59,31,28,296,144,152,47,21,26,108Y12M
10014,臺東縣,10014080,長濱鄉,10014080-002,三間村,93,48,45,842,546,296,350,155,195,108Y12M
10014,臺東縣,10014080,長濱鄉,10014080-005,竹湖村,70,36,34,679,401,278,234,104,130,108Y12M
10014,臺東縣,10014080,長濱鄉,10014080-003,忠勇村,61,35,26,416,265,151,131,70,61,108Y12M
10014,臺東縣,10014080,長濱鄉,10014080-004,長濱村,191,102,89,1541,885,656,483,220,263,108Y12M
10014,臺東縣,10014080,長濱鄉,10014080-006,寧埔村,73,44,29,896,563,333,310,141,169,108Y12M
10014,臺東縣,10014080,長濱鄉,10014080-001,樟原村,36,14,22,431,267,164,184,73,111,108Y12M
10014,臺東縣,10014120,海端鄉,10014120-006,加拿村,97,50,47,462,264,198,42,24,18,108Y12M
10014,臺東縣,10014120,海端鄉,10014120-003,利稻村,58,32,26,241,126,115,27,10,17,108Y12M
10014,臺東縣,10014120,海端鄉,10014120-005,崁頂村,127,75,52,522,288,234,60,33,27,108Y12M
10014,臺東縣,10014120,海端鄉,10014120-004,海端村,189,97,92,901,497,404,111,50,61,108Y12M
10014,臺東縣,10014120,海端鄉,10014120-001,廣原村,186,87,99,698,372,326,81,31,50,108Y12M
10014,臺東縣,10014120,海端鄉,10014120-002,霧鹿村,56,29,27,229,118,111,33,16,17,108Y12M
10014,臺東縣,10014050,鹿野鄉,10014050-004,永安村,141,84,57,1186,662,524,288,135,153,108Y12M
10014,臺東縣,10014050,鹿野鄉,10014050-006,鹿野村,103,46,57,845,451,394,266,119,147,108Y12M
10014,臺東縣,10014050,鹿野鄉,10014050-001,瑞和村,62,28,34,530,296,234,148,67,81,108Y12M
10014,臺東縣,10014050,鹿野鄉,10014050-005,瑞隆村,86,52,34,708,384,324,216,104,112,108Y12M
10014,臺東縣,10014050,鹿野鄉,10014050-003,瑞源村,94,51,43,670,343,327,218,101,117,108Y12M
10014,臺東縣,10014050,鹿野鄉,10014050-002,瑞豐村,57,33,24,702,401,301,230,96,134,108Y12M
10014,臺東縣,10014050,鹿野鄉,10014050-007,龍田村,111,55,56,809,447,362,274,135,139,108Y12M
10014,臺東縣,10014150,達仁鄉,10014150-002,土村,121,58,63,794,444,350,100,42,58,108Y12M
10014,臺東縣,10014150,達仁鄉,10014150-001,台村,79,42,37,512,291,221,103,41,62,108Y12M
10014,臺東縣,10014150,達仁鄉,10014150-004,安朔村,68,38,30,492,283,209,90,37,53,108Y12M
10014,臺東縣,10014150,達仁鄉,10014150-006,南田村,22,12,10,265,136,129,31,14,17,108Y12M
10014,臺東縣,10014150,達仁鄉,10014150-005,森永村,45,24,21,345,194,151,58,27,31,108Y12M
10014,臺東縣,10014150,達仁鄉,10014150-003,新化村,39,28,11,274,153,121,61,31,30,108Y12M
10014,臺東縣,10014110,綠島鄉,10014110-002,中寮村,135,62,73,922,499,423,143,73,70,108Y12M
10014,臺東縣,10014110,綠島鄉,10014110-001,公館村,132,75,57,880,498,382,128,69,59,108Y12M
10014,臺東縣,10014110,綠島鄉,10014110-003,南寮村,167,88,79,1340,683,657,198,95,103,108Y12M
10014,臺東縣,10014010,臺東市,10014010-021,大同里,74,36,38,601,296,305,175,73,102,108Y12M
10014,臺東縣,10014010,臺東市,10014010-024,中山里,215,100,115,573,286,287,201,91,110,108Y12M
10014,臺東縣,10014010,臺東市,10014010-011,中心里,952,509,443,2629,1302,1327,547,235,312,108Y12M
10014,臺東縣,10014010,臺東市,10014010-020,中正里,30,19,11,579,297,282,242,110,132,108Y12M
10014,臺東縣,10014010,臺東市,10014010-015,中華里,194,105,89,1379,707,672,353,152,201,108Y12M
10014,臺東縣,10014010,臺東市,10014010-019,仁愛里,54,30,24,568,304,264,166,75,91,108Y12M
10014,臺東縣,10014010,臺東市,10014010-023,文化里,455,235,220,744,380,364,168,78,90,108Y12M
10014,臺東縣,10014010,臺東市,10014010-014,四維里,111,57,54,552,305,247,132,60,72,108Y12M
10014,臺東縣,10014010,臺東市,10014010-008,民生里,306,163,143,2525,1250,1275,696,304,392,108Y12M
10014,臺東縣,10014010,臺東市,10014010-013,民族里,821,445,376,1240,578,662,285,132,153,108Y12M
10014,臺東縣,10014010,臺東市,10014010-018,民權里,111,66,45,711,380,331,169,75,94,108Y12M
10014,臺東縣,10014010,臺東市,10014010-034,永樂里,447,254,193,1919,958,961,308,159,149,108Y12M
10014,臺東縣,10014010,臺東市,10014010-032,光明里,633,296,337,2399,1094,1305,339,143,196,108Y12M
10014,臺東縣,10014010,臺東市,10014010-022,成功里,85,47,38,629,333,296,171,69,102,108Y12M
10014,臺東縣,10014010,臺東市,10014010-012,自強里,1114,570,544,3446,1645,1801,792,346,446,108Y12M
10014,臺東縣,10014010,臺東市,10014010-005,卑南里,240,132,108,2424,1219,1205,477,211,266,108Y12M
10014,臺東縣,10014010,臺東市,10014010-003,岩灣里,157,83,74,1921,997,924,354,178,176,108Y12M
10014,臺東縣,10014010,臺東市,10014010-036,東海里,673,332,341,2368,1150,1218,499,222,277,108Y12M
10014,臺東縣,10014010,臺東市,10014010-045,知本里,163,94,69,1150,581,569,252,113,139,108Y12M
10014,臺東縣,10014010,臺東市,10014010-004,南王里,255,140,115,2337,1218,1119,479,214,265,108Y12M
10014,臺東縣,10014010,臺東市,10014010-006,南榮里,295,159,136,2241,1184,1057,519,249,270,108Y12M
10014,臺東縣,10014010,臺東市,10014010-042,建和里,167,73,94,1141,632,509,292,132,160,108Y12M
10014,臺東縣,10014010,臺東市,10014010-017,建國里,106,60,46,1025,550,475,293,123,170,108Y12M
10014,臺東縣,10014010,臺東市,10014010-044,建業里,121,67,54,1074,571,503,281,117,164,108Y12M
10014,臺東縣,10014010,臺東市,10014010-046,建農里,229,120,109,1760,958,802,304,123,181,108Y12M
10014,臺東縣,10014010,臺東市,10014010-043,建興里,62,35,27,758,399,359,204,89,115,108Y12M
10014,臺東縣,10014010,臺東市,10014010-010,馬蘭里,933,484,449,2234,1033,1201,488,207,281,108Y12M
10014,臺東縣,10014010,臺東市,10014010-035,康樂里,202,116,86,1175,634,541,206,104,102,108Y12M
10014,臺東縣,10014010,臺東市,10014010-016,強國里,61,30,31,516,277,239,124,56,68,108Y12M
10014,臺東縣,10014010,臺東市,10014010-001,富岡里,135,76,59,1199,649,550,327,153,174,108Y12M
10014,臺東縣,10014010,臺東市,10014010-002,富豐里,105,61,44,734,413,321,156,61,95,108Y12M
10014,臺東縣,10014010,臺東市,10014010-025,復國里,62,34,28,484,250,234,121,58,63,108Y12M
10014,臺東縣,10014010,臺東市,10014010-027,復興里,55,27,28,349,181,168,86,42,44,108Y12M
10014,臺東縣,10014010,臺東市,10014010-007,新生里,681,346,335,5672,2788,2884,1139,498,641,108Y12M
10014,臺東縣,10014010,臺東市,10014010-029,新園里,176,110,66,1403,759,644,288,135,153,108Y12M
10014,臺東縣,10014010,臺東市,10014010-037,新興里,94,43,51,789,396,393,224,96,128,108Y12M
10014,臺東縣,10014010,臺東市,10014010-026,興國里,250,135,115,601,287,314,176,71,105,108Y12M
10014,臺東縣,10014010,臺東市,10014010-030,豐田里,286,152,134,1725,881,844,375,159,216,108Y12M
10014,臺東縣,10014010,臺東市,10014010-031,豐年里,355,188,167,2671,1395,1276,468,205,263,108Y12M
10014,臺東縣,10014010,臺東市,10014010-039,豐谷里,561,282,279,4454,2298,2156,889,400,489,108Y12M
10014,臺東縣,10014010,臺東市,10014010-040,豐里里,279,147,132,2038,1072,966,420,193,227,108Y12M
10014,臺東縣,10014010,臺東市,10014010-041,豐原里,154,77,77,974,547,427,254,122,132,108Y12M
10014,臺東縣,10014010,臺東市,10014010-038,豐榮里,901,471,430,7210,3503,3707,1255,529,726,108Y12M
10014,臺東縣,10014010,臺東市,10014010-033,豐樂里,238,123,115,1282,659,623,263,119,144,108Y12M
10014,臺東縣,10014010,臺東市,10014010-009,寶桑里,125,68,57,703,365,338,178,70,108,108Y12M
10014,臺東縣,10014010,臺東市,10014010-028,鐵花里,22,12,10,309,153,156,107,42,65,108Y12M
10014,臺東縣,10014030,關山鎮,10014030-004,中福里,107,55,52,621,312,309,207,104,103,108Y12M
10014,臺東縣,10014030,關山鎮,10014030-007,月眉里,64,33,31,571,335,236,162,73,89,108Y12M
10014,臺東縣,10014030,關山鎮,10014030-005,里里,230,116,114,1348,691,657,373,157,216,108Y12M
10014,臺東縣,10014030,關山鎮,10014030-003,新福里,120,62,58,737,408,329,181,81,100,108Y12M
10014,臺東縣,10014030,關山鎮,10014030-006,電光里,50,25,25,413,248,165,137,73,64,108Y12M
10014,臺東縣,10014030,關山鎮,10014030-001,德高里,150,71,79,1312,728,584,440,194,246,108Y12M
10014,臺東縣,10014030,關山鎮,10014030-002,豐泉里,176,79,97,949,489,460,227,100,127,108Y12M
10014,臺東縣,10014160,蘭嶼鄉,10014160-001,東清村,236,131,105,1216,592,624,103,50,53,108Y12M
10014,臺東縣,10014160,蘭嶼鄉,10014160-003,紅頭村,175,100,75,1158,594,564,135,67,68,108Y12M
10014,臺東縣,10014160,蘭嶼鄉,10014160-002,朗島村,134,72,62,724,350,374,70,32,38,108Y12M
10014,臺東縣,10014160,蘭嶼鄉,10014160-004,椰油村,194,91,103,895,468,427,87,43,44,108Y12M
10014,臺東縣,10014010,臺東市,10014010-001,富岡里,132,74,58,1192,649,543,337,158,179,109Y03M
10014,臺東縣,10014010,臺東市,10014010-002,富豐里,112,64,48,732,415,317,158,63,95,109Y03M
10014,臺東縣,10014010,臺東市,10014010-003,岩灣里,165,87,78,1934,1008,926,359,179,180,109Y03M
10014,臺東縣,10014010,臺東市,10014010-004,南王里,260,145,115,2353,1234,1119,486,215,271,109Y03M
10014,臺東縣,10014010,臺東市,10014010-005,卑南里,238,123,115,2425,1214,1211,478,210,268,109Y03M
10014,臺東縣,10014010,臺東市,10014010-006,南榮里,299,164,135,2245,1186,1059,528,250,278,109Y03M
10014,臺東縣,10014010,臺東市,10014010-007,新生里,696,355,341,5663,2778,2885,1169,513,656,109Y03M
10014,臺東縣,10014010,臺東市,10014010-008,民生里,311,168,143,2510,1241,1269,703,308,395,109Y03M
10014,臺東縣,10014010,臺東市,10014010-009,寶桑里,114,62,52,703,368,335,178,71,107,109Y03M
10014,臺東縣,10014010,臺東市,10014010-010,馬蘭里,926,478,448,2193,1018,1175,493,207,286,109Y03M
10014,臺東縣,10014010,臺東市,10014010-011,中心里,963,521,442,2627,1291,1336,547,235,312,109Y03M
10014,臺東縣,10014010,臺東市,10014010-012,自強里,1101,570,531,3420,1626,1794,799,351,448,109Y03M
10014,臺東縣,10014010,臺東市,10014010-013,民族里,820,436,384,1219,566,653,285,133,152,109Y03M
10014,臺東縣,10014010,臺東市,10014010-014,四維里,107,54,53,546,299,247,132,60,72,109Y03M
10014,臺東縣,10014010,臺東市,10014010-015,中華里,191,96,95,1389,714,675,358,151,207,109Y03M
10014,臺東縣,10014010,臺東市,10014010-016,強國里,66,32,34,508,270,238,132,58,74,109Y03M
10014,臺東縣,10014010,臺東市,10014010-017,建國里,105,59,46,1007,538,469,300,126,174,109Y03M
10014,臺東縣,10014010,臺東市,10014010-018,民權里,108,66,42,704,376,328,173,77,96,109Y03M
10014,臺東縣,10014010,臺東市,10014010-019,仁愛里,58,33,25,562,300,262,169,77,92,109Y03M
10014,臺東縣,10014010,臺東市,10014010-020,中正里,31,20,11,570,292,278,244,112,132,109Y03M
10014,臺東縣,10014010,臺東市,10014010-021,大同里,76,37,39,594,297,297,177,75,102,109Y03M
10014,臺東縣,10014010,臺東市,10014010-022,成功里,81,44,37,627,332,295,173,72,101,109Y03M
10014,臺東縣,10014010,臺東市,10014010-023,文化里,453,239,214,748,388,360,169,78,91,109Y03M
10014,臺東縣,10014010,臺東市,10014010-024,中山里,217,102,115,564,280,284,201,90,111,109Y03M
10014,臺東縣,10014010,臺東市,10014010-025,復國里,60,32,28,488,253,235,122,58,64,109Y03M
10014,臺東縣,10014010,臺東市,10014010-026,興國里,245,133,112,597,289,308,177,70,107,109Y03M
10014,臺東縣,10014010,臺東市,10014010-027,復興里,52,27,25,345,178,167,84,41,43,109Y03M
10014,臺東縣,10014010,臺東市,10014010-028,鐵花里,19,11,8,305,153,152,105,40,65,109Y03M
10014,臺東縣,10014010,臺東市,10014010-029,新園里,164,105,59,1413,764,649,289,134,155,109Y03M
10014,臺東縣,10014010,臺東市,10014010-030,豐田里,276,144,132,1741,883,858,376,159,217,109Y03M
10014,臺東縣,10014010,臺東市,10014010-031,豐年里,363,195,168,2662,1395,1267,477,206,271,109Y03M
10014,臺東縣,10014010,臺東市,10014010-032,光明里,637,297,340,2398,1091,1307,345,145,200,109Y03M
10014,臺東縣,10014010,臺東市,10014010-033,豐樂里,247,124,123,1271,650,621,265,121,144,109Y03M
10014,臺東縣,10014010,臺東市,10014010-034,永樂里,435,247,188,1917,961,956,311,161,150,109Y03M
10014,臺東縣,10014010,臺東市,10014010-035,康樂里,203,117,86,1173,633,540,206,103,103,109Y03M
10014,臺東縣,10014010,臺東市,10014010-036,東海里,658,323,335,2347,1145,1202,508,222,286,109Y03M
10014,臺東縣,10014010,臺東市,10014010-037,新興里,91,42,49,774,387,387,223,96,127,109Y03M
10014,臺東縣,10014010,臺東市,10014010-038,豐榮里,900,469,431,7182,3492,3690,1276,545,731,109Y03M
10014,臺東縣,10014010,臺東市,10014010-039,豐谷里,567,284,283,4415,2286,2129,898,401,497,109Y03M
10014,臺東縣,10014010,臺東市,10014010-040,豐里里,276,144,132,2028,1065,963,420,194,226,109Y03M
10014,臺東縣,10014010,臺東市,10014010-041,豐原里,152,80,72,971,545,426,256,122,134,109Y03M
10014,臺東縣,10014010,臺東市,10014010-042,建和里,170,77,93,1132,627,505,300,135,165,109Y03M
10014,臺東縣,10014010,臺東市,10014010-043,建興里,60,34,26,766,399,367,205,90,115,109Y03M
10014,臺東縣,10014010,臺東市,10014010-044,建業里,122,70,52,1062,566,496,289,116,173,109Y03M
10014,臺東縣,10014010,臺東市,10014010-045,知本里,156,92,64,1136,570,566,260,118,142,109Y03M
10014,臺東縣,10014010,臺東市,10014010-046,建農里,227,119,108,1748,949,799,314,130,184,109Y03M
10014,臺東縣,10014020,成功鎮,10014020-001,博愛里,25,16,9,437,270,167,183,82,101,109Y03M
10014,臺東縣,10014020,成功鎮,10014020-002,忠孝里,80,30,50,710,381,329,251,106,145,109Y03M
10014,臺東縣,10014020,成功鎮,10014020-003,三仙里,133,73,60,1107,646,461,289,139,150,109Y03M
10014,臺東縣,10014020,成功鎮,10014020-004,三民里,256,146,110,2192,1142,1050,573,266,307,109Y03M
10014,臺東縣,10014020,成功鎮,10014020-005,忠智里,272,129,143,1493,768,725,437,217,220,109Y03M
10014,臺東縣,10014020,成功鎮,10014020-006,忠仁里,264,135,129,1758,918,840,474,245,229,109Y03M
10014,臺東縣,10014020,成功鎮,10014020-007,和平里,44,28,16,526,294,232,205,104,101,109Y03M
10014,臺東縣,10014020,成功鎮,10014020-008,信義里,137,83,54,1392,781,611,429,194,235,109Y03M
10014,臺東縣,10014030,關山鎮,10014030-001,德高里,154,73,81,1300,724,576,441,194,247,109Y03M
10014,臺東縣,10014030,關山鎮,10014030-002,豐泉里,182,81,101,949,491,458,223,96,127,109Y03M
10014,臺東縣,10014030,關山鎮,10014030-003,新福里,122,64,58,735,407,328,179,79,100,109Y03M
10014,臺東縣,10014030,關山鎮,10014030-004,中福里,103,54,49,618,315,303,210,104,106,109Y03M
10014,臺東縣,10014030,關山鎮,10014030-005,里壠里,231,114,117,1347,685,662,373,160,213,109Y03M
10014,臺東縣,10014030,關山鎮,10014030-006,電光里,52,27,25,409,243,166,136,71,65,109Y03M
10014,臺東縣,10014030,關山鎮,10014030-007,月眉里,65,33,32,566,332,234,163,74,89,109Y03M
10014,臺東縣,10014040,卑南鄉,10014040-001,嘉豐村,56,25,31,391,227,164,94,43,51,109Y03M
10014,臺東縣,10014040,卑南鄉,10014040-002,利吉村,37,17,20,333,186,147,114,57,57,109Y03M
10014,臺東縣,10014040,卑南鄉,10014040-003,富山村,49,25,24,386,224,162,99,50,49,109Y03M
10014,臺東縣,10014040,卑南鄉,10014040-004,富源村,15,8,7,233,146,87,106,54,52,109Y03M
10014,臺東縣,10014040,卑南鄉,10014040-005,明峰村,110,61,49,901,506,395,291,149,142,109Y03M
10014,臺東縣,10014040,卑南鄉,10014040-006,初鹿村,136,69,67,1027,568,459,284,119,165,109Y03M
10014,臺東縣,10014040,卑南鄉,10014040-007,美農村,92,43,49,849,505,344,257,112,145,109Y03M
10014,臺東縣,10014040,卑南鄉,10014040-008,賓朗村,219,109,110,1811,969,842,500,225,275,109Y03M
10014,臺東縣,10014040,卑南鄉,10014040-009,泰安村,175,84,91,992,524,468,164,76,88,109Y03M
10014,臺東縣,10014040,卑南鄉,10014040-010,太平村,322,164,158,2699,1401,1298,479,209,270,109Y03M
10014,臺東縣,10014040,卑南鄉,10014040-011,利嘉村,134,71,63,949,494,455,201,105,96,109Y03M
10014,臺東縣,10014040,卑南鄉,10014040-012,東興村,153,78,75,1045,559,486,154,77,77,109Y03M
10014,臺東縣,10014040,卑南鄉,10014040-013,溫泉村,134,76,58,822,451,371,297,151,146,109Y03M
10014,臺東縣,10014050,鹿野鄉,10014050-001,瑞和村,62,28,34,527,296,231,147,68,79,109Y03M
10014,臺東縣,10014050,鹿野鄉,10014050-002,瑞豐村,56,33,23,700,401,299,225,92,133,109Y03M
10014,臺東縣,10014050,鹿野鄉,10014050-003,瑞源村,87,45,42,660,336,324,221,104,117,109Y03M
10014,臺東縣,10014050,鹿野鄉,10014050-004,永安村,148,85,63,1176,656,520,295,139,156,109Y03M
10014,臺東縣,10014050,鹿野鄉,10014050-005,瑞隆村,81,50,31,701,379,322,218,105,113,109Y03M
10014,臺東縣,10014050,鹿野鄉,10014050-006,鹿野村,96,43,53,848,457,391,270,120,150,109Y03M
10014,臺東縣,10014050,鹿野鄉,10014050-007,龍田村,108,53,55,796,443,353,280,138,142,109Y03M
10014,臺東縣,10014060,池上鄉,10014060-001,福文村,127,72,55,900,495,405,270,112,158,109Y03M
10014,臺東縣,10014060,池上鄉,10014060-002,慶豐村,56,34,22,509,274,235,167,75,92,109Y03M
10014,臺東縣,10014060,池上鄉,10014060-003,大坡村,30,11,19,237,141,96,89,41,48,109Y03M
10014,臺東縣,10014060,池上鄉,10014060-004,大埔村,80,45,35,595,306,289,213,99,114,109Y03M
10014,臺東縣,10014060,池上鄉,10014060-005,福原村,275,138,137,1563,769,794,443,181,262,109Y03M
10014,臺東縣,10014060,池上鄉,10014060-006,錦園村,33,18,15,259,145,114,93,44,49,109Y03M
10014,臺東縣,10014060,池上鄉,10014060-007,新興村,71,40,31,641,372,269,222,109,113,109Y03M
10014,臺東縣,10014060,池上鄉,10014060-008,萬安村,32,17,15,216,121,95,99,41,58,109Y03M
10014,臺東縣,10014060,池上鄉,10014060-009,富興村,39,23,16,307,178,129,96,49,47,109Y03M
10014,臺東縣,10014060,池上鄉,10014060-010,振興村,38,22,16,341,193,148,99,45,54,109Y03M
10014,臺東縣,10014070,東河鄉,10014070-001,北源村,99,58,41,1218,830,388,397,189,208,109Y03M
10014,臺東縣,10014070,東河鄉,10014070-002,泰源村,107,54,53,906,510,396,277,117,160,109Y03M
10014,臺東縣,10014070,東河鄉,10014070-003,東河村,78,39,39,754,426,328,252,121,131,109Y03M
10014,臺東縣,10014070,東河鄉,10014070-004,尚德村,26,12,14,195,117,78,66,35,31,109Y03M
10014,臺東縣,10014070,東河鄉,10014070-005,隆昌村,37,20,17,386,216,170,160,65,95,109Y03M
10014,臺東縣,10014070,東河鄉,10014070-006,興昌村,75,43,32,649,365,284,277,128,149,109Y03M
10014,臺東縣,10014070,東河鄉,10014070-007,都蘭村,208,113,95,1619,900,719,524,232,292,109Y03M
10014,臺東縣,10014080,長濱鄉,10014080-001,樟原村,38,15,23,432,270,162,183,73,110,109Y03M
10014,臺東縣,10014080,長濱鄉,10014080-002,三間村,93,48,45,844,548,296,346,154,192,109Y03M
10014,臺東縣,10014080,長濱鄉,10014080-003,忠勇村,59,34,25,412,262,150,135,72,63,109Y03M
10014,臺東縣,10014080,長濱鄉,10014080-004,長濱村,183,100,83,1535,877,658,481,219,262,109Y03M
10014,臺東縣,10014080,長濱鄉,10014080-005,竹湖村,67,33,34,673,398,275,238,105,133,109Y03M
10014,臺東縣,10014080,長濱鄉,10014080-006,寧埔村,73,45,28,893,559,334,309,141,168,109Y03M
10014,臺東縣,10014090,太麻里鄉,10014090-001,美和村,140,75,65,1059,569,490,272,127,145,109Y03M
10014,臺東縣,10014090,太麻里鄉,10014090-002,三和村,50,31,19,472,255,217,136,70,66,109Y03M
10014,臺東縣,10014090,太麻里鄉,10014090-003,華源村,27,12,15,423,250,173,198,92,106,109Y03M
10014,臺東縣,10014090,太麻里鄉,10014090-004,北里村,59,36,23,451,273,178,130,70,60,109Y03M
10014,臺東縣,10014090,太麻里鄉,10014090-005,泰和村,156,95,61,1113,566,547,326,145,181,109Y03M
10014,臺東縣,10014090,太麻里鄉,10014090-006,大王村,206,114,92,1409,763,646,424,199,225,109Y03M
10014,臺東縣,10014090,太麻里鄉,10014090-007,香蘭村,70,35,35,630,365,265,196,94,102,109Y03M
10014,臺東縣,10014090,太麻里鄉,10014090-008,金崙村,203,109,94,1496,787,709,273,129,144,109Y03M
10014,臺東縣,10014090,太麻里鄉,10014090-009,多良村,121,71,50,761,407,354,167,71,96,109Y03M
10014,臺東縣,10014100,大武鄉,10014100-001,大竹村,101,57,44,630,343,287,137,62,75,109Y03M
10014,臺東縣,10014100,大武鄉,10014100-002,大鳥村,162,89,73,971,548,423,166,76,90,109Y03M
10014,臺東縣,10014100,大武鄉,10014100-003,大武村,175,91,84,1082,580,502,232,104,128,109Y03M
10014,臺東縣,10014100,大武鄉,10014100-004,尚武村,110,57,53,1123,580,543,295,131,164,109Y03M
10014,臺東縣,10014100,大武鄉,10014100-005,南興村,51,28,23,447,235,212,97,43,54,109Y03M
10014,臺東縣,10014110,綠島鄉,10014110-001,公館村,134,73,61,877,491,386,133,71,62,109Y03M
10014,臺東縣,10014110,綠島鄉,10014110-002,中寮村,124,55,69,918,498,420,142,73,69,109Y03M
10014,臺東縣,10014110,綠島鄉,10014110-003,南寮村,165,89,76,1335,684,651,196,94,102,109Y03M
10014,臺東縣,10014120,海端鄉,10014120-001,廣原村,186,86,100,692,369,323,79,29,50,109Y03M
10014,臺東縣,10014120,海端鄉,10014120-002,霧鹿村,55,29,26,227,118,109,35,16,19,109Y03M
10014,臺東縣,10014120,海端鄉,10014120-003,利稻村,55,31,24,240,126,114,29,11,18,109Y03M
10014,臺東縣,10014120,海端鄉,10014120-004,海端村,178,92,86,901,494,407,111,51,60,109Y03M
10014,臺東縣,10014120,海端鄉,10014120-005,崁頂村,124,74,50,521,288,233,59,33,26,109Y03M
10014,臺東縣,10014120,海端鄉,10014120-006,加拿村,98,52,46,460,261,199,46,26,20,109Y03M
10014,臺東縣,10014130,延平鄉,10014130-001,武陵村,106,51,55,540,303,237,64,27,37,109Y03M
10014,臺東縣,10014130,延平鄉,10014130-002,永康村,65,35,30,288,156,132,26,11,15,109Y03M
10014,臺東縣,10014130,延平鄉,10014130-003,紅葉村,76,49,27,382,204,178,51,28,23,109Y03M
10014,臺東縣,10014130,延平鄉,10014130-004,鸞山村,95,49,46,522,287,235,81,37,44,109Y03M
10014,臺東縣,10014130,延平鄉,10014130-005,桃源村,191,97,94,938,509,429,102,47,55,109Y03M
10014,臺東縣,10014140,金峰鄉,10014140-001,新興村,107,55,52,483,247,236,50,25,25,109Y03M
10014,臺東縣,10014140,金峰鄉,10014140-002,正興村,96,48,48,554,277,277,76,33,43,109Y03M
10014,臺東縣,10014140,金峰鄉,10014140-003,嘉蘭村,245,118,127,1151,593,558,143,61,82,109Y03M
10014,臺東縣,10014140,金峰鄉,10014140-004,賓茂村,54,32,22,295,161,134,50,24,26,109Y03M
10014,臺東縣,10014140,金峰鄉,10014140-005,歷坵村,55,29,26,293,144,149,49,21,28,109Y03M
10014,臺東縣,10014150,達仁鄉,10014150-001,台坂村,82,41,41,513,292,221,104,43,61,109Y03M
10014,臺東縣,10014150,達仁鄉,10014150-002,土坂村,119,57,62,787,443,344,105,43,62,109Y03M
10014,臺東縣,10014150,達仁鄉,10014150-003,新化村,40,28,12,272,151,121,62,31,31,109Y03M
10014,臺東縣,10014150,達仁鄉,10014150-004,安朔村,69,39,30,491,280,211,90,38,52,109Y03M
10014,臺東縣,10014150,達仁鄉,10014150-005,森永村,38,20,18,334,188,146,59,27,32,109Y03M
10014,臺東縣,10014150,達仁鄉,10014150-006,南田村,32,19,13,285,143,142,35,18,17,109Y03M
10014,臺東縣,10014160,蘭嶼鄉,10014160-001,東清村,235,131,104,1223,594,629,101,50,51,109Y03M
10014,臺東縣,10014160,蘭嶼鄉,10014160-002,朗島村,131,69,62,719,346,373,75,35,40,109Y03M
10014,臺東縣,10014160,蘭嶼鄉,10014160-003,紅頭村,174,101,73,1159,592,567,138,70,68,109Y03M
10014,臺東縣,10014160,蘭嶼鄉,10014160-004,椰油村,196,91,105,902,471,431,92,47,45,109Y03M
10014,臺東縣,10014010,臺東市,10014010-001,富岡里,143,80,63,1185,643,542,343,162,181,109Y06M
10014,臺東縣,10014010,臺東市,10014010-002,富豐里,108,58,50,737,420,317,157,63,94,109Y06M
10014,臺東縣,10014010,臺東市,10014010-003,岩灣里,161,85,76,1940,1009,931,326,142,184,109Y06M
10014,臺東縣,10014010,臺東市,10014010-004,南王里,260,145,115,2368,1233,1135,493,218,275,109Y06M
10014,臺東縣,10014010,臺東市,10014010-005,卑南里,235,123,112,2410,1206,1204,482,215,267,109Y06M
10014,臺東縣,10014010,臺東市,10014010-006,南榮里,293,153,140,2244,1192,1052,545,256,289,109Y06M
10014,臺東縣,10014010,臺東市,10014010-007,新生里,685,348,337,5633,2762,2871,1189,522,667,109Y06M
10014,臺東縣,10014010,臺東市,10014010-008,民生里,311,168,143,2493,1244,1249,713,309,404,109Y06M
10014,臺東縣,10014010,臺東市,10014010-009,寶桑里,114,65,49,699,365,334,183,74,109,109Y06M
10014,臺東縣,10014010,臺東市,10014010-010,馬蘭里,931,476,455,2184,1015,1169,498,207,291,109Y06M
10014,臺東縣,10014010,臺東市,10014010-011,中心里,958,514,444,2623,1283,1340,554,238,316,109Y06M
10014,臺東縣,10014010,臺東市,10014010-012,自強里,1109,583,526,3417,1628,1789,815,358,457,109Y06M
10014,臺東縣,10014010,臺東市,10014010-013,民族里,822,441,381,1220,567,653,288,134,154,109Y06M
10014,臺東縣,10014010,臺東市,10014010-014,四維里,99,50,49,542,296,246,132,61,71,109Y06M
10014,臺東縣,10014010,臺東市,10014010-015,中華里,193,99,94,1381,710,671,354,149,205,109Y06M
10014,臺東縣,10014010,臺東市,10014010-016,強國里,60,29,31,510,274,236,135,60,75,109Y06M
10014,臺東縣,10014010,臺東市,10014010-017,建國里,99,54,45,972,520,452,298,128,170,109Y06M
10014,臺東縣,10014010,臺東市,10014010-018,民權里,104,65,39,694,370,324,170,77,93,109Y06M
10014,臺東縣,10014010,臺東市,10014010-019,仁愛里,60,33,27,561,303,258,170,76,94,109Y06M
10014,臺東縣,10014010,臺東市,10014010-020,中正里,29,17,12,572,291,281,245,113,132,109Y06M
10014,臺東縣,10014010,臺東市,10014010-021,大同里,79,37,42,595,295,300,179,76,103,109Y06M
10014,臺東縣,10014010,臺東市,10014010-022,成功里,84,46,38,641,338,303,172,74,98,109Y06M
10014,臺東縣,10014010,臺東市,10014010-023,文化里,456,239,217,744,393,351,202,112,90,109Y06M
10014,臺東縣,10014010,臺東市,10014010-024,中山里,225,111,114,561,280,281,204,92,112,109Y06M
10014,臺東縣,10014010,臺東市,10014010-025,復國里,59,31,28,488,254,234,124,59,65,109Y06M
10014,臺東縣,10014010,臺東市,10014010-026,興國里,246,131,115,588,286,302,176,70,106,109Y06M
10014,臺東縣,10014010,臺東市,10014010-027,復興里,53,28,25,342,175,167,84,42,42,109Y06M
10014,臺東縣,10014010,臺東市,10014010-028,鐵花里,17,10,7,300,150,150,105,40,65,109Y06M
10014,臺東縣,10014010,臺東市,10014010-029,新園里,165,102,63,1417,771,646,291,136,155,109Y06M
10014,臺東縣,10014010,臺東市,10014010-030,豐田里,271,144,127,1746,884,862,377,162,215,109Y06M
10014,臺東縣,10014010,臺東市,10014010-031,豐年里,359,192,167,2660,1404,1256,481,209,272,109Y06M
10014,臺東縣,10014010,臺東市,10014010-032,光明里,624,291,333,2386,1084,1302,351,147,204,109Y06M
10014,臺東縣,10014010,臺東市,10014010-033,豐樂里,244,122,122,1265,650,615,269,123,146,109Y06M
10014,臺東縣,10014010,臺東市,10014010-034,永樂里,422,235,187,1908,955,953,312,162,150,109Y06M
10014,臺東縣,10014010,臺東市,10014010-035,康樂里,201,116,85,1166,631,535,211,104,107,109Y06M
10014,臺東縣,10014010,臺東市,10014010-036,東海里,655,330,325,2346,1143,1203,517,225,292,109Y06M
10014,臺東縣,10014010,臺東市,10014010-037,新興里,99,46,53,763,382,381,219,95,124,109Y06M
10014,臺東縣,10014010,臺東市,10014010-038,豐榮里,903,459,444,7182,3486,3696,1293,552,741,109Y06M
10014,臺東縣,10014010,臺東市,10014010-039,豐谷里,559,280,279,4375,2278,2097,910,401,509,109Y06M
10014,臺東縣,10014010,臺東市,10014010-040,豐里里,275,143,132,2034,1076,958,428,197,231,109Y06M
10014,臺東縣,10014010,臺東市,10014010-041,豐原里,152,82,70,968,541,427,261,129,132,109Y06M
10014,臺東縣,10014010,臺東市,10014010-042,建和里,167,74,93,1125,623,502,306,137,169,109Y06M
10014,臺東縣,10014010,臺東市,10014010-043,建興里,56,33,23,767,398,369,206,89,117,109Y06M
10014,臺東縣,10014010,臺東市,10014010-044,建業里,128,72,56,1053,559,494,291,117,174,109Y06M
10014,臺東縣,10014010,臺東市,10014010-045,知本里,150,88,62,1144,573,571,263,119,144,109Y06M
10014,臺東縣,10014010,臺東市,10014010-046,建農里,231,124,107,1745,943,802,315,133,182,109Y06M
10014,臺東縣,10014020,成功鎮,10014020-001,博愛里,22,13,9,433,266,167,184,82,102,109Y06M
10014,臺東縣,10014020,成功鎮,10014020-002,忠孝里,82,32,50,704,375,329,251,108,143,109Y06M
10014,臺東縣,10014020,成功鎮,10014020-003,三仙里,124,66,58,1099,646,453,292,140,152,109Y06M
10014,臺東縣,10014020,成功鎮,10014020-004,三民里,252,143,109,2184,1139,1045,578,270,308,109Y06M
10014,臺東縣,10014020,成功鎮,10014020-005,忠智里,270,131,139,1476,759,717,433,214,219,109Y06M
10014,臺東縣,10014020,成功鎮,10014020-006,忠仁里,270,136,134,1744,914,830,471,242,229,109Y06M
10014,臺東縣,10014020,成功鎮,10014020-007,和平里,48,31,17,524,293,231,205,103,102,109Y06M
10014,臺東縣,10014020,成功鎮,10014020-008,信義里,132,77,55,1381,783,598,437,196,241,109Y06M
10014,臺東縣,10014030,關山鎮,10014030-001,德高里,150,71,79,1297,723,574,443,196,247,109Y06M
10014,臺東縣,10014030,關山鎮,10014030-002,豐泉里,188,87,101,942,489,453,225,98,127,109Y06M
10014,臺東縣,10014030,關山鎮,10014030-003,新福里,122,62,60,743,413,330,178,80,98,109Y06M
10014,臺東縣,10014030,關山鎮,10014030-004,中福里,99,52,47,610,312,298,205,99,106,109Y06M
10014,臺東縣,10014030,關山鎮,10014030-005,里壠里,230,113,117,1322,674,648,378,164,214,109Y06M
10014,臺東縣,10014030,關山鎮,10014030-006,電光里,48,26,22,410,242,168,137,71,66,109Y06M
10014,臺東縣,10014030,關山鎮,10014030-007,月眉里,66,34,32,561,330,231,157,73,84,109Y06M
10014,臺東縣,10014040,卑南鄉,10014040-001,嘉豐村,55,26,29,391,227,164,93,43,50,109Y06M
10014,臺東縣,10014040,卑南鄉,10014040-002,利吉村,36,16,20,333,186,147,114,55,59,109Y06M
10014,臺東縣,10014040,卑南鄉,10014040-003,富山村,50,26,24,386,220,166,104,53,51,109Y06M
10014,臺東縣,10014040,卑南鄉,10014040-004,富源村,12,7,5,234,145,89,105,54,51,109Y06M
10014,臺東縣,10014040,卑南鄉,10014040-005,明峰村,104,60,44,898,500,398,296,153,143,109Y06M
10014,臺東縣,10014040,卑南鄉,10014040-006,初鹿村,138,69,69,1029,571,458,285,120,165,109Y06M
10014,臺東縣,10014040,卑南鄉,10014040-007,美農村,85,39,46,845,500,345,252,110,142,109Y06M
10014,臺東縣,10014040,卑南鄉,10014040-008,賓朗村,217,107,110,1808,968,840,504,225,279,109Y06M
10014,臺東縣,10014040,卑南鄉,10014040-009,泰安村,178,86,92,1004,531,473,168,76,92,109Y06M
10014,臺東縣,10014040,卑南鄉,10014040-010,太平村,325,169,156,2703,1401,1302,485,211,274,109Y06M
10014,臺東縣,10014040,卑南鄉,10014040-011,利嘉村,139,73,66,941,488,453,205,104,101,109Y06M
10014,臺東縣,10014040,卑南鄉,10014040-012,東興村,156,80,76,1038,557,481,157,79,78,109Y06M
10014,臺東縣,10014040,卑南鄉,10014040-013,溫泉村,127,71,56,818,451,367,298,151,147,109Y06M
10014,臺東縣,10014050,鹿野鄉,10014050-001,瑞和村,58,25,33,523,296,227,147,66,81,109Y06M
10014,臺東縣,10014050,鹿野鄉,10014050-002,瑞豐村,58,35,23,691,396,295,228,94,134,109Y06M
10014,臺東縣,10014050,鹿野鄉,10014050-003,瑞源村,85,41,44,653,334,319,225,105,120,109Y06M
10014,臺東縣,10014050,鹿野鄉,10014050-004,永安村,153,89,64,1170,653,517,294,138,156,109Y06M
10014,臺東縣,10014050,鹿野鄉,10014050-005,瑞隆村,81,53,28,696,372,324,220,106,114,109Y06M
10014,臺東縣,10014050,鹿野鄉,10014050-006,鹿野村,100,44,56,828,444,384,271,124,147,109Y06M
10014,臺東縣,10014050,鹿野鄉,10014050-007,龍田村,104,50,54,792,441,351,287,144,143,109Y06M
10014,臺東縣,10014060,池上鄉,10014060-001,福文村,122,67,55,904,500,404,269,111,158,109Y06M
10014,臺東縣,10014060,池上鄉,10014060-002,慶豐村,59,34,25,508,273,235,168,75,93,109Y06M
10014,臺東縣,10014060,池上鄉,10014060-003,大坡村,31,12,19,237,140,97,88,40,48,109Y06M
10014,臺東縣,10014060,池上鄉,10014060-004,大埔村,80,45,35,590,304,286,215,100,115,109Y06M
10014,臺東縣,10014060,池上鄉,10014060-005,福原村,280,143,137,1536,759,777,445,179,266,109Y06M
10014,臺東縣,10014060,池上鄉,10014060-006,錦園村,30,17,13,257,143,114,96,45,51,109Y06M
10014,臺東縣,10014060,池上鄉,10014060-007,新興村,68,38,30,633,368,265,222,109,113,109Y06M
10014,臺東縣,10014060,池上鄉,10014060-008,萬安村,34,18,16,213,120,93,101,41,60,109Y06M
10014,臺東縣,10014060,池上鄉,10014060-009,富興村,37,22,15,307,178,129,97,48,49,109Y06M
10014,臺東縣,10014060,池上鄉,10014060-010,振興村,40,24,16,341,193,148,100,45,55,109Y06M
10014,臺東縣,10014070,東河鄉,10014070-001,北源村,100,60,40,1198,818,380,395,189,206,109Y06M
10014,臺東縣,10014070,東河鄉,10014070-002,泰源村,106,57,49,909,510,399,281,121,160,109Y06M
10014,臺東縣,10014070,東河鄉,10014070-003,東河村,83,42,41,752,428,324,252,121,131,109Y06M
10014,臺東縣,10014070,東河鄉,10014070-004,尚德村,23,10,13,193,116,77,65,34,31,109Y06M
10014,臺東縣,10014070,東河鄉,10014070-005,隆昌村,36,19,17,380,214,166,159,64,95,109Y06M
10014,臺東縣,10014070,東河鄉,10014070-006,興昌村,79,46,33,654,364,290,278,130,148,109Y06M
10014,臺東縣,10014070,東河鄉,10014070-007,都蘭村,205,109,96,1615,900,715,524,233,291,109Y06M
10014,臺東縣,10014080,長濱鄉,10014080-001,樟原村,37,15,22,429,270,159,184,74,110,109Y06M
10014,臺東縣,10014080,長濱鄉,10014080-002,三間村,100,49,51,844,545,299,347,153,194,109Y06M
10014,臺東縣,10014080,長濱鄉,10014080-003,忠勇村,61,35,26,410,257,153,137,74,63,109Y06M
10014,臺東縣,10014080,長濱鄉,10014080-004,長濱村,179,95,84,1532,877,655,486,220,266,109Y06M
10014,臺東縣,10014080,長濱鄉,10014080-005,竹湖村,68,34,34,667,394,273,237,104,133,109Y06M
10014,臺東縣,10014080,長濱鄉,10014080-006,寧埔村,78,48,30,882,552,330,317,144,173,109Y06M
10014,臺東縣,10014090,太麻里鄉,10014090-001,美和村,130,69,61,1051,566,485,276,129,147,109Y06M
10014,臺東縣,10014090,太麻里鄉,10014090-002,三和村,48,31,17,467,252,215,136,70,66,109Y06M
10014,臺東縣,10014090,太麻里鄉,10014090-003,華源村,27,11,16,420,247,173,201,94,107,109Y06M
10014,臺東縣,10014090,太麻里鄉,10014090-004,北里村,55,33,22,456,278,178,139,76,63,109Y06M
10014,臺東縣,10014090,太麻里鄉,10014090-005,泰和村,154,95,59,1104,563,541,327,145,182,109Y06M
10014,臺東縣,10014090,太麻里鄉,10014090-006,大王村,196,112,84,1397,760,637,425,197,228,109Y06M
10014,臺東縣,10014090,太麻里鄉,10014090-007,香蘭村,72,36,36,629,362,267,198,95,103,109Y06M
10014,臺東縣,10014090,太麻里鄉,10014090-008,金崙村,199,111,88,1492,787,705,282,134,148,109Y06M
10014,臺東縣,10014090,太麻里鄉,10014090-009,多良村,121,72,49,764,407,357,170,70,100,109Y06M
10014,臺東縣,10014100,大武鄉,10014100-001,大竹村,102,57,45,630,342,288,138,63,75,109Y06M
10014,臺東縣,10014100,大武鄉,10014100-002,大鳥村,153,85,68,965,542,423,164,75,89,109Y06M
10014,臺東縣,10014100,大武鄉,10014100-003,大武村,169,89,80,1069,575,494,239,107,132,109Y06M
10014,臺東縣,10014100,大武鄉,10014100-004,尚武村,111,59,52,1122,578,544,297,132,165,109Y06M
10014,臺東縣,10014100,大武鄉,10014100-005,南興村,53,28,25,448,235,213,97,43,54,109Y06M
10014,臺東縣,10014110,綠島鄉,10014110-001,公館村,136,76,60,877,488,389,134,72,62,109Y06M
10014,臺東縣,10014110,綠島鄉,10014110-002,中寮村,124,53,71,922,499,423,141,72,69,109Y06M
10014,臺東縣,10014110,綠島鄉,10014110-003,南寮村,169,93,76,1338,690,648,194,94,100,109Y06M
10014,臺東縣,10014120,海端鄉,10014120-001,廣原村,185,87,98,683,364,319,79,29,50,109Y06M
10014,臺東縣,10014120,海端鄉,10014120-002,霧鹿村,53,27,26,223,116,107,35,16,19,109Y06M
10014,臺東縣,10014120,海端鄉,10014120-003,利稻村,49,27,22,234,124,110,31,11,20,109Y06M
10014,臺東縣,10014120,海端鄉,10014120-004,海端村,177,89,88,896,489,407,115,51,64,109Y06M
10014,臺東縣,10014120,海端鄉,10014120-005,崁頂村,125,74,51,524,290,234,64,34,30,109Y06M
10014,臺東縣,10014120,海端鄉,10014120-006,加拿村,94,49,45,470,264,206,44,24,20,109Y06M
10014,臺東縣,10014130,延平鄉,10014130-001,武陵村,105,50,55,544,306,238,64,26,38,109Y06M
10014,臺東縣,10014130,延平鄉,10014130-002,永康村,63,36,27,284,154,130,28,12,16,109Y06M
10014,臺東縣,10014130,延平鄉,10014130-003,紅葉村,73,46,27,378,202,176,53,29,24,109Y06M
10014,臺東縣,10014130,延平鄉,10014130-004,鸞山村,95,48,47,530,291,239,81,37,44,109Y06M
10014,臺東縣,10014130,延平鄉,10014130-005,桃源村,188,95,93,931,505,426,102,46,56,109Y06M
10014,臺東縣,10014140,金峰鄉,10014140-001,新興村,109,55,54,485,245,240,51,26,25,109Y06M
10014,臺東縣,10014140,金峰鄉,10014140-002,正興村,101,50,51,549,275,274,77,32,45,109Y06M
10014,臺東縣,10014140,金峰鄉,10014140-003,嘉蘭村,239,114,125,1156,594,562,143,62,81,109Y06M
10014,臺東縣,10014140,金峰鄉,10014140-004,賓茂村,55,32,23,297,161,136,48,24,24,109Y06M
10014,臺東縣,10014140,金峰鄉,10014140-005,歷坵村,55,29,26,293,144,149,48,20,28,109Y06M
10014,臺東縣,10014150,達仁鄉,10014150-001,台坂村,83,43,40,510,289,221,105,45,60,109Y06M
10014,臺東縣,10014150,達仁鄉,10014150-002,土坂村,117,56,61,784,444,340,107,45,62,109Y06M
10014,臺東縣,10014150,達仁鄉,10014150-003,新化村,39,28,11,279,154,125,59,30,29,109Y06M
10014,臺東縣,10014150,達仁鄉,10014150-004,安朔村,68,38,30,485,275,210,89,37,52,109Y06M
10014,臺東縣,10014150,達仁鄉,10014150-005,森永村,36,19,17,328,183,145,62,29,33,109Y06M
10014,臺東縣,10014150,達仁鄉,10014150-006,南田村,32,20,12,290,143,147,34,17,17,109Y06M
10014,臺東縣,10014160,蘭嶼鄉,10014160-001,東清村,233,129,104,1219,590,629,103,53,50,109Y06M
10014,臺東縣,10014160,蘭嶼鄉,10014160-002,朗島村,130,70,60,718,345,373,76,35,41,109Y06M
10014,臺東縣,10014160,蘭嶼鄉,10014160-003,紅頭村,172,99,73,1168,595,573,139,71,68,109Y06M
10014,臺東縣,10014160,蘭嶼鄉,10014160-004,椰油村,191,90,101,894,466,428,94,48,46,109Y06M
10014,臺東縣,10014010,臺東市,10014010-001,富岡里,146,78,68,1172,637,535,348,164,184,109Y09M
10014,臺東縣,10014010,臺東市,10014010-002,富豐里,112,61,51,736,417,319,156,62,94,109Y09M
10014,臺東縣,10014010,臺東市,10014010-003,岩灣里,165,88,77,1952,1019,933,321,137,184,109Y09M
10014,臺東縣,10014010,臺東市,10014010-004,南王里,260,141,119,2366,1243,1123,505,218,287,109Y09M
10014,臺東縣,10014010,臺東市,10014010-005,卑南里,245,131,114,2421,1226,1195,485,212,273,109Y09M
10014,臺東縣,10014010,臺東市,10014010-006,南榮里,298,155,143,2255,1197,1058,536,249,287,109Y09M
10014,臺東縣,10014010,臺東市,10014010-007,新生里,690,352,338,5613,2732,2881,1208,532,676,109Y09M
10014,臺東縣,10014010,臺東市,10014010-008,民生里,311,168,143,2474,1232,1242,723,314,409,109Y09M
10014,臺東縣,10014010,臺東市,10014010-009,寶桑里,111,61,50,689,362,327,186,74,112,109Y09M
10014,臺東縣,10014010,臺東市,10014010-010,馬蘭里,919,468,451,2161,1006,1155,510,212,298,109Y09M
10014,臺東縣,10014010,臺東市,10014010-011,中心里,949,511,438,2624,1278,1346,565,245,320,109Y09M
10014,臺東縣,10014010,臺東市,10014010-012,自強里,1127,581,546,3400,1623,1777,822,366,456,109Y09M
10014,臺東縣,10014010,臺東市,10014010-013,民族里,815,438,377,1207,557,650,283,131,152,109Y09M
10014,臺東縣,10014010,臺東市,10014010-014,四維里,94,48,46,534,287,247,131,61,70,109Y09M
10014,臺東縣,10014010,臺東市,10014010-015,中華里,180,96,84,1360,705,655,358,149,209,109Y09M
10014,臺東縣,10014010,臺東市,10014010-016,強國里,64,30,34,505,273,232,138,62,76,109Y09M
10014,臺東縣,10014010,臺東市,10014010-017,建國里,103,56,47,975,518,457,302,131,171,109Y09M
10014,臺東縣,10014010,臺東市,10014010-018,民權里,101,62,39,679,360,319,169,76,93,109Y09M
10014,臺東縣,10014010,臺東市,10014010-019,仁愛里,59,33,26,558,303,255,169,73,96,109Y09M
10014,臺東縣,10014010,臺東市,10014010-020,中正里,22,11,11,566,289,277,242,111,131,109Y09M
10014,臺東縣,10014010,臺東市,10014010-021,大同里,80,37,43,594,296,298,177,72,105,109Y09M
10014,臺東縣,10014010,臺東市,10014010-022,成功里,84,45,39,634,334,300,172,73,99,109Y09M
10014,臺東縣,10014010,臺東市,10014010-023,文化里,451,236,215,744,402,342,203,114,89,109Y09M
10014,臺東縣,10014010,臺東市,10014010-024,中山里,219,109,110,559,284,275,208,92,116,109Y09M
10014,臺東縣,10014010,臺東市,10014010-025,復國里,53,28,25,480,251,229,127,59,68,109Y09M
10014,臺東縣,10014010,臺東市,10014010-026,興國里,240,126,114,582,283,299,170,67,103,109Y09M
10014,臺東縣,10014010,臺東市,10014010-027,復興里,47,23,24,339,178,161,86,42,44,109Y09M
10014,臺東縣,10014010,臺東市,10014010-028,鐵花里,17,11,6,296,148,148,103,40,63,109Y09M
10014,臺東縣,10014010,臺東市,10014010-029,新園里,168,100,68,1408,764,644,297,138,159,109Y09M
10014,臺東縣,10014010,臺東市,10014010-030,豐田里,276,145,131,1761,895,866,385,166,219,109Y09M
10014,臺東縣,10014010,臺東市,10014010-031,豐年里,361,192,169,2661,1405,1256,489,212,277,109Y09M
10014,臺東縣,10014010,臺東市,10014010-032,光明里,613,286,327,2387,1083,1304,365,154,211,109Y09M
10014,臺東縣,10014010,臺東市,10014010-033,豐樂里,241,123,118,1259,645,614,274,124,150,109Y09M
10014,臺東縣,10014010,臺東市,10014010-034,永樂里,433,246,187,1905,953,952,320,164,156,109Y09M
10014,臺東縣,10014010,臺東市,10014010-035,康樂里,200,114,86,1163,626,537,212,107,105,109Y09M
10014,臺東縣,10014010,臺東市,10014010-036,東海里,657,333,324,2317,1122,1195,519,222,297,109Y09M
10014,臺東縣,10014010,臺東市,10014010-037,新興里,99,46,53,754,379,375,222,96,126,109Y09M
10014,臺東縣,10014010,臺東市,10014010-038,豐榮里,908,466,442,7151,3475,3676,1311,561,750,109Y09M
10014,臺東縣,10014010,臺東市,10014010-039,豐谷里,562,279,283,4357,2264,2093,912,403,509,109Y09M
10014,臺東縣,10014010,臺東市,10014010-040,豐里里,274,142,132,2025,1075,950,439,202,237,109Y09M
10014,臺東縣,10014010,臺東市,10014010-041,豐原里,156,81,75,966,538,428,264,130,134,109Y09M
10014,臺東縣,10014010,臺東市,10014010-042,建和里,171,72,99,1120,618,502,306,137,169,109Y09M
10014,臺東縣,10014010,臺東市,10014010-043,建興里,61,37,24,767,396,371,202,87,115,109Y09M
10014,臺東縣,10014010,臺東市,10014010-044,建業里,121,68,53,1049,558,491,285,114,171,109Y09M
10014,臺東縣,10014010,臺東市,10014010-045,知本里,147,86,61,1139,570,569,266,120,146,109Y09M
10014,臺東縣,10014010,臺東市,10014010-046,建農里,234,126,108,1746,939,807,324,135,189,109Y09M
10014,臺東縣,10014020,成功鎮,10014020-001,博愛里,24,14,10,429,264,165,180,79,101,109Y09M
10014,臺東縣,10014020,成功鎮,10014020-002,忠孝里,81,34,47,700,373,327,255,109,146,109Y09M
10014,臺東縣,10014020,成功鎮,10014020-003,三仙里,124,66,58,1087,638,449,294,141,153,109Y09M
10014,臺東縣,10014020,成功鎮,10014020-004,三民里,243,133,110,2165,1124,1041,586,278,308,109Y09M
10014,臺東縣,10014020,成功鎮,10014020-005,忠智里,261,128,133,1467,751,716,433,214,219,109Y09M
10014,臺東縣,10014020,成功鎮,10014020-006,忠仁里,253,131,122,1729,908,821,470,242,228,109Y09M
10014,臺東縣,10014020,成功鎮,10014020-007,和平里,49,30,19,521,291,230,206,104,102,109Y09M
10014,臺東縣,10014020,成功鎮,10014020-008,信義里,138,76,62,1366,777,589,449,200,249,109Y09M
10014,臺東縣,10014030,關山鎮,10014030-001,德高里,149,71,78,1299,724,575,438,194,244,109Y09M
10014,臺東縣,10014030,關山鎮,10014030-002,豐泉里,190,86,104,934,486,448,227,100,127,109Y09M
10014,臺東縣,10014030,關山鎮,10014030-003,新福里,119,63,56,732,407,325,181,83,98,109Y09M
10014,臺東縣,10014030,關山鎮,10014030-004,中福里,102,53,49,604,311,293,200,96,104,109Y09M
10014,臺東縣,10014030,關山鎮,10014030-005,里壠里,224,113,111,1311,670,641,376,160,216,109Y09M
10014,臺東縣,10014030,關山鎮,10014030-006,電光里,51,25,26,412,244,168,135,70,65,109Y09M
10014,臺東縣,10014030,關山鎮,10014030-007,月眉里,60,30,30,550,324,226,160,74,86,109Y09M
10014,臺東縣,10014040,卑南鄉,10014040-001,嘉豐村,53,26,27,390,228,162,93,42,51,109Y09M
10014,臺東縣,10014040,卑南鄉,10014040-002,利吉村,41,19,22,334,183,151,115,56,59,109Y09M
10014,臺東縣,10014040,卑南鄉,10014040-003,富山村,44,22,22,384,217,167,106,53,53,109Y09M
10014,臺東縣,10014040,卑南鄉,10014040-004,富源村,14,9,5,234,145,89,107,55,52,109Y09M
10014,臺東縣,10014040,卑南鄉,10014040-005,明峰村,103,58,45,891,496,395,298,153,145,109Y09M
10014,臺東縣,10014040,卑南鄉,10014040-006,初鹿村,130,66,64,1015,565,450,288,121,167,109Y09M
10014,臺東縣,10014040,卑南鄉,10014040-007,美農村,87,42,45,832,496,336,249,106,143,109Y09M
10014,臺東縣,10014040,卑南鄉,10014040-008,賓朗村,216,109,107,1804,966,838,504,224,280,109Y09M
10014,臺東縣,10014040,卑南鄉,10014040-009,泰安村,177,86,91,1005,528,477,167,74,93,109Y09M
10014,臺東縣,10014040,卑南鄉,10014040-010,太平村,319,166,153,2705,1409,1296,490,211,279,109Y09M
10014,臺東縣,10014040,卑南鄉,10014040-011,利嘉村,136,70,66,942,490,452,205,104,101,109Y09M
10014,臺東縣,10014040,卑南鄉,10014040-012,東興村,155,80,75,1032,553,479,159,79,80,109Y09M
10014,臺東縣,10014040,卑南鄉,10014040-013,溫泉村,122,68,54,807,445,362,302,154,148,109Y09M
10014,臺東縣,10014050,鹿野鄉,10014050-001,瑞和村,57,25,32,518,290,228,149,68,81,109Y09M
10014,臺東縣,10014050,鹿野鄉,10014050-002,瑞豐村,59,34,25,677,388,289,230,96,134,109Y09M
10014,臺東縣,10014050,鹿野鄉,10014050-003,瑞源村,91,43,48,654,339,315,229,109,120,109Y09M
10014,臺東縣,10014050,鹿野鄉,10014050-004,永安村,157,90,67,1172,656,516,299,141,158,109Y09M
10014,臺東縣,10014050,鹿野鄉,10014050-005,瑞隆村,80,55,25,687,368,319,221,104,117,109Y09M
10014,臺東縣,10014050,鹿野鄉,10014050-006,鹿野村,98,44,54,819,441,378,271,123,148,109Y09M
10014,臺東縣,10014050,鹿野鄉,10014050-007,龍田村,100,48,52,790,442,348,286,142,144,109Y09M
10014,臺東縣,10014060,池上鄉,10014060-001,福文村,119,66,53,891,498,393,266,110,156,109Y09M
10014,臺東縣,10014060,池上鄉,10014060-002,慶豐村,60,35,25,507,270,237,169,76,93,109Y09M
10014,臺東縣,10014060,池上鄉,10014060-003,大坡村,29,12,17,236,139,97,91,42,49,109Y09M
10014,臺東縣,10014060,池上鄉,10014060-004,大埔村,76,40,36,587,301,286,219,103,116,109Y09M
10014,臺東縣,10014060,池上鄉,10014060-005,福原村,280,140,140,1534,762,772,454,180,274,109Y09M
10014,臺東縣,10014060,池上鄉,10014060-006,錦園村,28,16,12,253,142,111,97,47,50,109Y09M
10014,臺東縣,10014060,池上鄉,10014060-007,新興村,66,37,29,628,366,262,225,112,113,109Y09M
10014,臺東縣,10014060,池上鄉,10014060-008,萬安村,33,17,16,213,121,92,98,39,59,109Y09M
10014,臺東縣,10014060,池上鄉,10014060-009,富興村,34,20,14,308,177,131,98,49,49,109Y09M
10014,臺東縣,10014060,池上鄉,10014060-010,振興村,39,22,17,340,193,147,104,47,57,109Y09M
10014,臺東縣,10014070,東河鄉,10014070-001,北源村,94,55,39,1190,808,382,393,187,206,109Y09M
10014,臺東縣,10014070,東河鄉,10014070-002,泰源村,100,55,45,905,506,399,280,119,161,109Y09M
10014,臺東縣,10014070,東河鄉,10014070-003,東河村,79,41,38,749,428,321,248,118,130,109Y09M
10014,臺東縣,10014070,東河鄉,10014070-004,尚德村,21,10,11,191,113,78,70,36,34,109Y09M
10014,臺東縣,10014070,東河鄉,10014070-005,隆昌村,37,19,18,379,214,165,155,62,93,109Y09M
10014,臺東縣,10014070,東河鄉,10014070-006,興昌村,81,48,33,649,364,285,280,131,149,109Y09M
10014,臺東縣,10014070,東河鄉,10014070-007,都蘭村,205,108,97,1609,894,715,527,235,292,109Y09M
10014,臺東縣,10014080,長濱鄉,10014080-001,樟原村,34,14,20,418,263,155,189,77,112,109Y09M
10014,臺東縣,10014080,長濱鄉,10014080-002,三間村,104,53,51,843,543,300,348,153,195,109Y09M
10014,臺東縣,10014080,長濱鄉,10014080-003,忠勇村,62,37,25,413,260,153,137,73,64,109Y09M
10014,臺東縣,10014080,長濱鄉,10014080-004,長濱村,170,91,79,1537,876,661,477,217,260,109Y09M
10014,臺東縣,10014080,長濱鄉,10014080-005,竹湖村,65,34,31,657,390,267,243,107,136,109Y09M
10014,臺東縣,10014080,長濱鄉,10014080-006,寧埔村,71,46,25,869,542,327,319,146,173,109Y09M
10014,臺東縣,10014090,太麻里鄉,10014090-001,美和村,126,70,56,1055,566,489,278,130,148,109Y09M
10014,臺東縣,10014090,太麻里鄉,10014090-002,三和村,44,28,16,467,253,214,135,70,65,109Y09M
10014,臺東縣,10014090,太麻里鄉,10014090-003,華源村,29,12,17,415,244,171,196,89,107,109Y09M
10014,臺東縣,10014090,太麻里鄉,10014090-004,北里村,52,31,21,454,278,176,142,78,64,109Y09M
10014,臺東縣,10014090,太麻里鄉,10014090-005,泰和村,156,96,60,1098,568,530,333,146,187,109Y09M
10014,臺東縣,10014090,太麻里鄉,10014090-006,大王村,196,109,87,1397,758,639,430,201,229,109Y09M
10014,臺東縣,10014090,太麻里鄉,10014090-007,香蘭村,74,37,37,625,359,266,197,92,105,109Y09M
10014,臺東縣,10014090,太麻里鄉,10014090-008,金崙村,204,117,87,1488,786,702,290,136,154,109Y09M
10014,臺東縣,10014090,太麻里鄉,10014090-009,多良村,111,64,47,761,407,354,166,66,100,109Y09M
10014,臺東縣,10014100,大武鄉,10014100-001,大竹村,100,59,41,629,341,288,139,64,75,109Y09M
10014,臺東縣,10014100,大武鄉,10014100-002,大鳥村,147,79,68,956,537,419,169,75,94,109Y09M
10014,臺東縣,10014100,大武鄉,10014100-003,大武村,178,89,89,1060,568,492,245,109,136,109Y09M
10014,臺東縣,10014100,大武鄉,10014100-004,尚武村,115,61,54,1121,582,539,296,133,163,109Y09M
10014,臺東縣,10014100,大武鄉,10014100-005,南興村,51,27,24,442,230,212,102,47,55,109Y09M
10014,臺東縣,10014110,綠島鄉,10014110-001,公館村,132,73,59,867,491,376,134,71,63,109Y09M
10014,臺東縣,10014110,綠島鄉,10014110-002,中寮村,123,53,70,931,504,427,141,73,68,109Y09M
10014,臺東縣,10014110,綠島鄉,10014110-003,南寮村,174,93,81,1346,693,653,196,94,102,109Y09M
10014,臺東縣,10014120,海端鄉,10014120-001,廣原村,187,90,97,684,363,321,79,30,49,109Y09M
10014,臺東縣,10014120,海端鄉,10014120-002,霧鹿村,53,26,27,224,118,106,35,15,20,109Y09M
10014,臺東縣,10014120,海端鄉,10014120-003,利稻村,50,26,24,235,124,111,30,10,20,109Y09M
10014,臺東縣,10014120,海端鄉,10014120-004,海端村,182,90,92,888,484,404,118,52,66,109Y09M
10014,臺東縣,10014120,海端鄉,10014120-005,崁頂村,126,76,50,532,294,238,64,34,30,109Y09M
10014,臺東縣,10014120,海端鄉,10014120-006,加拿村,95,50,45,475,268,207,44,24,20,109Y09M
10014,臺東縣,10014130,延平鄉,10014130-001,武陵村,108,55,53,542,306,236,60,24,36,109Y09M
10014,臺東縣,10014130,延平鄉,10014130-002,永康村,60,35,25,287,154,133,28,12,16,109Y09M
10014,臺東縣,10014130,延平鄉,10014130-003,紅葉村,80,50,30,377,201,176,53,30,23,109Y09M
10014,臺東縣,10014130,延平鄉,10014130-004,鸞山村,95,46,49,527,288,239,80,36,44,109Y09M
10014,臺東縣,10014130,延平鄉,10014130-005,桃源村,195,103,92,934,503,431,107,51,56,109Y09M
10014,臺東縣,10014140,金峰鄉,10014140-001,新興村,111,55,56,478,242,236,53,27,26,109Y09M
10014,臺東縣,10014140,金峰鄉,10014140-002,正興村,92,46,46,550,273,277,76,32,44,109Y09M
10014,臺東縣,10014140,金峰鄉,10014140-003,嘉蘭村,235,110,125,1154,593,561,145,62,83,109Y09M
10014,臺東縣,10014140,金峰鄉,10014140-004,賓茂村,57,31,26,294,158,136,50,24,26,109Y09M
10014,臺東縣,10014140,金峰鄉,10014140-005,歷坵村,56,30,26,291,144,147,47,19,28,109Y09M
10014,臺東縣,10014150,達仁鄉,10014150-001,台坂村,80,40,40,507,289,218,104,46,58,109Y09M
10014,臺東縣,10014150,達仁鄉,10014150-002,土坂村,111,53,58,778,441,337,107,46,61,109Y09M
10014,臺東縣,10014150,達仁鄉,10014150-003,新化村,39,28,11,279,155,124,58,29,29,109Y09M
10014,臺東縣,10014150,達仁鄉,10014150-004,安朔村,65,39,26,485,273,212,90,38,52,109Y09M
10014,臺東縣,10014150,達仁鄉,10014150-005,森永村,38,19,19,322,180,142,63,30,33,109Y09M
10014,臺東縣,10014150,達仁鄉,10014150-006,南田村,34,20,14,289,142,147,34,17,17,109Y09M
10014,臺東縣,10014160,蘭嶼鄉,10014160-001,東清村,236,132,104,1236,593,643,109,59,50,109Y09M
10014,臺東縣,10014160,蘭嶼鄉,10014160-002,朗島村,125,67,58,728,351,377,78,36,42,109Y09M
10014,臺東縣,10014160,蘭嶼鄉,10014160-003,紅頭村,174,101,73,1165,583,582,135,68,67,109Y09M
10014,臺東縣,10014160,蘭嶼鄉,10014160-004,椰油村,185,88,97,904,467,437,97,50,47,109Y09M
10014,臺東縣,10014010,臺東市,10014010-001,富岡里,139,77,62,1158,629,529,351,166,185,109Y12M
10014,臺東縣,10014010,臺東市,10014010-002,富豐里,113,61,52,744,421,323,152,63,89,109Y12M
10014,臺東縣,10014010,臺東市,10014010-003,岩灣里,170,93,77,1954,1023,931,328,144,184,109Y12M
10014,臺東縣,10014010,臺東市,10014010-004,南王里,259,138,121,2368,1247,1121,508,223,285,109Y12M
10014,臺東縣,10014010,臺東市,10014010-005,卑南里,239,133,106,2432,1227,1205,492,216,276,109Y12M
10014,臺東縣,10014010,臺東市,10014010-006,南榮里,296,160,136,2251,1191,1060,538,251,287,109Y12M
10014,臺東縣,10014010,臺東市,10014010-007,新生里,691,351,340,5596,2729,2867,1224,540,684,109Y12M
10014,臺東縣,10014010,臺東市,10014010-008,民生里,301,156,145,2464,1227,1237,729,318,411,109Y12M
10014,臺東縣,10014010,臺東市,10014010-009,寶桑里,106,57,49,679,356,323,185,74,111,109Y12M
10014,臺東縣,10014010,臺東市,10014010-010,馬蘭里,923,473,450,2139,991,1148,515,216,299,109Y12M
10014,臺東縣,10014010,臺東市,10014010-011,中心里,948,512,436,2638,1294,1344,571,242,329,109Y12M
10014,臺東縣,10014010,臺東市,10014010-012,自強里,1132,578,554,3375,1612,1763,839,373,466,109Y12M
10014,臺東縣,10014010,臺東市,10014010-013,民族里,802,433,369,1195,548,647,280,131,149,109Y12M
10014,臺東縣,10014010,臺東市,10014010-014,四維里,88,46,42,526,285,241,132,62,70,109Y12M
10014,臺東縣,10014010,臺東市,10014010-015,中華里,173,93,80,1340,689,651,363,153,210,109Y12M
10014,臺東縣,10014010,臺東市,10014010-016,強國里,61,30,31,504,273,231,138,62,76,109Y12M
10014,臺東縣,10014010,臺東市,10014010-017,建國里,106,60,46,962,510,452,297,127,170,109Y12M
10014,臺東縣,10014010,臺東市,10014010-018,民權里,101,61,40,678,360,318,174,79,95,109Y12M
10014,臺東縣,10014010,臺東市,10014010-019,仁愛里,57,32,25,551,297,254,173,74,99,109Y12M
10014,臺東縣,10014010,臺東市,10014010-020,中正里,20,10,10,565,285,280,243,111,132,109Y12M
10014,臺東縣,10014010,臺東市,10014010-021,大同里,87,41,46,603,301,302,180,70,110,109Y12M
10014,臺東縣,10014010,臺東市,10014010-022,成功里,84,43,41,634,335,299,176,74,102,109Y12M
10014,臺東縣,10014010,臺東市,10014010-023,文化里,454,240,214,760,406,354,205,114,91,109Y12M
10014,臺東縣,10014010,臺東市,10014010-024,中山里,220,111,109,553,279,274,207,92,115,109Y12M
10014,臺東縣,10014010,臺東市,10014010-025,復國里,54,30,24,473,248,225,127,59,68,109Y12M
10014,臺東縣,10014010,臺東市,10014010-026,興國里,245,131,114,577,282,295,171,66,105,109Y12M
10014,臺東縣,10014010,臺東市,10014010-027,復興里,40,20,20,325,172,153,88,42,46,109Y12M
10014,臺東縣,10014010,臺東市,10014010-028,鐵花里,18,11,7,293,148,145,104,40,64,109Y12M
10014,臺東縣,10014010,臺東市,10014010-029,新園里,159,94,65,1402,761,641,298,137,161,109Y12M
10014,臺東縣,10014010,臺東市,10014010-030,豐田里,280,147,133,1816,921,895,392,170,222,109Y12M
10014,臺東縣,10014010,臺東市,10014010-031,豐年里,365,194,171,2659,1405,1254,496,213,283,109Y12M
10014,臺東縣,10014010,臺東市,10014010-032,光明里,603,290,313,2385,1079,1306,369,153,216,109Y12M
10014,臺東縣,10014010,臺東市,10014010-033,豐樂里,247,127,120,1248,637,611,283,131,152,109Y12M
10014,臺東縣,10014010,臺東市,10014010-034,永樂里,437,246,191,1920,962,958,325,167,158,109Y12M
10014,臺東縣,10014010,臺東市,10014010-035,康樂里,199,114,85,1158,622,536,216,107,109,109Y12M
10014,臺東縣,10014010,臺東市,10014010-036,東海里,654,322,332,2309,1122,1187,524,219,305,109Y12M
10014,臺東縣,10014010,臺東市,10014010-037,新興里,100,48,52,752,378,374,224,95,129,109Y12M
10014,臺東縣,10014010,臺東市,10014010-038,豐榮里,880,445,435,7139,3493,3646,1334,569,765,109Y12M
10014,臺東縣,10014010,臺東市,10014010-039,豐谷里,577,291,286,4333,2249,2084,912,401,511,109Y12M
10014,臺東縣,10014010,臺東市,10014010-040,豐里里,270,140,130,2022,1074,948,439,203,236,109Y12M
10014,臺東縣,10014010,臺東市,10014010-041,豐原里,159,81,78,959,534,425,267,130,137,109Y12M
10014,臺東縣,10014010,臺東市,10014010-042,建和里,167,69,98,1109,611,498,308,137,171,109Y12M
10014,臺東縣,10014010,臺東市,10014010-043,建興里,57,36,21,761,393,368,206,88,118,109Y12M
10014,臺東縣,10014010,臺東市,10014010-044,建業里,126,67,59,1040,557,483,283,114,169,109Y12M
10014,臺東縣,10014010,臺東市,10014010-045,知本里,146,85,61,1151,575,576,267,119,148,109Y12M
10014,臺東縣,10014010,臺東市,10014010-046,建農里,236,126,110,1753,942,811,328,135,193,109Y12M
10014,臺東縣,10014020,成功鎮,10014020-001,博愛里,27,14,13,430,262,168,182,81,101,109Y12M
10014,臺東縣,10014020,成功鎮,10014020-002,忠孝里,81,33,48,697,368,329,256,112,144,109Y12M
10014,臺東縣,10014020,成功鎮,10014020-003,三仙里,128,68,60,1070,624,446,301,146,155,109Y12M
10014,臺東縣,10014020,成功鎮,10014020-004,三民里,240,132,108,2151,1108,1043,586,282,304,109Y12M
10014,臺東縣,10014020,成功鎮,10014020-005,忠智里,268,133,135,1458,752,706,437,213,224,109Y12M
10014,臺東縣,10014020,成功鎮,10014020-006,忠仁里,254,129,125,1720,905,815,481,247,234,109Y12M
10014,臺東縣,10014020,成功鎮,10014020-007,和平里,51,33,18,523,295,228,210,105,105,109Y12M
10014,臺東縣,10014020,成功鎮,10014020-008,信義里,140,76,64,1368,778,590,446,199,247,109Y12M
10014,臺東縣,10014030,關山鎮,10014030-001,德高里,146,69,77,1290,717,573,435,190,245,109Y12M
10014,臺東縣,10014030,關山鎮,10014030-002,豐泉里,185,86,99,934,483,451,236,103,133,109Y12M
10014,臺東縣,10014030,關山鎮,10014030-003,新福里,118,60,58,727,404,323,184,85,99,109Y12M
10014,臺東縣,10014030,關山鎮,10014030-004,中福里,103,54,49,597,308,289,201,97,104,109Y12M
10014,臺東縣,10014030,關山鎮,10014030-005,里壠里,220,110,110,1301,663,638,376,159,217,109Y12M
10014,臺東縣,10014030,關山鎮,10014030-006,電光里,50,25,25,408,241,167,137,71,66,109Y12M
10014,臺東縣,10014030,關山鎮,10014030-007,月眉里,59,27,32,553,322,231,160,74,86,109Y12M
10014,臺東縣,10014040,卑南鄉,10014040-001,嘉豐村,49,23,26,387,229,158,95,43,52,109Y12M
10014,臺東縣,10014040,卑南鄉,10014040-002,利吉村,42,20,22,333,182,151,120,59,61,109Y12M
10014,臺東縣,10014040,卑南鄉,10014040-003,富山村,50,26,24,386,216,170,106,53,53,109Y12M
10014,臺東縣,10014040,卑南鄉,10014040-004,富源村,14,9,5,228,140,88,110,56,54,109Y12M
10014,臺東縣,10014040,卑南鄉,10014040-005,明峰村,100,58,42,890,497,393,297,148,149,109Y12M
10014,臺東縣,10014040,卑南鄉,10014040-006,初鹿村,126,65,61,1001,557,444,293,122,171,109Y12M
10014,臺東縣,10014040,卑南鄉,10014040-007,美農村,80,38,42,831,493,338,254,110,144,109Y12M
10014,臺東縣,10014040,卑南鄉,10014040-008,賓朗村,209,105,104,1797,968,829,513,227,286,109Y12M
10014,臺東縣,10014040,卑南鄉,10014040-009,泰安村,172,84,88,998,524,474,168,76,92,109Y12M
10014,臺東縣,10014040,卑南鄉,10014040-010,太平村,325,167,158,2675,1393,1282,494,211,283,109Y12M
10014,臺東縣,10014040,卑南鄉,10014040-011,利嘉村,130,66,64,934,480,454,204,102,102,109Y12M
10014,臺東縣,10014040,卑南鄉,10014040-012,東興村,141,73,68,1023,546,477,164,83,81,109Y12M
10014,臺東縣,10014040,卑南鄉,10014040-013,溫泉村,121,69,52,795,440,355,306,156,150,109Y12M
10014,臺東縣,10014050,鹿野鄉,10014050-001,瑞和村,54,23,31,517,290,227,149,66,83,109Y12M
10014,臺東縣,10014050,鹿野鄉,10014050-002,瑞豐村,59,33,26,672,386,286,231,96,135,109Y12M
10014,臺東縣,10014050,鹿野鄉,10014050-003,瑞源村,94,46,48,649,336,313,228,108,120,109Y12M
10014,臺東縣,10014050,鹿野鄉,10014050-004,永安村,148,86,62,1177,661,516,301,140,161,109Y12M
10014,臺東縣,10014050,鹿野鄉,10014050-005,瑞隆村,79,53,26,679,365,314,225,108,117,109Y12M
10014,臺東縣,10014050,鹿野鄉,10014050-006,鹿野村,93,41,52,810,434,376,278,124,154,109Y12M
10014,臺東縣,10014050,鹿野鄉,10014050-007,龍田村,86,43,43,785,444,341,287,142,145,109Y12M
10014,臺東縣,10014060,池上鄉,10014060-001,福文村,117,65,52,886,495,391,267,113,154,109Y12M
10014,臺東縣,10014060,池上鄉,10014060-002,慶豐村,61,38,23,507,272,235,172,77,95,109Y12M
10014,臺東縣,10014060,池上鄉,10014060-003,大坡村,29,12,17,234,136,98,93,44,49,109Y12M
10014,臺東縣,10014060,池上鄉,10014060-004,大埔村,75,38,37,585,302,283,225,105,120,109Y12M
10014,臺東縣,10014060,池上鄉,10014060-005,福原村,280,138,142,1524,759,765,460,185,275,109Y12M
10014,臺東縣,10014060,池上鄉,10014060-006,錦園村,26,16,10,249,139,110,101,48,53,109Y12M
10014,臺東縣,10014060,池上鄉,10014060-007,新興村,69,37,32,623,360,263,227,114,113,109Y12M
10014,臺東縣,10014060,池上鄉,10014060-008,萬安村,34,17,17,211,120,91,98,39,59,109Y12M
10014,臺東縣,10014060,池上鄉,10014060-009,富興村,34,20,14,309,176,133,97,50,47,109Y12M
10014,臺東縣,10014060,池上鄉,10014060-010,振興村,39,22,17,337,190,147,104,47,57,109Y12M
10014,臺東縣,10014070,東河鄉,10014070-001,北源村,96,57,39,1183,808,375,395,186,209,109Y12M
10014,臺東縣,10014070,東河鄉,10014070-002,泰源村,94,52,42,896,502,394,282,120,162,109Y12M
10014,臺東縣,10014070,東河鄉,10014070-003,東河村,76,41,35,745,424,321,249,118,131,109Y12M
10014,臺東縣,10014070,東河鄉,10014070-004,尚德村,22,11,11,186,109,77,72,39,33,109Y12M
10014,臺東縣,10014070,東河鄉,10014070-005,隆昌村,32,16,16,379,213,166,160,65,95,109Y12M
10014,臺東縣,10014070,東河鄉,10014070-006,興昌村,75,45,30,639,357,282,283,131,152,109Y12M
10014,臺東縣,10014070,東河鄉,10014070-007,都蘭村,200,103,97,1603,888,715,536,243,293,109Y12M
10014,臺東縣,10014080,長濱鄉,10014080-001,樟原村,32,13,19,420,260,160,190,79,111,109Y12M
10014,臺東縣,10014080,長濱鄉,10014080-002,三間村,102,53,49,836,542,294,352,154,198,109Y12M
10014,臺東縣,10014080,長濱鄉,10014080-003,忠勇村,61,36,25,412,261,151,138,72,66,109Y12M
10014,臺東縣,10014080,長濱鄉,10014080-004,長濱村,168,88,80,1530,879,651,477,213,264,109Y12M
10014,臺東縣,10014080,長濱鄉,10014080-005,竹湖村,64,33,31,649,386,263,250,111,139,109Y12M
10014,臺東縣,10014080,長濱鄉,10014080-006,寧埔村,66,43,23,854,534,320,325,148,177,109Y12M
10014,臺東縣,10014090,太麻里鄉,10014090-001,美和村,122,67,55,1063,573,490,284,133,151,109Y12M
10014,臺東縣,10014090,太麻里鄉,10014090-002,三和村,40,24,16,466,254,212,137,70,67,109Y12M
10014,臺東縣,10014090,太麻里鄉,10014090-003,華源村,26,11,15,414,247,167,193,88,105,109Y12M
10014,臺東縣,10014090,太麻里鄉,10014090-004,北里村,52,31,21,454,278,176,145,80,65,109Y12M
10014,臺東縣,10014090,太麻里鄉,10014090-005,泰和村,151,90,61,1087,564,523,338,146,192,109Y12M
10014,臺東縣,10014090,太麻里鄉,10014090-006,大王村,205,115,90,1387,756,631,437,206,231,109Y12M
10014,臺東縣,10014090,太麻里鄉,10014090-007,香蘭村,74,37,37,627,360,267,199,95,104,109Y12M
10014,臺東縣,10014090,太麻里鄉,10014090-008,金崙村,201,111,90,1487,783,704,288,135,153,109Y12M
10014,臺東縣,10014090,太麻里鄉,10014090-009,多良村,117,66,51,763,409,354,168,66,102,109Y12M
10014,臺東縣,10014100,大武鄉,10014100-001,大竹村,88,55,33,627,339,288,137,64,73,109Y12M
10014,臺東縣,10014100,大武鄉,10014100-002,大鳥村,145,77,68,950,531,419,173,77,96,109Y12M
10014,臺東縣,10014100,大武鄉,10014100-003,大武村,181,87,94,1056,567,489,248,112,136,109Y12M
10014,臺東縣,10014100,大武鄉,10014100-004,尚武村,119,64,55,1108,575,533,301,131,170,109Y12M
10014,臺東縣,10014100,大武鄉,10014100-005,南興村,51,27,24,442,230,212,101,46,55,109Y12M
10014,臺東縣,10014110,綠島鄉,10014110-001,公館村,127,70,57,867,495,372,139,74,65,109Y12M
10014,臺東縣,10014110,綠島鄉,10014110-002,中寮村,119,53,66,917,497,420,140,71,69,109Y12M
10014,臺東縣,10014110,綠島鄉,10014110-003,南寮村,170,91,79,1344,696,648,203,97,106,109Y12M
10014,臺東縣,10014120,海端鄉,10014120-001,廣原村,194,95,99,683,361,322,81,31,50,109Y12M
10014,臺東縣,10014120,海端鄉,10014120-002,霧鹿村,53,26,27,224,118,106,36,16,20,109Y12M
10014,臺東縣,10014120,海端鄉,10014120-003,利稻村,51,27,24,235,124,111,31,10,21,109Y12M
10014,臺東縣,10014120,海端鄉,10014120-004,海端村,185,91,94,884,480,404,117,51,66,109Y12M
10014,臺東縣,10014120,海端鄉,10014120-005,崁頂村,122,74,48,530,294,236,67,34,33,109Y12M
10014,臺東縣,10014120,海端鄉,10014120-006,加拿村,93,50,43,474,265,209,45,24,21,109Y12M
10014,臺東縣,10014130,延平鄉,10014130-001,武陵村,112,55,57,549,312,237,62,25,37,109Y12M
10014,臺東縣,10014130,延平鄉,10014130-002,永康村,60,36,24,291,154,137,28,12,16,109Y12M
10014,臺東縣,10014130,延平鄉,10014130-003,紅葉村,81,50,31,371,200,171,58,31,27,109Y12M
10014,臺東縣,10014130,延平鄉,10014130-004,鸞山村,98,47,51,513,280,233,82,37,45,109Y12M
10014,臺東縣,10014130,延平鄉,10014130-005,桃源村,196,104,92,942,506,436,106,51,55,109Y12M
10014,臺東縣,10014140,金峰鄉,10014140-001,新興村,111,54,57,480,244,236,54,27,27,109Y12M
10014,臺東縣,10014140,金峰鄉,10014140-002,正興村,89,43,46,553,273,280,76,32,44,109Y12M
10014,臺東縣,10014140,金峰鄉,10014140-003,嘉蘭村,235,113,122,1158,594,564,146,63,83,109Y12M
10014,臺東縣,10014140,金峰鄉,10014140-004,賓茂村,55,30,25,292,158,134,53,26,27,109Y12M
10014,臺東縣,10014140,金峰鄉,10014140-005,歷坵村,60,32,28,290,145,145,47,20,27,109Y12M
10014,臺東縣,10014150,達仁鄉,10014150-001,台坂村,82,42,40,525,295,230,103,44,59,109Y12M
10014,臺東縣,10014150,達仁鄉,10014150-002,土坂村,108,52,56,779,441,338,108,47,61,109Y12M
10014,臺東縣,10014150,達仁鄉,10014150-003,新化村,39,27,12,278,157,121,59,29,30,109Y12M
10014,臺東縣,10014150,達仁鄉,10014150-004,安朔村,63,38,25,478,272,206,94,40,54,109Y12M
10014,臺東縣,10014150,達仁鄉,10014150-005,森永村,37,19,18,320,181,139,62,29,33,109Y12M
10014,臺東縣,10014150,達仁鄉,10014150-006,南田村,33,19,14,287,141,146,34,18,16,109Y12M
10014,臺東縣,10014160,蘭嶼鄉,10014160-001,東清村,251,140,111,1229,592,637,115,60,55,109Y12M
10014,臺東縣,10014160,蘭嶼鄉,10014160-002,朗島村,134,71,63,736,354,382,80,38,42,109Y12M
10014,臺東縣,10014160,蘭嶼鄉,10014160-003,紅頭村,185,107,78,1174,592,582,140,68,72,109Y12M
10014,臺東縣,10014160,蘭嶼鄉,10014160-004,椰油村,197,94,103,904,465,439,104,55,49,109Y12M
10014,臺東縣,10014010,臺東市,10014010-001,富岡里,135,72,63,1140,615,525,355,169,186,110Y06M
10014,臺東縣,10014010,臺東市,10014010-002,富豐里,100,55,45,732,413,319,148,63,85,110Y06M
10014,臺東縣,10014010,臺東市,10014010-003,岩灣里,161,89,72,1936,998,938,337,149,188,110Y06M
10014,臺東縣,10014010,臺東市,10014010-004,南王里,262,141,121,2395,1258,1137,513,223,290,110Y06M
10014,臺東縣,10014010,臺東市,10014010-005,卑南里,227,126,101,2454,1239,1215,509,225,284,110Y06M
10014,臺東縣,10014010,臺東市,10014010-006,南榮里,315,163,152,2250,1192,1058,548,257,291,110Y06M
10014,臺東縣,10014010,臺東市,10014010-007,新生里,668,347,321,5574,2723,2851,1258,560,698,110Y06M
10014,臺東縣,10014010,臺東市,10014010-008,民生里,302,163,139,2407,1191,1216,757,326,431,110Y06M
10014,臺東縣,10014010,臺東市,10014010-009,寶桑里,113,58,55,680,354,326,187,75,112,110Y06M
10014,臺東縣,10014010,臺東市,10014010-010,馬蘭里,910,462,448,2119,987,1132,525,214,311,110Y06M
10014,臺東縣,10014010,臺東市,10014010-011,中心里,957,520,437,2603,1282,1321,575,244,331,110Y06M
10014,臺東縣,10014010,臺東市,10014010-012,自強里,1140,583,557,3348,1595,1753,842,380,462,110Y06M
10014,臺東縣,10014010,臺東市,10014010-013,民族里,820,442,378,1152,528,624,284,130,154,110Y06M
10014,臺東縣,10014010,臺東市,10014010-014,四維里,91,48,43,522,280,242,133,62,71,110Y06M
10014,臺東縣,10014010,臺東市,10014010-015,中華里,177,93,84,1316,675,641,374,158,216,110Y06M
10014,臺東縣,10014010,臺東市,10014010-016,強國里,64,28,36,501,274,227,140,63,77,110Y06M
10014,臺東縣,10014010,臺東市,10014010-017,建國里,113,62,51,957,507,450,295,128,167,110Y06M
10014,臺東縣,10014010,臺東市,10014010-018,民權里,90,51,39,656,348,308,176,83,93,110Y06M
10014,臺東縣,10014010,臺東市,10014010-019,仁愛里,53,29,24,524,281,243,174,75,99,110Y06M
10014,臺東縣,10014010,臺東市,10014010-020,中正里,17,10,7,539,272,267,245,109,136,110Y06M
10014,臺東縣,10014010,臺東市,10014010-021,大同里,72,32,40,584,293,291,180,71,109,110Y06M
10014,臺東縣,10014010,臺東市,10014010-022,成功里,85,44,41,632,334,298,180,78,102,110Y06M
10014,臺東縣,10014010,臺東市,10014010-023,文化里,475,245,230,781,424,357,213,118,95,110Y06M
10014,臺東縣,10014010,臺東市,10014010-024,中山里,227,117,110,532,268,264,211,96,115,110Y06M
10014,臺東縣,10014010,臺東市,10014010-025,復國里,48,27,21,462,241,221,127,60,67,110Y06M
10014,臺東縣,10014010,臺東市,10014010-026,興國里,244,130,114,563,273,290,166,65,101,110Y06M
10014,臺東縣,10014010,臺東市,10014010-027,復興里,42,22,20,321,169,152,92,43,49,110Y06M
10014,臺東縣,10014010,臺東市,10014010-028,鐵花里,19,11,8,291,148,143,102,39,63,110Y06M
10014,臺東縣,10014010,臺東市,10014010-029,新園里,160,94,66,1392,746,646,290,130,160,110Y06M
10014,臺東縣,10014010,臺東市,10014010-030,豐田里,280,148,132,1882,941,941,407,184,223,110Y06M
10014,臺東縣,10014010,臺東市,10014010-031,豐年里,344,183,161,2648,1399,1249,502,214,288,110Y06M
10014,臺東縣,10014010,臺東市,10014010-032,光明里,590,294,296,2374,1077,1297,375,157,218,110Y06M
10014,臺東縣,10014010,臺東市,10014010-033,豐樂里,243,117,126,1255,645,610,288,132,156,110Y06M
10014,臺東縣,10014010,臺東市,10014010-034,永樂里,442,245,197,1928,968,960,329,167,162,110Y06M
10014,臺東縣,10014010,臺東市,10014010-035,康樂里,201,111,90,1152,618,534,221,110,111,110Y06M
10014,臺東縣,10014010,臺東市,10014010-036,東海里,638,313,325,2255,1104,1151,531,223,308,110Y06M
10014,臺東縣,10014010,臺東市,10014010-037,新興里,101,53,48,749,374,375,230,98,132,110Y06M
10014,臺東縣,10014010,臺東市,10014010-038,豐榮里,867,440,427,7088,3473,3615,1381,589,792,110Y06M
10014,臺東縣,10014010,臺東市,10014010-039,豐谷里,580,291,289,4288,2218,2070,927,401,526,110Y06M
10014,臺東縣,10014010,臺東市,10014010-040,豐里里,278,143,135,2005,1060,945,442,199,243,110Y06M
10014,臺東縣,10014010,臺東市,10014010-041,豐原里,162,80,82,958,534,424,269,130,139,110Y06M
10014,臺東縣,10014010,臺東市,10014010-042,建和里,176,79,97,1105,605,500,305,135,170,110Y06M
10014,臺東縣,10014010,臺東市,10014010-043,建興里,57,33,24,760,392,368,208,93,115,110Y06M
10014,臺東縣,10014010,臺東市,10014010-044,建業里,122,63,59,1019,548,471,289,118,171,110Y06M
10014,臺東縣,10014010,臺東市,10014010-045,知本里,144,81,63,1128,567,561,275,120,155,110Y06M
10014,臺東縣,10014010,臺東市,10014010-046,建農里,225,126,99,1743,932,811,334,139,195,110Y06M
10014,臺東縣,10014020,成功鎮,10014020-001,博愛里,25,14,11,412,251,161,185,86,99,110Y06M
10014,臺東縣,10014020,成功鎮,10014020-002,忠孝里,77,34,43,690,366,324,258,111,147,110Y06M
10014,臺東縣,10014020,成功鎮,10014020-003,三仙里,119,64,55,1054,612,442,304,150,154,110Y06M
10014,臺東縣,10014020,成功鎮,10014020-004,三民里,238,127,111,2124,1103,1021,599,281,318,110Y06M
10014,臺東縣,10014020,成功鎮,10014020-005,忠智里,257,129,128,1451,747,704,435,212,223,110Y06M
10014,臺東縣,10014020,成功鎮,10014020-006,忠仁里,247,124,123,1708,901,807,489,253,236,110Y06M
10014,臺東縣,10014020,成功鎮,10014020-007,和平里,53,33,20,525,304,221,215,106,109,110Y06M
10014,臺東縣,10014020,成功鎮,10014020-008,信義里,131,73,58,1358,770,588,454,206,248,110Y06M
10014,臺東縣,10014030,關山鎮,10014030-001,德高里,140,66,74,1281,709,572,438,194,244,110Y06M
10014,臺東縣,10014030,關山鎮,10014030-002,豐泉里,181,85,96,899,465,434,247,113,134,110Y06M
10014,臺東縣,10014030,關山鎮,10014030-003,新福里,123,62,61,708,392,316,189,90,99,110Y06M
10014,臺東縣,10014030,關山鎮,10014030-004,中福里,96,46,50,584,301,283,201,94,107,110Y06M
10014,臺東縣,10014030,關山鎮,10014030-005,里壠里,220,114,106,1288,658,630,385,160,225,110Y06M
10014,臺東縣,10014030,關山鎮,10014030-006,電光里,52,27,25,402,237,165,143,72,71,110Y06M
10014,臺東縣,10014030,關山鎮,10014030-007,月眉里,58,26,32,544,319,225,165,79,86,110Y06M
10014,臺東縣,10014040,卑南鄉,10014040-001,嘉豐村,54,26,28,384,221,163,96,46,50,110Y06M
10014,臺東縣,10014040,卑南鄉,10014040-002,利吉村,38,19,19,327,180,147,125,64,61,110Y06M
10014,臺東縣,10014040,卑南鄉,10014040-003,富山村,50,27,23,374,209,165,105,52,53,110Y06M
10014,臺東縣,10014040,卑南鄉,10014040-004,富源村,14,8,6,221,134,87,108,55,53,110Y06M
10014,臺東縣,10014040,卑南鄉,10014040-005,明峰村,98,57,41,874,488,386,306,149,157,110Y06M
10014,臺東縣,10014040,卑南鄉,10014040-006,初鹿村,122,63,59,976,547,429,295,125,170,110Y06M
10014,臺東縣,10014040,卑南鄉,10014040-007,美農村,78,37,41,819,486,333,261,115,146,110Y06M
10014,臺東縣,10014040,卑南鄉,10014040-008,賓朗村,203,105,98,1790,969,821,511,222,289,110Y06M
10014,臺東縣,10014040,卑南鄉,10014040-009,泰安村,152,71,81,1012,530,482,168,76,92,110Y06M
10014,臺東縣,10014040,卑南鄉,10014040-010,太平村,334,176,158,2700,1414,1286,507,216,291,110Y06M
10014,臺東縣,10014040,卑南鄉,10014040-011,利嘉村,148,79,69,916,465,451,217,111,106,110Y06M
10014,臺東縣,10014040,卑南鄉,10014040-012,東興村,126,65,61,1008,539,469,165,85,80,110Y06M
10014,臺東縣,10014040,卑南鄉,10014040-013,溫泉村,109,62,47,777,430,347,308,155,153,110Y06M
10014,臺東縣,10014050,鹿野鄉,10014050-001,瑞和村,54,24,30,519,291,228,147,64,83,110Y06M
10014,臺東縣,10014050,鹿野鄉,10014050-002,瑞豐村,52,27,25,656,372,284,236,102,134,110Y06M
10014,臺東縣,10014050,鹿野鄉,10014050-003,瑞源村,86,43,43,636,336,300,232,111,121,110Y06M
10014,臺東縣,10014050,鹿野鄉,10014050-004,永安村,145,78,67,1182,658,524,302,141,161,110Y06M
10014,臺東縣,10014050,鹿野鄉,10014050-005,瑞隆村,74,48,26,670,361,309,229,108,121,110Y06M
10014,臺東縣,10014050,鹿野鄉,10014050-006,鹿野村,91,41,50,793,425,368,275,120,155,110Y06M
10014,臺東縣,10014050,鹿野鄉,10014050-007,龍田村,85,42,43,778,442,336,297,149,148,110Y06M
10014,臺東縣,10014060,池上鄉,10014060-001,福文村,122,68,54,865,478,387,273,116,157,110Y06M
10014,臺東縣,10014060,池上鄉,10014060-002,慶豐村,62,39,23,507,270,237,177,78,99,110Y06M
10014,臺東縣,10014060,池上鄉,10014060-003,大坡村,28,12,16,224,127,97,96,46,50,110Y06M
10014,臺東縣,10014060,池上鄉,10014060-004,大埔村,78,42,36,569,288,281,232,109,123,110Y06M
10014,臺東縣,10014060,池上鄉,10014060-005,福原村,285,146,139,1518,753,765,467,189,278,110Y06M
10014,臺東縣,10014060,池上鄉,10014060-006,錦園村,28,16,12,234,133,101,103,49,54,110Y06M
10014,臺東縣,10014060,池上鄉,10014060-007,新興村,71,38,33,627,358,269,227,112,115,110Y06M
10014,臺東縣,10014060,池上鄉,10014060-008,萬安村,30,16,14,213,123,90,96,39,57,110Y06M
10014,臺東縣,10014060,池上鄉,10014060-009,富興村,36,22,14,306,177,129,96,45,51,110Y06M
10014,臺東縣,10014060,池上鄉,10014060-010,振興村,39,21,18,329,185,144,107,48,59,110Y06M
10014,臺東縣,10014070,東河鄉,10014070-001,北源村,88,51,37,1170,802,368,400,186,214,110Y06M
10014,臺東縣,10014070,東河鄉,10014070-002,泰源村,92,50,42,888,497,391,285,121,164,110Y06M
10014,臺東縣,10014070,東河鄉,10014070-003,東河村,75,42,33,734,423,311,253,120,133,110Y06M
10014,臺東縣,10014070,東河鄉,10014070-004,尚德村,19,10,9,184,108,76,69,37,32,110Y06M
10014,臺東縣,10014070,東河鄉,10014070-005,隆昌村,32,16,16,367,205,162,160,64,96,110Y06M
10014,臺東縣,10014070,東河鄉,10014070-006,興昌村,74,44,30,639,364,275,282,127,155,110Y06M
10014,臺東縣,10014070,東河鄉,10014070-007,都蘭村,193,93,100,1596,884,712,538,245,293,110Y06M
10014,臺東縣,10014080,長濱鄉,10014080-001,樟原村,33,12,21,417,260,157,191,80,111,110Y06M
10014,臺東縣,10014080,長濱鄉,10014080-002,三間村,97,50,47,830,537,293,355,160,195,110Y06M
10014,臺東縣,10014080,長濱鄉,10014080-003,忠勇村,58,33,25,404,256,148,139,73,66,110Y06M
10014,臺東縣,10014080,長濱鄉,10014080-004,長濱村,159,83,76,1501,862,639,480,215,265,110Y06M
10014,臺東縣,10014080,長濱鄉,10014080-005,竹湖村,54,27,27,628,376,252,252,114,138,110Y06M
10014,臺東縣,10014080,長濱鄉,10014080-006,寧埔村,72,48,24,845,526,319,328,148,180,110Y06M
10014,臺東縣,10014090,太麻里鄉,10014090-001,美和村,114,63,51,1061,572,489,284,133,151,110Y06M
10014,臺東縣,10014090,太麻里鄉,10014090-002,三和村,32,20,12,456,252,204,140,71,69,110Y06M
10014,臺東縣,10014090,太麻里鄉,10014090-003,華源村,24,10,14,410,244,166,193,87,106,110Y06M
10014,臺東縣,10014090,太麻里鄉,10014090-004,北里村,42,24,18,443,271,172,139,78,61,110Y06M
10014,臺東縣,10014090,太麻里鄉,10014090-005,泰和村,144,85,59,1082,570,512,332,142,190,110Y06M
10014,臺東縣,10014090,太麻里鄉,10014090-006,大王村,190,101,89,1379,762,617,450,215,235,110Y06M
10014,臺東縣,10014090,太麻里鄉,10014090-007,香蘭村,84,40,44,625,359,266,201,95,106,110Y06M
10014,臺東縣,10014090,太麻里鄉,10014090-008,金崙村,200,110,90,1466,773,693,291,134,157,110Y06M
10014,臺東縣,10014090,太麻里鄉,10014090-009,多良村,113,66,47,757,404,353,171,71,100,110Y06M
10014,臺東縣,10014100,大武鄉,10014100-001,大竹村,78,48,30,622,340,282,138,60,78,110Y06M
10014,臺東縣,10014100,大武鄉,10014100-002,大鳥村,150,84,66,956,530,426,171,81,90,110Y06M
10014,臺東縣,10014100,大武鄉,10014100-003,大武村,171,89,82,1037,559,478,249,108,141,110Y06M
10014,臺東縣,10014100,大武鄉,10014100-004,尚武村,112,59,53,1084,564,520,306,134,172,110Y06M
10014,臺東縣,10014100,大武鄉,10014100-005,南興村,50,26,24,439,229,210,106,48,58,110Y06M
10014,臺東縣,10014110,綠島鄉,10014110-001,公館村,125,69,56,862,486,376,135,72,63,110Y06M
10014,臺東縣,10014110,綠島鄉,10014110-002,中寮村,130,61,69,923,500,423,147,77,70,110Y06M
10014,臺東縣,10014110,綠島鄉,10014110-003,南寮村,162,91,71,1384,720,664,211,104,107,110Y06M
10014,臺東縣,10014120,海端鄉,10014120-001,廣原村,180,91,89,686,362,324,82,34,48,110Y06M
10014,臺東縣,10014120,海端鄉,10014120-002,霧鹿村,53,26,27,220,116,104,38,17,21,110Y06M
10014,臺東縣,10014120,海端鄉,10014120-003,利稻村,53,25,28,233,120,113,34,12,22,110Y06M
10014,臺東縣,10014120,海端鄉,10014120-004,海端村,182,89,93,889,480,409,118,53,65,110Y06M
10014,臺東縣,10014120,海端鄉,10014120-005,崁頂村,140,88,52,542,299,243,67,35,32,110Y06M
10014,臺東縣,10014120,海端鄉,10014120-006,加拿村,95,53,42,476,266,210,46,25,21,110Y06M
10014,臺東縣,10014130,延平鄉,10014130-001,武陵村,115,56,59,560,316,244,67,27,40,110Y06M
10014,臺東縣,10014130,延平鄉,10014130-002,永康村,53,28,25,298,161,137,31,14,17,110Y06M
10014,臺東縣,10014130,延平鄉,10014130-003,紅葉村,81,49,32,371,198,173,60,33,27,110Y06M
10014,臺東縣,10014130,延平鄉,10014130-004,鸞山村,98,48,50,513,280,233,82,36,46,110Y06M
10014,臺東縣,10014130,延平鄉,10014130-005,桃源村,196,99,97,937,503,434,104,49,55,110Y06M
10014,臺東縣,10014140,金峰鄉,10014140-001,新興村,106,52,54,480,245,235,55,27,28,110Y06M
10014,臺東縣,10014140,金峰鄉,10014140-002,正興村,92,45,47,547,271,276,79,33,46,110Y06M
10014,臺東縣,10014140,金峰鄉,10014140-003,嘉蘭村,226,113,113,1138,585,553,152,65,87,110Y06M
10014,臺東縣,10014140,金峰鄉,10014140-004,賓茂村,57,32,25,286,155,131,53,26,27,110Y06M
10014,臺東縣,10014140,金峰鄉,10014140-005,歷坵村,60,32,28,287,143,144,45,18,27,110Y06M
10014,臺東縣,10014150,達仁鄉,10014150-001,台坂村,80,41,39,516,289,227,105,44,61,110Y06M
10014,臺東縣,10014150,達仁鄉,10014150-002,土坂村,107,52,55,782,442,340,109,49,60,110Y06M
10014,臺東縣,10014150,達仁鄉,10014150-003,新化村,39,28,11,278,156,122,60,29,31,110Y06M
10014,臺東縣,10014150,達仁鄉,10014150-004,安朔村,61,35,26,463,266,197,97,41,56,110Y06M
10014,臺東縣,10014150,達仁鄉,10014150-005,森永村,37,20,17,313,178,135,63,29,34,110Y06M
10014,臺東縣,10014150,達仁鄉,10014150-006,南田村,29,16,13,286,140,146,34,18,16,110Y06M
10014,臺東縣,10014160,蘭嶼鄉,10014160-001,東清村,236,130,106,1227,594,633,127,64,63,110Y06M
10014,臺東縣,10014160,蘭嶼鄉,10014160-002,朗島村,130,70,60,726,344,382,82,39,43,110Y06M
10014,臺東縣,10014160,蘭嶼鄉,10014160-003,紅頭村,175,105,70,1161,580,581,140,70,70,110Y06M
10014,臺東縣,10014160,蘭嶼鄉,10014160-004,椰油村,188,89,99,904,464,440,106,55,51,110Y06M
10014,臺東縣,10014010,臺東市,10014010-001,富岡里,131,70,61,1127,606,521,353,167,186,110Y09M
10014,臺東縣,10014010,臺東市,10014010-002,富豐里,96,53,43,731,413,318,150,65,85,110Y09M
10014,臺東縣,10014010,臺東市,10014010-003,岩灣里,161,87,74,1931,995,936,342,148,194,110Y09M
10014,臺東縣,10014010,臺東市,10014010-004,南王里,269,150,119,2391,1256,1135,522,228,294,110Y09M
10014,臺東縣,10014010,臺東市,10014010-005,卑南里,223,124,99,2464,1235,1229,512,226,286,110Y09M
10014,臺東縣,10014010,臺東市,10014010-006,南榮里,291,151,140,2249,1190,1059,555,262,293,110Y09M
10014,臺東縣,10014010,臺東市,10014010-007,新生里,663,346,317,5565,2726,2839,1269,567,702,110Y09M
10014,臺東縣,10014010,臺東市,10014010-008,民生里,302,161,141,2395,1187,1208,766,331,435,110Y09M
10014,臺東縣,10014010,臺東市,10014010-009,寶桑里,99,52,47,680,351,329,188,75,113,110Y09M
10014,臺東縣,10014010,臺東市,10014010-010,馬蘭里,900,464,436,2067,959,1108,530,216,314,110Y09M
10014,臺東縣,10014010,臺東市,10014010-011,中心里,963,522,441,2580,1271,1309,579,242,337,110Y09M
10014,臺東縣,10014010,臺東市,10014010-012,自強里,1124,572,552,3301,1580,1721,857,387,470,110Y09M
10014,臺東縣,10014010,臺東市,10014010-013,民族里,823,436,387,1145,522,623,286,130,156,110Y09M
10014,臺東縣,10014010,臺東市,10014010-014,四維里,85,48,37,514,275,239,135,61,74,110Y09M
10014,臺東縣,10014010,臺東市,10014010-015,中華里,180,91,89,1314,671,643,381,163,218,110Y09M
10014,臺東縣,10014010,臺東市,10014010-016,強國里,52,23,29,494,267,227,143,65,78,110Y09M
10014,臺東縣,10014010,臺東市,10014010-017,建國里,115,62,53,954,507,447,288,124,164,110Y09M
10014,臺東縣,10014010,臺東市,10014010-018,民權里,88,52,36,637,341,296,175,84,91,110Y09M
10014,臺東縣,10014010,臺東市,10014010-019,仁愛里,51,28,23,511,269,242,176,77,99,110Y09M
10014,臺東縣,10014010,臺東市,10014010-020,中正里,20,14,6,528,266,262,253,115,138,110Y09M
10014,臺東縣,10014010,臺東市,10014010-021,大同里,79,35,44,569,281,288,178,70,108,110Y09M
10014,臺東縣,10014010,臺東市,10014010-022,成功里,86,45,41,627,326,301,178,78,100,110Y09M
10014,臺東縣,10014010,臺東市,10014010-023,文化里,470,244,226,762,417,345,214,119,95,110Y09M
10014,臺東縣,10014010,臺東市,10014010-024,中山里,221,117,104,524,264,260,212,98,114,110Y09M
10014,臺東縣,10014010,臺東市,10014010-025,復國里,47,25,22,461,242,219,129,59,70,110Y09M
10014,臺東縣,10014010,臺東市,10014010-026,興國里,232,121,111,560,265,295,166,66,100,110Y09M
10014,臺東縣,10014010,臺東市,10014010-027,復興里,46,23,23,310,163,147,94,43,51,110Y09M
10014,臺東縣,10014010,臺東市,10014010-028,鐵花里,16,10,6,287,146,141,104,42,62,110Y09M
10014,臺東縣,10014010,臺東市,10014010-029,新園里,160,97,63,1389,746,643,300,133,167,110Y09M
10014,臺東縣,10014010,臺東市,10014010-030,豐田里,267,141,126,1921,949,972,408,184,224,110Y09M
10014,臺東縣,10014010,臺東市,10014010-031,豐年里,349,188,161,2668,1412,1256,506,216,290,110Y09M
10014,臺東縣,10014010,臺東市,10014010-032,光明里,592,296,296,2372,1078,1294,377,159,218,110Y09M
10014,臺東縣,10014010,臺東市,10014010-033,豐樂里,235,120,115,1242,639,603,290,135,155,110Y09M
10014,臺東縣,10014010,臺東市,10014010-034,永樂里,434,238,196,1919,970,949,329,165,164,110Y09M
10014,臺東縣,10014010,臺東市,10014010-035,康樂里,208,119,89,1152,614,538,222,111,111,110Y09M
10014,臺東縣,10014010,臺東市,10014010-036,東海里,632,312,320,2224,1086,1138,533,222,311,110Y09M
10014,臺東縣,10014010,臺東市,10014010-037,新興里,95,51,44,743,370,373,228,97,131,110Y09M
10014,臺東縣,10014010,臺東市,10014010-038,豐榮里,864,441,423,7117,3486,3631,1402,602,800,110Y09M
10014,臺東縣,10014010,臺東市,10014010-039,豐谷里,579,288,291,4276,2210,2066,944,409,535,110Y09M
10014,臺東縣,10014010,臺東市,10014010-040,豐里里,275,145,130,2006,1055,951,439,201,238,110Y09M
10014,臺東縣,10014010,臺東市,10014010-041,豐原里,158,78,80,964,538,426,271,131,140,110Y09M
10014,臺東縣,10014010,臺東市,10014010-042,建和里,187,82,105,1102,596,506,308,140,168,110Y09M
10014,臺東縣,10014010,臺東市,10014010-043,建興里,56,32,24,756,390,366,210,91,119,110Y09M
10014,臺東縣,10014010,臺東市,10014010-044,建業里,112,59,53,1008,544,464,290,118,172,110Y09M
10014,臺東縣,10014010,臺東市,10014010-045,知本里,145,82,63,1128,566,562,277,121,156,110Y09M
10014,臺東縣,10014010,臺東市,10014010-046,建農里,219,119,100,1733,930,803,343,143,200,110Y09M
10014,臺東縣,10014020,成功鎮,10014020-001,博愛里,28,16,12,414,255,159,187,87,100,110Y09M
10014,臺東縣,10014020,成功鎮,10014020-002,忠孝里,69,28,41,689,366,323,256,110,146,110Y09M
10014,臺東縣,10014020,成功鎮,10014020-003,三仙里,122,68,54,1043,606,437,306,154,152,110Y09M
10014,臺東縣,10014020,成功鎮,10014020-004,三民里,247,129,118,2125,1100,1025,601,281,320,110Y09M
10014,臺東縣,10014020,成功鎮,10014020-005,忠智里,257,129,128,1443,747,696,444,215,229,110Y09M
10014,臺東縣,10014020,成功鎮,10014020-006,忠仁里,248,125,123,1701,897,804,483,249,234,110Y09M
10014,臺東縣,10014020,成功鎮,10014020-007,和平里,49,33,16,526,305,221,215,105,110,110Y09M
10014,臺東縣,10014020,成功鎮,10014020-008,信義里,128,72,56,1352,775,577,453,203,250,110Y09M
10014,臺東縣,10014030,關山鎮,10014030-001,德高里,149,73,76,1290,711,579,439,195,244,110Y09M
10014,臺東縣,10014030,關山鎮,10014030-002,豐泉里,174,76,98,894,460,434,249,115,134,110Y09M
10014,臺東縣,10014030,關山鎮,10014030-003,新福里,127,66,61,699,386,313,187,88,99,110Y09M
10014,臺東縣,10014030,關山鎮,10014030-004,中福里,94,46,48,574,297,277,206,94,112,110Y09M
10014,臺東縣,10014030,關山鎮,10014030-005,里壠里,210,110,100,1272,651,621,388,163,225,110Y09M
10014,臺東縣,10014030,關山鎮,10014030-006,電光里,52,28,24,395,233,162,143,71,72,110Y09M
10014,臺東縣,10014030,關山鎮,10014030-007,月眉里,56,24,32,539,316,223,164,77,87,110Y09M
10014,臺東縣,10014040,卑南鄉,10014040-001,嘉豐村,53,26,27,379,215,164,98,48,50,110Y09M
10014,臺東縣,10014040,卑南鄉,10014040-002,利吉村,41,21,20,325,176,149,126,66,60,110Y09M
10014,臺東縣,10014040,卑南鄉,10014040-003,富山村,49,27,22,374,208,166,105,52,53,110Y09M
10014,臺東縣,10014040,卑南鄉,10014040-004,富源村,12,7,5,218,132,86,109,56,53,110Y09M
10014,臺東縣,10014040,卑南鄉,10014040-005,明峰村,100,58,42,865,485,380,307,151,156,110Y09M
10014,臺東縣,10014040,卑南鄉,10014040-006,初鹿村,113,59,54,976,547,429,296,125,171,110Y09M
10014,臺東縣,10014040,卑南鄉,10014040-007,美農村,81,38,43,820,492,328,261,116,145,110Y09M
10014,臺東縣,10014040,卑南鄉,10014040-008,賓朗村,203,105,98,1781,962,819,517,227,290,110Y09M
10014,臺東縣,10014040,卑南鄉,10014040-009,泰安村,137,61,76,1005,527,478,165,73,92,110Y09M
10014,臺東縣,10014040,卑南鄉,10014040-010,太平村,336,172,164,2709,1415,1294,517,217,300,110Y09M
10014,臺東縣,10014040,卑南鄉,10014040-011,利嘉村,155,87,68,914,460,454,220,114,106,110Y09M
10014,臺東縣,10014040,卑南鄉,10014040-012,東興村,132,69,63,1007,540,467,169,86,83,110Y09M
10014,臺東縣,10014040,卑南鄉,10014040-013,溫泉村,103,56,47,785,429,356,313,156,157,110Y09M
10014,臺東縣,10014050,鹿野鄉,10014050-001,瑞和村,57,29,28,520,291,229,146,62,84,110Y09M
10014,臺東縣,10014050,鹿野鄉,10014050-002,瑞豐村,55,27,28,652,371,281,239,104,135,110Y09M
10014,臺東縣,10014050,鹿野鄉,10014050-003,瑞源村,85,43,42,628,333,295,235,111,124,110Y09M
10014,臺東縣,10014050,鹿野鄉,10014050-004,永安村,144,77,67,1170,649,521,309,145,164,110Y09M
10014,臺東縣,10014050,鹿野鄉,10014050-005,瑞隆村,71,45,26,664,357,307,227,105,122,110Y09M
10014,臺東縣,10014050,鹿野鄉,10014050-006,鹿野村,90,39,51,790,424,366,272,118,154,110Y09M
10014,臺東縣,10014050,鹿野鄉,10014050-007,龍田村,84,42,42,777,443,334,294,149,145,110Y09M
10014,臺東縣,10014060,池上鄉,10014060-001,福文村,121,68,53,853,469,384,276,120,156,110Y09M
10014,臺東縣,10014060,池上鄉,10014060-002,慶豐村,62,39,23,501,265,236,175,78,97,110Y09M
10014,臺東縣,10014060,池上鄉,10014060-003,大坡村,27,12,15,229,130,99,95,45,50,110Y09M
10014,臺東縣,10014060,池上鄉,10014060-004,大埔村,79,43,36,565,286,279,237,110,127,110Y09M
10014,臺東縣,10014060,池上鄉,10014060-005,福原村,272,138,134,1503,750,753,467,188,279,110Y09M
10014,臺東縣,10014060,池上鄉,10014060-006,錦園村,26,15,11,232,131,101,102,49,53,110Y09M
10014,臺東縣,10014060,池上鄉,10014060-007,新興村,73,40,33,624,358,266,230,113,117,110Y09M
10014,臺東縣,10014060,池上鄉,10014060-008,萬安村,28,15,13,212,124,88,96,39,57,110Y09M
10014,臺東縣,10014060,池上鄉,10014060-009,富興村,34,21,13,305,178,127,95,45,50,110Y09M
10014,臺東縣,10014060,池上鄉,10014060-010,振興村,40,21,19,332,189,143,108,49,59,110Y09M
10014,臺東縣,10014070,東河鄉,10014070-001,北源村,95,56,39,1159,789,370,401,189,212,110Y09M
10014,臺東縣,10014070,東河鄉,10014070-002,泰源村,90,52,38,882,494,388,284,120,164,110Y09M
10014,臺東縣,10014070,東河鄉,10014070-003,東河村,76,44,32,723,418,305,255,120,135,110Y09M
10014,臺東縣,10014070,東河鄉,10014070-004,尚德村,23,10,13,182,106,76,70,37,33,110Y09M
10014,臺東縣,10014070,東河鄉,10014070-005,隆昌村,32,15,17,363,201,162,163,67,96,110Y09M
10014,臺東縣,10014070,東河鄉,10014070-006,興昌村,69,40,29,627,359,268,287,129,158,110Y09M
10014,臺東縣,10014070,東河鄉,10014070-007,都蘭村,200,95,105,1603,887,716,540,244,296,110Y09M
10014,臺東縣,10014080,長濱鄉,10014080-001,樟原村,31,10,21,407,258,149,190,80,110,110Y09M
10014,臺東縣,10014080,長濱鄉,10014080-002,三間村,94,48,46,824,530,294,351,159,192,110Y09M
10014,臺東縣,10014080,長濱鄉,10014080-003,忠勇村,58,33,25,405,259,146,138,71,67,110Y09M
10014,臺東縣,10014080,長濱鄉,10014080-004,長濱村,160,83,77,1500,860,640,489,218,271,110Y09M
10014,臺東縣,10014080,長濱鄉,10014080-005,竹湖村,50,24,26,619,369,250,253,116,137,110Y09M
10014,臺東縣,10014080,長濱鄉,10014080-006,寧埔村,71,47,24,836,524,312,335,151,184,110Y09M
10014,臺東縣,10014090,太麻里鄉,10014090-001,美和村,113,65,48,1066,569,497,287,137,150,110Y09M
10014,臺東縣,10014090,太麻里鄉,10014090-002,三和村,33,21,12,458,251,207,143,74,69,110Y09M
10014,臺東縣,10014090,太麻里鄉,10014090-003,華源村,25,11,14,415,248,167,191,86,105,110Y09M
10014,臺東縣,10014090,太麻里鄉,10014090-004,北里村,44,26,18,443,270,173,140,77,63,110Y09M
10014,臺東縣,10014090,太麻里鄉,10014090-005,泰和村,144,84,60,1080,568,512,335,144,191,110Y09M
10014,臺東縣,10014090,太麻里鄉,10014090-006,大王村,188,100,88,1371,761,610,450,216,234,110Y09M
10014,臺東縣,10014090,太麻里鄉,10014090-007,香蘭村,80,37,43,625,359,266,201,95,106,110Y09M
10014,臺東縣,10014090,太麻里鄉,10014090-008,金崙村,208,114,94,1464,775,689,300,137,163,110Y09M
10014,臺東縣,10014090,太麻里鄉,10014090-009,多良村,109,65,44,759,401,358,171,70,101,110Y09M
10014,臺東縣,10014100,大武鄉,10014100-001,大竹村,74,46,28,613,336,277,143,62,81,110Y09M
10014,臺東縣,10014100,大武鄉,10014100-002,大鳥村,151,83,68,944,521,423,177,85,92,110Y09M
10014,臺東縣,10014100,大武鄉,10014100-003,大武村,177,94,83,1037,556,481,255,109,146,110Y09M
10014,臺東縣,10014100,大武鄉,10014100-004,尚武村,107,56,51,1057,556,501,312,136,176,110Y09M
10014,臺東縣,10014100,大武鄉,10014100-005,南興村,58,30,28,433,224,209,110,51,59,110Y09M
10014,臺東縣,10014110,綠島鄉,10014110-001,公館村,122,67,55,876,493,383,136,73,63,110Y09M
10014,臺東縣,10014110,綠島鄉,10014110-002,中寮村,124,60,64,917,500,417,148,78,70,110Y09M
10014,臺東縣,10014110,綠島鄉,10014110-003,南寮村,158,87,71,1387,717,670,216,110,106,110Y09M
10014,臺東縣,10014120,海端鄉,10014120-001,廣原村,179,91,88,682,359,323,85,38,47,110Y09M
10014,臺東縣,10014120,海端鄉,10014120-002,霧鹿村,55,27,28,219,115,104,41,18,23,110Y09M
10014,臺東縣,10014120,海端鄉,10014120-003,利稻村,57,27,30,234,121,113,35,12,23,110Y09M
10014,臺東縣,10014120,海端鄉,10014120-004,海端村,187,94,93,885,480,405,122,55,67,110Y09M
10014,臺東縣,10014120,海端鄉,10014120-005,崁頂村,133,84,49,542,299,243,68,36,32,110Y09M
10014,臺東縣,10014120,海端鄉,10014120-006,加拿村,97,53,44,477,265,212,47,25,22,110Y09M
10014,臺東縣,10014130,延平鄉,10014130-001,武陵村,113,57,56,557,311,246,66,26,40,110Y09M
10014,臺東縣,10014130,延平鄉,10014130-002,永康村,61,33,28,299,163,136,33,14,19,110Y09M
10014,臺東縣,10014130,延平鄉,10014130-003,紅葉村,82,52,30,372,197,175,62,34,28,110Y09M
10014,臺東縣,10014130,延平鄉,10014130-004,鸞山村,95,49,46,511,278,233,82,35,47,110Y09M
10014,臺東縣,10014130,延平鄉,10014130-005,桃源村,196,102,94,940,503,437,104,49,55,110Y09M
10014,臺東縣,10014140,金峰鄉,10014140-001,新興村,107,53,54,486,248,238,59,28,31,110Y09M
10014,臺東縣,10014140,金峰鄉,10014140-002,正興村,90,45,45,540,266,274,80,35,45,110Y09M
10014,臺東縣,10014140,金峰鄉,10014140-003,嘉蘭村,224,112,112,1133,585,548,159,70,89,110Y09M
10014,臺東縣,10014140,金峰鄉,10014140-004,賓茂村,52,30,22,283,154,129,55,27,28,110Y09M
10014,臺東縣,10014140,金峰鄉,10014140-005,歷坵村,55,28,27,296,146,150,45,18,27,110Y09M
10014,臺東縣,10014150,達仁鄉,10014150-001,台坂村,79,38,41,511,286,225,104,47,57,110Y09M
10014,臺東縣,10014150,達仁鄉,10014150-002,土坂村,100,49,51,768,434,334,113,52,61,110Y09M
10014,臺東縣,10014150,達仁鄉,10014150-003,新化村,33,24,9,282,159,123,61,30,31,110Y09M
10014,臺東縣,10014150,達仁鄉,10014150-004,安朔村,62,35,27,460,268,192,101,41,60,110Y09M
10014,臺東縣,10014150,達仁鄉,10014150-005,森永村,35,18,17,303,172,131,66,31,35,110Y09M
10014,臺東縣,10014150,達仁鄉,10014150-006,南田村,29,17,12,284,139,145,32,17,15,110Y09M
10014,臺東縣,10014160,蘭嶼鄉,10014160-001,東清村,234,127,107,1224,589,635,130,66,64,110Y09M
10014,臺東縣,10014160,蘭嶼鄉,10014160-002,朗島村,128,68,60,729,346,383,83,39,44,110Y09M
10014,臺東縣,10014160,蘭嶼鄉,10014160-003,紅頭村,171,103,68,1171,587,584,142,71,71,110Y09M
10014,臺東縣,10014160,蘭嶼鄉,10014160-004,椰油村,193,91,102,914,466,448,103,53,50,110Y09M
10014,臺東縣,10014010,臺東市,10014010-001,富岡里,226,120,106,1860,1021,839,506,234,272,110Y12M
10014,臺東縣,10014010,臺東市,10014010-003,岩灣里,156,80,76,1914,992,922,345,148,197,110Y12M
10014,臺東縣,10014010,臺東市,10014010-004,南王里,266,146,120,2395,1261,1134,523,225,298,110Y12M
10014,臺東縣,10014010,臺東市,10014010-005,卑南里,228,125,103,2474,1232,1242,518,227,291,110Y12M
10014,臺東縣,10014010,臺東市,10014010-006,南榮里,287,147,140,2188,1157,1031,549,261,288,110Y12M
10014,臺東縣,10014010,臺東市,10014010-007,新生里,372,196,176,2885,1435,1450,647,293,354,110Y12M
10014,臺東縣,10014010,臺東市,10014010-008,民生里,265,132,133,2051,989,1062,670,285,385,110Y12M
10014,臺東縣,10014010,臺東市,10014010-009,寶桑里,147,79,68,1089,582,507,308,129,179,110Y12M
10014,臺東縣,10014010,臺東市,10014010-010,馬蘭里,831,445,386,1957,906,1051,489,201,288,110Y12M
10014,臺東縣,10014010,臺東市,10014010-011,中心里,853,441,412,2421,1215,1206,668,280,388,110Y12M
10014,臺東縣,10014010,臺東市,10014010-012,自強里,1096,574,522,2757,1293,1464,545,250,295,110Y12M
10014,臺東縣,10014010,臺東市,10014010-013,民族里,1042,544,498,1933,905,1028,571,253,318,110Y12M
10014,臺東縣,10014010,臺東市,10014010-015,中華里,251,133,118,1793,927,866,512,218,294,110Y12M
10014,臺東縣,10014010,臺東市,10014010-017,建國里,158,82,76,1436,773,663,435,190,245,110Y12M
10014,臺東縣,10014010,臺東市,10014010-020,中正里,146,78,68,1590,809,781,613,262,351,110Y12M
10014,臺東縣,10014010,臺東市,10014010-022,成功里,190,98,92,1502,772,730,419,188,231,110Y12M
10014,臺東縣,10014010,臺東市,10014010-023,文化里,543,288,255,1377,744,633,387,205,182,110Y12M
10014,臺東縣,10014010,臺東市,10014010-024,中山里,462,241,221,1402,687,715,499,216,283,110Y12M
10014,臺東縣,10014010,臺東市,10014010-029,新園里,162,95,67,1374,736,638,306,132,174,110Y12M
10014,臺東縣,10014010,臺東市,10014010-030,豐田里,263,137,126,1932,956,976,407,181,226,110Y12M
10014,臺東縣,10014010,臺東市,10014010-031,豐年里,352,189,163,2715,1436,1279,515,218,297,110Y12M
10014,臺東縣,10014010,臺東市,10014010-032,光明里,581,288,293,2356,1064,1292,375,159,216,110Y12M
10014,臺東縣,10014010,臺東市,10014010-033,豐樂里,273,138,135,1494,776,718,325,155,170,110Y12M
10014,臺東縣,10014010,臺東市,10014010-034,永樂里,495,266,229,2373,1208,1165,425,206,219,110Y12M
10014,臺東縣,10014010,臺東市,10014010-035,康樂里,209,120,89,1137,606,531,225,114,111,110Y12M
10014,臺東縣,10014010,臺東市,10014010-036,東海里,507,233,274,1652,787,865,404,177,227,110Y12M
10014,臺東縣,10014010,臺東市,10014010-037,新興里,188,105,83,1115,574,541,328,137,191,110Y12M
10014,臺東縣,10014010,臺東市,10014010-038,豐榮里,351,187,164,2574,1280,1294,575,241,334,110Y12M
10014,臺東縣,10014010,臺東市,10014010-039,豐谷里,403,197,206,2955,1537,1418,662,290,372,110Y12M
10014,臺東縣,10014010,臺東市,10014010-040,豐里里,255,130,125,1961,1029,932,431,200,231,110Y12M
10014,臺東縣,10014010,臺東市,10014010-041,豐原里,151,77,74,1000,558,442,282,141,141,110Y12M
10014,臺東縣,10014010,臺東市,10014010-042,建和里,185,81,104,1079,587,492,305,141,164,110Y12M
10014,臺東縣,10014010,臺東市,10014010-043,建興里,75,39,36,989,504,485,285,121,164,110Y12M
10014,臺東縣,10014010,臺東市,10014010-045,知本里,231,132,99,1904,988,916,501,215,286,110Y12M
10014,臺東縣,10014010,臺東市,10014010-046,建農里,222,121,101,1735,924,811,345,146,199,110Y12M
10014,臺東縣,10014010,臺東市,10014010-047,仁和里　,287,153,134,2573,1252,1321,636,281,355,110Y12M
10014,臺東縣,10014010,臺東市,10014010-048,豐安里　,240,123,117,2265,1073,1192,464,200,264,110Y12M
10014,臺東縣,10014010,臺東市,10014010-049,豐盛里　,364,188,176,2884,1423,1461,539,233,306,110Y12M
10014,臺東縣,10014020,成功鎮,10014020-001,博愛里,26,15,11,406,249,157,190,89,101,110Y12M
10014,臺東縣,10014020,成功鎮,10014020-002,忠孝里,71,29,42,676,356,320,260,113,147,110Y12M
10014,臺東縣,10014020,成功鎮,10014020-003,三仙里,115,66,49,1032,596,436,312,159,153,110Y12M
10014,臺東縣,10014020,成功鎮,10014020-004,三民里,253,133,120,2108,1090,1018,605,280,325,110Y12M
10014,臺東縣,10014020,成功鎮,10014020-005,忠智里,249,123,126,1445,749,696,448,215,233,110Y12M
10014,臺東縣,10014020,成功鎮,10014020-006,忠仁里,235,119,116,1693,894,799,485,250,235,110Y12M
10014,臺東縣,10014020,成功鎮,10014020-007,和平里,46,31,15,522,298,224,218,107,111,110Y12M
10014,臺東縣,10014020,成功鎮,10014020-008,信義里,127,70,57,1356,776,580,452,203,249,110Y12M
10014,臺東縣,10014030,關山鎮,10014030-001,德高里,148,71,77,1293,712,581,436,192,244,110Y12M
10014,臺東縣,10014030,關山鎮,10014030-002,豐泉里,169,74,95,900,460,440,250,116,134,110Y12M
10014,臺東縣,10014030,關山鎮,10014030-003,新福里,128,68,60,698,384,314,183,84,99,110Y12M
10014,臺東縣,10014030,關山鎮,10014030-004,中福里,89,45,44,572,292,280,208,98,110,110Y12M
10014,臺東縣,10014030,關山鎮,10014030-005,里壠里,212,112,100,1267,647,620,389,166,223,110Y12M
10014,臺東縣,10014030,關山鎮,10014030-006,電光里,47,26,21,391,230,161,143,72,71,110Y12M
10014,臺東縣,10014030,關山鎮,10014030-007,月眉里,53,24,29,530,312,218,168,79,89,110Y12M
10014,臺東縣,10014040,卑南鄉,10014040-001,嘉豐村,55,27,28,380,217,163,98,47,51,110Y12M
10014,臺東縣,10014040,卑南鄉,10014040-002,利吉村,41,23,18,326,176,150,125,64,61,110Y12M
10014,臺東縣,10014040,卑南鄉,10014040-003,富山村,47,25,22,371,208,163,105,51,54,110Y12M
10014,臺東縣,10014040,卑南鄉,10014040-004,富源村,13,7,6,219,133,86,107,55,52,110Y12M
10014,臺東縣,10014040,卑南鄉,10014040-005,明峰村,96,56,40,862,484,378,307,150,157,110Y12M
10014,臺東縣,10014040,卑南鄉,10014040-006,初鹿村,113,56,57,976,547,429,292,123,169,110Y12M
10014,臺東縣,10014040,卑南鄉,10014040-007,美農村,79,37,42,817,487,330,259,117,142,110Y12M
10014,臺東縣,10014040,卑南鄉,10014040-008,賓朗村,189,100,89,1773,958,815,524,230,294,110Y12M
10014,臺東縣,10014040,卑南鄉,10014040-009,泰安村,141,63,78,1006,529,477,166,74,92,110Y12M
10014,臺東縣,10014040,卑南鄉,10014040-010,太平村,345,176,169,2694,1408,1286,529,224,305,110Y12M
10014,臺東縣,10014040,卑南鄉,10014040-011,利嘉村,156,89,67,903,456,447,216,111,105,110Y12M
10014,臺東縣,10014040,卑南鄉,10014040-012,東興村,131,70,61,1016,542,474,166,85,81,110Y12M
10014,臺東縣,10014040,卑南鄉,10014040-013,溫泉村,100,55,45,778,423,355,312,156,156,110Y12M
10014,臺東縣,10014050,鹿野鄉,10014050-001,瑞和村,54,28,26,511,284,227,151,64,87,110Y12M
10014,臺東縣,10014050,鹿野鄉,10014050-002,瑞豐村,54,27,27,655,375,280,243,105,138,110Y12M
10014,臺東縣,10014050,鹿野鄉,10014050-003,瑞源村,87,45,42,620,329,291,236,111,125,110Y12M
10014,臺東縣,10014050,鹿野鄉,10014050-004,永安村,143,78,65,1153,641,512,311,147,164,110Y12M
10014,臺東縣,10014050,鹿野鄉,10014050-005,瑞隆村,72,47,25,662,356,306,226,105,121,110Y12M
10014,臺東縣,10014050,鹿野鄉,10014050-006,鹿野村,82,39,43,789,420,369,271,117,154,110Y12M
10014,臺東縣,10014050,鹿野鄉,10014050-007,龍田村,86,43,43,784,445,339,292,146,146,110Y12M
10014,臺東縣,10014060,池上鄉,10014060-001,福文村,115,64,51,859,471,388,274,121,153,110Y12M
10014,臺東縣,10014060,池上鄉,10014060-002,慶豐村,61,38,23,496,264,232,175,77,98,110Y12M
10014,臺東縣,10014060,池上鄉,10014060-003,大坡村,27,12,15,224,127,97,98,47,51,110Y12M
10014,臺東縣,10014060,池上鄉,10014060-004,大埔村,79,42,37,567,287,280,240,112,128,110Y12M
10014,臺東縣,10014060,池上鄉,10014060-005,福原村,265,134,131,1495,744,751,471,193,278,110Y12M
10014,臺東縣,10014060,池上鄉,10014060-006,錦園村,25,14,11,227,128,99,104,49,55,110Y12M
10014,臺東縣,10014060,池上鄉,10014060-007,新興村,72,40,32,632,362,270,228,110,118,110Y12M
10014,臺東縣,10014060,池上鄉,10014060-008,萬安村,29,15,14,211,123,88,94,38,56,110Y12M
10014,臺東縣,10014060,池上鄉,10014060-009,富興村,31,19,12,303,178,125,96,46,50,110Y12M
10014,臺東縣,10014060,池上鄉,10014060-010,振興村,40,22,18,332,186,146,106,49,57,110Y12M
10014,臺東縣,10014070,東河鄉,10014070-001,北源村,94,57,37,1158,788,370,404,190,214,110Y12M
10014,臺東縣,10014070,東河鄉,10014070-002,泰源村,88,51,37,878,491,387,289,122,167,110Y12M
10014,臺東縣,10014070,東河鄉,10014070-003,東河村,74,43,31,722,414,308,251,117,134,110Y12M
10014,臺東縣,10014070,東河鄉,10014070-004,尚德村,23,10,13,179,106,73,69,35,34,110Y12M
10014,臺東縣,10014070,東河鄉,10014070-005,隆昌村,33,15,18,358,198,160,164,70,94,110Y12M
10014,臺東縣,10014070,東河鄉,10014070-006,興昌村,67,37,30,637,360,277,291,133,158,110Y12M
10014,臺東縣,10014070,東河鄉,10014070-007,都蘭村,197,93,104,1586,880,706,544,246,298,110Y12M
10014,臺東縣,10014080,長濱鄉,10014080-001,樟原村,32,11,21,404,256,148,190,81,109,110Y12M
10014,臺東縣,10014080,長濱鄉,10014080-002,三間村,90,46,44,812,521,291,350,157,193,110Y12M
10014,臺東縣,10014080,長濱鄉,10014080-003,忠勇村,61,33,28,410,264,146,135,69,66,110Y12M
10014,臺東縣,10014080,長濱鄉,10014080-004,長濱村,157,79,78,1501,856,645,496,224,272,110Y12M
10014,臺東縣,10014080,長濱鄉,10014080-005,竹湖村,51,25,26,613,367,246,255,118,137,110Y12M
10014,臺東縣,10014080,長濱鄉,10014080-006,寧埔村,72,49,23,826,520,306,336,154,182,110Y12M
10014,臺東縣,10014090,太麻里鄉,10014090-001,美和村,105,61,44,1064,570,494,288,136,152,110Y12M
10014,臺東縣,10014090,太麻里鄉,10014090-002,三和村,30,19,11,455,252,203,142,72,70,110Y12M
10014,臺東縣,10014090,太麻里鄉,10014090-003,華源村,24,11,13,415,244,171,192,87,105,110Y12M
10014,臺東縣,10014090,太麻里鄉,10014090-004,北里村,47,27,20,445,270,175,137,76,61,110Y12M
10014,臺東縣,10014090,太麻里鄉,10014090-005,泰和村,142,78,64,1074,565,509,335,145,190,110Y12M
10014,臺東縣,10014090,太麻里鄉,10014090-006,大王村,187,98,89,1363,750,613,455,218,237,110Y12M
10014,臺東縣,10014090,太麻里鄉,10014090-007,香蘭村,81,37,44,620,356,264,202,94,108,110Y12M
10014,臺東縣,10014090,太麻里鄉,10014090-008,金崙村,211,115,96,1460,771,689,301,139,162,110Y12M
10014,臺東縣,10014090,太麻里鄉,10014090-009,多良村,110,63,47,761,402,359,173,70,103,110Y12M
10014,臺東縣,10014100,大武鄉,10014100-001,大竹村,74,45,29,609,332,277,149,67,82,110Y12M
10014,臺東縣,10014100,大武鄉,10014100-002,大鳥村,150,82,68,938,517,421,173,83,90,110Y12M
10014,臺東縣,10014100,大武鄉,10014100-003,大武村,170,84,86,1041,563,478,257,109,148,110Y12M
10014,臺東縣,10014100,大武鄉,10014100-004,尚武村,105,55,50,1046,551,495,312,136,176,110Y12M
10014,臺東縣,10014100,大武鄉,10014100-005,南興村,60,28,32,440,229,211,111,52,59,110Y12M
10014,臺東縣,10014110,綠島鄉,10014110-001,公館村,115,65,50,867,490,377,138,74,64,110Y12M
10014,臺東縣,10014110,綠島鄉,10014110-002,中寮村,125,58,67,924,503,421,152,81,71,110Y12M
10014,臺東縣,10014110,綠島鄉,10014110-003,南寮村,157,88,69,1420,733,687,226,120,106,110Y12M
10014,臺東縣,10014120,海端鄉,10014120-001,廣原村,180,93,87,680,358,322,90,41,49,110Y12M
10014,臺東縣,10014120,海端鄉,10014120-002,霧鹿村,57,29,28,223,116,107,39,16,23,110Y12M
10014,臺東縣,10014120,海端鄉,10014120-003,利稻村,57,26,31,234,121,113,34,11,23,110Y12M
10014,臺東縣,10014120,海端鄉,10014120-004,海端村,186,96,90,883,482,401,120,54,66,110Y12M
10014,臺東縣,10014120,海端鄉,10014120-005,崁頂村,132,81,51,547,300,247,68,35,33,110Y12M
10014,臺東縣,10014120,海端鄉,10014120-006,加拿村,96,51,45,479,264,215,46,24,22,110Y12M
10014,臺東縣,10014130,延平鄉,10014130-001,武陵村,119,60,59,556,310,246,67,27,40,110Y12M
10014,臺東縣,10014130,延平鄉,10014130-002,永康村,61,33,28,303,163,140,33,14,19,110Y12M
10014,臺東縣,10014130,延平鄉,10014130-003,紅葉村,80,50,30,372,197,175,62,34,28,110Y12M
10014,臺東縣,10014130,延平鄉,10014130-004,鸞山村,98,50,48,507,275,232,83,35,48,110Y12M
10014,臺東縣,10014130,延平鄉,10014130-005,桃源村,199,103,96,945,506,439,106,49,57,110Y12M
10014,臺東縣,10014140,金峰鄉,10014140-001,新興村,107,53,54,488,247,241,58,27,31,110Y12M
10014,臺東縣,10014140,金峰鄉,10014140-002,正興村,90,48,42,534,264,270,84,35,49,110Y12M
10014,臺東縣,10014140,金峰鄉,10014140-003,嘉蘭村,227,113,114,1127,586,541,167,75,92,110Y12M
10014,臺東縣,10014140,金峰鄉,10014140-004,賓茂村,51,31,20,281,151,130,56,28,28,110Y12M
10014,臺東縣,10014140,金峰鄉,10014140-005,歷坵村,54,28,26,292,143,149,47,20,27,110Y12M
10014,臺東縣,10014150,達仁鄉,10014150-001,台坂村,85,41,44,508,285,223,107,48,59,110Y12M
10014,臺東縣,10014150,達仁鄉,10014150-002,土坂村,97,46,51,768,434,334,118,54,64,110Y12M
10014,臺東縣,10014150,達仁鄉,10014150-003,新化村,37,27,10,285,158,127,61,30,31,110Y12M
10014,臺東縣,10014150,達仁鄉,10014150-004,安朔村,67,38,29,459,269,190,100,41,59,110Y12M
10014,臺東縣,10014150,達仁鄉,10014150-005,森永村,34,18,16,306,170,136,65,32,33,110Y12M
10014,臺東縣,10014150,達仁鄉,10014150-006,南田村,25,16,9,284,140,144,31,18,13,110Y12M
10014,臺東縣,10014160,蘭嶼鄉,10014160-001,東清村,242,134,108,1225,592,633,136,68,68,110Y12M
10014,臺東縣,10014160,蘭嶼鄉,10014160-002,朗島村,130,72,58,728,345,383,82,38,44,110Y12M
10014,臺東縣,10014160,蘭嶼鄉,10014160-003,紅頭村,175,100,75,1174,592,582,139,69,70,110Y12M
10014,臺東縣,10014160,蘭嶼鄉,10014160-004,椰油村,185,87,98,913,463,450,102,53,49,110Y12M
10014,臺東縣,10014010,臺東市,10014010-001,富岡里,226,120,106,1855,1020,835,513,240,273,111Y03M
10014,臺東縣,10014010,臺東市,10014010-003,岩灣里,149,74,75,1913,987,926,349,153,196,111Y03M
10014,臺東縣,10014010,臺東市,10014010-004,南王里,271,145,126,2393,1257,1136,530,229,301,111Y03M
10014,臺東縣,10014010,臺東市,10014010-005,卑南里,232,131,101,2493,1226,1267,528,231,297,111Y03M
10014,臺東縣,10014010,臺東市,10014010-006,南榮里,296,157,139,2198,1168,1030,553,261,292,111Y03M
10014,臺東縣,10014010,臺東市,10014010-007,新生里,382,205,177,2874,1425,1449,645,291,354,111Y03M
10014,臺東縣,10014010,臺東市,10014010-008,民生里,262,137,125,2026,982,1044,672,284,388,111Y03M
10014,臺東縣,10014010,臺東市,10014010-009,寶桑里,160,83,77,1088,583,505,307,127,180,111Y03M
10014,臺東縣,10014010,臺東市,10014010-010,馬蘭里,828,443,385,1928,898,1030,500,205,295,111Y03M
10014,臺東縣,10014010,臺東市,10014010-011,中心里,850,443,407,2389,1201,1188,667,279,388,111Y03M
10014,臺東縣,10014010,臺東市,10014010-012,自強里,1093,574,519,2732,1275,1457,552,252,300,111Y03M
10014,臺東縣,10014010,臺東市,10014010-013,民族里,1042,543,499,1931,897,1034,567,249,318,111Y03M
10014,臺東縣,10014010,臺東市,10014010-015,中華里,246,128,118,1782,925,857,512,220,292,111Y03M
10014,臺東縣,10014010,臺東市,10014010-017,建國里,163,86,77,1433,770,663,437,193,244,111Y03M
10014,臺東縣,10014010,臺東市,10014010-020,中正里,130,66,64,1566,808,758,613,263,350,111Y03M
10014,臺東縣,10014010,臺東市,10014010-022,成功里,185,94,91,1501,778,723,419,185,234,111Y03M
10014,臺東縣,10014010,臺東市,10014010-023,文化里,544,285,259,1356,731,625,387,207,180,111Y03M
10014,臺東縣,10014010,臺東市,10014010-024,中山里,448,237,211,1385,677,708,496,213,283,111Y03M
10014,臺東縣,10014010,臺東市,10014010-029,新園里,160,95,65,1372,736,636,304,131,173,111Y03M
10014,臺東縣,10014010,臺東市,10014010-030,豐田里,269,142,127,1923,944,979,414,182,232,111Y03M
10014,臺東縣,10014010,臺東市,10014010-031,豐年里,334,180,154,2708,1434,1274,520,221,299,111Y03M
10014,臺東縣,10014010,臺東市,10014010-032,光明里,577,282,295,2338,1057,1281,378,159,219,111Y03M
10014,臺東縣,10014010,臺東市,10014010-033,豐樂里,285,146,139,1481,773,708,329,155,174,111Y03M
10014,臺東縣,10014010,臺東市,10014010-034,永樂里,498,271,227,2361,1200,1161,429,212,217,111Y03M
10014,臺東縣,10014010,臺東市,10014010-035,康樂里,209,121,88,1137,606,531,228,114,114,111Y03M
10014,臺東縣,10014010,臺東市,10014010-036,東海里,501,230,271,1631,783,848,413,184,229,111Y03M
10014,臺東縣,10014010,臺東市,10014010-037,新興里,188,107,81,1082,556,526,326,139,187,111Y03M
10014,臺東縣,10014010,臺東市,10014010-038,豐榮里,349,190,159,2562,1272,1290,588,247,341,111Y03M
10014,臺東縣,10014010,臺東市,10014010-039,豐谷里,404,205,199,2932,1518,1414,667,295,372,111Y03M
10014,臺東縣,10014010,臺東市,10014010-040,豐里里,245,127,118,1952,1026,926,434,203,231,111Y03M
10014,臺東縣,10014010,臺東市,10014010-041,豐原里,150,72,78,992,557,435,284,140,144,111Y03M
10014,臺東縣,10014010,臺東市,10014010-042,建和里,184,80,104,1068,581,487,305,143,162,111Y03M
10014,臺東縣,10014010,臺東市,10014010-043,建興里,75,35,40,992,503,489,285,121,164,111Y03M
10014,臺東縣,10014010,臺東市,10014010-045,知本里,235,139,96,1899,990,909,496,209,287,111Y03M
10014,臺東縣,10014010,臺東市,10014010-046,建農里,216,117,99,1721,916,805,348,145,203,111Y03M
10014,臺東縣,10014010,臺東市,10014010-047,仁和里,297,160,137,2551,1241,1310,637,277,360,111Y03M
10014,臺東縣,10014010,臺東市,10014010-048,豐安里,245,127,118,2267,1069,1198,473,207,266,111Y03M
10014,臺東縣,10014010,臺東市,10014010-049,豐盛里,368,185,183,2869,1411,1458,548,240,308,111Y03M
10014,臺東縣,10014020,成功鎮,10014020-001,博愛里,24,14,10,401,248,153,190,90,100,111Y03M
10014,臺東縣,10014020,成功鎮,10014020-002,忠孝里,67,24,43,671,356,315,261,112,149,111Y03M
10014,臺東縣,10014020,成功鎮,10014020-003,三仙里,115,67,48,1006,583,423,324,165,159,111Y03M
10014,臺東縣,10014020,成功鎮,10014020-004,三民里,245,132,113,2105,1084,1021,610,283,327,111Y03M
10014,臺東縣,10014020,成功鎮,10014020-005,忠智里,261,127,134,1449,751,698,455,218,237,111Y03M
10014,臺東縣,10014020,成功鎮,10014020-006,忠仁里,235,119,116,1683,885,798,483,246,237,111Y03M
10014,臺東縣,10014020,成功鎮,10014020-007,和平里,44,29,15,519,300,219,218,105,113,111Y03M
10014,臺東縣,10014020,成功鎮,10014020-008,信義里,122,66,56,1337,765,572,456,204,252,111Y03M
10014,臺東縣,10014030,關山鎮,10014030-001,德高里,140,69,71,1278,704,574,433,187,246,111Y03M
10014,臺東縣,10014030,關山鎮,10014030-002,豐泉里,168,73,95,899,461,438,254,117,137,111Y03M
10014,臺東縣,10014030,關山鎮,10014030-003,新福里,129,69,60,692,384,308,182,80,102,111Y03M
10014,臺東縣,10014030,關山鎮,10014030-004,中福里,98,50,48,565,287,278,214,102,112,111Y03M
10014,臺東縣,10014030,關山鎮,10014030-005,里壠里,215,113,102,1247,634,613,396,169,227,111Y03M
10014,臺東縣,10014030,關山鎮,10014030-006,電光里,46,27,19,391,228,163,144,73,71,111Y03M
10014,臺東縣,10014030,關山鎮,10014030-007,月眉里,47,22,25,530,314,216,165,77,88,111Y03M
10014,臺東縣,10014040,卑南鄉,10014040-001,嘉豐村,56,29,27,382,218,164,102,49,53,111Y03M
10014,臺東縣,10014040,卑南鄉,10014040-002,利吉村,37,20,17,323,172,151,123,64,59,111Y03M
10014,臺東縣,10014040,卑南鄉,10014040-003,富山村,43,21,22,370,209,161,107,53,54,111Y03M
10014,臺東縣,10014040,卑南鄉,10014040-004,富源村,15,8,7,215,130,85,107,55,52,111Y03M
10014,臺東縣,10014040,卑南鄉,10014040-005,明峰村,92,54,38,855,484,371,306,149,157,111Y03M
10014,臺東縣,10014040,卑南鄉,10014040-006,初鹿村,118,54,64,976,547,429,293,124,169,111Y03M
10014,臺東縣,10014040,卑南鄉,10014040-007,美農村,81,38,43,796,469,327,265,121,144,111Y03M
10014,臺東縣,10014040,卑南鄉,10014040-008,賓朗村,193,103,90,1751,942,809,528,233,295,111Y03M
10014,臺東縣,10014040,卑南鄉,10014040-009,泰安村,142,63,79,1011,531,480,168,76,92,111Y03M
10014,臺東縣,10014040,卑南鄉,10014040-010,太平村,334,169,165,2705,1418,1287,537,227,310,111Y03M
10014,臺東縣,10014040,卑南鄉,10014040-011,利嘉村,156,90,66,909,459,450,220,114,106,111Y03M
10014,臺東縣,10014040,卑南鄉,10014040-012,東興村,136,71,65,1013,538,475,169,88,81,111Y03M
10014,臺東縣,10014040,卑南鄉,10014040-013,溫泉村,103,57,46,768,419,349,314,154,160,111Y03M
10014,臺東縣,10014050,鹿野鄉,10014050-001,瑞和村,51,27,24,514,284,230,150,64,86,111Y03M
10014,臺東縣,10014050,鹿野鄉,10014050-002,瑞豐村,54,27,27,645,371,274,246,106,140,111Y03M
10014,臺東縣,10014050,鹿野鄉,10014050-003,瑞源村,79,41,38,610,330,280,238,107,131,111Y03M
10014,臺東縣,10014050,鹿野鄉,10014050-004,永安村,138,75,63,1136,634,502,316,147,169,111Y03M
10014,臺東縣,10014050,鹿野鄉,10014050-005,瑞隆村,71,46,25,659,352,307,225,105,120,111Y03M
10014,臺東縣,10014050,鹿野鄉,10014050-006,鹿野村,78,36,42,781,420,361,270,113,157,111Y03M
10014,臺東縣,10014050,鹿野鄉,10014050-007,龍田村,89,43,46,787,444,343,296,148,148,111Y03M
10014,臺東縣,10014060,池上鄉,10014060-001,福文村,116,65,51,851,471,380,276,120,156,111Y03M
10014,臺東縣,10014060,池上鄉,10014060-002,慶豐村,66,39,27,502,266,236,171,75,96,111Y03M
10014,臺東縣,10014060,池上鄉,10014060-003,大坡村,28,12,16,222,127,95,96,46,50,111Y03M
10014,臺東縣,10014060,池上鄉,10014060-004,大埔村,79,43,36,568,288,280,239,111,128,111Y03M
10014,臺東縣,10014060,池上鄉,10014060-005,福原村,270,136,134,1487,738,749,476,195,281,111Y03M
10014,臺東縣,10014060,池上鄉,10014060-006,錦園村,25,13,12,229,130,99,106,50,56,111Y03M
10014,臺東縣,10014060,池上鄉,10014060-007,新興村,77,42,35,633,361,272,227,109,118,111Y03M
10014,臺東縣,10014060,池上鄉,10014060-008,萬安村,29,15,14,222,125,97,96,39,57,111Y03M
10014,臺東縣,10014060,池上鄉,10014060-009,富興村,33,19,14,296,173,123,98,48,50,111Y03M
10014,臺東縣,10014060,池上鄉,10014060-010,振興村,41,21,20,332,188,144,106,48,58,111Y03M
10014,臺東縣,10014070,東河鄉,10014070-001,北源村,91,54,37,1165,790,375,398,187,211,111Y03M
10014,臺東縣,10014070,東河鄉,10014070-002,泰源村,88,52,36,866,484,382,292,123,169,111Y03M
10014,臺東縣,10014070,東河鄉,10014070-003,東河村,72,41,31,726,413,313,253,117,136,111Y03M
10014,臺東縣,10014070,東河鄉,10014070-004,尚德村,19,9,10,179,107,72,69,35,34,111Y03M
10014,臺東縣,10014070,東河鄉,10014070-005,隆昌村,29,14,15,354,196,158,165,72,93,111Y03M
10014,臺東縣,10014070,東河鄉,10014070-006,興昌村,65,37,28,638,359,279,291,134,157,111Y03M
10014,臺東縣,10014070,東河鄉,10014070-007,都蘭村,193,90,103,1577,870,707,554,252,302,111Y03M
10014,臺東縣,10014080,長濱鄉,10014080-001,樟原村,29,10,19,405,256,149,184,79,105,111Y03M
10014,臺東縣,10014080,長濱鄉,10014080-002,三間村,86,45,41,809,517,292,353,161,192,111Y03M
10014,臺東縣,10014080,長濱鄉,10014080-003,忠勇村,46,25,21,400,260,140,134,69,65,111Y03M
10014,臺東縣,10014080,長濱鄉,10014080-004,長濱村,161,79,82,1502,856,646,505,225,280,111Y03M
10014,臺東縣,10014080,長濱鄉,10014080-005,竹湖村,50,23,27,610,364,246,257,120,137,111Y03M
10014,臺東縣,10014080,長濱鄉,10014080-006,寧埔村,73,48,25,818,512,306,347,161,186,111Y03M
10014,臺東縣,10014090,太麻里鄉,10014090-001,美和村,97,54,43,1058,571,487,287,137,150,111Y03M
10014,臺東縣,10014090,太麻里鄉,10014090-002,三和村,29,19,10,454,250,204,142,69,73,111Y03M
10014,臺東縣,10014090,太麻里鄉,10014090-003,華源村,24,11,13,419,248,171,193,87,106,111Y03M
10014,臺東縣,10014090,太麻里鄉,10014090-004,北里村,48,28,20,434,266,168,138,74,64,111Y03M
10014,臺東縣,10014090,太麻里鄉,10014090-005,泰和村,136,73,63,1059,559,500,337,150,187,111Y03M
10014,臺東縣,10014090,太麻里鄉,10014090-006,大王村,181,90,91,1351,745,606,455,216,239,111Y03M
10014,臺東縣,10014090,太麻里鄉,10014090-007,香蘭村,77,37,40,619,355,264,200,91,109,111Y03M
10014,臺東縣,10014090,太麻里鄉,10014090-008,金崙村,214,115,99,1469,774,695,308,146,162,111Y03M
10014,臺東縣,10014090,太麻里鄉,10014090-009,多良村,114,67,47,763,403,360,175,70,105,111Y03M
10014,臺東縣,10014100,大武鄉,10014100-001,大竹村,76,48,28,614,334,280,150,69,81,111Y03M
10014,臺東縣,10014100,大武鄉,10014100-002,大鳥村,142,80,62,939,516,423,177,84,93,111Y03M
10014,臺東縣,10014100,大武鄉,10014100-003,大武村,169,80,89,1033,559,474,253,108,145,111Y03M
10014,臺東縣,10014100,大武鄉,10014100-004,尚武村,108,53,55,1037,540,497,319,142,177,111Y03M
10014,臺東縣,10014100,大武鄉,10014100-005,南興村,60,31,29,444,232,212,111,53,58,111Y03M
10014,臺東縣,10014110,綠島鄉,10014110-001,公館村,111,63,48,869,489,380,141,77,64,111Y03M
10014,臺東縣,10014110,綠島鄉,10014110-002,中寮村,121,52,69,925,502,423,156,83,73,111Y03M
10014,臺東縣,10014110,綠島鄉,10014110-003,南寮村,149,83,66,1463,764,699,230,122,108,111Y03M
10014,臺東縣,10014120,海端鄉,10014120-001,廣原村,173,93,80,686,355,331,89,39,50,111Y03M
10014,臺東縣,10014120,海端鄉,10014120-002,霧鹿村,57,29,28,226,117,109,39,16,23,111Y03M
10014,臺東縣,10014120,海端鄉,10014120-003,利稻村,58,27,31,235,123,112,35,11,24,111Y03M
10014,臺東縣,10014120,海端鄉,10014120-004,海端村,188,99,89,886,481,405,123,56,67,111Y03M
10014,臺東縣,10014120,海端鄉,10014120-005,崁頂村,146,87,59,553,301,252,71,37,34,111Y03M
10014,臺東縣,10014120,海端鄉,10014120-006,加拿村,100,55,45,478,264,214,49,26,23,111Y03M
10014,臺東縣,10014130,延平鄉,10014130-001,武陵村,123,59,64,553,308,245,67,27,40,111Y03M
10014,臺東縣,10014130,延平鄉,10014130-002,永康村,63,33,30,303,163,140,34,14,20,111Y03M
10014,臺東縣,10014130,延平鄉,10014130-003,紅葉村,77,49,28,364,192,172,62,33,29,111Y03M
10014,臺東縣,10014130,延平鄉,10014130-004,鸞山村,101,52,49,515,277,238,85,36,49,111Y03M
10014,臺東縣,10014130,延平鄉,10014130-005,桃源村,200,101,99,957,511,446,108,52,56,111Y03M
10014,臺東縣,10014140,金峰鄉,10014140-001,新興村,110,56,54,491,245,246,61,31,30,111Y03M
10014,臺東縣,10014140,金峰鄉,10014140-002,正興村,91,46,45,544,267,277,82,35,47,111Y03M
10014,臺東縣,10014140,金峰鄉,10014140-003,嘉蘭村,235,118,117,1142,593,549,167,78,89,111Y03M
10014,臺東縣,10014140,金峰鄉,10014140-004,賓茂村,53,31,22,284,153,131,58,29,29,111Y03M
10014,臺東縣,10014140,金峰鄉,10014140-005,歷坵村,52,27,25,290,143,147,47,20,27,111Y03M
10014,臺東縣,10014150,達仁鄉,10014150-001,台坂村,83,39,44,510,286,224,107,48,59,111Y03M
10014,臺東縣,10014150,達仁鄉,10014150-002,土坂村,102,47,55,765,434,331,118,54,64,111Y03M
10014,臺東縣,10014150,達仁鄉,10014150-003,新化村,35,26,9,288,162,126,67,31,36,111Y03M
10014,臺東縣,10014150,達仁鄉,10014150-004,安朔村,69,36,33,457,266,191,105,44,61,111Y03M
10014,臺東縣,10014150,達仁鄉,10014150-005,森永村,34,18,16,304,172,132,69,33,36,111Y03M
10014,臺東縣,10014150,達仁鄉,10014150-006,南田村,25,15,10,284,141,143,31,18,13,111Y03M
10014,臺東縣,10014160,蘭嶼鄉,10014160-001,東清村,246,136,110,1224,590,634,136,69,67,111Y03M
10014,臺東縣,10014160,蘭嶼鄉,10014160-002,朗島村,123,72,51,739,348,391,81,38,43,111Y03M
10014,臺東縣,10014160,蘭嶼鄉,10014160-003,紅頭村,179,101,78,1175,589,586,144,73,71,111Y03M
10014,臺東縣,10014160,蘭嶼鄉,10014160-004,椰油村,183,87,96,909,462,447,105,54,51,111Y03M
10014,臺東縣,10014010,臺東市,10014010-001,富岡里,222,120,102,1849,1016,833,513,244,269,111Y06M
10014,臺東縣,10014010,臺東市,10014010-003,岩灣里,150,75,75,1918,988,930,355,155,200,111Y06M
10014,臺東縣,10014010,臺東市,10014010-004,南王里,267,150,117,2382,1250,1132,535,236,299,111Y06M
10014,臺東縣,10014010,臺東市,10014010-005,卑南里,229,127,102,2491,1222,1269,536,233,303,111Y06M
10014,臺東縣,10014010,臺東市,10014010-006,南榮里,299,157,142,2222,1169,1053,552,265,287,111Y06M
10014,臺東縣,10014010,臺東市,10014010-007,新生里,403,213,190,2862,1415,1447,647,294,353,111Y06M
10014,臺東縣,10014010,臺東市,10014010-008,民生里,252,132,120,2021,982,1039,673,282,391,111Y06M
10014,臺東縣,10014010,臺東市,10014010-009,寶桑里,178,90,88,1084,582,502,308,128,180,111Y06M
10014,臺東縣,10014010,臺東市,10014010-010,馬蘭里,842,452,390,1901,884,1017,497,201,296,111Y06M
10014,臺東縣,10014010,臺東市,10014010-011,中心里,850,445,405,2383,1194,1189,665,276,389,111Y06M
10014,臺東縣,10014010,臺東市,10014010-012,自強里,1073,558,515,2682,1245,1437,557,254,303,111Y06M
10014,臺東縣,10014010,臺東市,10014010-013,民族里,1030,536,494,1909,883,1026,566,252,314,111Y06M
10014,臺東縣,10014010,臺東市,10014010-015,中華里,260,139,121,1803,931,872,519,225,294,111Y06M
10014,臺東縣,10014010,臺東市,10014010-017,建國里,169,89,80,1415,758,657,443,195,248,111Y06M
10014,臺東縣,10014010,臺東市,10014010-020,中正里,116,59,57,1540,801,739,606,261,345,111Y06M
10014,臺東縣,10014010,臺東市,10014010-022,成功里,185,91,94,1473,757,716,426,195,231,111Y06M
10014,臺東縣,10014010,臺東市,10014010-023,文化里,535,286,249,1330,719,611,388,207,181,111Y06M
10014,臺東縣,10014010,臺東市,10014010-024,中山里,431,230,201,1361,662,699,491,211,280,111Y06M
10014,臺東縣,10014010,臺東市,10014010-029,新園里,162,95,67,1364,733,631,302,130,172,111Y06M
10014,臺東縣,10014010,臺東市,10014010-030,豐田里,266,137,129,1929,949,980,416,185,231,111Y06M
10014,臺東縣,10014010,臺東市,10014010-031,豐年里,338,180,158,2722,1442,1280,527,225,302,111Y06M
10014,臺東縣,10014010,臺東市,10014010-032,光明里,555,271,284,2333,1054,1279,385,163,222,111Y06M
10014,臺東縣,10014010,臺東市,10014010-033,豐樂里,286,146,140,1463,766,697,338,158,180,111Y06M
10014,臺東縣,10014010,臺東市,10014010-034,永樂里,493,266,227,2356,1204,1152,436,212,224,111Y06M
10014,臺東縣,10014010,臺東市,10014010-035,康樂里,200,119,81,1138,603,535,227,115,112,111Y06M
10014,臺東縣,10014010,臺東市,10014010-036,東海里,488,224,264,1617,775,842,415,186,229,111Y06M
10014,臺東縣,10014010,臺東市,10014010-037,新興里,185,104,81,1082,560,522,325,137,188,111Y06M
10014,臺東縣,10014010,臺東市,10014010-038,豐榮里,366,194,172,2546,1257,1289,592,247,345,111Y06M
10014,臺東縣,10014010,臺東市,10014010-039,豐谷里,413,208,205,2903,1503,1400,661,291,370,111Y06M
10014,臺東縣,10014010,臺東市,10014010-040,豐里里,246,128,118,1970,1028,942,429,201,228,111Y06M
10014,臺東縣,10014010,臺東市,10014010-041,豐原里,156,75,81,984,550,434,286,141,145,111Y06M
10014,臺東縣,10014010,臺東市,10014010-042,建和里,175,77,98,1056,574,482,308,144,164,111Y06M
10014,臺東縣,10014010,臺東市,10014010-043,建興里,74,34,40,988,504,484,283,121,162,111Y06M
10014,臺東縣,10014010,臺東市,10014010-045,知本里,234,140,94,1895,993,902,495,205,290,111Y06M
10014,臺東縣,10014010,臺東市,10014010-046,建農里,216,118,98,1748,929,819,348,145,203,111Y06M
10014,臺東縣,10014010,臺東市,10014010-047,仁和里,299,156,143,2534,1233,1301,643,275,368,111Y06M
10014,臺東縣,10014010,臺東市,10014010-048,豐安里,247,126,121,2261,1072,1189,469,201,268,111Y06M
10014,臺東縣,10014010,臺東市,10014010-049,豐盛里,364,185,179,2869,1413,1456,546,242,304,111Y06M
10014,臺東縣,10014020,成功鎮,10014020-001,博愛里,24,13,11,386,238,148,191,92,99,111Y06M
10014,臺東縣,10014020,成功鎮,10014020-002,忠孝里,61,24,37,675,358,317,261,114,147,111Y06M
10014,臺東縣,10014020,成功鎮,10014020-003,三仙里,110,66,44,1013,581,432,321,161,160,111Y06M
10014,臺東縣,10014020,成功鎮,10014020-004,三民里,242,131,111,2095,1083,1012,609,284,325,111Y06M
10014,臺東縣,10014020,成功鎮,10014020-005,忠智里,251,119,132,1450,751,699,453,216,237,111Y06M
10014,臺東縣,10014020,成功鎮,10014020-006,忠仁里,242,123,119,1680,881,799,491,248,243,111Y06M
10014,臺東縣,10014020,成功鎮,10014020-007,和平里,49,32,17,517,299,218,223,108,115,111Y06M
10014,臺東縣,10014020,成功鎮,10014020-008,信義里,118,64,54,1344,769,575,459,206,253,111Y06M
10014,臺東縣,10014030,關山鎮,10014030-001,德高里,139,68,71,1288,710,578,434,188,246,111Y06M
10014,臺東縣,10014030,關山鎮,10014030-002,豐泉里,164,69,95,888,457,431,257,118,139,111Y06M
10014,臺東縣,10014030,關山鎮,10014030-003,新福里,130,70,60,686,379,307,187,82,105,111Y06M
10014,臺東縣,10014030,關山鎮,10014030-004,中福里,96,49,47,564,284,280,212,101,111,111Y06M
10014,臺東縣,10014030,關山鎮,10014030-005,里壠里,204,110,94,1238,628,610,405,173,232,111Y06M
10014,臺東縣,10014030,關山鎮,10014030-006,電光里,49,27,22,388,227,161,143,74,69,111Y06M
10014,臺東縣,10014030,關山鎮,10014030-007,月眉里,54,25,29,531,313,218,163,77,86,111Y06M
10014,臺東縣,10014040,卑南鄉,10014040-001,嘉豐村,53,28,25,379,217,162,103,48,55,111Y06M
10014,臺東縣,10014040,卑南鄉,10014040-002,利吉村,36,19,17,325,173,152,125,65,60,111Y06M
10014,臺東縣,10014040,卑南鄉,10014040-003,富山村,40,19,21,366,204,162,106,52,54,111Y06M
10014,臺東縣,10014040,卑南鄉,10014040-004,富源村,15,8,7,222,132,90,105,54,51,111Y06M
10014,臺東縣,10014040,卑南鄉,10014040-005,明峰村,98,53,45,851,480,371,304,148,156,111Y06M
10014,臺東縣,10014040,卑南鄉,10014040-006,初鹿村,116,55,61,964,539,425,296,127,169,111Y06M
10014,臺東縣,10014040,卑南鄉,10014040-007,美農村,74,37,37,797,467,330,265,122,143,111Y06M
10014,臺東縣,10014040,卑南鄉,10014040-008,賓朗村,178,95,83,1736,931,805,530,239,291,111Y06M
10014,臺東縣,10014040,卑南鄉,10014040-009,泰安村,153,69,84,1021,531,490,171,77,94,111Y06M
10014,臺東縣,10014040,卑南鄉,10014040-010,太平村,346,176,170,2708,1415,1293,542,226,316,111Y06M
10014,臺東縣,10014040,卑南鄉,10014040-011,利嘉村,149,83,66,904,459,445,220,113,107,111Y06M
10014,臺東縣,10014040,卑南鄉,10014040-012,東興村,134,70,64,1007,534,473,173,90,83,111Y06M
10014,臺東縣,10014040,卑南鄉,10014040-013,溫泉村,104,56,48,759,417,342,313,154,159,111Y06M
10014,臺東縣,10014050,鹿野鄉,10014050-001,瑞和村,47,24,23,514,284,230,147,63,84,111Y06M
10014,臺東縣,10014050,鹿野鄉,10014050-002,瑞豐村,51,26,25,637,364,273,248,110,138,111Y06M
10014,臺東縣,10014050,鹿野鄉,10014050-003,瑞源村,79,42,37,608,328,280,235,105,130,111Y06M
10014,臺東縣,10014050,鹿野鄉,10014050-004,永安村,135,73,62,1127,631,496,315,148,167,111Y06M
10014,臺東縣,10014050,鹿野鄉,10014050-005,瑞隆村,71,46,25,651,346,305,225,104,121,111Y06M
10014,臺東縣,10014050,鹿野鄉,10014050-006,鹿野村,72,32,40,776,417,359,273,117,156,111Y06M
10014,臺東縣,10014050,鹿野鄉,10014050-007,龍田村,90,44,46,789,443,346,287,142,145,111Y06M
10014,臺東縣,10014060,池上鄉,10014060-001,福文村,109,60,49,850,472,378,278,117,161,111Y06M
10014,臺東縣,10014060,池上鄉,10014060-002,慶豐村,73,44,29,508,270,238,171,75,96,111Y06M
10014,臺東縣,10014060,池上鄉,10014060-003,大坡村,30,11,19,225,129,96,95,46,49,111Y06M
10014,臺東縣,10014060,池上鄉,10014060-004,大埔村,79,45,34,565,290,275,240,110,130,111Y06M
10014,臺東縣,10014060,池上鄉,10014060-005,福原村,266,133,133,1482,735,747,482,199,283,111Y06M
10014,臺東縣,10014060,池上鄉,10014060-006,錦園村,26,15,11,230,130,100,105,51,54,111Y06M
10014,臺東縣,10014060,池上鄉,10014060-007,新興村,77,43,34,633,363,270,227,107,120,111Y06M
10014,臺東縣,10014060,池上鄉,10014060-008,萬安村,29,14,15,229,129,100,95,39,56,111Y06M
10014,臺東縣,10014060,池上鄉,10014060-009,富興村,33,19,14,294,172,122,98,48,50,111Y06M
10014,臺東縣,10014060,池上鄉,10014060-010,振興村,42,22,20,334,188,146,106,49,57,111Y06M
10014,臺東縣,10014070,東河鄉,10014070-001,北源村,89,52,37,1159,787,372,396,187,209,111Y06M
10014,臺東縣,10014070,東河鄉,10014070-002,泰源村,88,52,36,862,479,383,290,120,170,111Y06M
10014,臺東縣,10014070,東河鄉,10014070-003,東河村,74,46,28,742,421,321,251,115,136,111Y06M
10014,臺東縣,10014070,東河鄉,10014070-004,尚德村,18,8,10,174,103,71,68,35,33,111Y06M
10014,臺東縣,10014070,東河鄉,10014070-005,隆昌村,26,13,13,345,192,153,163,73,90,111Y06M
10014,臺東縣,10014070,東河鄉,10014070-006,興昌村,67,36,31,656,357,299,292,132,160,111Y06M
10014,臺東縣,10014070,東河鄉,10014070-007,都蘭村,186,86,100,1578,875,703,560,253,307,111Y06M
10014,臺東縣,10014080,長濱鄉,10014080-001,樟原村,27,8,19,395,249,146,189,83,106,111Y06M
10014,臺東縣,10014080,長濱鄉,10014080-002,三間村,83,45,38,800,511,289,354,164,190,111Y06M
10014,臺東縣,10014080,長濱鄉,10014080-003,忠勇村,44,25,19,406,261,145,134,70,64,111Y06M
10014,臺東縣,10014080,長濱鄉,10014080-004,長濱村,166,84,82,1500,850,650,509,227,282,111Y06M
10014,臺東縣,10014080,長濱鄉,10014080-005,竹湖村,51,22,29,611,363,248,262,123,139,111Y06M
10014,臺東縣,10014080,長濱鄉,10014080-006,寧埔村,74,48,26,815,511,304,345,160,185,111Y06M
10014,臺東縣,10014090,太麻里鄉,10014090-001,美和村,101,59,42,1053,571,482,288,137,151,111Y06M
10014,臺東縣,10014090,太麻里鄉,10014090-002,三和村,29,19,10,448,249,199,143,68,75,111Y06M
10014,臺東縣,10014090,太麻里鄉,10014090-003,華源村,23,10,13,422,250,172,193,88,105,111Y06M
10014,臺東縣,10014090,太麻里鄉,10014090-004,北里村,48,27,21,438,265,173,142,78,64,111Y06M
10014,臺東縣,10014090,太麻里鄉,10014090-005,泰和村,131,70,61,1059,561,498,334,146,188,111Y06M
10014,臺東縣,10014090,太麻里鄉,10014090-006,大王村,186,97,89,1351,747,604,463,221,242,111Y06M
10014,臺東縣,10014090,太麻里鄉,10014090-007,香蘭村,77,34,43,624,359,265,203,93,110,111Y06M
10014,臺東縣,10014090,太麻里鄉,10014090-008,金崙村,216,117,99,1479,778,701,309,144,165,111Y06M
10014,臺東縣,10014090,太麻里鄉,10014090-009,多良村,106,63,43,752,395,357,174,68,106,111Y06M
10014,臺東縣,10014100,大武鄉,10014100-001,大竹村,78,49,29,620,337,283,152,70,82,111Y06M
10014,臺東縣,10014100,大武鄉,10014100-002,大鳥村,143,77,66,952,531,421,177,83,94,111Y06M
10014,臺東縣,10014100,大武鄉,10014100-003,大武村,180,83,97,1028,553,475,257,110,147,111Y06M
10014,臺東縣,10014100,大武鄉,10014100-004,尚武村,112,56,56,1037,536,501,321,143,178,111Y06M
10014,臺東縣,10014100,大武鄉,10014100-005,南興村,55,28,27,442,234,208,111,54,57,111Y06M
10014,臺東縣,10014110,綠島鄉,10014110-001,公館村,113,63,50,887,497,390,144,80,64,111Y06M
10014,臺東縣,10014110,綠島鄉,10014110-002,中寮村,117,49,68,941,504,437,156,85,71,111Y06M
10014,臺東縣,10014110,綠島鄉,10014110-003,南寮村,150,82,68,1501,793,708,231,122,109,111Y06M
10014,臺東縣,10014120,海端鄉,10014120-001,廣原村,177,95,82,688,352,336,88,40,48,111Y06M
10014,臺東縣,10014120,海端鄉,10014120-002,霧鹿村,56,29,27,227,118,109,37,15,22,111Y06M
10014,臺東縣,10014120,海端鄉,10014120-003,利稻村,53,24,29,242,126,116,35,11,24,111Y06M
10014,臺東縣,10014120,海端鄉,10014120-004,海端村,183,97,86,886,480,406,124,56,68,111Y06M
10014,臺東縣,10014120,海端鄉,10014120-005,崁頂村,143,87,56,553,298,255,73,40,33,111Y06M
10014,臺東縣,10014120,海端鄉,10014120-006,加拿村,95,51,44,473,263,210,49,25,24,111Y06M
10014,臺東縣,10014130,延平鄉,10014130-001,武陵村,121,59,62,560,310,250,70,29,41,111Y06M
10014,臺東縣,10014130,延平鄉,10014130-002,永康村,61,32,29,311,165,146,33,13,20,111Y06M
10014,臺東縣,10014130,延平鄉,10014130-003,紅葉村,79,49,30,363,189,174,62,34,28,111Y06M
10014,臺東縣,10014130,延平鄉,10014130-004,鸞山村,99,50,49,521,281,240,82,34,48,111Y06M
10014,臺東縣,10014130,延平鄉,10014130-005,桃源村,199,103,96,969,516,453,107,50,57,111Y06M
10014,臺東縣,10014140,金峰鄉,10014140-001,新興村,108,54,54,498,247,251,62,32,30,111Y06M
10014,臺東縣,10014140,金峰鄉,10014140-002,正興村,92,45,47,554,270,284,80,34,46,111Y06M
10014,臺東縣,10014140,金峰鄉,10014140-003,嘉蘭村,231,115,116,1147,597,550,171,80,91,111Y06M
10014,臺東縣,10014140,金峰鄉,10014140-004,賓茂村,52,31,21,283,151,132,54,28,26,111Y06M
10014,臺東縣,10014140,金峰鄉,10014140-005,歷坵村,50,27,23,289,142,147,47,19,28,111Y06M
10014,臺東縣,10014150,達仁鄉,10014150-001,台坂村,84,41,43,511,288,223,107,49,58,111Y06M
10014,臺東縣,10014150,達仁鄉,10014150-002,土坂村,96,45,51,761,433,328,121,56,65,111Y06M
10014,臺東縣,10014150,達仁鄉,10014150-003,新化村,35,27,8,297,165,132,66,30,36,111Y06M
10014,臺東縣,10014150,達仁鄉,10014150-004,安朔村,72,38,34,455,258,197,110,49,61,111Y06M
10014,臺東縣,10014150,達仁鄉,10014150-005,森永村,33,18,15,304,169,135,72,34,38,111Y06M
10014,臺東縣,10014150,達仁鄉,10014150-006,南田村,25,15,10,290,145,145,29,15,14,111Y06M
10014,臺東縣,10014160,蘭嶼鄉,10014160-001,東清村,247,133,114,1221,586,635,140,71,69,111Y06M
10014,臺東縣,10014160,蘭嶼鄉,10014160-002,朗島村,121,70,51,735,349,386,81,38,43,111Y06M
10014,臺東縣,10014160,蘭嶼鄉,10014160-003,紅頭村,172,97,75,1191,604,587,142,72,70,111Y06M
10014,臺東縣,10014160,蘭嶼鄉,10014160-004,椰油村,179,88,91,916,461,455,101,52,49,111Y06M
10014,臺東縣,10014010,臺東市,10014010-001,富岡里,208,115,93,1831,1000,831,516,246,270,111Y09M
10014,臺東縣,10014010,臺東市,10014010-003,岩灣里,149,74,75,1931,986,945,359,156,203,111Y09M
10014,臺東縣,10014010,臺東市,10014010-004,南王里,275,153,122,2364,1238,1126,542,241,301,111Y09M
10014,臺東縣,10014010,臺東市,10014010-005,卑南里,223,123,100,2484,1224,1260,545,238,307,111Y09M
10014,臺東縣,10014010,臺東市,10014010-006,南榮里,293,154,139,2231,1170,1061,557,269,288,111Y09M
10014,臺東縣,10014010,臺東市,10014010-007,新生里,410,215,195,2850,1399,1451,651,298,353,111Y09M
10014,臺東縣,10014010,臺東市,10014010-008,民生里,257,132,125,1998,968,1030,684,283,401,111Y09M
10014,臺東縣,10014010,臺東市,10014010-009,寶桑里,167,88,79,1083,581,502,309,129,180,111Y09M
10014,臺東縣,10014010,臺東市,10014010-010,馬蘭里,834,446,388,1886,875,1011,512,205,307,111Y09M
10014,臺東縣,10014010,臺東市,10014010-011,中心里,840,439,401,2355,1179,1176,667,282,385,111Y09M
10014,臺東縣,10014010,臺東市,10014010-012,自強里,1094,578,516,2681,1252,1429,555,251,304,111Y09M
10014,臺東縣,10014010,臺東市,10014010-013,民族里,1020,532,488,1876,865,1011,570,256,314,111Y09M
10014,臺東縣,10014010,臺東市,10014010-015,中華里,259,134,125,1808,929,879,520,226,294,111Y09M
10014,臺東縣,10014010,臺東市,10014010-017,建國里,173,90,83,1399,748,651,448,199,249,111Y09M
10014,臺東縣,10014010,臺東市,10014010-020,中正里,123,65,58,1526,791,735,613,263,350,111Y09M
10014,臺東縣,10014010,臺東市,10014010-022,成功里,184,89,95,1486,761,725,429,190,239,111Y09M
10014,臺東縣,10014010,臺東市,10014010-023,文化里,537,294,243,1335,721,614,382,205,177,111Y09M
10014,臺東縣,10014010,臺東市,10014010-024,中山里,419,220,199,1340,646,694,485,211,274,111Y09M
10014,臺東縣,10014010,臺東市,10014010-029,新園里,164,98,66,1367,733,634,305,131,174,111Y09M
10014,臺東縣,10014010,臺東市,10014010-030,豐田里,260,131,129,1917,941,976,419,182,237,111Y09M
10014,臺東縣,10014010,臺東市,10014010-031,豐年里,330,182,148,2695,1428,1267,533,227,306,111Y09M
10014,臺東縣,10014010,臺東市,10014010-032,光明里,543,258,285,2309,1041,1268,388,167,221,111Y09M
10014,臺東縣,10014010,臺東市,10014010-033,豐樂里,286,146,140,1445,758,687,343,160,183,111Y09M
10014,臺東縣,10014010,臺東市,10014010-034,永樂里,486,260,226,2348,1201,1147,440,214,226,111Y09M
10014,臺東縣,10014010,臺東市,10014010-035,康樂里,213,121,92,1137,595,542,229,117,112,111Y09M
10014,臺東縣,10014010,臺東市,10014010-036,東海里,486,228,258,1611,769,842,423,191,232,111Y09M
10014,臺東縣,10014010,臺東市,10014010-037,新興里,177,95,82,1058,545,513,331,143,188,111Y09M
10014,臺東縣,10014010,臺東市,10014010-038,豐榮里,362,195,167,2549,1262,1287,590,243,347,111Y09M
10014,臺東縣,10014010,臺東市,10014010-039,豐谷里,398,208,190,2885,1490,1395,671,292,379,111Y09M
10014,臺東縣,10014010,臺東市,10014010-040,豐里里,239,125,114,1959,1022,937,432,203,229,111Y09M
10014,臺東縣,10014010,臺東市,10014010-041,豐原里,153,74,79,969,547,422,282,138,144,111Y09M
10014,臺東縣,10014010,臺東市,10014010-042,建和里,174,77,97,1054,571,483,307,143,164,111Y09M
10014,臺東縣,10014010,臺東市,10014010-043,建興里,79,34,45,996,507,489,283,120,163,111Y09M
10014,臺東縣,10014010,臺東市,10014010-045,知本里,236,138,98,1888,992,896,505,209,296,111Y09M
10014,臺東縣,10014010,臺東市,10014010-046,建農里,212,118,94,1736,922,814,353,147,206,111Y09M
10014,臺東縣,10014010,臺東市,10014010-047,仁和里,304,161,143,2515,1225,1290,658,283,375,111Y09M
10014,臺東縣,10014010,臺東市,10014010-048,豐安里,256,132,124,2369,1117,1252,489,212,277,111Y09M
10014,臺東縣,10014010,臺東市,10014010-049,豐盛里,364,179,185,2876,1416,1460,548,246,302,111Y09M
10014,臺東縣,10014020,成功鎮,10014020-001,博愛里,24,14,10,394,242,152,187,90,97,111Y09M
10014,臺東縣,10014020,成功鎮,10014020-002,忠孝里,63,25,38,669,355,314,260,116,144,111Y09M
10014,臺東縣,10014020,成功鎮,10014020-003,三仙里,113,65,48,1001,572,429,324,163,161,111Y09M
10014,臺東縣,10014020,成功鎮,10014020-004,三民里,244,132,112,2087,1081,1006,615,288,327,111Y09M
10014,臺東縣,10014020,成功鎮,10014020-005,忠智里,248,126,122,1471,763,708,454,213,241,111Y09M
10014,臺東縣,10014020,成功鎮,10014020-006,忠仁里,240,124,116,1665,868,797,498,252,246,111Y09M
10014,臺東縣,10014020,成功鎮,10014020-007,和平里,42,24,18,497,293,204,222,105,117,111Y09M
10014,臺東縣,10014020,成功鎮,10014020-008,信義里,113,62,51,1337,767,570,465,206,259,111Y09M
10014,臺東縣,10014030,關山鎮,10014030-001,德高里,135,65,70,1282,710,572,434,188,246,111Y09M
10014,臺東縣,10014030,關山鎮,10014030-002,豐泉里,161,68,93,881,451,430,259,119,140,111Y09M
10014,臺東縣,10014030,關山鎮,10014030-003,新福里,128,67,61,684,380,304,188,82,106,111Y09M
10014,臺東縣,10014030,關山鎮,10014030-004,中福里,96,49,47,555,284,271,215,101,114,111Y09M
10014,臺東縣,10014030,關山鎮,10014030-005,里壠里,210,113,97,1233,625,608,409,174,235,111Y09M
10014,臺東縣,10014030,關山鎮,10014030-006,電光里,46,27,19,390,225,165,142,74,68,111Y09M
10014,臺東縣,10014030,關山鎮,10014030-007,月眉里,51,23,28,524,308,216,167,79,88,111Y09M
10014,臺東縣,10014040,卑南鄉,10014040-001,嘉豐村,54,30,24,384,218,166,104,49,55,111Y09M
10014,臺東縣,10014040,卑南鄉,10014040-002,利吉村,38,22,16,324,173,151,125,66,59,111Y09M
10014,臺東縣,10014040,卑南鄉,10014040-003,富山村,41,20,21,363,202,161,107,51,56,111Y09M
10014,臺東縣,10014040,卑南鄉,10014040-004,富源村,15,9,6,222,132,90,105,54,51,111Y09M
10014,臺東縣,10014040,卑南鄉,10014040-005,明峰村,101,56,45,842,473,369,305,147,158,111Y09M
10014,臺東縣,10014040,卑南鄉,10014040-006,初鹿村,118,54,64,966,537,429,295,127,168,111Y09M
10014,臺東縣,10014040,卑南鄉,10014040-007,美農村,72,38,34,794,466,328,263,120,143,111Y09M
10014,臺東縣,10014040,卑南鄉,10014040-008,賓朗村,175,92,83,1732,934,798,540,242,298,111Y09M
10014,臺東縣,10014040,卑南鄉,10014040-009,泰安村,162,72,90,1022,530,492,173,79,94,111Y09M
10014,臺東縣,10014040,卑南鄉,10014040-010,太平村,360,181,179,2737,1426,1311,545,228,317,111Y09M
10014,臺東縣,10014040,卑南鄉,10014040-011,利嘉村,156,85,71,906,459,447,220,113,107,111Y09M
10014,臺東縣,10014040,卑南鄉,10014040-012,東興村,137,73,64,1018,540,478,172,91,81,111Y09M
10014,臺東縣,10014040,卑南鄉,10014040-013,溫泉村,103,55,48,767,425,342,314,157,157,111Y09M
10014,臺東縣,10014050,鹿野鄉,10014050-001,瑞和村,49,24,25,508,277,231,143,60,83,111Y09M
10014,臺東縣,10014050,鹿野鄉,10014050-002,瑞豐村,53,26,27,635,361,274,247,109,138,111Y09M
10014,臺東縣,10014050,鹿野鄉,10014050-003,瑞源村,78,41,37,612,326,286,234,103,131,111Y09M
10014,臺東縣,10014050,鹿野鄉,10014050-004,永安村,128,70,58,1120,624,496,312,147,165,111Y09M
10014,臺東縣,10014050,鹿野鄉,10014050-005,瑞隆村,70,44,26,646,345,301,225,104,121,111Y09M
10014,臺東縣,10014050,鹿野鄉,10014050-006,鹿野村,72,30,42,774,414,360,272,118,154,111Y09M
10014,臺東縣,10014050,鹿野鄉,10014050-007,龍田村,84,41,43,782,440,342,286,144,142,111Y09M
10014,臺東縣,10014060,池上鄉,10014060-001,福文村,109,63,46,842,468,374,277,117,160,111Y09M
10014,臺東縣,10014060,池上鄉,10014060-002,慶豐村,75,46,29,505,271,234,173,75,98,111Y09M
10014,臺東縣,10014060,池上鄉,10014060-003,大坡村,32,11,21,225,128,97,97,47,50,111Y09M
10014,臺東縣,10014060,池上鄉,10014060-004,大埔村,74,41,33,572,292,280,239,110,129,111Y09M
10014,臺東縣,10014060,池上鄉,10014060-005,福原村,262,129,133,1478,732,746,481,200,281,111Y09M
10014,臺東縣,10014060,池上鄉,10014060-006,錦園村,24,15,9,234,130,104,103,50,53,111Y09M
10014,臺東縣,10014060,池上鄉,10014060-007,新興村,78,41,37,630,363,267,227,106,121,111Y09M
10014,臺東縣,10014060,池上鄉,10014060-008,萬安村,30,15,15,230,128,102,95,39,56,111Y09M
10014,臺東縣,10014060,池上鄉,10014060-009,富興村,33,19,14,288,168,120,96,46,50,111Y09M
10014,臺東縣,10014060,池上鄉,10014060-010,振興村,45,24,21,337,189,148,107,50,57,111Y09M
10014,臺東縣,10014070,東河鄉,10014070-001,北源村,86,51,35,1155,781,374,399,192,207,111Y09M
10014,臺東縣,10014070,東河鄉,10014070-002,泰源村,93,55,38,863,478,385,296,124,172,111Y09M
10014,臺東縣,10014070,東河鄉,10014070-003,東河村,75,44,31,741,422,319,253,115,138,111Y09M
10014,臺東縣,10014070,東河鄉,10014070-004,尚德村,17,9,8,175,103,72,68,34,34,111Y09M
10014,臺東縣,10014070,東河鄉,10014070-005,隆昌村,26,14,12,346,193,153,167,74,93,111Y09M
10014,臺東縣,10014070,東河鄉,10014070-006,興昌村,66,36,30,654,357,297,297,133,164,111Y09M
10014,臺東縣,10014070,東河鄉,10014070-007,都蘭村,193,91,102,1570,872,698,558,251,307,111Y09M
10014,臺東縣,10014080,長濱鄉,10014080-001,樟原村,26,8,18,396,250,146,191,84,107,111Y09M
10014,臺東縣,10014080,長濱鄉,10014080-002,三間村,85,46,39,799,506,293,358,166,192,111Y09M
10014,臺東縣,10014080,長濱鄉,10014080-003,忠勇村,41,25,16,401,257,144,133,70,63,111Y09M
10014,臺東縣,10014080,長濱鄉,10014080-004,長濱村,157,75,82,1494,850,644,511,228,283,111Y09M
10014,臺東縣,10014080,長濱鄉,10014080-005,竹湖村,53,24,29,613,364,249,262,125,137,111Y09M
10014,臺東縣,10014080,長濱鄉,10014080-006,寧埔村,74,48,26,825,515,310,347,161,186,111Y09M
10014,臺東縣,10014090,太麻里鄉,10014090-001,美和村,103,62,41,1044,573,471,289,136,153,111Y09M
10014,臺東縣,10014090,太麻里鄉,10014090-002,三和村,32,21,11,444,247,197,142,68,74,111Y09M
10014,臺東縣,10014090,太麻里鄉,10014090-003,華源村,25,11,14,418,247,171,191,89,102,111Y09M
10014,臺東縣,10014090,太麻里鄉,10014090-004,北里村,46,25,21,432,260,172,144,80,64,111Y09M
10014,臺東縣,10014090,太麻里鄉,10014090-005,泰和村,124,67,57,1066,565,501,339,148,191,111Y09M
10014,臺東縣,10014090,太麻里鄉,10014090-006,大王村,184,99,85,1350,750,600,464,221,243,111Y09M
10014,臺東縣,10014090,太麻里鄉,10014090-007,香蘭村,77,33,44,615,353,262,201,92,109,111Y09M
10014,臺東縣,10014090,太麻里鄉,10014090-008,金崙村,215,116,99,1470,776,694,311,142,169,111Y09M
10014,臺東縣,10014090,太麻里鄉,10014090-009,多良村,105,63,42,755,399,356,176,68,108,111Y09M
10014,臺東縣,10014100,大武鄉,10014100-001,大竹村,76,48,28,626,341,285,156,72,84,111Y09M
10014,臺東縣,10014100,大武鄉,10014100-002,大鳥村,145,78,67,941,520,421,183,87,96,111Y09M
10014,臺東縣,10014100,大武鄉,10014100-003,大武村,179,82,97,1021,553,468,256,108,148,111Y09M
10014,臺東縣,10014100,大武鄉,10014100-004,尚武村,114,58,56,1025,531,494,320,145,175,111Y09M
10014,臺東縣,10014100,大武鄉,10014100-005,南興村,55,27,28,440,234,206,116,56,60,111Y09M
10014,臺東縣,10014110,綠島鄉,10014110-001,公館村,114,64,50,901,501,400,146,81,65,111Y09M
10014,臺東縣,10014110,綠島鄉,10014110-002,中寮村,119,50,69,938,499,439,159,86,73,111Y09M
10014,臺東縣,10014110,綠島鄉,10014110-003,南寮村,151,83,68,1519,811,708,236,124,112,111Y09M
10014,臺東縣,10014120,海端鄉,10014120-001,廣原村,177,96,81,690,355,335,90,39,51,111Y09M
10014,臺東縣,10014120,海端鄉,10014120-002,霧鹿村,56,29,27,233,122,111,35,14,21,111Y09M
10014,臺東縣,10014120,海端鄉,10014120-003,利稻村,54,26,28,247,128,119,38,11,27,111Y09M
10014,臺東縣,10014120,海端鄉,10014120-004,海端村,176,91,85,880,476,404,123,54,69,111Y09M
10014,臺東縣,10014120,海端鄉,10014120-005,崁頂村,149,90,59,558,301,257,74,42,32,111Y09M
10014,臺東縣,10014120,海端鄉,10014120-006,加拿村,90,47,43,472,266,206,52,26,26,111Y09M
10014,臺東縣,10014130,延平鄉,10014130-001,武陵村,117,57,60,554,304,250,74,33,41,111Y09M
10014,臺東縣,10014130,延平鄉,10014130-002,永康村,67,35,32,307,162,145,33,15,18,111Y09M
10014,臺東縣,10014130,延平鄉,10014130-003,紅葉村,74,44,30,368,191,177,62,34,28,111Y09M
10014,臺東縣,10014130,延平鄉,10014130-004,鸞山村,103,55,48,516,281,235,86,35,51,111Y09M
10014,臺東縣,10014130,延平鄉,10014130-005,桃源村,197,104,93,967,513,454,113,53,60,111Y09M
10014,臺東縣,10014140,金峰鄉,10014140-001,新興村,111,58,53,498,245,253,63,32,31,111Y09M
10014,臺東縣,10014140,金峰鄉,10014140-002,正興村,94,47,47,553,268,285,81,37,44,111Y09M
10014,臺東縣,10014140,金峰鄉,10014140-003,嘉蘭村,234,114,120,1147,596,551,172,79,93,111Y09M
10014,臺東縣,10014140,金峰鄉,10014140-004,賓茂村,48,28,20,280,147,133,56,30,26,111Y09M
10014,臺東縣,10014140,金峰鄉,10014140-005,歷坵村,52,28,24,290,144,146,50,20,30,111Y09M
10014,臺東縣,10014150,達仁鄉,10014150-001,台坂村,84,42,42,516,290,226,107,50,57,111Y09M
10014,臺東縣,10014150,達仁鄉,10014150-002,土坂村,101,51,50,769,437,332,121,57,64,111Y09M
10014,臺東縣,10014150,達仁鄉,10014150-003,新化村,34,27,7,305,169,136,67,30,37,111Y09M
10014,臺東縣,10014150,達仁鄉,10014150-004,安朔村,71,37,34,458,260,198,110,50,60,111Y09M
10014,臺東縣,10014150,達仁鄉,10014150-005,森永村,33,18,15,309,170,139,74,35,39,111Y09M
10014,臺東縣,10014150,達仁鄉,10014150-006,南田村,26,14,12,288,142,146,30,16,14,111Y09M
10014,臺東縣,10014160,蘭嶼鄉,10014160-001,東清村,245,132,113,1230,593,637,142,71,71,111Y09M
10014,臺東縣,10014160,蘭嶼鄉,10014160-002,朗島村,124,71,53,729,347,382,86,40,46,111Y09M
10014,臺東縣,10014160,蘭嶼鄉,10014160-003,紅頭村,175,99,76,1202,609,593,142,72,70,111Y09M
10014,臺東縣,10014160,蘭嶼鄉,10014160-004,椰油村,176,87,89,910,454,456,99,50,49,111Y09M
10014,臺東縣,10014010,臺東市,10014010-001,富岡里,205,111,94,1815,989,826,520,253,267,111Y12M
10014,臺東縣,10014010,臺東市,10014010-003,岩灣里,145,67,78,1929,992,937,362,156,206,111Y12M
10014,臺東縣,10014010,臺東市,10014010-004,南王里,283,153,130,2369,1243,1126,544,238,306,111Y12M
10014,臺東縣,10014010,臺東市,10014010-005,卑南里,215,119,96,2474,1218,1256,558,243,315,111Y12M
10014,臺東縣,10014010,臺東市,10014010-006,南榮里,295,158,137,2225,1165,1060,560,270,290,111Y12M
10014,臺東縣,10014010,臺東市,10014010-007,新生里,395,209,186,2843,1404,1439,670,300,370,111Y12M
10014,臺東縣,10014010,臺東市,10014010-008,民生里,256,133,123,1993,963,1030,700,286,414,111Y12M
10014,臺東縣,10014010,臺東市,10014010-009,寶桑里,166,88,78,1085,584,501,318,135,183,111Y12M
10014,臺東縣,10014010,臺東市,10014010-010,馬蘭里,833,448,385,1879,874,1005,511,203,308,111Y12M
10014,臺東縣,10014010,臺東市,10014010-011,中心里,836,440,396,2355,1176,1179,674,284,390,111Y12M
10014,臺東縣,10014010,臺東市,10014010-012,自強里,1100,586,514,2661,1246,1415,574,259,315,111Y12M
10014,臺東縣,10014010,臺東市,10014010-013,民族里,1023,535,488,1859,853,1006,581,261,320,111Y12M
10014,臺東縣,10014010,臺東市,10014010-015,中華里,251,132,119,1793,922,871,521,226,295,111Y12M
10014,臺東縣,10014010,臺東市,10014010-017,建國里,171,85,86,1385,739,646,452,201,251,111Y12M
10014,臺東縣,10014010,臺東市,10014010-020,中正里,125,65,60,1515,784,731,617,265,352,111Y12M
10014,臺東縣,10014010,臺東市,10014010-022,成功里,184,91,93,1471,748,723,433,191,242,111Y12M
10014,臺東縣,10014010,臺東市,10014010-023,文化里,552,304,248,1339,727,612,390,210,180,111Y12M
10014,臺東縣,10014010,臺東市,10014010-024,中山里,414,214,200,1322,638,684,491,215,276,111Y12M
10014,臺東縣,10014010,臺東市,10014010-029,新園里,169,101,68,1368,738,630,314,133,181,111Y12M
10014,臺東縣,10014010,臺東市,10014010-030,豐田里,257,132,125,1916,937,979,424,185,239,111Y12M
10014,臺東縣,10014010,臺東市,10014010-031,豐年里,332,185,147,2701,1430,1271,540,231,309,111Y12M
10014,臺東縣,10014010,臺東市,10014010-032,光明里,542,255,287,2319,1046,1273,389,164,225,111Y12M
10014,臺東縣,10014010,臺東市,10014010-033,豐樂里,292,147,145,1436,752,684,353,168,185,111Y12M
10014,臺東縣,10014010,臺東市,10014010-034,永樂里,490,259,231,2350,1203,1147,446,217,229,111Y12M
10014,臺東縣,10014010,臺東市,10014010-035,康樂里,218,121,97,1138,592,546,233,119,114,111Y12M
10014,臺東縣,10014010,臺東市,10014010-036,東海里,493,234,259,1600,762,838,430,195,235,111Y12M
10014,臺東縣,10014010,臺東市,10014010-037,新興里,180,96,84,1058,544,514,333,143,190,111Y12M
10014,臺東縣,10014010,臺東市,10014010-038,豐榮里,361,195,166,2543,1258,1285,591,245,346,111Y12M
10014,臺東縣,10014010,臺東市,10014010-039,豐谷里,397,210,187,2883,1489,1394,676,294,382,111Y12M
10014,臺東縣,10014010,臺東市,10014010-040,豐里里,228,116,112,1945,1019,926,440,204,236,111Y12M
10014,臺東縣,10014010,臺東市,10014010-041,豐原里,155,75,80,976,550,426,283,138,145,111Y12M
10014,臺東縣,10014010,臺東市,10014010-042,建和里,177,77,100,1055,572,483,313,146,167,111Y12M
10014,臺東縣,10014010,臺東市,10014010-043,建興里,81,36,45,1005,512,493,284,121,163,111Y12M
10014,臺東縣,10014010,臺東市,10014010-045,知本里,226,132,94,1861,981,880,509,214,295,111Y12M
10014,臺東縣,10014010,臺東市,10014010-046,建農里,215,117,98,1741,921,820,357,149,208,111Y12M
10014,臺東縣,10014010,臺東市,10014010-047,仁和里,302,159,143,2497,1217,1280,668,282,386,111Y12M
10014,臺東縣,10014010,臺東市,10014010-048,豐安里,262,131,131,2371,1122,1249,495,213,282,111Y12M
10014,臺東縣,10014010,臺東市,10014010-049,豐盛里,361,176,185,2876,1416,1460,560,252,308,111Y12M
10014,臺東縣,10014020,成功鎮,10014020-001,博愛里,24,14,10,396,242,154,188,88,100,111Y12M
10014,臺東縣,10014020,成功鎮,10014020-002,忠孝里,62,23,39,671,355,316,260,117,143,111Y12M
10014,臺東縣,10014020,成功鎮,10014020-003,三仙里,113,62,51,1002,573,429,324,161,163,111Y12M
10014,臺東縣,10014020,成功鎮,10014020-004,三民里,245,136,109,2077,1076,1001,616,292,324,111Y12M
10014,臺東縣,10014020,成功鎮,10014020-005,忠智里,234,119,115,1477,768,709,461,216,245,111Y12M
10014,臺東縣,10014020,成功鎮,10014020-006,忠仁里,236,126,110,1658,860,798,499,254,245,111Y12M
10014,臺東縣,10014020,成功鎮,10014020-007,和平里,41,25,16,498,296,202,219,103,116,111Y12M
10014,臺東縣,10014020,成功鎮,10014020-008,信義里,111,62,49,1327,769,558,473,209,264,111Y12M
10014,臺東縣,10014030,關山鎮,10014030-001,德高里,134,67,67,1274,705,569,435,186,249,111Y12M
10014,臺東縣,10014030,關山鎮,10014030-002,豐泉里,166,71,95,870,444,426,264,122,142,111Y12M
10014,臺東縣,10014030,關山鎮,10014030-003,新福里,131,70,61,676,377,299,194,86,108,111Y12M
10014,臺東縣,10014030,關山鎮,10014030-004,中福里,100,49,51,553,282,271,217,101,116,111Y12M
10014,臺東縣,10014030,關山鎮,10014030-005,里壠里,203,107,96,1218,615,603,410,176,234,111Y12M
10014,臺東縣,10014030,關山鎮,10014030-006,電光里,48,26,22,394,229,165,139,70,69,111Y12M
10014,臺東縣,10014030,關山鎮,10014030-007,月眉里,49,21,28,526,309,217,164,77,87,111Y12M
10014,臺東縣,10014040,卑南鄉,10014040-001,嘉豐村,53,29,24,380,215,165,104,50,54,111Y12M
10014,臺東縣,10014040,卑南鄉,10014040-002,利吉村,37,21,16,321,172,149,132,71,61,111Y12M
10014,臺東縣,10014040,卑南鄉,10014040-003,富山村,42,20,22,365,201,164,109,52,57,111Y12M
10014,臺東縣,10014040,卑南鄉,10014040-004,富源村,14,8,6,216,130,86,107,54,53,111Y12M
10014,臺東縣,10014040,卑南鄉,10014040-005,明峰村,95,52,43,842,472,370,309,148,161,111Y12M
10014,臺東縣,10014040,卑南鄉,10014040-006,初鹿村,118,55,63,959,532,427,295,129,166,111Y12M
10014,臺東縣,10014040,卑南鄉,10014040-007,美農村,75,38,37,790,459,331,264,124,140,111Y12M
10014,臺東縣,10014040,卑南鄉,10014040-008,賓朗村,168,90,78,1721,931,790,549,244,305,111Y12M
10014,臺東縣,10014040,卑南鄉,10014040-009,泰安村,163,73,90,1017,525,492,175,78,97,111Y12M
10014,臺東縣,10014040,卑南鄉,10014040-010,太平村,360,184,176,2732,1431,1301,552,230,322,111Y12M
10014,臺東縣,10014040,卑南鄉,10014040-011,利嘉村,156,85,71,903,460,443,220,111,109,111Y12M
10014,臺東縣,10014040,卑南鄉,10014040-012,東興村,135,70,65,1011,536,475,174,93,81,111Y12M
10014,臺東縣,10014040,卑南鄉,10014040-013,溫泉村,106,58,48,769,425,344,308,152,156,111Y12M
10014,臺東縣,10014050,鹿野鄉,10014050-001,瑞和村,46,22,24,509,277,232,142,60,82,111Y12M
10014,臺東縣,10014050,鹿野鄉,10014050-002,瑞豐村,55,27,28,631,358,273,242,108,134,111Y12M
10014,臺東縣,10014050,鹿野鄉,10014050-003,瑞源村,78,40,38,614,329,285,232,102,130,111Y12M
10014,臺東縣,10014050,鹿野鄉,10014050-004,永安村,124,68,56,1115,621,494,318,152,166,111Y12M
10014,臺東縣,10014050,鹿野鄉,10014050-005,瑞隆村,65,40,25,645,345,300,226,104,122,111Y12M
10014,臺東縣,10014050,鹿野鄉,10014050-006,鹿野村,74,31,43,774,411,363,273,119,154,111Y12M
10014,臺東縣,10014050,鹿野鄉,10014050-007,龍田村,84,42,42,781,439,342,286,144,142,111Y12M
10014,臺東縣,10014060,池上鄉,10014060-001,福文村,111,64,47,836,465,371,280,117,163,111Y12M
10014,臺東縣,10014060,池上鄉,10014060-002,慶豐村,74,43,31,506,273,233,177,76,101,111Y12M
10014,臺東縣,10014060,池上鄉,10014060-003,大坡村,32,11,21,221,126,95,100,49,51,111Y12M
10014,臺東縣,10014060,池上鄉,10014060-004,大埔村,73,42,31,572,291,281,238,109,129,111Y12M
10014,臺東縣,10014060,池上鄉,10014060-005,福原村,263,132,131,1465,721,744,488,201,287,111Y12M
10014,臺東縣,10014060,池上鄉,10014060-006,錦園村,24,15,9,230,127,103,101,50,51,111Y12M
10014,臺東縣,10014060,池上鄉,10014060-007,新興村,82,42,40,633,365,268,228,106,122,111Y12M
10014,臺東縣,10014060,池上鄉,10014060-008,萬安村,31,16,15,229,127,102,94,38,56,111Y12M
10014,臺東縣,10014060,池上鄉,10014060-009,富興村,33,15,18,289,170,119,94,44,50,111Y12M
10014,臺東縣,10014060,池上鄉,10014060-010,振興村,48,27,21,333,185,148,110,52,58,111Y12M
10014,臺東縣,10014070,東河鄉,10014070-001,北源村,82,49,33,1127,753,374,401,194,207,111Y12M
10014,臺東縣,10014070,東河鄉,10014070-002,泰源村,94,54,40,858,473,385,298,126,172,111Y12M
10014,臺東縣,10014070,東河鄉,10014070-003,東河村,75,43,32,740,421,319,258,119,139,111Y12M
10014,臺東縣,10014070,東河鄉,10014070-004,尚德村,17,9,8,176,103,73,65,31,34,111Y12M
10014,臺東縣,10014070,東河鄉,10014070-005,隆昌村,32,18,14,349,192,157,166,74,92,111Y12M
10014,臺東縣,10014070,東河鄉,10014070-006,興昌村,63,36,27,652,355,297,298,136,162,111Y12M
10014,臺東縣,10014070,東河鄉,10014070-007,都蘭村,192,88,104,1552,866,686,565,252,313,111Y12M
10014,臺東縣,10014080,長濱鄉,10014080-001,樟原村,28,9,19,394,248,146,188,84,104,111Y12M
10014,臺東縣,10014080,長濱鄉,10014080-002,三間村,85,48,37,796,506,290,360,168,192,111Y12M
10014,臺東縣,10014080,長濱鄉,10014080-003,忠勇村,38,24,14,402,254,148,133,69,64,111Y12M
10014,臺東縣,10014080,長濱鄉,10014080-004,長濱村,153,73,80,1475,839,636,513,229,284,111Y12M
10014,臺東縣,10014080,長濱鄉,10014080-005,竹湖村,55,25,30,603,359,244,264,126,138,111Y12M
10014,臺東縣,10014080,長濱鄉,10014080-006,寧埔村,75,48,27,824,513,311,347,160,187,111Y12M
10014,臺東縣,10014090,太麻里鄉,10014090-001,美和村,103,64,39,1045,573,472,285,134,151,111Y12M
10014,臺東縣,10014090,太麻里鄉,10014090-002,三和村,33,23,10,445,245,200,144,68,76,111Y12M
10014,臺東縣,10014090,太麻里鄉,10014090-003,華源村,24,10,14,415,245,170,195,91,104,111Y12M
10014,臺東縣,10014090,太麻里鄉,10014090-004,北里村,47,26,21,424,257,167,151,83,68,111Y12M
10014,臺東縣,10014090,太麻里鄉,10014090-005,泰和村,118,63,55,1068,568,500,332,141,191,111Y12M
10014,臺東縣,10014090,太麻里鄉,10014090-006,大王村,179,94,85,1351,753,598,474,227,247,111Y12M
10014,臺東縣,10014090,太麻里鄉,10014090-007,香蘭村,76,31,45,606,347,259,208,99,109,111Y12M
10014,臺東縣,10014090,太麻里鄉,10014090-008,金崙村,216,113,103,1462,770,692,309,141,168,111Y12M
10014,臺東縣,10014090,太麻里鄉,10014090-009,多良村,101,60,41,749,396,353,184,73,111,111Y12M
10014,臺東縣,10014100,大武鄉,10014100-001,大竹村,74,45,29,626,345,281,156,71,85,111Y12M
10014,臺東縣,10014100,大武鄉,10014100-002,大鳥村,146,78,68,935,517,418,184,88,96,111Y12M
10014,臺東縣,10014100,大武鄉,10014100-003,大武村,178,85,93,1020,547,473,256,109,147,111Y12M
10014,臺東縣,10014100,大武鄉,10014100-004,尚武村,112,52,60,1020,531,489,315,143,172,111Y12M
10014,臺東縣,10014100,大武鄉,10014100-005,南興村,54,26,28,437,236,201,122,57,65,111Y12M
10014,臺東縣,10014110,綠島鄉,10014110-001,公館村,110,61,49,892,496,396,150,82,68,111Y12M
10014,臺東縣,10014110,綠島鄉,10014110-002,中寮村,120,53,67,939,500,439,158,86,72,111Y12M
10014,臺東縣,10014110,綠島鄉,10014110-003,南寮村,152,82,70,1521,815,706,243,126,117,111Y12M
10014,臺東縣,10014120,海端鄉,10014120-001,廣原村,178,97,81,688,353,335,93,40,53,111Y12M
10014,臺東縣,10014120,海端鄉,10014120-002,霧鹿村,52,26,26,237,124,113,36,15,21,111Y12M
10014,臺東縣,10014120,海端鄉,10014120-003,利稻村,56,28,28,253,132,121,39,12,27,111Y12M
10014,臺東縣,10014120,海端鄉,10014120-004,海端村,174,92,82,881,475,406,126,57,69,111Y12M
10014,臺東縣,10014120,海端鄉,10014120-005,崁頂村,155,92,63,562,305,257,79,44,35,111Y12M
10014,臺東縣,10014120,海端鄉,10014120-006,加拿村,88,45,43,473,266,207,52,26,26,111Y12M
10014,臺東縣,10014130,延平鄉,10014130-001,武陵村,114,55,59,555,306,249,73,32,41,111Y12M
10014,臺東縣,10014130,延平鄉,10014130-002,永康村,66,35,31,301,157,144,36,18,18,111Y12M
10014,臺東縣,10014130,延平鄉,10014130-003,紅葉村,71,43,28,361,187,174,63,34,29,111Y12M
10014,臺東縣,10014130,延平鄉,10014130-004,鸞山村,104,55,49,518,282,236,86,35,51,111Y12M
10014,臺東縣,10014130,延平鄉,10014130-005,桃源村,202,102,100,968,514,454,112,53,59,111Y12M
10014,臺東縣,10014140,金峰鄉,10014140-001,新興村,109,59,50,498,247,251,63,31,32,111Y12M
10014,臺東縣,10014140,金峰鄉,10014140-002,正興村,93,46,47,550,263,287,82,37,45,111Y12M
10014,臺東縣,10014140,金峰鄉,10014140-003,嘉蘭村,235,113,122,1137,591,546,176,81,95,111Y12M
10014,臺東縣,10014140,金峰鄉,10014140-004,賓茂村,47,27,20,279,147,132,57,30,27,111Y12M
10014,臺東縣,10014140,金峰鄉,10014140-005,歷坵村,52,28,24,287,142,145,48,19,29,111Y12M
10014,臺東縣,10014150,達仁鄉,10014150-001,台坂村,85,43,42,510,289,221,108,49,59,111Y12M
10014,臺東縣,10014150,達仁鄉,10014150-002,土坂村,100,51,49,773,437,336,122,58,64,111Y12M
10014,臺東縣,10014150,達仁鄉,10014150-003,新化村,33,26,7,304,169,135,68,30,38,111Y12M
10014,臺東縣,10014150,達仁鄉,10014150-004,安朔村,69,34,35,450,260,190,111,52,59,111Y12M
10014,臺東縣,10014150,達仁鄉,10014150-005,森永村,30,15,15,300,165,135,77,38,39,111Y12M
10014,臺東縣,10014150,達仁鄉,10014150-006,南田村,27,15,12,284,142,142,31,16,15,111Y12M
10014,臺東縣,10014160,蘭嶼鄉,10014160-001,東清村,248,134,114,1233,593,640,141,70,71,111Y12M
10014,臺東縣,10014160,蘭嶼鄉,10014160-002,朗島村,127,73,54,727,345,382,89,42,47,111Y12M
10014,臺東縣,10014160,蘭嶼鄉,10014160-003,紅頭村,179,104,75,1199,604,595,146,74,72,111Y12M
10014,臺東縣,10014160,蘭嶼鄉,10014160-004,椰油村,175,84,91,900,445,455,99,52,47,111Y12M
10014,臺東縣,10014010,臺東市,10014010-001,富岡里,203,109,94,1808,981,827,522,256,266,112Y03M
10014,臺東縣,10014010,臺東市,10014010-003,岩灣里,141,66,75,1921,988,933,360,153,207,112Y03M
10014,臺東縣,10014010,臺東市,10014010-004,南王里,281,149,132,2374,1241,1133,550,242,308,112Y03M
10014,臺東縣,10014010,臺東市,10014010-005,卑南里,214,121,93,2468,1214,1254,564,247,317,112Y03M
10014,臺東縣,10014010,臺東市,10014010-006,南榮里,287,152,135,2212,1160,1052,560,269,291,112Y03M
10014,臺東縣,10014010,臺東市,10014010-007,新生里,396,216,180,2849,1404,1445,680,303,377,112Y03M
10014,臺東縣,10014010,臺東市,10014010-008,民生里,259,137,122,1992,964,1028,712,290,422,112Y03M
10014,臺東縣,10014010,臺東市,10014010-009,寶桑里,168,89,79,1080,574,506,320,136,184,112Y03M
10014,臺東縣,10014010,臺東市,10014010-010,馬蘭里,840,456,384,1878,870,1008,504,202,302,112Y03M
10014,臺東縣,10014010,臺東市,10014010-011,中心里,838,440,398,2353,1178,1175,676,284,392,112Y03M
10014,臺東縣,10014010,臺東市,10014010-012,自強里,1113,593,520,2646,1240,1406,588,265,323,112Y03M
10014,臺東縣,10014010,臺東市,10014010-013,民族里,1040,539,501,1864,854,1010,588,267,321,112Y03M
10014,臺東縣,10014010,臺東市,10014010-015,中華里,254,132,122,1781,914,867,531,231,300,112Y03M
10014,臺東縣,10014010,臺東市,10014010-017,建國里,184,92,92,1371,731,640,454,201,253,112Y03M
10014,臺東縣,10014010,臺東市,10014010-020,中正里,118,64,54,1482,775,707,619,267,352,112Y03M
10014,臺東縣,10014010,臺東市,10014010-022,成功里,186,91,95,1456,743,713,429,186,243,112Y03M
10014,臺東縣,10014010,臺東市,10014010-023,文化里,550,303,247,1339,726,613,393,210,183,112Y03M
10014,臺東縣,10014010,臺東市,10014010-024,中山里,417,214,203,1307,630,677,493,215,278,112Y03M
10014,臺東縣,10014010,臺東市,10014010-029,新園里,178,104,74,1384,744,640,311,133,178,112Y03M
10014,臺東縣,10014010,臺東市,10014010-030,豐田里,251,126,125,1931,939,992,422,182,240,112Y03M
10014,臺東縣,10014010,臺東市,10014010-031,豐年里,311,169,142,2705,1419,1286,541,233,308,112Y03M
10014,臺東縣,10014010,臺東市,10014010-032,光明里,548,262,286,2325,1048,1277,391,166,225,112Y03M
10014,臺東縣,10014010,臺東市,10014010-033,豐樂里,300,149,151,1431,744,687,360,176,184,112Y03M
10014,臺東縣,10014010,臺東市,10014010-034,永樂里,479,255,224,2343,1195,1148,454,216,238,112Y03M
10014,臺東縣,10014010,臺東市,10014010-035,康樂里,228,125,103,1131,588,543,232,120,112,112Y03M
10014,臺東縣,10014010,臺東市,10014010-036,東海里,499,239,260,1598,763,835,442,201,241,112Y03M
10014,臺東縣,10014010,臺東市,10014010-037,新興里,180,97,83,1061,548,513,341,144,197,112Y03M
10014,臺東縣,10014010,臺東市,10014010-038,豐榮里,350,185,165,2539,1259,1280,601,251,350,112Y03M
10014,臺東縣,10014010,臺東市,10014010-039,豐谷里,388,202,186,2883,1493,1390,678,291,387,112Y03M
10014,臺東縣,10014010,臺東市,10014010-040,豐里里,227,118,109,1936,1007,929,441,203,238,112Y03M
10014,臺東縣,10014010,臺東市,10014010-041,豐原里,161,79,82,975,550,425,284,139,145,112Y03M
10014,臺東縣,10014010,臺東市,10014010-042,建和里,170,75,95,1055,571,484,311,144,167,112Y03M
10014,臺東縣,10014010,臺東市,10014010-043,建興里,79,35,44,1005,516,489,288,123,165,112Y03M
10014,臺東縣,10014010,臺東市,10014010-045,知本里,229,133,96,1847,974,873,509,210,299,112Y03M
10014,臺東縣,10014010,臺東市,10014010-046,建農里,208,117,91,1750,927,823,367,148,219,112Y03M
10014,臺東縣,10014010,臺東市,10014010-047,仁和里,309,161,148,2494,1205,1289,671,283,388,112Y03M
10014,臺東縣,10014010,臺東市,10014010-048,豐安里,259,129,130,2392,1130,1262,501,218,283,112Y03M
10014,臺東縣,10014010,臺東市,10014010-049,豐盛里,360,183,177,2881,1418,1463,567,253,314,112Y03M
10014,臺東縣,10014020,成功鎮,10014020-001,博愛里,25,15,10,392,239,153,186,89,97,112Y03M
10014,臺東縣,10014020,成功鎮,10014020-002,忠孝里,58,20,38,656,347,309,257,116,141,112Y03M
10014,臺東縣,10014020,成功鎮,10014020-003,三仙里,109,62,47,995,565,430,327,164,163,112Y03M
10014,臺東縣,10014020,成功鎮,10014020-004,三民里,243,132,111,2070,1073,997,618,296,322,112Y03M
10014,臺東縣,10014020,成功鎮,10014020-005,忠智里,239,122,117,1469,763,706,459,214,245,112Y03M
10014,臺東縣,10014020,成功鎮,10014020-006,忠仁里,238,124,114,1658,857,801,492,251,241,112Y03M
10014,臺東縣,10014020,成功鎮,10014020-007,和平里,40,24,16,498,294,204,217,105,112,112Y03M
10014,臺東縣,10014020,成功鎮,10014020-008,信義里,124,65,59,1319,766,553,477,214,263,112Y03M
10014,臺東縣,10014030,關山鎮,10014030-001,德高里,131,68,63,1261,703,558,442,188,254,112Y03M
10014,臺東縣,10014030,關山鎮,10014030-002,豐泉里,165,69,96,869,446,423,266,123,143,112Y03M
10014,臺東縣,10014030,關山鎮,10014030-003,新福里,132,69,63,668,370,298,198,86,112,112Y03M
10014,臺東縣,10014030,關山鎮,10014030-004,中福里,104,51,53,545,280,265,223,105,118,112Y03M
10014,臺東縣,10014030,關山鎮,10014030-005,里壠里,212,114,98,1204,607,597,409,175,234,112Y03M
10014,臺東縣,10014030,關山鎮,10014030-006,電光里,47,25,22,392,228,164,140,71,69,112Y03M
10014,臺東縣,10014030,關山鎮,10014030-007,月眉里,51,22,29,523,308,215,161,78,83,112Y03M
10014,臺東縣,10014040,卑南鄉,10014040-001,嘉豐村,56,31,25,379,214,165,101,49,52,112Y03M
10014,臺東縣,10014040,卑南鄉,10014040-002,利吉村,36,21,15,322,170,152,135,75,60,112Y03M
10014,臺東縣,10014040,卑南鄉,10014040-003,富山村,39,20,19,360,197,163,109,53,56,112Y03M
10014,臺東縣,10014040,卑南鄉,10014040-004,富源村,15,7,8,211,124,87,109,57,52,112Y03M
10014,臺東縣,10014040,卑南鄉,10014040-005,明峰村,94,52,42,844,472,372,308,151,157,112Y03M
10014,臺東縣,10014040,卑南鄉,10014040-006,初鹿村,113,54,59,947,523,424,292,127,165,112Y03M
10014,臺東縣,10014040,卑南鄉,10014040-007,美農村,73,38,35,785,452,333,263,124,139,112Y03M
10014,臺東縣,10014040,卑南鄉,10014040-008,賓朗村,166,88,78,1711,930,781,558,246,312,112Y03M
10014,臺東縣,10014040,卑南鄉,10014040-009,泰安村,158,68,90,1009,521,488,176,79,97,112Y03M
10014,臺東縣,10014040,卑南鄉,10014040-010,太平村,358,179,179,2734,1442,1292,554,231,323,112Y03M
10014,臺東縣,10014040,卑南鄉,10014040-011,利嘉村,153,82,71,901,456,445,221,112,109,112Y03M
10014,臺東縣,10014040,卑南鄉,10014040-012,東興村,136,67,69,1010,541,469,176,91,85,112Y03M
10014,臺東縣,10014040,卑南鄉,10014040-013,溫泉村,95,51,44,761,419,342,315,155,160,112Y03M
10014,臺東縣,10014050,鹿野鄉,10014050-001,瑞和村,46,22,24,502,276,226,144,62,82,112Y03M
10014,臺東縣,10014050,鹿野鄉,10014050-002,瑞豐村,44,23,21,630,359,271,244,109,135,112Y03M
10014,臺東縣,10014050,鹿野鄉,10014050-003,瑞源村,81,43,38,602,322,280,237,104,133,112Y03M
10014,臺東縣,10014050,鹿野鄉,10014050-004,永安村,120,65,55,1108,616,492,320,154,166,112Y03M
10014,臺東縣,10014050,鹿野鄉,10014050-005,瑞隆村,64,40,24,638,342,296,227,103,124,112Y03M
10014,臺東縣,10014050,鹿野鄉,10014050-006,鹿野村,67,28,39,777,413,364,265,114,151,112Y03M
10014,臺東縣,10014050,鹿野鄉,10014050-007,龍田村,83,43,40,766,431,335,289,144,145,112Y03M
10014,臺東縣,10014060,池上鄉,10014060-001,福文村,112,66,46,827,457,370,284,122,162,112Y03M
10014,臺東縣,10014060,池上鄉,10014060-002,慶豐村,74,44,30,500,268,232,177,79,98,112Y03M
10014,臺東縣,10014060,池上鄉,10014060-003,大坡村,31,12,19,222,127,95,100,49,51,112Y03M
10014,臺東縣,10014060,池上鄉,10014060-004,大埔村,72,41,31,574,292,282,239,110,129,112Y03M
10014,臺東縣,10014060,池上鄉,10014060-005,福原村,251,124,127,1470,716,754,487,202,285,112Y03M
10014,臺東縣,10014060,池上鄉,10014060-006,錦園村,26,17,9,229,127,102,100,49,51,112Y03M
10014,臺東縣,10014060,池上鄉,10014060-007,新興村,77,37,40,625,360,265,227,104,123,112Y03M
10014,臺東縣,10014060,池上鄉,10014060-008,萬安村,32,17,15,222,124,98,94,38,56,112Y03M
10014,臺東縣,10014060,池上鄉,10014060-009,富興村,33,16,17,289,169,120,93,43,50,112Y03M
10014,臺東縣,10014060,池上鄉,10014060-010,振興村,44,23,21,334,189,145,110,51,59,112Y03M
10014,臺東縣,10014070,東河鄉,10014070-001,北源村,87,53,34,1122,749,373,403,199,204,112Y03M
10014,臺東縣,10014070,東河鄉,10014070-002,泰源村,89,51,38,848,466,382,299,128,171,112Y03M
10014,臺東縣,10014070,東河鄉,10014070-003,東河村,73,42,31,739,422,317,259,121,138,112Y03M
10014,臺東縣,10014070,東河鄉,10014070-004,尚德村,16,8,8,174,103,71,67,33,34,112Y03M
10014,臺東縣,10014070,東河鄉,10014070-005,隆昌村,29,17,12,340,185,155,167,74,93,112Y03M
10014,臺東縣,10014070,東河鄉,10014070-006,興昌村,60,35,25,653,356,297,303,140,163,112Y03M
10014,臺東縣,10014070,東河鄉,10014070-007,都蘭村,188,86,102,1548,866,682,562,248,314,112Y03M
10014,臺東縣,10014080,長濱鄉,10014080-001,樟原村,31,11,20,390,245,145,192,84,108,112Y03M
10014,臺東縣,10014080,長濱鄉,10014080-002,三間村,86,47,39,787,500,287,356,167,189,112Y03M
10014,臺東縣,10014080,長濱鄉,10014080-003,忠勇村,36,23,13,403,256,147,132,69,63,112Y03M
10014,臺東縣,10014080,長濱鄉,10014080-004,長濱村,153,72,81,1468,833,635,513,231,282,112Y03M
10014,臺東縣,10014080,長濱鄉,10014080-005,竹湖村,54,21,33,603,358,245,263,125,138,112Y03M
10014,臺東縣,10014080,長濱鄉,10014080-006,寧埔村,72,45,27,817,509,308,351,163,188,112Y03M
10014,臺東縣,10014090,太麻里鄉,10014090-001,美和村,97,58,39,1050,575,475,284,134,150,112Y03M
10014,臺東縣,10014090,太麻里鄉,10014090-002,三和村,34,23,11,447,247,200,141,67,74,112Y03M
10014,臺東縣,10014090,太麻里鄉,10014090-003,華源村,24,10,14,414,248,166,191,86,105,112Y03M
10014,臺東縣,10014090,太麻里鄉,10014090-004,北里村,46,26,20,424,258,166,152,82,70,112Y03M
10014,臺東縣,10014090,太麻里鄉,10014090-005,泰和村,120,63,57,1073,572,501,340,148,192,112Y03M
10014,臺東縣,10014090,太麻里鄉,10014090-006,大王村,181,99,82,1340,748,592,480,228,252,112Y03M
10014,臺東縣,10014090,太麻里鄉,10014090-007,香蘭村,84,34,50,605,350,255,208,98,110,112Y03M
10014,臺東縣,10014090,太麻里鄉,10014090-008,金崙村,218,108,110,1460,770,690,316,146,170,112Y03M
10014,臺東縣,10014090,太麻里鄉,10014090-009,多良村,88,54,34,747,395,352,185,74,111,112Y03M
10014,臺東縣,10014100,大武鄉,10014100-001,大竹村,75,46,29,619,342,277,152,70,82,112Y03M
10014,臺東縣,10014100,大武鄉,10014100-002,大鳥村,145,76,69,932,514,418,184,90,94,112Y03M
10014,臺東縣,10014100,大武鄉,10014100-003,大武村,179,83,96,1019,548,471,259,111,148,112Y03M
10014,臺東縣,10014100,大武鄉,10014100-004,尚武村,109,52,57,1013,531,482,317,143,174,112Y03M
10014,臺東縣,10014100,大武鄉,10014100-005,南興村,55,26,29,434,236,198,120,57,63,112Y03M
10014,臺東縣,10014110,綠島鄉,10014110-001,公館村,111,62,49,908,503,405,149,81,68,112Y03M
10014,臺東縣,10014110,綠島鄉,10014110-002,中寮村,120,53,67,949,509,440,159,86,73,112Y03M
10014,臺東縣,10014110,綠島鄉,10014110-003,南寮村,151,80,71,1515,810,705,248,129,119,112Y03M
10014,臺東縣,10014120,海端鄉,10014120-001,廣原村,178,97,81,688,353,335,93,40,53,112Y03M
10014,臺東縣,10014120,海端鄉,10014120-002,霧鹿村,50,26,24,239,125,114,36,15,21,112Y03M
10014,臺東縣,10014120,海端鄉,10014120-003,利稻村,54,27,27,253,132,121,39,12,27,112Y03M
10014,臺東縣,10014120,海端鄉,10014120-004,海端村,165,86,79,882,478,404,126,56,70,112Y03M
10014,臺東縣,10014120,海端鄉,10014120-005,崁頂村,159,92,67,570,310,260,77,44,33,112Y03M
10014,臺東縣,10014120,海端鄉,10014120-006,加拿村,89,44,45,472,265,207,53,27,26,112Y03M
10014,臺東縣,10014130,延平鄉,10014130-001,武陵村,111,56,55,556,304,252,75,33,42,112Y03M
10014,臺東縣,10014130,延平鄉,10014130-002,永康村,62,35,27,300,157,143,33,17,16,112Y03M
10014,臺東縣,10014130,延平鄉,10014130-003,紅葉村,74,43,31,364,188,176,65,34,31,112Y03M
10014,臺東縣,10014130,延平鄉,10014130-004,鸞山村,99,54,45,516,283,233,84,34,50,112Y03M
10014,臺東縣,10014130,延平鄉,10014130-005,桃源村,197,97,100,945,504,441,118,56,62,112Y03M
10014,臺東縣,10014140,金峰鄉,10014140-001,新興村,115,63,52,499,249,250,68,32,36,112Y03M
10014,臺東縣,10014140,金峰鄉,10014140-002,正興村,88,43,45,544,263,281,83,38,45,112Y03M
10014,臺東縣,10014140,金峰鄉,10014140-003,嘉蘭村,225,110,115,1131,584,547,175,82,93,112Y03M
10014,臺東縣,10014140,金峰鄉,10014140-004,賓茂村,45,26,19,276,144,132,59,32,27,112Y03M
10014,臺東縣,10014140,金峰鄉,10014140-005,歷坵村,52,27,25,286,143,143,48,20,28,112Y03M
10014,臺東縣,10014150,達仁鄉,10014150-001,台坂村,82,42,40,511,287,224,108,49,59,112Y03M
10014,臺東縣,10014150,達仁鄉,10014150-002,土坂村,104,54,50,771,437,334,125,61,64,112Y03M
10014,臺東縣,10014150,達仁鄉,10014150-003,新化村,33,26,7,306,169,137,68,31,37,112Y03M
10014,臺東縣,10014150,達仁鄉,10014150-004,安朔村,66,32,34,450,258,192,110,53,57,112Y03M
10014,臺東縣,10014150,達仁鄉,10014150-005,森永村,27,13,14,290,161,129,77,38,39,112Y03M
10014,臺東縣,10014150,達仁鄉,10014150-006,南田村,27,14,13,281,141,140,31,16,15,112Y03M
10014,臺東縣,10014160,蘭嶼鄉,10014160-001,東清村,245,133,112,1229,594,635,145,73,72,112Y03M
10014,臺東縣,10014160,蘭嶼鄉,10014160-002,朗島村,126,75,51,730,343,387,88,43,45,112Y03M
10014,臺東縣,10014160,蘭嶼鄉,10014160-003,紅頭村,176,103,73,1201,609,592,150,76,74,112Y03M
10014,臺東縣,10014160,蘭嶼鄉,10014160-004,椰油村,173,84,89,903,449,454,100,52,48,112Y03M
10014,臺東縣,10014010,臺東市,10014010-001,富岡里,192,108,84,1788,972,816,532,259,273,112Y06M
10014,臺東縣,10014010,臺東市,10014010-003,岩灣里,143,64,79,1926,991,935,357,152,205,112Y06M
10014,臺東縣,10014010,臺東市,10014010-004,南王里,269,148,121,2375,1238,1137,553,246,307,112Y06M
10014,臺東縣,10014010,臺東市,10014010-005,卑南里,209,113,96,2458,1210,1248,561,245,316,112Y06M
10014,臺東縣,10014010,臺東市,10014010-006,南榮里,279,153,126,2203,1151,1052,563,270,293,112Y06M
10014,臺東縣,10014010,臺東市,10014010-007,新生里,406,225,181,2817,1386,1431,688,307,381,112Y06M
10014,臺東縣,10014010,臺東市,10014010-008,民生里,255,134,121,2037,983,1054,720,290,430,112Y06M
10014,臺東縣,10014010,臺東市,10014010-009,寶桑里,176,97,79,1086,572,514,328,138,190,112Y06M
10014,臺東縣,10014010,臺東市,10014010-010,馬蘭里,832,451,381,1840,851,989,500,201,299,112Y06M
10014,臺東縣,10014010,臺東市,10014010-011,中心里,856,449,407,2346,1174,1172,680,285,395,112Y06M
10014,臺東縣,10014010,臺東市,10014010-012,自強里,1106,590,516,2633,1235,1398,596,267,329,112Y06M
10014,臺東縣,10014010,臺東市,10014010-013,民族里,1056,548,508,1853,856,997,591,267,324,112Y06M
10014,臺東縣,10014010,臺東市,10014010-015,中華里,249,133,116,1779,910,869,534,234,300,112Y06M
10014,臺東縣,10014010,臺東市,10014010-017,建國里,173,89,84,1362,728,634,457,204,253,112Y06M
10014,臺東縣,10014010,臺東市,10014010-020,中正里,120,65,55,1470,768,702,617,266,351,112Y06M
10014,臺東縣,10014010,臺東市,10014010-022,成功里,189,94,95,1441,733,708,435,188,247,112Y06M
10014,臺東縣,10014010,臺東市,10014010-023,文化里,554,308,246,1356,742,614,399,215,184,112Y06M
10014,臺東縣,10014010,臺東市,10014010-024,中山里,425,215,210,1300,628,672,491,216,275,112Y06M
10014,臺東縣,10014010,臺東市,10014010-029,新園里,178,105,73,1383,742,641,308,132,176,112Y06M
10014,臺東縣,10014010,臺東市,10014010-030,豐田里,241,121,120,1942,942,1000,425,185,240,112Y06M
10014,臺東縣,10014010,臺東市,10014010-031,豐年里,307,165,142,2713,1428,1285,551,236,315,112Y06M
10014,臺東縣,10014010,臺東市,10014010-032,光明里,531,251,280,2322,1052,1270,401,170,231,112Y06M
10014,臺東縣,10014010,臺東市,10014010-033,豐樂里,303,154,149,1442,750,692,360,174,186,112Y06M
10014,臺東縣,10014010,臺東市,10014010-034,永樂里,479,258,221,2333,1186,1147,466,221,245,112Y06M
10014,臺東縣,10014010,臺東市,10014010-035,康樂里,241,132,109,1148,592,556,233,120,113,112Y06M
10014,臺東縣,10014010,臺東市,10014010-036,東海里,501,235,266,1592,752,840,448,198,250,112Y06M
10014,臺東縣,10014010,臺東市,10014010-037,新興里,182,97,85,1052,545,507,341,143,198,112Y06M
10014,臺東縣,10014010,臺東市,10014010-038,豐榮里,345,184,161,2534,1253,1281,603,254,349,112Y06M
10014,臺東縣,10014010,臺東市,10014010-039,豐谷里,387,194,193,2892,1494,1398,668,286,382,112Y06M
10014,臺東縣,10014010,臺東市,10014010-040,豐里里,233,118,115,1924,997,927,449,213,236,112Y06M
10014,臺東縣,10014010,臺東市,10014010-041,豐原里,155,75,80,977,552,425,279,137,142,112Y06M
10014,臺東縣,10014010,臺東市,10014010-042,建和里,170,74,96,1056,570,486,314,146,168,112Y06M
10014,臺東縣,10014010,臺東市,10014010-043,建興里,78,37,41,998,507,491,290,122,168,112Y06M
10014,臺東縣,10014010,臺東市,10014010-045,知本里,223,124,99,1853,980,873,506,210,296,112Y06M
10014,臺東縣,10014010,臺東市,10014010-046,建農里,194,108,86,1736,921,815,377,156,221,112Y06M
10014,臺東縣,10014010,臺東市,10014010-047,仁和里,317,169,148,2486,1201,1285,678,286,392,112Y06M
10014,臺東縣,10014010,臺東市,10014010-048,豐安里,257,131,126,2389,1126,1263,509,221,288,112Y06M
10014,臺東縣,10014010,臺東市,10014010-049,豐盛里,356,183,173,2899,1427,1472,575,258,317,112Y06M
10014,臺東縣,10014020,成功鎮,10014020-001,博愛里,24,13,11,386,236,150,189,90,99,112Y06M
10014,臺東縣,10014020,成功鎮,10014020-002,忠孝里,62,25,37,657,344,313,253,112,141,112Y06M
10014,臺東縣,10014020,成功鎮,10014020-003,三仙里,110,64,46,991,561,430,330,165,165,112Y06M
10014,臺東縣,10014020,成功鎮,10014020-004,三民里,229,123,106,2055,1071,984,620,295,325,112Y06M
10014,臺東縣,10014020,成功鎮,10014020-005,忠智里,250,129,121,1445,754,691,456,209,247,112Y06M
10014,臺東縣,10014020,成功鎮,10014020-006,忠仁里,237,127,110,1633,839,794,494,253,241,112Y06M
10014,臺東縣,10014020,成功鎮,10014020-007,和平里,42,26,16,498,294,204,217,104,113,112Y06M
10014,臺東縣,10014020,成功鎮,10014020-008,信義里,126,64,62,1335,775,560,480,216,264,112Y06M
10014,臺東縣,10014030,關山鎮,10014030-001,德高里,130,67,63,1251,700,551,438,187,251,112Y06M
10014,臺東縣,10014030,關山鎮,10014030-002,豐泉里,164,70,94,858,442,416,271,125,146,112Y06M
10014,臺東縣,10014030,關山鎮,10014030-003,新福里,132,69,63,671,370,301,196,86,110,112Y06M
10014,臺東縣,10014030,關山鎮,10014030-004,中福里,103,50,53,546,278,268,221,103,118,112Y06M
10014,臺東縣,10014030,關山鎮,10014030-005,里壠里,210,110,100,1192,601,591,409,176,233,112Y06M
10014,臺東縣,10014030,關山鎮,10014030-006,電光里,48,25,23,393,227,166,141,72,69,112Y06M
10014,臺東縣,10014030,關山鎮,10014030-007,月眉里,50,23,27,515,305,210,162,77,85,112Y06M
10014,臺東縣,10014040,卑南鄉,10014040-001,嘉豐村,59,32,27,377,215,162,97,47,50,112Y06M
10014,臺東縣,10014040,卑南鄉,10014040-002,利吉村,34,21,13,313,165,148,139,78,61,112Y06M
10014,臺東縣,10014040,卑南鄉,10014040-003,富山村,38,19,19,360,195,165,109,53,56,112Y06M
10014,臺東縣,10014040,卑南鄉,10014040-004,富源村,14,7,7,210,124,86,107,56,51,112Y06M
10014,臺東縣,10014040,卑南鄉,10014040-005,明峰村,93,50,43,837,466,371,311,154,157,112Y06M
10014,臺東縣,10014040,卑南鄉,10014040-006,初鹿村,109,49,60,941,516,425,294,130,164,112Y06M
10014,臺東縣,10014040,卑南鄉,10014040-007,美農村,69,36,33,785,450,335,262,124,138,112Y06M
10014,臺東縣,10014040,卑南鄉,10014040-008,賓朗村,162,85,77,1701,922,779,554,248,306,112Y06M
10014,臺東縣,10014040,卑南鄉,10014040-009,泰安村,161,71,90,1006,523,483,185,81,104,112Y06M
10014,臺東縣,10014040,卑南鄉,10014040-010,太平村,347,178,169,2723,1435,1288,546,227,319,112Y06M
10014,臺東縣,10014040,卑南鄉,10014040-011,利嘉村,155,84,71,894,452,442,226,114,112,112Y06M
10014,臺東縣,10014040,卑南鄉,10014040-012,東興村,144,72,72,1026,546,480,175,88,87,112Y06M
10014,臺東縣,10014040,卑南鄉,10014040-013,溫泉村,91,50,41,746,413,333,323,160,163,112Y06M
10014,臺東縣,10014050,鹿野鄉,10014050-001,瑞和村,42,19,23,498,274,224,145,63,82,112Y06M
10014,臺東縣,10014050,鹿野鄉,10014050-002,瑞豐村,46,25,21,634,361,273,244,108,136,112Y06M
10014,臺東縣,10014050,鹿野鄉,10014050-003,瑞源村,81,44,37,602,318,284,235,103,132,112Y06M
10014,臺東縣,10014050,鹿野鄉,10014050-004,永安村,120,65,55,1101,607,494,327,161,166,112Y06M
10014,臺東縣,10014050,鹿野鄉,10014050-005,瑞隆村,62,38,24,642,342,300,224,103,121,112Y06M
10014,臺東縣,10014050,鹿野鄉,10014050-006,鹿野村,61,27,34,772,409,363,268,117,151,112Y06M
10014,臺東縣,10014050,鹿野鄉,10014050-007,龍田村,80,40,40,754,424,330,286,142,144,112Y06M
10014,臺東縣,10014060,池上鄉,10014060-001,福文村,109,66,43,819,446,373,284,123,161,112Y06M
10014,臺東縣,10014060,池上鄉,10014060-002,慶豐村,70,40,30,499,270,229,178,79,99,112Y06M
10014,臺東縣,10014060,池上鄉,10014060-003,大坡村,31,13,18,223,127,96,103,50,53,112Y06M
10014,臺東縣,10014060,池上鄉,10014060-004,大埔村,75,43,32,561,286,275,244,112,132,112Y06M
10014,臺東縣,10014060,池上鄉,10014060-005,福原村,240,121,119,1467,715,752,480,196,284,112Y06M
10014,臺東縣,10014060,池上鄉,10014060-006,錦園村,28,16,12,227,126,101,101,49,52,112Y06M
10014,臺東縣,10014060,池上鄉,10014060-007,新興村,77,35,42,617,355,262,231,108,123,112Y06M
10014,臺東縣,10014060,池上鄉,10014060-008,萬安村,33,18,15,222,125,97,92,37,55,112Y06M
10014,臺東縣,10014060,池上鄉,10014060-009,富興村,33,16,17,286,170,116,94,42,52,112Y06M
10014,臺東縣,10014060,池上鄉,10014060-010,振興村,43,23,20,332,186,146,111,51,60,112Y06M
10014,臺東縣,10014070,東河鄉,10014070-001,北源村,85,51,34,1106,731,375,398,195,203,112Y06M
10014,臺東縣,10014070,東河鄉,10014070-002,泰源村,86,47,39,844,463,381,299,130,169,112Y06M
10014,臺東縣,10014070,東河鄉,10014070-003,東河村,71,41,30,732,416,316,258,121,137,112Y06M
10014,臺東縣,10014070,東河鄉,10014070-004,尚德村,15,8,7,168,99,69,68,35,33,112Y06M
10014,臺東縣,10014070,東河鄉,10014070-005,隆昌村,30,17,13,336,181,155,168,74,94,112Y06M
10014,臺東縣,10014070,東河鄉,10014070-006,興昌村,59,34,25,652,352,300,302,141,161,112Y06M
10014,臺東縣,10014070,東河鄉,10014070-007,都蘭村,180,85,95,1543,865,678,566,246,320,112Y06M
10014,臺東縣,10014080,長濱鄉,10014080-001,樟原村,27,10,17,384,241,143,193,84,109,112Y06M
10014,臺東縣,10014080,長濱鄉,10014080-002,三間村,89,51,38,797,498,299,354,171,183,112Y06M
10014,臺東縣,10014080,長濱鄉,10014080-003,忠勇村,38,23,15,401,254,147,131,68,63,112Y06M
10014,臺東縣,10014080,長濱鄉,10014080-004,長濱村,141,66,75,1464,828,636,510,227,283,112Y06M
10014,臺東縣,10014080,長濱鄉,10014080-005,竹湖村,56,24,32,598,354,244,262,123,139,112Y06M
10014,臺東縣,10014080,長濱鄉,10014080-006,寧埔村,72,44,28,813,506,307,351,165,186,112Y06M
10014,臺東縣,10014090,太麻里鄉,10014090-001,美和村,96,56,40,1043,571,472,289,135,154,112Y06M
10014,臺東縣,10014090,太麻里鄉,10014090-002,三和村,36,25,11,439,240,199,146,71,75,112Y06M
10014,臺東縣,10014090,太麻里鄉,10014090-003,華源村,25,12,13,406,244,162,190,87,103,112Y06M
10014,臺東縣,10014090,太麻里鄉,10014090-004,北里村,50,27,23,425,261,164,153,82,71,112Y06M
10014,臺東縣,10014090,太麻里鄉,10014090-005,泰和村,117,65,52,1058,560,498,339,149,190,112Y06M
10014,臺東縣,10014090,太麻里鄉,10014090-006,大王村,182,100,82,1338,744,594,484,229,255,112Y06M
10014,臺東縣,10014090,太麻里鄉,10014090-007,香蘭村,85,35,50,608,350,258,204,94,110,112Y06M
10014,臺東縣,10014090,太麻里鄉,10014090-008,金崙村,227,113,114,1459,766,693,318,147,171,112Y06M
10014,臺東縣,10014090,太麻里鄉,10014090-009,多良村,90,54,36,744,397,347,189,76,113,112Y06M
10014,臺東縣,10014100,大武鄉,10014100-001,大竹村,72,44,28,611,340,271,156,71,85,112Y06M
10014,臺東縣,10014100,大武鄉,10014100-002,大鳥村,148,78,70,936,518,418,186,91,95,112Y06M
10014,臺東縣,10014100,大武鄉,10014100-003,大武村,178,84,94,1010,544,466,262,113,149,112Y06M
10014,臺東縣,10014100,大武鄉,10014100-004,尚武村,111,54,57,1002,529,473,317,144,173,112Y06M
10014,臺東縣,10014100,大武鄉,10014100-005,南興村,56,27,29,435,236,199,120,57,63,112Y06M
10014,臺東縣,10014110,綠島鄉,10014110-001,公館村,110,60,50,933,513,420,150,81,69,112Y06M
10014,臺東縣,10014110,綠島鄉,10014110-002,中寮村,123,55,68,972,521,451,160,87,73,112Y06M
10014,臺東縣,10014110,綠島鄉,10014110-003,南寮村,145,76,69,1513,812,701,248,128,120,112Y06M
10014,臺東縣,10014120,海端鄉,10014120-001,廣原村,176,96,80,689,353,336,92,41,51,112Y06M
10014,臺東縣,10014120,海端鄉,10014120-002,霧鹿村,50,27,23,241,126,115,36,15,21,112Y06M
10014,臺東縣,10014120,海端鄉,10014120-003,利稻村,52,26,26,253,129,124,38,12,26,112Y06M
10014,臺東縣,10014120,海端鄉,10014120-004,海端村,165,88,77,874,475,399,128,56,72,112Y06M
10014,臺東縣,10014120,海端鄉,10014120-005,崁頂村,158,92,66,569,309,260,80,46,34,112Y06M
10014,臺東縣,10014120,海端鄉,10014120-006,加拿村,92,46,46,472,263,209,54,28,26,112Y06M
10014,臺東縣,10014130,延平鄉,10014130-001,武陵村,112,55,57,558,301,257,77,33,44,112Y06M
10014,臺東縣,10014130,延平鄉,10014130-002,永康村,68,37,31,298,154,144,35,18,17,112Y06M
10014,臺東縣,10014130,延平鄉,10014130-003,紅葉村,72,43,29,363,186,177,65,34,31,112Y06M
10014,臺東縣,10014130,延平鄉,10014130-004,鸞山村,102,53,49,515,283,232,85,35,50,112Y06M
10014,臺東縣,10014130,延平鄉,10014130-005,桃源村,193,94,99,937,503,434,120,57,63,112Y06M
10014,臺東縣,10014140,金峰鄉,10014140-001,新興村,120,65,55,502,249,253,69,32,37,112Y06M
10014,臺東縣,10014140,金峰鄉,10014140-002,正興村,91,42,49,539,260,279,88,41,47,112Y06M
10014,臺東縣,10014140,金峰鄉,10014140-003,嘉蘭村,225,112,113,1124,581,543,179,83,96,112Y06M
10014,臺東縣,10014140,金峰鄉,10014140-004,賓茂村,45,26,19,271,143,128,57,30,27,112Y06M
10014,臺東縣,10014140,金峰鄉,10014140-005,歷坵村,51,26,25,297,147,150,53,21,32,112Y06M
10014,臺東縣,10014150,達仁鄉,10014150-001,台坂村,81,42,39,503,286,217,108,46,62,112Y06M
10014,臺東縣,10014150,達仁鄉,10014150-002,土坂村,97,52,45,770,439,331,126,60,66,112Y06M
10014,臺東縣,10014150,達仁鄉,10014150-003,新化村,34,25,9,307,169,138,67,30,37,112Y06M
10014,臺東縣,10014150,達仁鄉,10014150-004,安朔村,64,31,33,452,257,195,111,52,59,112Y06M
10014,臺東縣,10014150,達仁鄉,10014150-005,森永村,29,15,14,286,161,125,75,37,38,112Y06M
10014,臺東縣,10014150,達仁鄉,10014150-006,南田村,29,17,12,275,135,140,35,20,15,112Y06M
10014,臺東縣,10014160,蘭嶼鄉,10014160-001,東清村,260,142,118,1250,608,642,144,72,72,112Y06M
10014,臺東縣,10014160,蘭嶼鄉,10014160-002,朗島村,124,71,53,727,346,381,92,45,47,112Y06M
10014,臺東縣,10014160,蘭嶼鄉,10014160-003,紅頭村,184,108,76,1194,598,596,152,76,76,112Y06M
10014,臺東縣,10014160,蘭嶼鄉,10014160-004,椰油村,177,88,89,915,451,464,101,51,50,112Y06M
10014,臺東縣,10014010,臺東市,10014010-001,富岡里,195,109,86,1786,960,826,531,263,268,112Y09M
10014,臺東縣,10014010,臺東市,10014010-003,岩灣里,137,64,73,1934,996,938,362,154,208,112Y09M
10014,臺東縣,10014010,臺東市,10014010-004,南王里,264,148,116,2358,1229,1129,556,245,311,112Y09M
10014,臺東縣,10014010,臺東市,10014010-005,卑南里,209,119,90,2453,1214,1239,570,249,321,112Y09M
10014,臺東縣,10014010,臺東市,10014010-006,南榮里,272,149,123,2187,1142,1045,567,272,295,112Y09M
10014,臺東縣,10014010,臺東市,10014010-007,新生里,395,210,185,2804,1377,1427,697,316,381,112Y09M
10014,臺東縣,10014010,臺東市,10014010-008,民生里,268,146,122,2073,992,1081,723,295,428,112Y09M
10014,臺東縣,10014010,臺東市,10014010-009,寶桑里,165,88,77,1069,564,505,333,141,192,112Y09M
10014,臺東縣,10014010,臺東市,10014010-010,馬蘭里,811,438,373,1802,839,963,498,202,296,112Y09M
10014,臺東縣,10014010,臺東市,10014010-011,中心里,869,459,410,2333,1163,1170,681,281,400,112Y09M
10014,臺東縣,10014010,臺東市,10014010-012,自強里,1102,585,517,2593,1209,1384,610,276,334,112Y09M
10014,臺東縣,10014010,臺東市,10014010-013,民族里,1047,536,511,1839,856,983,600,271,329,112Y09M
10014,臺東縣,10014010,臺東市,10014010-015,中華里,259,145,114,1772,908,864,531,231,300,112Y09M
10014,臺東縣,10014010,臺東市,10014010-017,建國里,177,89,88,1354,721,633,464,209,255,112Y09M
10014,臺東縣,10014010,臺東市,10014010-020,中正里,123,69,54,1473,767,706,614,265,349,112Y09M
10014,臺東縣,10014010,臺東市,10014010-022,成功里,180,86,94,1433,727,706,443,193,250,112Y09M
10014,臺東縣,10014010,臺東市,10014010-023,文化里,545,306,239,1352,739,613,397,213,184,112Y09M
10014,臺東縣,10014010,臺東市,10014010-024,中山里,431,221,210,1285,619,666,494,216,278,112Y09M
10014,臺東縣,10014010,臺東市,10014010-029,新園里,175,103,72,1389,738,651,310,133,177,112Y09M
10014,臺東縣,10014010,臺東市,10014010-030,豐田里,261,129,132,1951,949,1002,439,188,251,112Y09M
10014,臺東縣,10014010,臺東市,10014010-031,豐年里,311,171,140,2711,1419,1292,558,237,321,112Y09M
10014,臺東縣,10014010,臺東市,10014010-032,光明里,531,251,280,2318,1053,1265,407,171,236,112Y09M
10014,臺東縣,10014010,臺東市,10014010-033,豐樂里,303,152,151,1442,745,697,361,175,186,112Y09M
10014,臺東縣,10014010,臺東市,10014010-034,永樂里,488,263,225,2320,1180,1140,477,225,252,112Y09M
10014,臺東縣,10014010,臺東市,10014010-035,康樂里,239,134,105,1145,593,552,237,122,115,112Y09M
10014,臺東縣,10014010,臺東市,10014010-036,東海里,496,236,260,1581,747,834,458,201,257,112Y09M
10014,臺東縣,10014010,臺東市,10014010-037,新興里,180,95,85,1053,547,506,339,139,200,112Y09M
10014,臺東縣,10014010,臺東市,10014010-038,豐榮里,324,175,149,2511,1244,1267,612,258,354,112Y09M
10014,臺東縣,10014010,臺東市,10014010-039,豐谷里,388,197,191,2876,1480,1396,672,287,385,112Y09M
10014,臺東縣,10014010,臺東市,10014010-040,豐里里,236,119,117,1930,998,932,447,214,233,112Y09M
10014,臺東縣,10014010,臺東市,10014010-041,豐原里,157,78,79,988,556,432,283,139,144,112Y09M
10014,臺東縣,10014010,臺東市,10014010-042,建和里,164,72,92,1040,561,479,322,149,173,112Y09M
10014,臺東縣,10014010,臺東市,10014010-043,建興里,79,37,42,984,500,484,298,127,171,112Y09M
10014,臺東縣,10014010,臺東市,10014010-045,知本里,230,126,104,1873,981,892,506,216,290,112Y09M
10014,臺東縣,10014010,臺東市,10014010-046,建農里,196,111,85,1735,919,816,379,156,223,112Y09M
10014,臺東縣,10014010,臺東市,10014010-047,仁和里,333,170,163,2470,1194,1276,683,290,393,112Y09M
10014,臺東縣,10014010,臺東市,10014010-048,豐安里,267,141,126,2405,1133,1272,516,223,293,112Y09M
10014,臺東縣,10014010,臺東市,10014010-049,豐盛里,348,181,167,2892,1427,1465,581,258,323,112Y09M
10014,臺東縣,10014020,成功鎮,10014020-001,博愛里,22,12,10,383,237,146,187,89,98,112Y09M
10014,臺東縣,10014020,成功鎮,10014020-002,忠孝里,62,25,37,654,341,313,254,113,141,112Y09M
10014,臺東縣,10014020,成功鎮,10014020-003,三仙里,105,63,42,989,561,428,334,170,164,112Y09M
10014,臺東縣,10014020,成功鎮,10014020-004,三民里,231,128,103,2037,1050,987,625,297,328,112Y09M
10014,臺東縣,10014020,成功鎮,10014020-005,忠智里,252,132,120,1440,750,690,462,213,249,112Y09M
10014,臺東縣,10014020,成功鎮,10014020-006,忠仁里,235,127,108,1648,849,799,496,251,245,112Y09M
10014,臺東縣,10014020,成功鎮,10014020-007,和平里,41,26,15,487,287,200,221,105,116,112Y09M
10014,臺東縣,10014020,成功鎮,10014020-008,信義里,116,60,56,1320,767,553,486,222,264,112Y09M
10014,臺東縣,10014030,關山鎮,10014030-001,德高里,126,65,61,1255,703,552,437,186,251,112Y09M
10014,臺東縣,10014030,關山鎮,10014030-002,豐泉里,160,66,94,855,444,411,276,128,148,112Y09M
10014,臺東縣,10014030,關山鎮,10014030-003,新福里,132,70,62,663,366,297,200,90,110,112Y09M
10014,臺東縣,10014030,關山鎮,10014030-004,中福里,102,50,52,543,275,268,220,102,118,112Y09M
10014,臺東縣,10014030,關山鎮,10014030-005,里壠里,216,112,104,1181,598,583,406,175,231,112Y09M
10014,臺東縣,10014030,關山鎮,10014030-006,電光里,46,25,21,388,225,163,139,72,67,112Y09M
10014,臺東縣,10014030,關山鎮,10014030-007,月眉里,52,23,29,515,303,212,164,78,86,112Y09M
10014,臺東縣,10014040,卑南鄉,10014040-001,嘉豐村,54,31,23,371,213,158,101,49,52,112Y09M
10014,臺東縣,10014040,卑南鄉,10014040-002,利吉村,29,20,9,309,166,143,142,79,63,112Y09M
10014,臺東縣,10014040,卑南鄉,10014040-003,富山村,37,19,18,358,194,164,110,52,58,112Y09M
10014,臺東縣,10014040,卑南鄉,10014040-004,富源村,14,7,7,209,125,84,107,56,51,112Y09M
10014,臺東縣,10014040,卑南鄉,10014040-005,明峰村,95,52,43,841,466,375,311,156,155,112Y09M
10014,臺東縣,10014040,卑南鄉,10014040-006,初鹿村,109,48,61,925,508,417,300,131,169,112Y09M
10014,臺東縣,10014040,卑南鄉,10014040-007,美農村,60,27,33,789,458,331,260,124,136,112Y09M
10014,臺東縣,10014040,卑南鄉,10014040-008,賓朗村,157,78,79,1696,920,776,555,247,308,112Y09M
10014,臺東縣,10014040,卑南鄉,10014040-009,泰安村,159,68,91,995,519,476,185,81,104,112Y09M
10014,臺東縣,10014040,卑南鄉,10014040-010,太平村,350,180,170,2720,1433,1287,546,226,320,112Y09M
10014,臺東縣,10014040,卑南鄉,10014040-011,利嘉村,153,82,71,882,445,437,230,118,112,112Y09M
10014,臺東縣,10014040,卑南鄉,10014040-012,東興村,137,67,70,1008,537,471,183,91,92,112Y09M
10014,臺東縣,10014040,卑南鄉,10014040-013,溫泉村,91,50,41,755,417,338,319,155,164,112Y09M
10014,臺東縣,10014050,鹿野鄉,10014050-001,瑞和村,42,18,24,497,274,223,146,63,83,112Y09M
10014,臺東縣,10014050,鹿野鄉,10014050-002,瑞豐村,47,27,20,633,367,266,245,106,139,112Y09M
10014,臺東縣,10014050,鹿野鄉,10014050-003,瑞源村,80,44,36,599,316,283,232,102,130,112Y09M
10014,臺東縣,10014050,鹿野鄉,10014050-004,永安村,120,65,55,1088,601,487,323,159,164,112Y09M
10014,臺東縣,10014050,鹿野鄉,10014050-005,瑞隆村,62,37,25,642,338,304,227,107,120,112Y09M
10014,臺東縣,10014050,鹿野鄉,10014050-006,鹿野村,58,28,30,763,408,355,270,116,154,112Y09M
10014,臺東縣,10014050,鹿野鄉,10014050-007,龍田村,82,40,42,752,425,327,290,141,149,112Y09M
10014,臺東縣,10014060,池上鄉,10014060-001,福文村,109,69,40,816,445,371,281,122,159,112Y09M
10014,臺東縣,10014060,池上鄉,10014060-002,慶豐村,67,38,29,490,266,224,184,80,104,112Y09M
10014,臺東縣,10014060,池上鄉,10014060-003,大坡村,33,14,19,218,122,96,107,54,53,112Y09M
10014,臺東縣,10014060,池上鄉,10014060-004,大埔村,75,42,33,551,279,272,246,115,131,112Y09M
10014,臺東縣,10014060,池上鄉,10014060-005,福原村,238,122,116,1469,716,753,486,197,289,112Y09M
10014,臺東縣,10014060,池上鄉,10014060-006,錦園村,25,14,11,222,123,99,103,51,52,112Y09M
10014,臺東縣,10014060,池上鄉,10014060-007,新興村,75,33,42,614,357,257,232,109,123,112Y09M
10014,臺東縣,10014060,池上鄉,10014060-008,萬安村,33,17,16,223,124,99,92,37,55,112Y09M
10014,臺東縣,10014060,池上鄉,10014060-009,富興村,33,16,17,283,168,115,94,43,51,112Y09M
10014,臺東縣,10014060,池上鄉,10014060-010,振興村,41,22,19,330,185,145,112,52,60,112Y09M
10014,臺東縣,10014070,東河鄉,10014070-001,北源村,88,56,32,1091,719,372,403,199,204,112Y09M
10014,臺東縣,10014070,東河鄉,10014070-002,泰源村,89,49,40,836,458,378,302,132,170,112Y09M
10014,臺東縣,10014070,東河鄉,10014070-003,東河村,69,39,30,725,417,308,259,120,139,112Y09M
10014,臺東縣,10014070,東河鄉,10014070-004,尚德村,13,7,6,167,100,67,68,35,33,112Y09M
10014,臺東縣,10014070,東河鄉,10014070-005,隆昌村,29,17,12,340,181,159,168,74,94,112Y09M
10014,臺東縣,10014070,東河鄉,10014070-006,興昌村,54,30,24,645,347,298,300,141,159,112Y09M
10014,臺東縣,10014070,東河鄉,10014070-007,都蘭村,178,82,96,1530,857,673,577,251,326,112Y09M
10014,臺東縣,10014080,長濱鄉,10014080-001,樟原村,30,11,19,380,239,141,193,85,108,112Y09M
10014,臺東縣,10014080,長濱鄉,10014080-002,三間村,87,47,40,787,492,295,354,170,184,112Y09M
10014,臺東縣,10014080,長濱鄉,10014080-003,忠勇村,37,22,15,388,247,141,133,67,66,112Y09M
10014,臺東縣,10014080,長濱鄉,10014080-004,長濱村,140,68,72,1469,826,643,509,228,281,112Y09M
10014,臺東縣,10014080,長濱鄉,10014080-005,竹湖村,54,23,31,600,355,245,261,121,140,112Y09M
10014,臺東縣,10014080,長濱鄉,10014080-006,寧埔村,74,47,27,818,506,312,354,167,187,112Y09M
10014,臺東縣,10014090,太麻里鄉,10014090-001,美和村,94,54,40,1038,571,467,294,138,156,112Y09M
10014,臺東縣,10014090,太麻里鄉,10014090-002,三和村,32,23,9,436,238,198,144,69,75,112Y09M
10014,臺東縣,10014090,太麻里鄉,10014090-003,華源村,24,12,12,402,241,161,191,88,103,112Y09M
10014,臺東縣,10014090,太麻里鄉,10014090-004,北里村,48,26,22,419,258,161,155,83,72,112Y09M
10014,臺東縣,10014090,太麻里鄉,10014090-005,泰和村,121,66,55,1050,553,497,346,152,194,112Y09M
10014,臺東縣,10014090,太麻里鄉,10014090-006,大王村,176,97,79,1335,743,592,491,235,256,112Y09M
10014,臺東縣,10014090,太麻里鄉,10014090-007,香蘭村,86,35,51,607,349,258,203,91,112,112Y09M
10014,臺東縣,10014090,太麻里鄉,10014090-008,金崙村,226,113,113,1459,771,688,323,147,176,112Y09M
10014,臺東縣,10014090,太麻里鄉,10014090-009,多良村,88,51,37,747,396,351,188,75,113,112Y09M
10014,臺東縣,10014100,大武鄉,10014100-001,大竹村,69,42,27,612,337,275,157,72,85,112Y09M
10014,臺東縣,10014100,大武鄉,10014100-002,大鳥村,136,67,69,930,519,411,188,91,97,112Y09M
10014,臺東縣,10014100,大武鄉,10014100-003,大武村,175,84,91,1013,546,467,263,115,148,112Y09M
10014,臺東縣,10014100,大武鄉,10014100-004,尚武村,101,48,53,998,528,470,324,147,177,112Y09M
10014,臺東縣,10014100,大武鄉,10014100-005,南興村,56,27,29,434,236,198,121,57,64,112Y09M
10014,臺東縣,10014110,綠島鄉,10014110-001,公館村,113,63,50,948,522,426,151,82,69,112Y09M
10014,臺東縣,10014110,綠島鄉,10014110-002,中寮村,123,55,68,971,515,456,167,92,75,112Y09M
10014,臺東縣,10014110,綠島鄉,10014110-003,南寮村,143,77,66,1510,808,702,251,130,121,112Y09M
10014,臺東縣,10014120,海端鄉,10014120-001,廣原村,172,92,80,691,351,340,92,40,52,112Y09M
10014,臺東縣,10014120,海端鄉,10014120-002,霧鹿村,53,30,23,241,127,114,34,14,20,112Y09M
10014,臺東縣,10014120,海端鄉,10014120-003,利稻村,55,25,30,255,133,122,38,12,26,112Y09M
10014,臺東縣,10014120,海端鄉,10014120-004,海端村,167,91,76,880,474,406,132,57,75,112Y09M
10014,臺東縣,10014120,海端鄉,10014120-005,崁頂村,158,93,65,572,316,256,79,44,35,112Y09M
10014,臺東縣,10014120,海端鄉,10014120-006,加拿村,92,47,45,472,261,211,56,29,27,112Y09M
10014,臺東縣,10014130,延平鄉,10014130-001,武陵村,110,54,56,553,296,257,77,33,44,112Y09M
10014,臺東縣,10014130,延平鄉,10014130-002,永康村,69,37,32,293,154,139,35,17,18,112Y09M
10014,臺東縣,10014130,延平鄉,10014130-003,紅葉村,72,41,31,366,188,178,63,32,31,112Y09M
10014,臺東縣,10014130,延平鄉,10014130-004,鸞山村,100,52,48,510,281,229,86,36,50,112Y09M
10014,臺東縣,10014130,延平鄉,10014130-005,桃源村,193,94,99,931,499,432,119,57,62,112Y09M
10014,臺東縣,10014140,金峰鄉,10014140-001,新興村,118,65,53,501,249,252,71,32,39,112Y09M
10014,臺東縣,10014140,金峰鄉,10014140-002,正興村,94,45,49,539,259,280,86,40,46,112Y09M
10014,臺東縣,10014140,金峰鄉,10014140-003,嘉蘭村,219,109,110,1130,584,546,179,82,97,112Y09M
10014,臺東縣,10014140,金峰鄉,10014140-004,賓茂村,42,26,16,270,142,128,59,32,27,112Y09M
10014,臺東縣,10014140,金峰鄉,10014140-005,歷坵村,54,28,26,296,147,149,53,22,31,112Y09M
10014,臺東縣,10014150,達仁鄉,10014150-001,台坂村,85,50,35,504,282,222,108,47,61,112Y09M
10014,臺東縣,10014150,達仁鄉,10014150-002,土坂村,92,50,42,757,430,327,129,62,67,112Y09M
10014,臺東縣,10014150,達仁鄉,10014150-003,新化村,34,25,9,301,166,135,69,31,38,112Y09M
10014,臺東縣,10014150,達仁鄉,10014150-004,安朔村,64,32,32,449,257,192,114,54,60,112Y09M
10014,臺東縣,10014150,達仁鄉,10014150-005,森永村,33,18,15,274,154,120,77,38,39,112Y09M
10014,臺東縣,10014150,達仁鄉,10014150-006,南田村,27,16,11,265,130,135,37,21,16,112Y09M
10014,臺東縣,10014160,蘭嶼鄉,10014160-001,東清村,262,143,119,1246,611,635,146,72,74,112Y09M
10014,臺東縣,10014160,蘭嶼鄉,10014160-002,朗島村,121,69,52,730,346,384,92,46,46,112Y09M
10014,臺東縣,10014160,蘭嶼鄉,10014160-003,紅頭村,178,104,74,1200,609,591,152,74,78,112Y09M
10014,臺東縣,10014160,蘭嶼鄉,10014160-004,椰油村,181,90,91,926,456,470,105,54,51,112Y09M
10014,臺東縣,10014010,臺東市,10014010-001,富岡里,196,108,88,1796,965,831,536,265,271,112Y12M
10014,臺東縣,10014010,臺東市,10014010-003,岩灣里,136,61,75,1934,993,941,374,161,213,112Y12M
10014,臺東縣,10014010,臺東市,10014010-004,南王里,265,149,116,2354,1228,1126,565,248,317,112Y12M
10014,臺東縣,10014010,臺東市,10014010-005,卑南里,208,113,95,2446,1213,1233,578,254,324,112Y12M
10014,臺東縣,10014010,臺東市,10014010-006,南榮里,258,144,114,2175,1137,1038,568,271,297,112Y12M
10014,臺東縣,10014010,臺東市,10014010-007,新生里,395,208,187,2807,1371,1436,706,321,385,112Y12M
10014,臺東縣,10014010,臺東市,10014010-008,民生里,271,148,123,2066,993,1073,739,299,440,112Y12M
10014,臺東縣,10014010,臺東市,10014010-009,寶桑里,167,88,79,1068,562,506,340,145,195,112Y12M
10014,臺東縣,10014010,臺東市,10014010-010,馬蘭里,789,426,363,1783,833,950,501,206,295,112Y12M
10014,臺東縣,10014010,臺東市,10014010-011,中心里,878,463,415,2347,1167,1180,683,279,404,112Y12M
10014,臺東縣,10014010,臺東市,10014010-012,自強里,1121,588,533,2586,1211,1375,613,277,336,112Y12M
10014,臺東縣,10014010,臺東市,10014010-013,民族里,1053,535,518,1831,855,976,608,276,332,112Y12M
10014,臺東縣,10014010,臺東市,10014010-015,中華里,249,141,108,1780,910,870,528,228,300,112Y12M
10014,臺東縣,10014010,臺東市,10014010-017,建國里,174,85,89,1336,714,622,473,213,260,112Y12M
10014,臺東縣,10014010,臺東市,10014010-020,中正里,122,71,51,1469,764,705,623,266,357,112Y12M
10014,臺東縣,10014010,臺東市,10014010-022,成功里,173,85,88,1428,718,710,442,194,248,112Y12M
10014,臺東縣,10014010,臺東市,10014010-023,文化里,539,302,237,1369,762,607,399,216,183,112Y12M
10014,臺東縣,10014010,臺東市,10014010-024,中山里,437,227,210,1275,609,666,492,215,277,112Y12M
10014,臺東縣,10014010,臺東市,10014010-029,新園里,176,102,74,1391,739,652,308,132,176,112Y12M
10014,臺東縣,10014010,臺東市,10014010-030,豐田里,261,128,133,1957,954,1003,445,187,258,112Y12M
10014,臺東縣,10014010,臺東市,10014010-031,豐年里,311,169,142,2722,1427,1295,559,236,323,112Y12M
10014,臺東縣,10014010,臺東市,10014010-032,光明里,536,255,281,2318,1051,1267,417,175,242,112Y12M
10014,臺東縣,10014010,臺東市,10014010-033,豐樂里,290,147,143,1433,737,696,360,177,183,112Y12M
10014,臺東縣,10014010,臺東市,10014010-034,永樂里,490,263,227,2307,1174,1133,489,231,258,112Y12M
10014,臺東縣,10014010,臺東市,10014010-035,康樂里,242,134,108,1132,589,543,245,126,119,112Y12M
10014,臺東縣,10014010,臺東市,10014010-036,東海里,492,235,257,1567,746,821,464,201,263,112Y12M
10014,臺東縣,10014010,臺東市,10014010-037,新興里,180,95,85,1054,549,505,338,137,201,112Y12M
10014,臺東縣,10014010,臺東市,10014010-038,豐榮里,325,176,149,2491,1235,1256,624,267,357,112Y12M
10014,臺東縣,10014010,臺東市,10014010-039,豐谷里,383,192,191,2855,1480,1375,686,289,397,112Y12M
10014,臺東縣,10014010,臺東市,10014010-040,豐里里,239,117,122,1920,997,923,443,208,235,112Y12M
10014,臺東縣,10014010,臺東市,10014010-041,豐原里,160,80,80,986,554,432,288,143,145,112Y12M
10014,臺東縣,10014010,臺東市,10014010-042,建和里,165,73,92,1033,560,473,317,144,173,112Y12M
10014,臺東縣,10014010,臺東市,10014010-043,建興里,77,37,40,991,500,491,297,128,169,112Y12M
10014,臺東縣,10014010,臺東市,10014010-045,知本里,234,127,107,1875,978,897,511,218,293,112Y12M
10014,臺東縣,10014010,臺東市,10014010-046,建農里,195,112,83,1721,912,809,388,158,230,112Y12M
10014,臺東縣,10014010,臺東市,10014010-047,仁和里,326,168,158,2446,1187,1259,696,288,408,112Y12M
10014,臺東縣,10014010,臺東市,10014010-048,豐安里,275,144,131,2438,1135,1303,534,229,305,112Y12M
10014,臺東縣,10014010,臺東市,10014010-049,豐盛里,351,181,170,2889,1423,1466,589,262,327,112Y12M
10014,臺東縣,10014020,成功鎮,10014020-001,博愛里,23,12,11,385,237,148,189,92,97,112Y12M
10014,臺東縣,10014020,成功鎮,10014020-002,忠孝里,63,26,37,647,339,308,258,113,145,112Y12M
10014,臺東縣,10014020,成功鎮,10014020-003,三仙里,103,64,39,994,564,430,334,171,163,112Y12M
10014,臺東縣,10014020,成功鎮,10014020-004,三民里,223,125,98,2037,1044,993,629,302,327,112Y12M
10014,臺東縣,10014020,成功鎮,10014020-005,忠智里,252,136,116,1441,745,696,465,218,247,112Y12M
10014,臺東縣,10014020,成功鎮,10014020-006,忠仁里,228,121,107,1629,837,792,515,259,256,112Y12M
10014,臺東縣,10014020,成功鎮,10014020-007,和平里,39,24,15,485,282,203,224,109,115,112Y12M
10014,臺東縣,10014020,成功鎮,10014020-008,信義里,115,58,57,1309,763,546,491,223,268,112Y12M
10014,臺東縣,10014030,關山鎮,10014030-001,德高里,123,65,58,1248,701,547,437,184,253,112Y12M
10014,臺東縣,10014030,關山鎮,10014030-002,豐泉里,168,67,101,856,443,413,281,131,150,112Y12M
10014,臺東縣,10014030,關山鎮,10014030-003,新福里,132,70,62,668,366,302,199,89,110,112Y12M
10014,臺東縣,10014030,關山鎮,10014030-004,中福里,102,50,52,527,268,259,220,103,117,112Y12M
10014,臺東縣,10014030,關山鎮,10014030-005,里壠里,215,115,100,1168,586,582,412,178,234,112Y12M
10014,臺東縣,10014030,關山鎮,10014030-006,電光里,49,26,23,385,223,162,139,70,69,112Y12M
10014,臺東縣,10014030,關山鎮,10014030-007,月眉里,49,21,28,504,299,205,170,81,89,112Y12M
10014,臺東縣,10014040,卑南鄉,10014040-001,嘉豐村,51,30,21,371,213,158,99,47,52,112Y12M
10014,臺東縣,10014040,卑南鄉,10014040-002,利吉村,29,20,9,304,164,140,140,79,61,112Y12M
10014,臺東縣,10014040,卑南鄉,10014040-003,富山村,35,18,17,357,195,162,110,52,58,112Y12M
10014,臺東縣,10014040,卑南鄉,10014040-004,富源村,15,8,7,206,124,82,107,56,51,112Y12M
10014,臺東縣,10014040,卑南鄉,10014040-005,明峰村,93,51,42,840,462,378,308,157,151,112Y12M
10014,臺東縣,10014040,卑南鄉,10014040-006,初鹿村,116,53,63,924,506,418,302,134,168,112Y12M
10014,臺東縣,10014040,卑南鄉,10014040-007,美農村,58,26,32,782,452,330,263,126,137,112Y12M
10014,臺東縣,10014040,卑南鄉,10014040-008,賓朗村,156,76,80,1679,915,764,561,251,310,112Y12M
10014,臺東縣,10014040,卑南鄉,10014040-009,泰安村,172,74,98,992,516,476,182,82,100,112Y12M
10014,臺東縣,10014040,卑南鄉,10014040-010,太平村,344,175,169,2716,1435,1281,548,223,325,112Y12M
10014,臺東縣,10014040,卑南鄉,10014040-011,利嘉村,154,84,70,875,442,433,229,116,113,112Y12M
10014,臺東縣,10014040,卑南鄉,10014040-012,東興村,133,67,66,1010,537,473,185,91,94,112Y12M
10014,臺東縣,10014040,卑南鄉,10014040-013,溫泉村,93,52,41,745,413,332,317,157,160,112Y12M
10014,臺東縣,10014050,鹿野鄉,10014050-001,瑞和村,40,17,23,496,274,222,143,62,81,112Y12M
10014,臺東縣,10014050,鹿野鄉,10014050-002,瑞豐村,42,23,19,633,366,267,244,106,138,112Y12M
10014,臺東縣,10014050,鹿野鄉,10014050-003,瑞源村,79,44,35,600,320,280,236,103,133,112Y12M
10014,臺東縣,10014050,鹿野鄉,10014050-004,永安村,113,61,52,1086,597,489,327,164,163,112Y12M
10014,臺東縣,10014050,鹿野鄉,10014050-005,瑞隆村,63,38,25,637,337,300,229,108,121,112Y12M
10014,臺東縣,10014050,鹿野鄉,10014050-006,鹿野村,63,29,34,760,404,356,276,120,156,112Y12M
10014,臺東縣,10014050,鹿野鄉,10014050-007,龍田村,84,42,42,754,427,327,288,137,151,112Y12M
10014,臺東縣,10014060,池上鄉,10014060-001,福文村,111,70,41,811,442,369,282,123,159,112Y12M
10014,臺東縣,10014060,池上鄉,10014060-002,慶豐村,68,39,29,489,264,225,182,81,101,112Y12M
10014,臺東縣,10014060,池上鄉,10014060-003,大坡村,33,14,19,213,118,95,110,56,54,112Y12M
10014,臺東縣,10014060,池上鄉,10014060-004,大埔村,74,40,34,549,279,270,248,115,133,112Y12M
10014,臺東縣,10014060,池上鄉,10014060-005,福原村,240,121,119,1459,715,744,489,197,292,112Y12M
10014,臺東縣,10014060,池上鄉,10014060-006,錦園村,26,16,10,218,120,98,104,53,51,112Y12M
10014,臺東縣,10014060,池上鄉,10014060-007,新興村,73,33,40,608,355,253,234,110,124,112Y12M
10014,臺東縣,10014060,池上鄉,10014060-008,萬安村,32,16,16,221,122,99,91,37,54,112Y12M
10014,臺東縣,10014060,池上鄉,10014060-009,富興村,31,15,16,283,166,117,97,46,51,112Y12M
10014,臺東縣,10014060,池上鄉,10014060-010,振興村,39,19,20,330,186,144,113,53,60,112Y12M
10014,臺東縣,10014070,東河鄉,10014070-001,北源村,85,53,32,1078,709,369,399,198,201,112Y12M
10014,臺東縣,10014070,東河鄉,10014070-002,泰源村,87,48,39,831,458,373,308,133,175,112Y12M
10014,臺東縣,10014070,東河鄉,10014070-003,東河村,69,39,30,729,422,307,259,119,140,112Y12M
10014,臺東縣,10014070,東河鄉,10014070-004,尚德村,12,7,5,165,99,66,70,36,34,112Y12M
10014,臺東縣,10014070,東河鄉,10014070-005,隆昌村,29,17,12,338,178,160,171,76,95,112Y12M
10014,臺東縣,10014070,東河鄉,10014070-006,興昌村,55,32,23,643,344,299,300,140,160,112Y12M
10014,臺東縣,10014070,東河鄉,10014070-007,都蘭村,168,76,92,1519,852,667,581,254,327,112Y12M
10014,臺東縣,10014080,長濱鄉,10014080-001,樟原村,31,11,20,375,236,139,191,84,107,112Y12M
10014,臺東縣,10014080,長濱鄉,10014080-002,三間村,87,49,38,789,487,302,353,171,182,112Y12M
10014,臺東縣,10014080,長濱鄉,10014080-003,忠勇村,40,24,16,385,244,141,133,67,66,112Y12M
10014,臺東縣,10014080,長濱鄉,10014080-004,長濱村,141,71,70,1455,816,639,514,228,286,112Y12M
10014,臺東縣,10014080,長濱鄉,10014080-005,竹湖村,52,24,28,602,355,247,261,120,141,112Y12M
10014,臺東縣,10014080,長濱鄉,10014080-006,寧埔村,72,43,29,808,502,306,360,172,188,112Y12M
10014,臺東縣,10014090,太麻里鄉,10014090-001,美和村,95,54,41,1023,561,462,299,139,160,112Y12M
10014,臺東縣,10014090,太麻里鄉,10014090-002,三和村,31,22,9,429,234,195,142,66,76,112Y12M
10014,臺東縣,10014090,太麻里鄉,10014090-003,華源村,23,11,12,398,239,159,190,89,101,112Y12M
10014,臺東縣,10014090,太麻里鄉,10014090-004,北里村,50,27,23,418,254,164,157,85,72,112Y12M
10014,臺東縣,10014090,太麻里鄉,10014090-005,泰和村,120,67,53,1029,541,488,357,159,198,112Y12M
10014,臺東縣,10014090,太麻里鄉,10014090-006,大王村,169,94,75,1331,738,593,493,238,255,112Y12M
10014,臺東縣,10014090,太麻里鄉,10014090-007,香蘭村,88,35,53,607,347,260,207,94,113,112Y12M
10014,臺東縣,10014090,太麻里鄉,10014090-008,金崙村,215,106,109,1459,774,685,328,148,180,112Y12M
10014,臺東縣,10014090,太麻里鄉,10014090-009,多良村,91,52,39,744,394,350,186,74,112,112Y12M
10014,臺東縣,10014100,大武鄉,10014100-001,大竹村,64,40,24,610,339,271,160,72,88,112Y12M
10014,臺東縣,10014100,大武鄉,10014100-002,大鳥村,134,68,66,923,515,408,191,94,97,112Y12M
10014,臺東縣,10014100,大武鄉,10014100-003,大武村,171,81,90,993,536,457,271,119,152,112Y12M
10014,臺東縣,10014100,大武鄉,10014100-004,尚武村,101,48,53,990,524,466,332,150,182,112Y12M
10014,臺東縣,10014100,大武鄉,10014100-005,南興村,55,26,29,432,236,196,126,60,66,112Y12M
10014,臺東縣,10014110,綠島鄉,10014110-001,公館村,110,63,47,949,526,423,154,84,70,112Y12M
10014,臺東縣,10014110,綠島鄉,10014110-002,中寮村,128,58,70,967,513,454,170,93,77,112Y12M
10014,臺東縣,10014110,綠島鄉,10014110-003,南寮村,146,80,66,1495,797,698,254,131,123,112Y12M
10014,臺東縣,10014120,海端鄉,10014120-001,廣原村,174,91,83,694,348,346,94,43,51,112Y12M
10014,臺東縣,10014120,海端鄉,10014120-002,霧鹿村,52,29,23,247,131,116,35,16,19,112Y12M
10014,臺東縣,10014120,海端鄉,10014120-003,利稻村,56,26,30,254,134,120,39,12,27,112Y12M
10014,臺東縣,10014120,海端鄉,10014120-004,海端村,174,95,79,878,474,404,132,55,77,112Y12M
10014,臺東縣,10014120,海端鄉,10014120-005,崁頂村,162,95,67,577,319,258,83,45,38,112Y12M
10014,臺東縣,10014120,海端鄉,10014120-006,加拿村,93,49,44,474,260,214,57,28,29,112Y12M
10014,臺東縣,10014130,延平鄉,10014130-001,武陵村,111,54,57,548,294,254,76,31,45,112Y12M
10014,臺東縣,10014130,延平鄉,10014130-002,永康村,66,35,31,287,152,135,33,16,17,112Y12M
10014,臺東縣,10014130,延平鄉,10014130-003,紅葉村,67,36,31,370,190,180,64,32,32,112Y12M
10014,臺東縣,10014130,延平鄉,10014130-004,鸞山村,105,55,50,505,279,226,86,35,51,112Y12M
10014,臺東縣,10014130,延平鄉,10014130-005,桃源村,195,93,102,932,498,434,122,61,61,112Y12M
10014,臺東縣,10014140,金峰鄉,10014140-001,新興村,119,64,55,499,249,250,77,34,43,112Y12M
10014,臺東縣,10014140,金峰鄉,10014140-002,正興村,96,51,45,542,258,284,87,43,44,112Y12M
10014,臺東縣,10014140,金峰鄉,10014140-003,嘉蘭村,217,109,108,1126,581,545,185,84,101,112Y12M
10014,臺東縣,10014140,金峰鄉,10014140-004,賓茂村,43,27,16,273,143,130,59,33,26,112Y12M
10014,臺東縣,10014140,金峰鄉,10014140-005,歷坵村,60,31,29,297,146,151,52,21,31,112Y12M
10014,臺東縣,10014150,達仁鄉,10014150-001,台坂村,86,48,38,505,283,222,111,46,65,112Y12M
10014,臺東縣,10014150,達仁鄉,10014150-002,土坂村,99,51,48,762,433,329,133,63,70,112Y12M
10014,臺東縣,10014150,達仁鄉,10014150-003,新化村,33,24,9,301,166,135,69,32,37,112Y12M
10014,臺東縣,10014150,達仁鄉,10014150-004,安朔村,65,33,32,448,254,194,115,54,61,112Y12M
10014,臺東縣,10014150,達仁鄉,10014150-005,森永村,34,19,15,270,154,116,76,37,39,112Y12M
10014,臺東縣,10014150,達仁鄉,10014150-006,南田村,28,15,13,265,132,133,39,21,18,112Y12M
10014,臺東縣,10014160,蘭嶼鄉,10014160-001,東清村,258,139,119,1243,608,635,149,74,75,112Y12M
10014,臺東縣,10014160,蘭嶼鄉,10014160-002,朗島村,122,67,55,732,346,386,91,46,45,112Y12M
10014,臺東縣,10014160,蘭嶼鄉,10014160-003,紅頭村,174,102,72,1193,604,589,152,73,79,112Y12M
10014,臺東縣,10014160,蘭嶼鄉,10014160-004,椰油村,177,88,89,921,456,465,106,54,52,112Y12M
10014,臺東縣,10014010,臺東市,10014010-001,富岡里,199,108,91,1793,964,829,549,273,276,113Y06M
10014,臺東縣,10014010,臺東市,10014010-003,岩灣里,146,72,74,1952,995,957,386,165,221,113Y06M
10014,臺東縣,10014010,臺東市,10014010-004,南王里,267,148,119,2349,1219,1130,583,258,325,113Y06M
10014,臺東縣,10014010,臺東市,10014010-005,卑南里,213,116,97,2455,1216,1239,592,259,333,113Y06M
10014,臺東縣,10014010,臺東市,10014010-006,南榮里,255,140,115,2165,1140,1025,574,267,307,113Y06M
10014,臺東縣,10014010,臺東市,10014010-007,新生里,417,215,202,2764,1346,1418,715,325,390,113Y06M
10014,臺東縣,10014010,臺東市,10014010-008,民生里,261,145,116,2024,983,1041,738,300,438,113Y06M
10014,臺東縣,10014010,臺東市,10014010-009,寶桑里,170,83,87,1056,550,506,348,150,198,113Y06M
10014,臺東縣,10014010,臺東市,10014010-010,馬蘭里,779,422,357,1771,834,937,500,209,291,113Y06M
10014,臺東縣,10014010,臺東市,10014010-011,中心里,888,466,422,2349,1165,1184,696,278,418,113Y06M
10014,臺東縣,10014010,臺東市,10014010-012,自強里,1136,599,537,2550,1191,1359,638,282,356,113Y06M
10014,臺東縣,10014010,臺東市,10014010-013,民族里,1056,534,522,1833,856,977,601,268,333,113Y06M
10014,臺東縣,10014010,臺東市,10014010-015,中華里,240,140,100,1768,899,869,530,236,294,113Y06M
10014,臺東縣,10014010,臺東市,10014010-017,建國里,179,86,93,1327,705,622,473,210,263,113Y06M
10014,臺東縣,10014010,臺東市,10014010-020,中正里,125,70,55,1469,754,715,641,278,363,113Y06M
10014,臺東縣,10014010,臺東市,10014010-022,成功里,165,82,83,1410,702,708,447,195,252,113Y06M
10014,臺東縣,10014010,臺東市,10014010-023,文化里,531,295,236,1347,743,604,403,218,185,113Y06M
10014,臺東縣,10014010,臺東市,10014010-024,中山里,425,224,201,1262,603,659,483,210,273,113Y06M
10014,臺東縣,10014010,臺東市,10014010-029,新園里,163,95,68,1384,741,643,310,131,179,113Y06M
10014,臺東縣,10014010,臺東市,10014010-030,豐田里,249,117,132,1962,961,1001,459,195,264,113Y06M
10014,臺東縣,10014010,臺東市,10014010-031,豐年里,306,160,146,2716,1415,1301,587,253,334,113Y06M
10014,臺東縣,10014010,臺東市,10014010-032,光明里,524,256,268,2277,1025,1252,425,175,250,113Y06M
10014,臺東縣,10014010,臺東市,10014010-033,豐樂里,298,148,150,1438,740,698,369,178,191,113Y06M
10014,臺東縣,10014010,臺東市,10014010-034,永樂里,488,256,232,2277,1158,1119,507,240,267,113Y06M
10014,臺東縣,10014010,臺東市,10014010-035,康樂里,259,139,120,1161,603,558,250,129,121,113Y06M
10014,臺東縣,10014010,臺東市,10014010-036,東海里,480,240,240,1551,746,805,475,204,271,113Y06M
10014,臺東縣,10014010,臺東市,10014010-037,新興里,179,95,84,1050,543,507,335,136,199,113Y06M
10014,臺東縣,10014010,臺東市,10014010-038,豐榮里,329,174,155,2476,1228,1248,627,271,356,113Y06M
10014,臺東縣,10014010,臺東市,10014010-039,豐谷里,382,184,198,2810,1462,1348,703,293,410,113Y06M
10014,臺東縣,10014010,臺東市,10014010-040,豐里里,246,130,116,1897,980,917,450,208,242,113Y06M
10014,臺東縣,10014010,臺東市,10014010-041,豐原里,148,67,81,967,543,424,301,150,151,113Y06M
10014,臺東縣,10014010,臺東市,10014010-042,建和里,154,68,86,1014,549,465,324,145,179,113Y06M
10014,臺東縣,10014010,臺東市,10014010-043,建興里,65,33,32,987,493,494,303,134,169,113Y06M
10014,臺東縣,10014010,臺東市,10014010-045,知本里,237,129,108,1875,978,897,508,220,288,113Y06M
10014,臺東縣,10014010,臺東市,10014010-046,建農里,205,117,88,1702,913,789,395,158,237,113Y06M
10014,臺東縣,10014010,臺東市,10014010-047,仁和里,343,172,171,2411,1164,1247,721,298,423,113Y06M
10014,臺東縣,10014010,臺東市,10014010-048,豐安里,298,149,149,2496,1157,1339,550,236,314,113Y06M
10014,臺東縣,10014010,臺東市,10014010-049,豐盛里,350,176,174,2903,1432,1471,606,272,334,113Y06M
10014,臺東縣,10014020,成功鎮,10014020-001,博愛里,19,9,10,377,230,147,193,96,97,113Y06M
10014,臺東縣,10014020,成功鎮,10014020-002,忠孝里,64,28,36,641,334,307,258,115,143,113Y06M
10014,臺東縣,10014020,成功鎮,10014020-003,三仙里,102,62,40,984,571,413,339,170,169,113Y06M
10014,臺東縣,10014020,成功鎮,10014020-004,三民里,215,121,94,2004,1027,977,637,308,329,113Y06M
10014,臺東縣,10014020,成功鎮,10014020-005,忠智里,239,127,112,1440,746,694,465,219,246,113Y06M
10014,臺東縣,10014020,成功鎮,10014020-006,忠仁里,229,120,109,1603,829,774,529,265,264,113Y06M
10014,臺東縣,10014020,成功鎮,10014020-007,和平里,37,24,13,474,278,196,230,108,122,113Y06M
10014,臺東縣,10014020,成功鎮,10014020-008,信義里,114,61,53,1295,756,539,504,227,277,113Y06M
10014,臺東縣,10014030,關山鎮,10014030-001,德高里,124,64,60,1235,693,542,439,190,249,113Y06M
10014,臺東縣,10014030,關山鎮,10014030-002,豐泉里,165,68,97,848,435,413,291,135,156,113Y06M
10014,臺東縣,10014030,關山鎮,10014030-003,新福里,126,64,62,661,367,294,199,92,107,113Y06M
10014,臺東縣,10014030,關山鎮,10014030-004,中福里,97,48,49,510,258,252,227,108,119,113Y06M
10014,臺東縣,10014030,關山鎮,10014030-005,里壠里,225,120,105,1147,575,572,425,185,240,113Y06M
10014,臺東縣,10014030,關山鎮,10014030-006,電光里,49,26,23,383,223,160,139,69,70,113Y06M
10014,臺東縣,10014030,關山鎮,10014030-007,月眉里,61,27,34,491,291,200,174,86,88,113Y06M
10014,臺東縣,10014040,卑南鄉,10014040-001,嘉豐村,50,28,22,362,207,155,104,51,53,113Y06M
10014,臺東縣,10014040,卑南鄉,10014040-002,利吉村,27,19,8,294,158,136,146,82,64,113Y06M
10014,臺東縣,10014040,卑南鄉,10014040-003,富山村,33,18,15,354,196,158,113,57,56,113Y06M
10014,臺東縣,10014040,卑南鄉,10014040-004,富源村,13,7,6,202,117,85,109,59,50,113Y06M
10014,臺東縣,10014040,卑南鄉,10014040-005,明峰村,86,46,40,814,442,372,313,161,152,113Y06M
10014,臺東縣,10014040,卑南鄉,10014040-006,初鹿村,114,51,63,924,502,422,305,139,166,113Y06M
10014,臺東縣,10014040,卑南鄉,10014040-007,美農村,59,31,28,775,451,324,270,130,140,113Y06M
10014,臺東縣,10014040,卑南鄉,10014040-008,賓朗村,135,65,70,1660,906,754,558,255,303,113Y06M
10014,臺東縣,10014040,卑南鄉,10014040-009,泰安村,168,73,95,1009,525,484,184,78,106,113Y06M
10014,臺東縣,10014040,卑南鄉,10014040-010,太平村,339,177,162,2678,1419,1259,553,221,332,113Y06M
10014,臺東縣,10014040,卑南鄉,10014040-011,利嘉村,145,76,69,863,438,425,236,121,115,113Y06M
10014,臺東縣,10014040,卑南鄉,10014040-012,東興村,136,71,65,1020,539,481,189,96,93,113Y06M
10014,臺東縣,10014040,卑南鄉,10014040-013,溫泉村,106,61,45,741,409,332,325,158,167,113Y06M
10014,臺東縣,10014050,鹿野鄉,10014050-001,瑞和村,33,13,20,490,271,219,146,62,84,113Y06M
10014,臺東縣,10014050,鹿野鄉,10014050-002,瑞豐村,42,22,20,627,366,261,246,107,139,113Y06M
10014,臺東縣,10014050,鹿野鄉,10014050-003,瑞源村,87,48,39,595,316,279,232,101,131,113Y06M
10014,臺東縣,10014050,鹿野鄉,10014050-004,永安村,107,57,50,1067,591,476,334,168,166,113Y06M
10014,臺東縣,10014050,鹿野鄉,10014050-005,瑞隆村,60,35,25,627,337,290,231,106,125,113Y06M
10014,臺東縣,10014050,鹿野鄉,10014050-006,鹿野村,64,26,38,742,398,344,275,120,155,113Y06M
10014,臺東縣,10014050,鹿野鄉,10014050-007,龍田村,75,39,36,742,419,323,288,136,152,113Y06M
10014,臺東縣,10014060,池上鄉,10014060-001,福文村,111,68,43,807,435,372,283,126,157,113Y06M
10014,臺東縣,10014060,池上鄉,10014060-002,慶豐村,66,37,29,474,256,218,184,83,101,113Y06M
10014,臺東縣,10014060,池上鄉,10014060-003,大坡村,29,12,17,210,116,94,112,58,54,113Y06M
10014,臺東縣,10014060,池上鄉,10014060-004,大埔村,69,36,33,536,276,260,245,113,132,113Y06M
10014,臺東縣,10014060,池上鄉,10014060-005,福原村,237,117,120,1443,711,732,487,201,286,113Y06M
10014,臺東縣,10014060,池上鄉,10014060-006,錦園村,27,16,11,213,118,95,100,52,48,113Y06M
10014,臺東縣,10014060,池上鄉,10014060-007,新興村,68,32,36,588,345,243,240,112,128,113Y06M
10014,臺東縣,10014060,池上鄉,10014060-008,萬安村,36,17,19,216,120,96,90,38,52,113Y06M
10014,臺東縣,10014060,池上鄉,10014060-009,富興村,30,14,16,267,158,109,106,50,56,113Y06M
10014,臺東縣,10014060,池上鄉,10014060-010,振興村,39,20,19,322,176,146,111,54,57,113Y06M
10014,臺東縣,10014070,東河鄉,10014070-001,北源村,82,51,31,1058,700,358,413,205,208,113Y06M
10014,臺東縣,10014070,東河鄉,10014070-002,泰源村,86,49,37,821,453,368,309,133,176,113Y06M
10014,臺東縣,10014070,東河鄉,10014070-003,東河村,61,32,29,727,420,307,256,116,140,113Y06M
10014,臺東縣,10014070,東河鄉,10014070-004,尚德村,10,7,3,165,99,66,68,35,33,113Y06M
10014,臺東縣,10014070,東河鄉,10014070-005,隆昌村,35,21,14,327,174,153,175,78,97,113Y06M
10014,臺東縣,10014070,東河鄉,10014070-006,興昌村,59,34,25,647,348,299,299,135,164,113Y06M
10014,臺東縣,10014070,東河鄉,10014070-007,都蘭村,169,75,94,1511,846,665,591,262,329,113Y06M
10014,臺東縣,10014080,長濱鄉,10014080-001,樟原村,22,10,12,366,234,132,195,84,111,113Y06M
10014,臺東縣,10014080,長濱鄉,10014080-002,三間村,85,47,38,778,478,300,358,172,186,113Y06M
10014,臺東縣,10014080,長濱鄉,10014080-003,忠勇村,42,27,15,386,242,144,133,67,66,113Y06M
10014,臺東縣,10014080,長濱鄉,10014080-004,長濱村,141,71,70,1451,810,641,509,224,285,113Y06M
10014,臺東縣,10014080,長濱鄉,10014080-005,竹湖村,50,25,25,589,353,236,259,119,140,113Y06M
10014,臺東縣,10014080,長濱鄉,10014080-006,寧埔村,61,37,24,796,491,305,363,174,189,113Y06M
10014,臺東縣,10014090,太麻里鄉,10014090-001,美和村,98,57,41,1014,553,461,304,143,161,113Y06M
10014,臺東縣,10014090,太麻里鄉,10014090-002,三和村,33,23,10,424,230,194,147,67,80,113Y06M
10014,臺東縣,10014090,太麻里鄉,10014090-003,華源村,21,10,11,391,236,155,189,89,100,113Y06M
10014,臺東縣,10014090,太麻里鄉,10014090-004,北里村,51,27,24,409,246,163,155,88,67,113Y06M
10014,臺東縣,10014090,太麻里鄉,10014090-005,泰和村,122,60,62,1005,533,472,363,161,202,113Y06M
10014,臺東縣,10014090,太麻里鄉,10014090-006,大王村,168,94,74,1320,729,591,501,243,258,113Y06M
10014,臺東縣,10014090,太麻里鄉,10014090-007,香蘭村,81,35,46,596,332,264,206,98,108,113Y06M
10014,臺東縣,10014090,太麻里鄉,10014090-008,金崙村,220,115,105,1456,770,686,330,146,184,113Y06M
10014,臺東縣,10014090,太麻里鄉,10014090-009,多良村,87,50,37,734,386,348,186,76,110,113Y06M
10014,臺東縣,10014100,大武鄉,10014100-001,大竹村,69,40,29,606,336,270,165,75,90,113Y06M
10014,臺東縣,10014100,大武鄉,10014100-002,大鳥村,129,65,64,910,512,398,190,93,97,113Y06M
10014,臺東縣,10014100,大武鄉,10014100-003,大武村,170,82,88,976,524,452,278,121,157,113Y06M
10014,臺東縣,10014100,大武鄉,10014100-004,尚武村,107,58,49,975,520,455,326,151,175,113Y06M
10014,臺東縣,10014100,大武鄉,10014100-005,南興村,56,29,27,419,225,194,124,62,62,113Y06M
10014,臺東縣,10014110,綠島鄉,10014110-001,公館村,100,54,46,957,539,418,157,84,73,113Y06M
10014,臺東縣,10014110,綠島鄉,10014110-002,中寮村,123,58,65,971,512,459,176,95,81,113Y06M
10014,臺東縣,10014110,綠島鄉,10014110-003,南寮村,146,79,67,1488,796,692,259,133,126,113Y06M
10014,臺東縣,10014120,海端鄉,10014120-001,廣原村,165,87,78,695,348,347,91,42,49,113Y06M
10014,臺東縣,10014120,海端鄉,10014120-002,霧鹿村,56,31,25,249,131,118,41,18,23,113Y06M
10014,臺東縣,10014120,海端鄉,10014120-003,利稻村,50,26,24,259,134,125,39,12,27,113Y06M
10014,臺東縣,10014120,海端鄉,10014120-004,海端村,177,93,84,886,480,406,131,56,75,113Y06M
10014,臺東縣,10014120,海端鄉,10014120-005,崁頂村,151,85,66,579,318,261,85,46,39,113Y06M
10014,臺東縣,10014120,海端鄉,10014120-006,加拿村,96,51,45,474,261,213,59,30,29,113Y06M
10014,臺東縣,10014130,延平鄉,10014130-001,武陵村,106,51,55,558,298,260,75,30,45,113Y06M
10014,臺東縣,10014130,延平鄉,10014130-002,永康村,68,37,31,294,150,144,35,18,17,113Y06M
10014,臺東縣,10014130,延平鄉,10014130-003,紅葉村,70,40,30,373,192,181,62,33,29,113Y06M
10014,臺東縣,10014130,延平鄉,10014130-004,鸞山村,103,50,53,500,275,225,86,35,51,113Y06M
10014,臺東縣,10014130,延平鄉,10014130-005,桃源村,182,86,96,925,492,433,121,61,60,113Y06M
10014,臺東縣,10014140,金峰鄉,10014140-001,新興村,111,58,53,493,248,245,81,34,47,113Y06M
10014,臺東縣,10014140,金峰鄉,10014140-002,正興村,102,54,48,537,255,282,95,50,45,113Y06M
10014,臺東縣,10014140,金峰鄉,10014140-003,嘉蘭村,211,101,110,1118,581,537,187,83,104,113Y06M
10014,臺東縣,10014140,金峰鄉,10014140-004,賓茂村,35,25,10,274,148,126,61,32,29,113Y06M
10014,臺東縣,10014140,金峰鄉,10014140-005,歷坵村,54,26,28,296,147,149,54,21,33,113Y06M
10014,臺東縣,10014150,達仁鄉,10014150-001,台坂村,93,51,42,502,277,225,110,48,62,113Y06M
10014,臺東縣,10014150,達仁鄉,10014150-002,土坂村,104,52,52,751,427,324,140,66,74,113Y06M
10014,臺東縣,10014150,達仁鄉,10014150-003,新化村,32,22,10,300,165,135,69,32,37,113Y06M
10014,臺東縣,10014150,達仁鄉,10014150-004,安朔村,62,29,33,446,247,199,113,53,60,113Y06M
10014,臺東縣,10014150,達仁鄉,10014150-005,森永村,31,16,15,252,149,103,79,38,41,113Y06M
10014,臺東縣,10014150,達仁鄉,10014150-006,南田村,22,9,13,257,128,129,40,21,19,113Y06M
10014,臺東縣,10014160,蘭嶼鄉,10014160-001,東清村,246,135,111,1239,605,634,152,77,75,113Y06M
10014,臺東縣,10014160,蘭嶼鄉,10014160-002,朗島村,124,66,58,729,347,382,93,45,48,113Y06M
10014,臺東縣,10014160,蘭嶼鄉,10014160-003,紅頭村,168,101,67,1180,606,574,159,76,83,113Y06M
10014,臺東縣,10014160,蘭嶼鄉,10014160-004,椰油村,162,81,81,910,455,455,106,54,52,113Y06M
10014,臺東縣,10014010,臺東市,10014010-001,富岡里,192,109,83,1771,956,815,551,264,287,113Y12M
10014,臺東縣,10014010,臺東市,10014010-003,岩灣里,148,75,73,1982,1015,967,394,168,226,113Y12M
10014,臺東縣,10014010,臺東市,10014010-004,南王里,272,152,120,2327,1197,1130,607,264,343,113Y12M
10014,臺東縣,10014010,臺東市,10014010-005,卑南里,206,112,94,2491,1237,1254,602,266,336,113Y12M
10014,臺東縣,10014010,臺東市,10014010-006,南榮里,264,146,118,2161,1148,1013,577,268,309,113Y12M
10014,臺東縣,10014010,臺東市,10014010-007,新生里,422,227,195,2777,1345,1432,736,333,403,113Y12M
10014,臺東縣,10014010,臺東市,10014010-008,民生里,247,143,104,2013,976,1037,754,308,446,113Y12M
10014,臺東縣,10014010,臺東市,10014010-009,寶桑里,177,83,94,1041,540,501,345,151,194,113Y12M
10014,臺東縣,10014010,臺東市,10014010-010,馬蘭里,758,429,329,1728,812,916,500,212,288,113Y12M
10014,臺東縣,10014010,臺東市,10014010-011,中心里,894,471,423,2297,1129,1168,705,278,427,113Y12M
10014,臺東縣,10014010,臺東市,10014010-012,自強里,1145,604,541,2528,1194,1334,669,295,374,113Y12M
10014,臺東縣,10014010,臺東市,10014010-013,民族里,1063,534,529,1789,823,966,604,274,330,113Y12M
10014,臺東縣,10014010,臺東市,10014010-015,中華里,240,139,101,1737,880,857,542,243,299,113Y12M
10014,臺東縣,10014010,臺東市,10014010-017,建國里,170,85,85,1307,691,616,472,211,261,113Y12M
10014,臺東縣,10014010,臺東市,10014010-020,中正里,133,77,56,1487,755,732,635,277,358,113Y12M
10014,臺東縣,10014010,臺東市,10014010-022,成功里,168,82,86,1376,683,693,451,196,255,113Y12M
10014,臺東縣,10014010,臺東市,10014010-023,文化里,543,300,243,1315,722,593,406,220,186,113Y12M
10014,臺東縣,10014010,臺東市,10014010-024,中山里,393,215,178,1224,591,633,488,212,276,113Y12M
10014,臺東縣,10014010,臺東市,10014010-029,新園里,153,86,67,1383,742,641,321,133,188,113Y12M
10014,臺東縣,10014010,臺東市,10014010-030,豐田里,263,128,135,1957,962,995,466,195,271,113Y12M
10014,臺東縣,10014010,臺東市,10014010-031,豐年里,317,165,152,2730,1422,1308,590,255,335,113Y12M
10014,臺東縣,10014010,臺東市,10014010-032,光明里,533,259,274,2299,1027,1272,435,177,258,113Y12M
10014,臺東縣,10014010,臺東市,10014010-033,豐樂里,300,148,152,1436,744,692,373,173,200,113Y12M
10014,臺東縣,10014010,臺東市,10014010-034,永樂里,492,263,229,2252,1141,1111,507,236,271,113Y12M
10014,臺東縣,10014010,臺東市,10014010-035,康樂里,253,135,118,1181,607,574,252,127,125,113Y12M
10014,臺東縣,10014010,臺東市,10014010-036,東海里,466,234,232,1528,737,791,487,212,275,113Y12M
10014,臺東縣,10014010,臺東市,10014010-037,新興里,175,97,78,1024,540,484,349,139,210,113Y12M
10014,臺東縣,10014010,臺東市,10014010-038,豐榮里,312,164,148,2453,1219,1234,643,276,367,113Y12M
10014,臺東縣,10014010,臺東市,10014010-039,豐谷里,381,191,190,2815,1452,1363,715,302,413,113Y12M
10014,臺東縣,10014010,臺東市,10014010-040,豐里里,255,133,122,1907,989,918,458,212,246,113Y12M
10014,臺東縣,10014010,臺東市,10014010-041,豐原里,127,61,66,928,514,414,313,158,155,113Y12M
10014,臺東縣,10014010,臺東市,10014010-042,建和里,159,71,88,1016,552,464,325,148,177,113Y12M
10014,臺東縣,10014010,臺東市,10014010-043,建興里,68,36,32,978,491,487,308,134,174,113Y12M
10014,臺東縣,10014010,臺東市,10014010-045,知本里,226,118,108,1869,985,884,525,224,301,113Y12M
10014,臺東縣,10014010,臺東市,10014010-046,建農里,209,116,93,1687,908,779,402,160,242,113Y12M
10014,臺東縣,10014010,臺東市,10014010-047,仁和里,353,171,182,2387,1148,1239,734,310,424,113Y12M
10014,臺東縣,10014010,臺東市,10014010-048,豐安里,301,149,152,2486,1153,1333,580,244,336,113Y12M
10014,臺東縣,10014010,臺東市,10014010-049,豐盛里,346,167,179,2889,1438,1451,614,259,355,113Y12M
10014,臺東縣,10014020,成功鎮,10014020-001,博愛里,19,8,11,383,237,146,191,93,98,113Y12M
10014,臺東縣,10014020,成功鎮,10014020-002,忠孝里,67,30,37,625,330,295,258,115,143,113Y12M
10014,臺東縣,10014020,成功鎮,10014020-003,三仙里,97,61,36,981,566,415,342,169,173,113Y12M
10014,臺東縣,10014020,成功鎮,10014020-004,三民里,225,123,102,1978,1025,953,652,305,347,113Y12M
10014,臺東縣,10014020,成功鎮,10014020-005,忠智里,236,125,111,1415,732,683,478,219,259,113Y12M
10014,臺東縣,10014020,成功鎮,10014020-006,忠仁里,228,122,106,1568,807,761,548,274,274,113Y12M
10014,臺東縣,10014020,成功鎮,10014020-007,和平里,38,26,12,468,275,193,232,108,124,113Y12M
10014,臺東縣,10014020,成功鎮,10014020-008,信義里,115,60,55,1282,743,539,500,232,268,113Y12M
10014,臺東縣,10014030,關山鎮,10014030-001,德高里,126,61,65,1211,683,528,438,195,243,113Y12M
10014,臺東縣,10014030,關山鎮,10014030-002,豐泉里,163,66,97,839,429,410,294,138,156,113Y12M
10014,臺東縣,10014030,關山鎮,10014030-003,新福里,125,62,63,653,365,288,205,94,111,113Y12M
10014,臺東縣,10014030,關山鎮,10014030-004,中福里,99,52,47,494,251,243,238,108,130,113Y12M
10014,臺東縣,10014030,關山鎮,10014030-005,里壠里,220,116,104,1132,562,570,426,188,238,113Y12M
10014,臺東縣,10014030,關山鎮,10014030-006,電光里,54,29,25,374,221,153,139,70,69,113Y12M
10014,臺東縣,10014030,關山鎮,10014030-007,月眉里,64,28,36,476,287,189,184,92,92,113Y12M
10014,臺東縣,10014040,卑南鄉,10014040-001,嘉豐村,42,23,19,360,205,155,101,52,49,113Y12M
10014,臺東縣,10014040,卑南鄉,10014040-002,利吉村,31,21,10,285,148,137,146,82,64,113Y12M
10014,臺東縣,10014040,卑南鄉,10014040-003,富山村,34,19,15,353,194,159,113,58,55,113Y12M
10014,臺東縣,10014040,卑南鄉,10014040-004,富源村,11,6,5,202,117,85,112,60,52,113Y12M
10014,臺東縣,10014040,卑南鄉,10014040-005,明峰村,89,49,40,817,448,369,312,157,155,113Y12M
10014,臺東縣,10014040,卑南鄉,10014040-006,初鹿村,106,47,59,907,493,414,305,137,168,113Y12M
10014,臺東縣,10014040,卑南鄉,10014040-007,美農村,65,34,31,769,447,322,279,133,146,113Y12M
10014,臺東縣,10014040,卑南鄉,10014040-008,賓朗村,133,66,67,1639,889,750,566,261,305,113Y12M
10014,臺東縣,10014040,卑南鄉,10014040-009,泰安村,175,77,98,1002,524,478,194,81,113,113Y12M
10014,臺東縣,10014040,卑南鄉,10014040-010,太平村,331,167,164,2646,1408,1238,570,222,348,113Y12M
10014,臺東縣,10014040,卑南鄉,10014040-011,利嘉村,145,75,70,853,435,418,248,122,126,113Y12M
10014,臺東縣,10014040,卑南鄉,10014040-012,東興村,143,76,67,1008,529,479,201,105,96,113Y12M
10014,臺東縣,10014040,卑南鄉,10014040-013,溫泉村,104,62,42,750,409,341,325,157,168,113Y12M
10014,臺東縣,10014050,鹿野鄉,10014050-001,瑞和村,32,13,19,489,271,218,148,64,84,113Y12M
10014,臺東縣,10014050,鹿野鄉,10014050-002,瑞豐村,30,17,13,612,354,258,245,109,136,113Y12M
10014,臺東縣,10014050,鹿野鄉,10014050-003,瑞源村,89,47,42,590,311,279,230,104,126,113Y12M
10014,臺東縣,10014050,鹿野鄉,10014050-004,永安村,97,49,48,1060,593,467,334,168,166,113Y12M
10014,臺東縣,10014050,鹿野鄉,10014050-005,瑞隆村,55,32,23,622,338,284,231,105,126,113Y12M
10014,臺東縣,10014050,鹿野鄉,10014050-006,鹿野村,70,26,44,727,390,337,280,123,157,113Y12M
10014,臺東縣,10014050,鹿野鄉,10014050-007,龍田村,79,43,36,733,418,315,294,138,156,113Y12M
10014,臺東縣,10014060,池上鄉,10014060-001,福文村,114,72,42,795,425,370,283,130,153,113Y12M
10014,臺東縣,10014060,池上鄉,10014060-002,慶豐村,62,37,25,459,249,210,185,85,100,113Y12M
10014,臺東縣,10014060,池上鄉,10014060-003,大坡村,31,13,18,204,115,89,116,58,58,113Y12M
10014,臺東縣,10014060,池上鄉,10014060-004,大埔村,69,35,34,525,268,257,244,111,133,113Y12M
10014,臺東縣,10014060,池上鄉,10014060-005,福原村,230,112,118,1442,716,726,498,204,294,113Y12M
10014,臺東縣,10014060,池上鄉,10014060-006,錦園村,25,14,11,213,116,97,100,52,48,113Y12M
10014,臺東縣,10014060,池上鄉,10014060-007,新興村,68,31,37,590,343,247,235,112,123,113Y12M
10014,臺東縣,10014060,池上鄉,10014060-008,萬安村,35,16,19,214,120,94,86,36,50,113Y12M
10014,臺東縣,10014060,池上鄉,10014060-009,富興村,33,16,17,262,153,109,106,51,55,113Y12M
10014,臺東縣,10014060,池上鄉,10014060-010,振興村,41,23,18,324,176,148,107,52,55,113Y12M
10014,臺東縣,10014070,東河鄉,10014070-001,北源村,81,50,31,1062,704,358,413,208,205,113Y12M
10014,臺東縣,10014070,東河鄉,10014070-002,泰源村,86,52,34,814,452,362,318,137,181,113Y12M
10014,臺東縣,10014070,東河鄉,10014070-003,東河村,64,33,31,711,414,297,258,116,142,113Y12M
10014,臺東縣,10014070,東河鄉,10014070-004,尚德村,13,8,5,167,100,67,68,36,32,113Y12M
10014,臺東縣,10014070,東河鄉,10014070-005,隆昌村,36,21,15,317,167,150,176,79,97,113Y12M
10014,臺東縣,10014070,東河鄉,10014070-006,興昌村,54,29,25,639,348,291,298,135,163,113Y12M
10014,臺東縣,10014070,東河鄉,10014070-007,都蘭村,167,68,99,1484,829,655,596,266,330,113Y12M
10014,臺東縣,10014080,長濱鄉,10014080-001,樟原村,23,10,13,359,228,131,192,83,109,113Y12M
10014,臺東縣,10014080,長濱鄉,10014080-002,三間村,78,40,38,777,480,297,346,164,182,113Y12M
10014,臺東縣,10014080,長濱鄉,10014080-003,忠勇村,42,22,20,381,242,139,137,68,69,113Y12M
10014,臺東縣,10014080,長濱鄉,10014080-004,長濱村,147,73,74,1437,795,642,510,224,286,113Y12M
10014,臺東縣,10014080,長濱鄉,10014080-005,竹湖村,44,24,20,582,350,232,265,119,146,113Y12M
10014,臺東縣,10014080,長濱鄉,10014080-006,寧埔村,57,33,24,794,489,305,367,175,192,113Y12M
10014,臺東縣,10014090,太麻里鄉,10014090-001,美和村,104,64,40,1004,543,461,299,142,157,113Y12M
10014,臺東縣,10014090,太麻里鄉,10014090-002,三和村,31,23,8,418,228,190,149,69,80,113Y12M
10014,臺東縣,10014090,太麻里鄉,10014090-003,華源村,24,11,13,394,236,158,185,87,98,113Y12M
10014,臺東縣,10014090,太麻里鄉,10014090-004,北里村,46,25,21,399,242,157,163,93,70,113Y12M
10014,臺東縣,10014090,太麻里鄉,10014090-005,泰和村,122,62,60,1004,532,472,367,165,202,113Y12M
10014,臺東縣,10014090,太麻里鄉,10014090-006,大王村,160,89,71,1309,729,580,502,236,266,113Y12M
10014,臺東縣,10014090,太麻里鄉,10014090-007,香蘭村,73,33,40,577,327,250,207,100,107,113Y12M
10014,臺東縣,10014090,太麻里鄉,10014090-008,金崙村,218,110,108,1466,771,695,336,149,187,113Y12M
10014,臺東縣,10014090,太麻里鄉,10014090-009,多良村,86,50,36,732,383,349,194,82,112,113Y12M
10014,臺東縣,10014100,大武鄉,10014100-001,大竹村,67,38,29,590,330,260,170,79,91,113Y12M
10014,臺東縣,10014100,大武鄉,10014100-002,大鳥村,132,67,65,897,504,393,190,92,98,113Y12M
10014,臺東縣,10014100,大武鄉,10014100-003,大武村,170,78,92,959,520,439,285,127,158,113Y12M
10014,臺東縣,10014100,大武鄉,10014100-004,尚武村,109,56,53,957,511,446,341,160,181,113Y12M
10014,臺東縣,10014100,大武鄉,10014100-005,南興村,57,30,27,417,226,191,124,61,63,113Y12M
10014,臺東縣,10014110,綠島鄉,10014110-001,公館村,98,52,46,946,529,417,167,87,80,113Y12M
10014,臺東縣,10014110,綠島鄉,10014110-002,中寮村,122,55,67,948,486,462,184,99,85,113Y12M
10014,臺東縣,10014110,綠島鄉,10014110-003,南寮村,145,79,66,1514,832,682,261,134,127,113Y12M
10014,臺東縣,10014120,海端鄉,10014120-001,廣原村,157,83,74,686,345,341,97,46,51,113Y12M
10014,臺東縣,10014120,海端鄉,10014120-002,霧鹿村,55,29,26,254,131,123,42,18,24,113Y12M
10014,臺東縣,10014120,海端鄉,10014120-003,利稻村,50,24,26,266,138,128,39,12,27,113Y12M
10014,臺東縣,10014120,海端鄉,10014120-004,海端村,178,97,81,883,476,407,142,57,85,113Y12M
10014,臺東縣,10014120,海端鄉,10014120-005,崁頂村,153,86,67,569,308,261,94,54,40,113Y12M
10014,臺東縣,10014120,海端鄉,10014120-006,加拿村,96,49,47,478,263,215,61,31,30,113Y12M
10014,臺東縣,10014130,延平鄉,10014130-001,武陵村,109,54,55,551,294,257,78,32,46,113Y12M
10014,臺東縣,10014130,延平鄉,10014130-002,永康村,67,35,32,297,151,146,38,19,19,113Y12M
10014,臺東縣,10014130,延平鄉,10014130-003,紅葉村,69,39,30,365,184,181,70,35,35,113Y12M
10014,臺東縣,10014130,延平鄉,10014130-004,鸞山村,110,54,56,490,272,218,88,35,53,113Y12M
10014,臺東縣,10014130,延平鄉,10014130-005,桃源村,188,92,96,909,483,426,128,64,64,113Y12M
10014,臺東縣,10014140,金峰鄉,10014140-001,新興村,104,54,50,487,244,243,84,37,47,113Y12M
10014,臺東縣,10014140,金峰鄉,10014140-002,正興村,107,59,48,520,245,275,101,54,47,113Y12M
10014,臺東縣,10014140,金峰鄉,10014140-003,嘉蘭村,209,103,106,1106,572,534,193,82,111,113Y12M
10014,臺東縣,10014140,金峰鄉,10014140-004,賓茂村,32,22,10,277,150,127,61,33,28,113Y12M
10014,臺東縣,10014140,金峰鄉,10014140-005,歷坵村,57,28,29,292,146,146,57,21,36,113Y12M
10014,臺東縣,10014150,達仁鄉,10014150-001,台坂村,86,47,39,496,276,220,116,50,66,113Y12M
10014,臺東縣,10014150,達仁鄉,10014150-002,土坂村,110,58,52,757,434,323,140,64,76,113Y12M
10014,臺東縣,10014150,達仁鄉,10014150-003,新化村,31,20,11,296,159,137,71,33,38,113Y12M
10014,臺東縣,10014150,達仁鄉,10014150-004,安朔村,53,25,28,442,247,195,117,54,63,113Y12M
10014,臺東縣,10014150,達仁鄉,10014150-005,森永村,33,14,19,244,142,102,76,40,36,113Y12M
10014,臺東縣,10014150,達仁鄉,10014150-006,南田村,30,16,14,267,128,139,44,23,21,113Y12M
10014,臺東縣,10014160,蘭嶼鄉,10014160-001,東清村,241,131,110,1230,599,631,157,80,77,113Y12M
10014,臺東縣,10014160,蘭嶼鄉,10014160-002,朗島村,132,70,62,733,348,385,93,46,47,113Y12M
10014,臺東縣,10014160,蘭嶼鄉,10014160-003,紅頭村,168,96,72,1166,601,565,164,79,85,113Y12M
10014,臺東縣,10014160,蘭嶼鄉,10014160-004,椰油村,165,80,85,917,459,458,111,57,54,113Y12M
