COUNTY_ID,COUNTY,TOWN_ID,TOWN,V_ID,VILLAGE,M_F_RAT,P_H_CNT,P_DEN,DEPENDENCY_RAT,A0A14_A15A65_RAT,A65UP_A15A64_RAT,A65_A0A14_RAT,INFO_TIME
縣市代碼,縣市名稱,鄉鎮市區代碼,鄉鎮市區名稱,村里代碼,村里名稱,性比例,戶量,人口密度,扶養比,扶幼比,扶老比,老化指數,資料時間
10014,臺東縣,10014100,大武鄉,10014100-001,大竹村,109.26,2.53,45.12,36.8,17.86,18.94,106.09,104Y12M
10014,臺東縣,10014100,大武鄉,10014100-003,大武村,110.39,2.54,246.37,34.91,17.58,17.34,98.63,104Y12M
10014,臺東縣,10014100,大武鄉,10014100-002,大鳥村,119.65,2.56,72.19,32.3,18.72,13.58,72.54,104Y12M
10014,臺東縣,10014100,大武鄉,10014100-004,尚武村,104.22,2.53,192.43,31.42,11.61,19.82,170.78,104Y12M
10014,臺東縣,10014100,大武鄉,10014100-005,南興村,101.23,2.32,78.95,29.5,11.88,17.62,148.33,104Y12M
10014,臺東縣,10014090,太麻里鄉,10014090-002,三和村,109.22,2.64,99,39.35,14.4,24.95,173.33,104Y12M
10014,臺東縣,10014090,太麻里鄉,10014090-006,大王村,114.66,2.41,199.76,40.2,17.31,22.89,132.2,104Y12M
10014,臺東縣,10014090,太麻里鄉,10014090-004,北里村,129.93,2.2,224.2,40.43,15.48,24.95,161.11,104Y12M
10014,臺東縣,10014090,太麻里鄉,10014090-009,多良村,107.47,2.28,49.1,33.84,16.86,16.98,100.75,104Y12M
10014,臺東縣,10014090,太麻里鄉,10014090-008,金崙村,113.45,2.46,91.41,34.59,18.17,16.42,90.37,104Y12M
10014,臺東縣,10014090,太麻里鄉,10014090-001,美和村,110.38,2.85,120.25,35.01,14.31,20.7,144.65,104Y12M
10014,臺東縣,10014090,太麻里鄉,10014090-007,香蘭村,126.14,2.46,95.74,45.11,13.84,31.27,225.88,104Y12M
10014,臺東縣,10014090,太麻里鄉,10014090-005,泰和村,104.32,2.46,509.62,40.02,15.28,24.73,161.83,104Y12M
10014,臺東縣,10014090,太麻里鄉,10014090-003,華源村,122.01,2.29,55.02,55.85,14.13,41.72,295.31,104Y12M
10014,臺東縣,10014020,成功鎮,10014020-003,三仙里,122.19,2.62,51.42,36.49,14.8,21.7,146.63,104Y12M
10014,臺東縣,10014020,成功鎮,10014020-004,三民里,108.26,2.82,298.09,33.47,13.1,20.37,155.45,104Y12M
10014,臺東縣,10014020,成功鎮,10014020-007,和平里,114.85,2.45,69.34,41.83,9.48,32.35,341.38,104Y12M
10014,臺東縣,10014020,成功鎮,10014020-006,忠仁里,108.17,2.88,344.38,39.35,17.58,21.77,123.84,104Y12M
10014,臺東縣,10014020,成功鎮,10014020-002,忠孝里,104.83,2.33,29.26,42.59,12.95,29.64,228.85,104Y12M
10014,臺東縣,10014020,成功鎮,10014020-005,忠智里,110.07,2.92,6057.2,41.89,17.67,24.22,137.1,104Y12M
10014,臺東縣,10014020,成功鎮,10014020-008,信義里,116.44,2.68,91.4,39.38,11.52,27.86,241.95,104Y12M
10014,臺東縣,10014020,成功鎮,10014020-001,博愛里,127.07,2.21,39.74,44.33,8.3,36.03,434.15,104Y12M
10014,臺東縣,10014060,池上鄉,10014060-003,大坡村,116.47,2.54,41.74,44.31,14.51,29.8,205.41,104Y12M
10014,臺東縣,10014060,池上鄉,10014060-004,大埔村,96.37,2.74,515.17,40.31,13.28,27.02,203.45,104Y12M
10014,臺東縣,10014060,池上鄉,10014060-010,振興村,118.42,2.53,33.38,39.89,13.76,26.12,189.8,104Y12M
10014,臺東縣,10014060,池上鄉,10014060-009,富興村,137.89,2.61,25.79,39.51,13.89,25.62,184.44,104Y12M
10014,臺東縣,10014060,池上鄉,10014060-007,新興村,119.66,2.69,96.94,45.2,16.81,28.39,168.91,104Y12M
10014,臺東縣,10014060,池上鄉,10014060-008,萬安村,115.59,2.6,86.96,56.64,21.48,35.16,163.64,104Y12M
10014,臺東縣,10014060,池上鄉,10014060-001,福文村,113.26,2.53,162.07,42.25,14.15,28.1,198.53,104Y12M
10014,臺東縣,10014060,池上鄉,10014060-005,福原村,98.18,2.64,1480.65,43.15,17.2,25.95,150.91,104Y12M
10014,臺東縣,10014060,池上鄉,10014060-002,慶豐村,113.37,2.76,345.66,39.27,10.55,28.73,272.41,104Y12M
10014,臺東縣,10014060,池上鄉,10014060-006,錦園村,119.78,2.48,45.63,47.6,13.28,34.32,258.33,104Y12M
10014,臺東縣,10014040,卑南鄉,10014040-010,太平村,104,2.58,535,26.61,12.62,13.99,110.85,104Y12M
10014,臺東縣,10014040,卑南鄉,10014040-002,利吉村,115.6,2.54,34.22,38.64,9.73,28.91,296.97,104Y12M
10014,臺東縣,10014040,卑南鄉,10014040-011,利嘉村,109.58,2.72,26.45,29.36,13.07,16.29,124.6,104Y12M
10014,臺東縣,10014040,卑南鄉,10014040-005,明峰村,124.01,2.62,61.96,42.12,14.08,28.05,199.25,104Y12M
10014,臺東縣,10014040,卑南鄉,10014040-012,東興村,109.91,2.81,15.75,30.65,16.92,13.74,81.22,104Y12M
10014,臺東縣,10014040,卑南鄉,10014040-006,初鹿村,112.5,2.82,153.69,39.87,17.09,22.78,133.33,104Y12M
10014,臺東縣,10014040,卑南鄉,10014040-007,美農村,121.08,2.45,94.67,40.74,11.88,28.86,243,104Y12M
10014,臺東縣,10014040,卑南鄉,10014040-009,泰安村,111.06,2.65,49.49,34.42,19.64,14.78,75.25,104Y12M
10014,臺東縣,10014040,卑南鄉,10014040-003,富山村,122.3,2.44,85.35,38.11,14.32,23.79,166.13,104Y12M
10014,臺東縣,10014040,卑南鄉,10014040-004,富源村,134.34,2.37,21.21,46.24,10.9,35.34,324.14,104Y12M
10014,臺東縣,10014040,卑南鄉,10014040-013,溫泉村,112.93,2.42,9.12,45.32,16.79,28.53,169.87,104Y12M
10014,臺東縣,10014040,卑南鄉,10014040-001,嘉豐村,123.17,2.73,60.15,36.64,14.42,22.22,154.1,104Y12M
10014,臺東縣,10014040,卑南鄉,10014040-008,賓朗村,111.82,2.74,178.32,38.85,15.18,23.67,155.94,104Y12M
10014,臺東縣,10014130,延平鄉,10014130-002,永康村,116.87,3.13,10.11,33.83,22.68,11.15,49.18,104Y12M
10014,臺東縣,10014130,延平鄉,10014130-001,武陵村,116.96,3.17,48.2,33.27,23.03,10.24,44.44,104Y12M
10014,臺東縣,10014130,延平鄉,10014130-003,紅葉村,115.9,3.66,1.57,33.33,22.48,10.85,48.28,104Y12M
10014,臺東縣,10014130,延平鄉,10014130-005,桃源村,109.61,3.42,16.47,30.7,22.4,8.31,37.09,104Y12M
10014,臺東縣,10014130,延平鄉,10014130-004,鸞山村,117.66,3.2,27.74,34.63,21.67,12.96,59.83,104Y12M
10014,臺東縣,10014070,東河鄉,10014070-001,北源村,160.32,2.1,31.28,37.19,8.52,28.67,336.61,104Y12M
10014,臺東縣,10014070,東河鄉,10014070-004,尚德村,122.38,2.32,11.37,37.07,10.78,26.29,244,104Y12M
10014,臺東縣,10014070,東河鄉,10014070-003,東河村,120.19,2.53,109.87,40.52,12.89,27.63,214.42,104Y12M
10014,臺東縣,10014070,東河鄉,10014070-002,泰源村,115.94,2.76,24.2,38.21,12.9,25.31,196.27,104Y12M
10014,臺東縣,10014070,東河鄉,10014070-007,都蘭村,113.38,2.43,77.47,41.49,14.7,26.79,182.31,104Y12M
10014,臺東縣,10014070,東河鄉,10014070-005,隆昌村,111.96,2.18,60,47.73,9.09,38.64,425,104Y12M
10014,臺東縣,10014070,東河鄉,10014070-006,興昌村,107.18,2.1,60.11,53.97,14.72,39.25,266.67,104Y12M
10014,臺東縣,10014140,金峰鄉,10014140-002,正興村,101.15,3.36,3463.91,30.97,19.03,11.94,62.75,104Y12M
10014,臺東縣,10014140,金峰鄉,10014140-001,新興村,107.48,3.61,110.84,30.9,23.39,7.51,32.11,104Y12M
10014,臺東縣,10014140,金峰鄉,10014140-003,嘉蘭村,105.23,3.17,8.02,33.21,22.86,10.36,45.31,104Y12M
10014,臺東縣,10014140,金峰鄉,10014140-004,賓茂村,118.92,3.07,2850.57,35.91,21.48,14.43,67.19,104Y12M
10014,臺東縣,10014140,金峰鄉,10014140-005,歷坵村,111.8,3.07,1.93,35.13,20.79,14.34,68.97,104Y12M
10014,臺東縣,10014080,長濱鄉,10014080-002,三間村,137.1,2.59,40.92,50.32,12.87,37.45,290.98,104Y12M
10014,臺東縣,10014080,長濱鄉,10014080-005,竹湖村,121.34,2.65,59.09,41.27,11.42,29.85,261.45,104Y12M
10014,臺東縣,10014080,長濱鄉,10014080-003,忠勇村,145.93,2.78,32.24,48.21,17.86,30.36,170,104Y12M
10014,臺東縣,10014080,長濱鄉,10014080-004,長濱村,123.23,2.64,228.36,42.85,13.43,29.42,218.98,104Y12M
10014,臺東縣,10014080,長濱鄉,10014080-006,寧埔村,140.57,2.48,39.4,38.74,8.93,29.81,333.7,104Y12M
10014,臺東縣,10014080,長濱鄉,10014080-001,樟原村,128.17,2.46,24.79,49.19,9.31,39.88,428.26,104Y12M
10014,臺東縣,10014120,海端鄉,10014120-006,加拿村,126.01,4.29,4.06,30.16,22.76,7.39,32.48,104Y12M
10014,臺東縣,10014120,海端鄉,10014120-003,利稻村,99.39,4.11,0.88,38.82,29.96,8.86,29.58,104Y12M
10014,臺東縣,10014120,海端鄉,10014120-005,崁頂村,126.4,3.68,7.08,31.59,22.92,8.66,37.8,104Y12M
10014,臺東縣,10014120,海端鄉,10014120-004,海端村,112.91,4,45,32.75,23.18,9.58,41.31,104Y12M
10014,臺東縣,10014120,海端鄉,10014120-001,廣原村,105.88,4.03,33.12,37.91,28.53,9.38,32.86,104Y12M
10014,臺東縣,10014120,海端鄉,10014120-002,霧鹿村,111.76,3.64,1.87,43.43,26.69,16.73,62.69,104Y12M
10014,臺東縣,10014050,鹿野鄉,10014050-004,永安村,119.28,2.72,123.04,33.7,13.32,20.38,152.94,104Y12M
10014,臺東縣,10014050,鹿野鄉,10014050-006,鹿野村,109.03,2.59,147.08,42.39,15.21,27.18,178.68,104Y12M
10014,臺東縣,10014050,鹿野鄉,10014050-001,瑞和村,114.04,2.77,42.63,36.56,13.44,23.12,172,104Y12M
10014,臺東縣,10014050,鹿野鄉,10014050-005,瑞隆村,122.93,2.43,79.15,42,12.93,29.07,224.73,104Y12M
10014,臺東縣,10014050,鹿野鄉,10014050-003,瑞源村,100,2.74,73.16,42.02,17.95,24.07,134.07,104Y12M
10014,臺東縣,10014050,鹿野鄉,10014050-002,瑞豐村,120.44,2.53,156.7,38.92,8.31,30.61,368.33,104Y12M
10014,臺東縣,10014050,鹿野鄉,10014050-007,龍田村,119.28,2.64,233.65,46.27,16.53,29.74,179.86,104Y12M
10014,臺東縣,10014150,達仁鄉,10014150-002,土村,128.5,2.85,10.83,23.49,12.71,10.78,84.85,104Y12M
10014,臺東縣,10014150,達仁鄉,10014150-001,台村,113.46,2.54,32.77,28.55,12.71,15.84,124.64,104Y12M
10014,臺東縣,10014150,達仁鄉,10014150-004,安朔村,120.6,2.21,13.52,25.68,13.44,12.24,91.14,104Y12M
10014,臺東縣,10014150,達仁鄉,10014150-006,南田村,101.69,2.29,20.86,17.43,8.55,8.88,103.85,104Y12M
10014,臺東縣,10014150,達仁鄉,10014150-005,森永村,120.49,2.22,31.36,34.52,16.07,18.45,114.81,104Y12M
10014,臺東縣,10014150,達仁鄉,10014150-003,新化村,126.79,2.63,3.07,37.05,18.35,18.71,101.96,104Y12M
10014,臺東縣,10014110,綠島鄉,10014110-002,中寮村,112.23,3.37,708.38,23.27,11.23,12.05,107.34,104Y12M
10014,臺東縣,10014110,綠島鄉,10014110-001,公館村,113.73,3.35,97.52,26.56,14.49,12.07,83.33,104Y12M
10014,臺東縣,10014110,綠島鄉,10014110-003,南寮村,104.66,3.63,360.44,25.36,12.44,12.92,103.82,104Y12M
10014,臺東縣,10014010,臺東市,10014010-021,大同里,94.19,2.5,12941.05,39.7,15.52,24.18,155.77,104Y12M
10014,臺東縣,10014010,臺東市,10014010-024,中山里,99.46,2.75,18957.59,65.32,36.34,28.98,79.75,104Y12M
10014,臺東縣,10014010,臺東市,10014010-011,中心里,95.22,3.07,11619.53,49.47,33.63,15.84,47.1,104Y12M
10014,臺東縣,10014010,臺東市,10014010-020,中正里,98.28,2.4,7645.83,36.5,6.82,29.67,434.78,104Y12M
10014,臺東縣,10014010,臺東市,10014010-015,中華里,102.61,2.65,2459.2,35.22,14.37,20.85,145.15,104Y12M
10014,臺東縣,10014010,臺東市,10014010-019,仁愛里,107.49,2.44,9533.76,31.42,9,22.42,249.09,104Y12M
10014,臺東縣,10014010,臺東市,10014010-023,文化里,99.24,2.86,7209.23,75.1,59.52,15.58,26.17,104Y12M
10014,臺東縣,10014010,臺東市,10014010-014,四維里,119.06,2.48,1647.41,37.18,14.09,23.09,163.89,104Y12M
10014,臺東縣,10014010,臺東市,10014010-008,民生里,98.04,2.45,9722,29.99,10.11,19.88,196.73,104Y12M
10014,臺東縣,10014010,臺東市,10014010-013,民族里,92.26,3.38,8890.87,84.61,66.08,18.53,28.04,104Y12M
10014,臺東縣,10014010,臺東市,10014010-018,民權里,109.11,2.47,6843.71,34.1,12.36,21.74,175.82,104Y12M
10014,臺東縣,10014010,臺東市,10014010-034,永樂里,103.65,3.04,994.14,36.74,23,13.74,59.72,104Y12M
10014,臺東縣,10014010,臺東市,10014010-032,光明里,88.53,2.64,3938.22,43.09,30.91,12.17,39.37,104Y12M
10014,臺東縣,10014010,臺東市,10014010-022,成功里,96.71,2.32,6131.47,40.38,14.54,25.84,177.78,104Y12M
10014,臺東縣,10014010,臺東市,10014010-012,自強里,93.94,2.97,12493.76,48.78,31.08,17.7,56.94,104Y12M
10014,臺東縣,10014010,臺東市,10014010-005,卑南里,101.5,2.59,2053,27.47,11.61,15.86,136.52,104Y12M
10014,臺東縣,10014010,臺東市,10014010-003,岩灣里,110.07,2.24,826.27,26.77,10.43,16.34,156.68,104Y12M
10014,臺東縣,10014010,臺東市,10014010-036,東海里,94.61,2.73,4726.66,46.67,29.74,16.94,56.96,104Y12M
10014,臺東縣,10014010,臺東市,10014010-045,知本里,100.53,2.8,300.18,29.87,12.43,17.45,140.41,104Y12M
10014,臺東縣,10014010,臺東市,10014010-004,南王里,106.36,2.69,787.26,30.65,12.22,18.43,150.88,104Y12M
10014,臺東縣,10014010,臺東市,10014010-006,南榮里,113.49,2.78,644.48,35.2,15.1,20.1,133.14,104Y12M
10014,臺東縣,10014010,臺東市,10014010-042,建和里,113.02,2.68,310.39,37.59,14.47,23.13,159.88,104Y12M
10014,臺東縣,10014010,臺東市,10014010-017,建國里,112.36,2.44,858.49,33.6,10.46,23.15,221.37,104Y12M
10014,臺東縣,10014010,臺東市,10014010-044,建業里,109.1,2.66,1160.57,38.88,15.63,23.26,148.81,104Y12M
10014,臺東縣,10014010,臺東市,10014010-046,建農里,110.81,2.77,134.58,30.83,15.95,14.88,93.29,104Y12M
10014,臺東縣,10014010,臺東市,10014010-043,建興里,110.96,2.7,468.86,34.92,10.51,24.41,232.14,104Y12M
10014,臺東縣,10014010,臺東市,10014010-010,馬蘭里,90.03,3.2,10919.87,60.82,43.5,17.31,39.8,104Y12M
10014,臺東縣,10014010,臺東市,10014010-035,康樂里,114.63,2.72,163.53,33.25,17.33,15.92,91.83,104Y12M
10014,臺東縣,10014010,臺東市,10014010-016,強國里,112.87,2.63,7800.7,29.77,10.34,19.43,187.93,104Y12M
10014,臺東縣,10014010,臺東市,10014010-001,富岡里,116.07,2.54,320.6,34.66,11.21,23.45,209.22,104Y12M
10014,臺東縣,10014010,臺東市,10014010-002,富豐里,114.72,2.56,105.81,37.02,15.19,21.82,143.64,104Y12M
10014,臺東縣,10014010,臺東市,10014010-025,復國里,107.34,2.41,6348.38,35.17,12.89,22.28,172.86,104Y12M
10014,臺東縣,10014010,臺東市,10014010-027,復興里,97.3,2.41,3384.08,36.27,12.53,23.73,189.36,104Y12M
10014,臺東縣,10014010,臺東市,10014010-007,新生里,96.91,2.56,3319.83,28.13,13.22,14.9,112.67,104Y12M
10014,臺東縣,10014010,臺東市,10014010-029,新園里,111.6,2.53,510.71,33.05,15.38,17.67,114.88,104Y12M
10014,臺東縣,10014010,臺東市,10014010-037,新興里,97.7,2.4,1329.9,40.42,14.02,26.4,188.33,104Y12M
10014,臺東縣,10014010,臺東市,10014010-026,興國里,92.52,2.96,20504.65,63.58,42.2,21.39,50.68,104Y12M
10014,臺東縣,10014010,臺東市,10014010-030,豐田里,101.33,2.79,549.92,34.11,16.14,17.97,111.3,104Y12M
10014,臺東縣,10014010,臺東市,10014010-031,豐年里,106.22,2.55,1067.47,28.28,11.52,16.76,145.45,104Y12M
10014,臺東縣,10014010,臺東市,10014010-039,豐谷里,101.7,2.91,2201.99,30.66,14.84,15.83,106.68,104Y12M
10014,臺東縣,10014010,臺東市,10014010-040,豐里里,112.43,3.02,796.84,34.2,15.9,18.3,115.06,104Y12M
10014,臺東縣,10014010,臺東市,10014010-041,豐原里,116.31,3.06,196.46,37.37,14.62,22.75,155.63,104Y12M
10014,臺東縣,10014010,臺東市,10014010-038,豐榮里,95.3,2.65,5546.26,29.14,15.8,13.34,84.41,104Y12M
10014,臺東縣,10014010,臺東市,10014010-033,豐樂里,100.33,3.22,793.87,37.02,20.77,16.25,78.21,104Y12M
10014,臺東縣,10014010,臺東市,10014010-009,寶桑里,93.54,2.54,1248.45,33.77,13.67,20.11,147.12,104Y12M
10014,臺東縣,10014010,臺東市,10014010-028,鐵花里,96.15,2.35,5456.62,37.43,7.78,29.64,380.77,104Y12M
10014,臺東縣,10014030,關山鎮,10014030-004,中福里,107.58,2.81,6311.49,49.17,20.42,28.74,140.74,104Y12M
10014,臺東縣,10014030,關山鎮,10014030-007,月眉里,115.52,2.52,82.68,37.72,12.85,24.88,193.67,104Y12M
10014,臺東縣,10014030,關山鎮,10014030-005,里里,96.09,2.75,401.28,40.95,17.97,22.98,127.86,104Y12M
10014,臺東縣,10014030,關山鎮,10014030-003,新福里,125.11,2.85,138.98,40.39,19.08,21.32,111.72,104Y12M
10014,臺東縣,10014030,關山鎮,10014030-006,電光里,144.15,2.79,31.89,40.96,14.38,26.58,184.85,104Y12M
10014,臺東縣,10014030,關山鎮,10014030-001,德高里,112.85,2.83,128.41,44.4,13.52,30.88,228.33,104Y12M
10014,臺東縣,10014030,關山鎮,10014030-002,豐泉里,105.74,2.94,743.81,39.34,19.92,19.42,97.5,104Y12M
10014,臺東縣,10014160,蘭嶼鄉,10014160-001,東清村,99.87,2.96,86.03,30.74,22.59,8.14,36.05,104Y12M
10014,臺東縣,10014160,蘭嶼鄉,10014160-003,紅頭村,103.32,2.65,123.31,27.21,17.76,9.45,53.17,104Y12M
10014,臺東縣,10014160,蘭嶼鄉,10014160-002,朗島村,98.48,2.89,94.92,28.79,20.22,8.57,42.36,104Y12M
10014,臺東縣,10014160,蘭嶼鄉,10014160-004,椰油村,105.46,2.85,143.69,32.46,23.95,8.51,35.55,104Y12M
10014,臺東縣,10014100,大武鄉,10014100-001,大竹村,112,2.53,46.14,35.29,16.07,19.22,119.63,105Y12M
10014,臺東縣,10014100,大武鄉,10014100-003,大武村,107.22,2.49,239.63,36.36,17.51,18.85,107.62,105Y12M
10014,臺東縣,10014100,大武鄉,10014100-002,大鳥村,120.2,2.55,71.56,31.77,17.93,13.84,77.17,105Y12M
10014,臺東縣,10014100,大武鄉,10014100-004,尚武村,104.79,2.5,188.68,32.76,11.49,21.27,185.14,105Y12M
10014,臺東縣,10014100,大武鄉,10014100-005,南興村,101.26,2.32,77.26,31.42,12.94,18.48,142.86,105Y12M
10014,臺東縣,10014090,太麻里鄉,10014090-002,三和村,110.76,2.65,98.86,41.33,14.81,26.51,178.95,105Y12M
10014,臺東縣,10014090,太麻里鄉,10014090-006,大王村,116.45,2.38,199.19,43.67,18.67,25,133.94,105Y12M
10014,臺東縣,10014090,太麻里鄉,10014090-004,北里村,141.67,2.13,219.05,41.15,14.82,26.33,177.61,105Y12M
10014,臺東縣,10014090,太麻里鄉,10014090-009,多良村,109.07,2.26,49.29,36.6,18.69,17.91,95.86,105Y12M
10014,臺東縣,10014090,太麻里鄉,10014090-008,金崙村,113.03,2.43,91.14,33.47,16.4,17.07,104.08,105Y12M
10014,臺東縣,10014090,太麻里鄉,10014090-001,美和村,108.7,2.81,121.13,35.64,14.81,20.83,140.61,105Y12M
10014,臺東縣,10014090,太麻里鄉,10014090-007,香蘭村,126.7,2.39,96.7,46.58,13.84,32.74,236.47,105Y12M
10014,臺東縣,10014090,太麻里鄉,10014090-005,泰和村,102.82,2.4,494.97,41.45,15.3,26.15,170.95,105Y12M
10014,臺東縣,10014090,太麻里鄉,10014090-003,華源村,126.64,2.23,53.7,53.79,11.61,42.19,363.46,105Y12M
10014,臺東縣,10014020,成功鎮,10014020-003,三仙里,122.85,2.55,50.39,36.36,13.56,22.8,168.13,105Y12M
10014,臺東縣,10014020,成功鎮,10014020-004,三民里,108.9,2.82,294.9,33.73,12.42,21.31,171.58,105Y12M
10014,臺東縣,10014020,成功鎮,10014020-007,和平里,120.26,2.38,66.86,40.91,8.92,31.99,358.49,105Y12M
10014,臺東縣,10014020,成功鎮,10014020-006,忠仁里,108.35,2.83,337.05,39.08,16.78,22.3,132.92,105Y12M
10014,臺東縣,10014020,成功鎮,10014020-002,忠孝里,100.91,2.27,28.19,44.94,12.88,32.06,248.98,105Y12M
10014,臺東縣,10014020,成功鎮,10014020-005,忠智里,110.71,2.95,6081.18,43.7,18.51,25.19,136.05,105Y12M
10014,臺東縣,10014020,成功鎮,10014020-008,信義里,115.15,2.64,90.01,38.73,11.04,27.69,250.91,105Y12M
10014,臺東縣,10014020,成功鎮,10014020-001,博愛里,129.47,2.17,38.62,43.48,6.63,36.85,556.25,105Y12M
10014,臺東縣,10014060,池上鄉,10014060-003,大坡村,120.86,2.47,40.83,46.34,13.41,32.93,245.45,105Y12M
10014,臺東縣,10014060,池上鄉,10014060-004,大埔村,95.43,2.7,503.96,42.02,12.8,29.23,228.4,105Y12M
10014,臺東縣,10014060,池上鄉,10014060-010,振興村,114.85,2.52,32.98,39.38,13.03,26.35,202.17,105Y12M
10014,臺東縣,10014060,池上鄉,10014060-009,富興村,138.02,2.66,26.07,39.76,12.23,27.52,225,105Y12M
10014,臺東縣,10014060,池上鄉,10014060-007,新興村,121.8,2.63,93.08,45.58,14.01,31.56,225.26,105Y12M
10014,臺東縣,10014060,池上鄉,10014060-008,萬安村,117.24,2.54,81.97,58.82,19.75,39.08,197.87,105Y12M
10014,臺東縣,10014060,池上鄉,10014060-001,福文村,112.81,2.56,161.48,42.47,14.75,27.72,187.94,105Y12M
10014,臺東縣,10014060,池上鄉,10014060-005,福原村,95.47,2.6,1479.36,45.02,17.82,27.2,152.67,105Y12M
10014,臺東縣,10014060,池上鄉,10014060-002,慶豐村,114,2.74,337.99,41.05,10.73,30.32,282.46,105Y12M
10014,臺東縣,10014060,池上鄉,10014060-006,錦園村,121.98,2.49,46.08,44.8,12.9,31.9,247.22,105Y12M
10014,臺東縣,10014040,卑南鄉,10014040-010,太平村,104.33,2.58,546.11,27.49,12.78,14.71,115.14,105Y12M
10014,臺東縣,10014040,卑南鄉,10014040-002,利吉村,118.81,2.55,34.73,40.71,10.91,29.79,272.97,105Y12M
10014,臺東縣,10014040,卑南鄉,10014040-011,利嘉村,109.6,2.71,26.85,31.33,14,17.32,123.7,105Y12M
10014,臺東縣,10014040,卑南鄉,10014040-005,明峰村,119.6,2.58,60.04,42.5,13.48,29.02,215.32,105Y12M
10014,臺東縣,10014040,卑南鄉,10014040-012,東興村,111.31,2.8,15.57,31.49,16.84,14.65,87.01,105Y12M
10014,臺東縣,10014040,卑南鄉,10014040-006,初鹿村,111.5,2.76,149.82,39.37,16.08,23.29,144.83,105Y12M
10014,臺東縣,10014040,卑南鄉,10014040-007,美農村,117.46,2.47,94.51,40.67,11.77,28.89,245.45,105Y12M
10014,臺東縣,10014040,卑南鄉,10014040-009,泰安村,110.03,2.65,49.71,35.02,20.24,14.78,73.04,105Y12M
10014,臺東縣,10014040,卑南鄉,10014040-003,富山村,127.95,2.39,82.64,38.52,13.4,25.12,187.5,105Y12M
10014,臺東縣,10014040,卑南鄉,10014040-004,富源村,137.2,2.37,21.21,51.36,9.34,42.02,450,105Y12M
10014,臺東縣,10014040,卑南鄉,10014040-013,溫泉村,113.48,2.4,8.99,47.78,17.67,30.11,170.44,105Y12M
10014,臺東縣,10014040,卑南鄉,10014040-001,嘉豐村,124.9,2.65,58.27,35.92,13.35,22.57,169.09,105Y12M
10014,臺東縣,10014040,卑南鄉,10014040-008,賓朗村,109.91,2.73,177.57,39.98,14.83,25.15,169.57,105Y12M
10014,臺東縣,10014130,延平鄉,10014130-002,永康村,122.29,3.13,10.36,34.67,24.45,10.22,41.79,105Y12M
10014,臺東縣,10014130,延平鄉,10014130-001,武陵村,116.57,3.24,48.4,35.06,24.72,10.33,41.79,105Y12M
10014,臺東縣,10014130,延平鄉,10014130-003,紅葉村,120.69,3.63,1.56,33.33,21.88,11.46,52.38,105Y12M
10014,臺東縣,10014130,延平鄉,10014130-005,桃源村,110.05,3.4,16.05,31.45,22.67,8.79,38.76,105Y12M
10014,臺東縣,10014130,延平鄉,10014130-004,鸞山村,118.13,3.12,26.63,34.75,21.04,13.71,65.14,105Y12M
10014,臺東縣,10014070,東河鄉,10014070-001,北源村,163.92,2.02,30.57,37.2,8.02,29.18,364.08,105Y12M
10014,臺東縣,10014070,東河鄉,10014070-004,尚德村,124.31,2.41,11.55,43.56,14.22,29.33,206.25,105Y12M
10014,臺東縣,10014070,東河鄉,10014070-003,東河村,118.81,2.48,107.06,43.13,12.31,30.83,250.53,105Y12M
10014,臺東縣,10014070,東河鄉,10014070-002,泰源村,115.03,2.7,23.62,39.92,13.17,26.75,203.03,105Y12M
10014,臺東縣,10014070,東河鄉,10014070-007,都蘭村,114.57,2.41,75.64,41.68,13.86,27.83,200.84,105Y12M
10014,臺東縣,10014070,東河鄉,10014070-005,隆昌村,115.75,2.17,60.41,46.52,8.71,37.81,434.29,105Y12M
10014,臺東縣,10014070,東河鄉,10014070-006,興昌村,109.49,2.05,59.72,55.43,14.81,40.62,274.26,105Y12M
10014,臺東縣,10014140,金峰鄉,10014140-002,正興村,100,3.31,3532.99,32.35,19.78,12.57,63.55,105Y12M
10014,臺東縣,10014140,金峰鄉,10014140-001,新興村,103.95,3.54,112.66,32.48,23.5,8.97,38.18,105Y12M
10014,臺東縣,10014140,金峰鄉,10014140-003,嘉蘭村,104.79,3.17,8.04,33.72,22.72,11,48.43,105Y12M
10014,臺東縣,10014140,金峰鄉,10014140-004,賓茂村,120.97,3.07,2892.8,36.54,21.26,15.28,71.88,105Y12M
10014,臺東縣,10014140,金峰鄉,10014140-005,歷坵村,106.7,2.98,1.89,34.06,18.48,15.58,84.31,105Y12M
10014,臺東縣,10014080,長濱鄉,10014080-002,三間村,135.79,2.5,39.54,51.32,12.09,39.23,324.55,105Y12M
10014,臺東縣,10014080,長濱鄉,10014080-005,竹湖村,122.08,2.56,57.88,41.29,10.11,31.18,308.33,105Y12M
10014,臺東縣,10014080,長濱鄉,10014080-003,忠勇村,146.51,2.68,30.88,47.91,17.67,30.23,171.05,105Y12M
10014,臺東縣,10014080,長濱鄉,10014080-004,長濱村,121.57,2.64,227.77,42.83,13.15,29.68,225.59,105Y12M
10014,臺東縣,10014080,長濱鄉,10014080-006,寧埔村,140.94,2.4,38.13,41.7,9.73,31.97,328.42,105Y12M
10014,臺東縣,10014080,長濱鄉,10014080-001,樟原村,127.01,2.39,23.75,49.89,9.13,40.76,446.51,105Y12M
10014,臺東縣,10014120,海端鄉,10014120-006,加拿村,125.09,4.11,3.92,29.98,21.73,8.25,37.96,105Y12M
10014,臺東縣,10014120,海端鄉,10014120-003,利稻村,103.01,4.27,0.9,39.26,30.17,9.09,30.14,105Y12M
10014,臺東縣,10014120,海端鄉,10014120-005,崁頂村,126.67,3.57,6.93,30.53,21.39,9.14,42.74,105Y12M
10014,臺東縣,10014120,海端鄉,10014120-004,海端村,114.79,4.01,45,33.92,23.6,10.32,43.72,105Y12M
10014,臺東縣,10014120,海端鄉,10014120-001,廣原村,106.09,4,33.15,38.61,28.51,10.1,35.41,105Y12M
10014,臺東縣,10014120,海端鄉,10014120-002,霧鹿村,105.88,3.65,1.82,42.86,27.35,15.51,56.72,105Y12M
10014,臺東縣,10014050,鹿野鄉,10014050-004,永安村,119.76,2.72,121.09,33.89,12.52,21.37,170.7,105Y12M
10014,臺東縣,10014050,鹿野鄉,10014050-006,鹿野村,109.9,2.6,144.54,44.12,15.09,29.03,192.37,105Y12M
10014,臺東縣,10014050,鹿野鄉,10014050-001,瑞和村,114.04,2.75,42.63,35.83,12.3,23.53,191.3,105Y12M
10014,臺東縣,10014050,鹿野鄉,10014050-005,瑞隆村,119.31,2.44,78.37,41.6,12.46,29.13,233.71,105Y12M
10014,臺東縣,10014050,鹿野鄉,10014050-003,瑞源村,100.58,2.73,71.31,41.83,15.94,25.89,162.39,105Y12M
10014,臺東縣,10014050,鹿野鄉,10014050-002,瑞豐村,121.19,2.52,156.54,38.78,8.17,30.61,374.58,105Y12M
10014,臺東縣,10014050,鹿野鄉,10014050-007,龍田村,115.96,2.64,233.28,47.56,16.36,31.21,190.78,105Y12M
10014,臺東縣,10014150,達仁鄉,10014150-002,土村,127.92,2.83,10.75,24.35,13.8,10.55,76.42,105Y12M
10014,臺東縣,10014150,達仁鄉,10014150-001,台村,113.23,2.48,32.53,30.51,13.75,16.76,121.92,105Y12M
10014,臺東縣,10014150,達仁鄉,10014150-004,安朔村,125.08,2.16,13.14,25.96,12.98,12.98,100,105Y12M
10014,臺東縣,10014150,達仁鄉,10014150-006,南田村,102.33,2.23,20.33,17.97,9.15,8.81,96.3,105Y12M
10014,臺東縣,10014150,達仁鄉,10014150-005,森永村,114.78,2.16,30.25,34.57,15.43,19.14,124,105Y12M
10014,臺東縣,10014150,達仁鄉,10014150-003,新化村,126.67,2.58,3.01,36,16,20,125,105Y12M
10014,臺東縣,10014110,綠島鄉,10014110-002,中寮村,114.94,3.28,698.32,24.74,11.84,12.9,108.93,105Y12M
10014,臺東縣,10014110,綠島鄉,10014110-001,公館村,115.18,3.3,97.13,27.34,14.12,13.22,93.64,105Y12M
10014,臺東縣,10014110,綠島鄉,10014110-003,南寮村,102.88,3.49,353.61,26.08,11.94,14.13,118.37,105Y12M
10014,臺東縣,10014010,臺東市,10014010-021,大同里,93.04,2.47,12650.7,41.64,16.41,25.23,153.77,105Y12M
10014,臺東縣,10014010,臺東市,10014010-024,中山里,97.23,2.75,18406.6,65.22,35.86,29.37,81.9,105Y12M
10014,臺東縣,10014010,臺東市,10014010-011,中心里,94.66,3.03,11683.02,49.75,33.3,16.45,49.42,105Y12M
10014,臺東縣,10014010,臺東市,10014010-020,中正里,101.11,2.4,7554.41,39.42,6.6,32.82,497.67,105Y12M
10014,臺東縣,10014010,臺東市,10014010-015,中華里,100.63,2.61,2409.74,36.4,14.5,21.9,150.99,105Y12M
10014,臺東縣,10014010,臺東市,10014010-019,仁愛里,111.35,2.4,9510.01,32.4,8.93,23.47,262.96,105Y12M
10014,臺東縣,10014010,臺東市,10014010-023,文化里,98.65,2.76,7285.98,74.18,57.8,16.38,28.34,105Y12M
10014,臺東縣,10014010,臺東市,10014010-014,四維里,119.21,2.47,1689.71,39.07,15.47,23.6,152.5,105Y12M
10014,臺東縣,10014010,臺東市,10014010-008,民生里,98.33,2.46,9785.22,32.74,11.19,21.55,192.67,105Y12M
10014,臺東縣,10014010,臺東市,10014010-013,民族里,93.61,3.36,8824.49,85.07,64.66,20.42,31.58,105Y12M
10014,臺東縣,10014010,臺東市,10014010-018,民權里,108.79,2.5,6919.98,34.5,13.21,21.29,161.22,105Y12M
10014,臺東縣,10014010,臺東市,10014010-034,永樂里,103.69,3.01,1003.04,35.09,21.69,13.4,61.78,105Y12M
10014,臺東縣,10014010,臺東市,10014010-032,光明里,86.5,2.61,3877.21,41.33,28.47,12.86,45.17,105Y12M
10014,臺東縣,10014010,臺東市,10014010-022,成功里,99.36,2.31,6022.44,40.78,13.64,27.14,198.9,105Y12M
10014,臺東縣,10014010,臺東市,10014010-012,自強里,93.48,2.93,12400.87,49.79,30.83,18.96,61.51,105Y12M
10014,臺東縣,10014010,臺東市,10014010-005,卑南里,102.02,2.58,2055.65,28.48,11.57,16.92,146.24,105Y12M
10014,臺東縣,10014010,臺東市,10014010-003,岩灣里,107.41,2.23,833.9,26.32,10.02,16.3,162.64,105Y12M
10014,臺東縣,10014010,臺東市,10014010-036,東海里,93.5,2.69,4598.3,47.13,28.51,18.62,65.31,105Y12M
10014,臺東縣,10014010,臺東市,10014010-045,知本里,102.65,2.75,300.58,30.49,12.55,17.93,142.86,105Y12M
10014,臺東縣,10014010,臺東市,10014010-004,南王里,106.15,2.67,779.51,31.5,11.72,19.78,168.77,105Y12M
10014,臺東縣,10014010,臺東市,10014010-006,南榮里,112.94,2.73,639.75,34.97,14.23,20.74,145.73,105Y12M
10014,臺東縣,10014010,臺東市,10014010-042,建和里,112.24,2.68,306.03,37.51,13.81,23.7,171.6,105Y12M
10014,臺東縣,10014010,臺東市,10014010-017,建國里,111.98,2.46,853.32,34.97,10.45,24.52,234.78,105Y12M
10014,臺東縣,10014010,臺東市,10014010-044,建業里,107.45,2.62,1146.58,37.21,14.33,22.88,159.74,105Y12M
10014,臺東縣,10014010,臺東市,10014010-046,建農里,108.19,2.71,134.12,30.46,14.78,15.68,106.11,105Y12M
10014,臺東縣,10014010,臺東市,10014010-043,建興里,108.35,2.67,477.56,35.56,10.49,25.06,238.82,105Y12M
10014,臺東縣,10014010,臺東市,10014010-010,馬蘭里,87.97,3.2,10791.08,59.63,41.43,18.2,43.93,105Y12M
10014,臺東縣,10014010,臺東市,10014010-035,康樂里,117.28,2.69,163.32,32.97,16.74,16.24,97.01,105Y12M
10014,臺東縣,10014010,臺東市,10014010-016,強國里,113.12,2.66,7832.84,32.67,12.34,20.33,164.71,105Y12M
10014,臺東縣,10014010,臺東市,10014010-001,富岡里,115.35,2.54,318.71,34.4,10.77,23.62,219.26,105Y12M
10014,臺東縣,10014010,臺東市,10014010-002,富豐里,116.81,2.56,105.91,37.34,15.35,21.99,143.24,105Y12M
10014,臺東縣,10014010,臺東市,10014010-025,復國里,106.88,2.36,6244.59,34.95,12.71,22.24,175,105Y12M
10014,臺東縣,10014010,臺東市,10014010-027,復興里,106.45,2.35,3390.71,37.63,13.17,24.46,185.71,105Y12M
10014,臺東縣,10014010,臺東市,10014010-007,新生里,95.9,2.53,3302.03,28.89,12.66,16.22,128.11,105Y12M
10014,臺東縣,10014010,臺東市,10014010-029,新園里,113.78,2.52,515.38,33.22,15.26,17.96,117.67,105Y12M
10014,臺東縣,10014010,臺東市,10014010-037,新興里,97.46,2.39,1288.97,38.69,12.14,26.55,218.63,105Y12M
10014,臺東縣,10014010,臺東市,10014010-026,興國里,94.43,2.96,20214.83,62.92,40.44,22.48,55.6,105Y12M
10014,臺東縣,10014010,臺東市,10014010-030,豐田里,99.25,2.77,541.53,33.84,15.35,18.49,120.44,105Y12M
10014,臺東縣,10014010,臺東市,10014010-031,豐年里,106.51,2.5,1084.9,27.96,11.39,16.57,145.49,105Y12M
10014,臺東縣,10014010,臺東市,10014010-039,豐谷里,101.76,2.88,2210.15,30.97,14.42,16.55,114.79,105Y12M
10014,臺東縣,10014010,臺東市,10014010-040,豐里里,110.88,2.97,799.4,34.69,15.09,19.6,129.84,105Y12M
10014,臺東縣,10014010,臺東市,10014010-041,豐原里,119.27,3.03,198.54,39.49,15.66,23.83,152.17,105Y12M
10014,臺東縣,10014010,臺東市,10014010-038,豐榮里,94.71,2.6,5568.72,29.09,15.16,13.94,91.95,105Y12M
10014,臺東縣,10014010,臺東市,10014010-033,豐樂里,101.46,3.16,773.24,36.91,19.86,17.05,85.82,105Y12M
10014,臺東縣,10014010,臺東市,10014010-009,寶桑里,96.37,2.55,1259.49,37.3,16.18,21.12,130.58,105Y12M
10014,臺東縣,10014010,臺東市,10014010-028,鐵花里,95.13,2.27,5242.64,40.89,7.99,32.91,412,105Y12M
10014,臺東縣,10014030,關山鎮,10014030-004,中福里,106.04,2.82,6330.69,47.39,19.08,28.32,148.44,105Y12M
10014,臺東縣,10014030,關山鎮,10014030-007,月眉里,119.89,2.49,80.93,39.33,12.44,26.89,216.22,105Y12M
10014,臺東縣,10014030,關山鎮,10014030-005,里里,95.27,2.73,395.43,41.61,17.13,24.48,142.86,105Y12M
10014,臺東縣,10014030,關山鎮,10014030-003,新福里,120.75,2.75,137.16,39.84,17.66,22.18,125.56,105Y12M
10014,臺東縣,10014030,關山鎮,10014030-006,電光里,139.7,2.78,31.54,42.54,16.04,26.5,165.28,105Y12M
10014,臺東縣,10014030,關山鎮,10014030-001,德高里,111.68,2.8,127.14,45.05,13.11,31.94,243.6,105Y12M
10014,臺東縣,10014030,關山鎮,10014030-002,豐泉里,105.08,2.91,729.46,39.57,19.33,20.24,104.74,105Y12M
10014,臺東縣,10014160,蘭嶼鄉,10014160-001,東清村,100.53,2.95,86.66,29.21,20.7,8.51,41.08,105Y12M
10014,臺東縣,10014160,蘭嶼鄉,10014160-003,紅頭村,104.9,2.61,126.5,26.77,17.68,9.09,51.43,105Y12M
10014,臺東縣,10014160,蘭嶼鄉,10014160-002,朗島村,98.71,2.91,95.64,28.16,19.97,8.18,40.97,105Y12M
10014,臺東縣,10014160,蘭嶼鄉,10014160-004,椰油村,104.45,2.82,141.48,31.16,22.83,8.33,36.5,105Y12M
10014,臺東縣,10014100,大武鄉,10014100-001,大竹村,116.95,2.52,45.89,36.79,17.25,19.54,113.27,106Y12M
10014,臺東縣,10014100,大武鄉,10014100-003,大武村,107.67,2.43,230.1,35.93,16.28,19.65,120.74,106Y12M
10014,臺東縣,10014100,大武鄉,10014100-002,大鳥村,120.97,2.5,70.29,31.23,17.29,13.93,80.57,106Y12M
10014,臺東縣,10014100,大武鄉,10014100-004,尚武村,105.51,2.46,185.26,34.11,10.54,23.56,223.48,106Y12M
10014,臺東縣,10014100,大武鄉,10014100-005,南興村,96.94,2.29,77.74,29.84,11.09,18.75,169.09,106Y12M
10014,臺東縣,10014090,太麻里鄉,10014090-002,三和村,114.15,2.54,94.91,40.61,13.13,27.47,209.23,106Y12M
10014,臺東縣,10014090,太麻里鄉,10014090-006,大王村,116.12,2.35,195.46,44.78,17.51,27.27,155.73,106Y12M
10014,臺東縣,10014090,太麻里鄉,10014090-004,北里村,136.67,2.14,219.4,38.31,13.42,24.89,185.48,106Y12M
10014,臺東縣,10014090,太麻里鄉,10014090-009,多良村,110.56,2.25,49.15,35.86,17.1,18.77,109.77,106Y12M
10014,臺東縣,10014090,太麻里鄉,10014090-008,金崙村,112.37,2.37,90.27,33.72,16.11,17.6,109.24,106Y12M
10014,臺東縣,10014090,太麻里鄉,10014090-001,美和村,108.93,2.77,120.09,37.31,14.48,22.82,157.59,106Y12M
10014,臺東縣,10014090,太麻里鄉,10014090-007,香蘭村,127.59,2.38,96.6,45.23,13.89,31.34,225.58,106Y12M
10014,臺東縣,10014090,太麻里鄉,10014090-005,泰和村,103.11,2.37,488.39,43.12,15.07,28.05,186.05,106Y12M
10014,臺東縣,10014090,太麻里鄉,10014090-003,華源村,127.7,2.2,52.53,53.18,8.86,44.32,500,106Y12M
10014,臺東縣,10014020,成功鎮,10014020-003,三仙里,122.91,2.53,49.98,36.53,12.92,23.61,182.78,106Y12M
10014,臺東縣,10014020,成功鎮,10014020-004,三民里,107.65,2.8,295.27,34.82,12.29,22.53,183.28,106Y12M
10014,臺東縣,10014020,成功鎮,10014020-007,和平里,122.19,2.33,66.38,43.52,9.5,34.02,358.18,106Y12M
10014,臺東縣,10014020,成功鎮,10014020-006,忠仁里,109.1,2.82,327.96,40.68,16.58,24.11,145.42,106Y12M
10014,臺東縣,10014020,成功鎮,10014020-002,忠孝里,100.93,2.26,27.57,45.42,12.4,33.02,266.3,106Y12M
10014,臺東縣,10014020,成功鎮,10014020-005,忠智里,107.36,2.94,6083.85,45.23,18.7,26.53,141.84,106Y12M
10014,臺東縣,10014020,成功鎮,10014020-008,信義里,113.86,2.58,87.71,39.19,10.61,28.58,269.48,106Y12M
10014,臺東縣,10014020,成功鎮,10014020-001,博愛里,125.41,2.15,38.06,45.63,7.46,38.17,511.43,106Y12M
10014,臺東縣,10014060,池上鄉,10014060-003,大坡村,120.36,2.52,41.74,46.61,13.55,33.07,244.12,106Y12M
10014,臺東縣,10014060,池上鄉,10014060-004,大埔村,98.43,2.65,494.99,44.05,12.07,31.97,264.86,106Y12M
10014,臺東縣,10014060,池上鄉,10014060-010,振興村,116.23,2.54,33.05,38.48,12.08,26.4,218.6,106Y12M
10014,臺東縣,10014060,池上鄉,10014060-009,富興村,133.51,2.66,25.84,42.01,13.17,28.84,219.05,106Y12M
10014,臺東縣,10014060,池上鄉,10014060-007,新興村,123.97,2.6,92.51,43.84,12.76,31.09,243.68,106Y12M
10014,臺東縣,10014060,池上鄉,10014060-008,萬安村,115.2,2.49,79.8,57.26,18.38,38.89,211.63,106Y12M
10014,臺東縣,10014060,池上鄉,10014060-001,福文村,113.73,2.53,156.86,42.56,14.12,28.45,201.53,106Y12M
10014,臺東縣,10014060,池上鄉,10014060-005,福原村,94.74,2.56,1459.95,44.31,17.07,27.24,159.55,106Y12M
10014,臺東縣,10014060,池上鄉,10014060-002,慶豐村,113.08,2.7,330.77,41.78,10.06,31.72,315.38,106Y12M
10014,臺東縣,10014060,池上鄉,10014060-006,錦園村,117.32,2.4,44.37,44.61,10.41,34.2,328.57,106Y12M
10014,臺東縣,10014040,卑南鄉,10014040-010,太平村,103.4,2.57,542.98,28.88,12.44,16.44,132.24,106Y12M
10014,臺東縣,10014040,卑南鄉,10014040-002,利吉村,123.08,2.54,35.9,41.67,11.78,29.89,253.66,106Y12M
10014,臺東縣,10014040,卑南鄉,10014040-011,利嘉村,109.21,2.71,27.47,31.34,13.49,17.85,132.33,106Y12M
10014,臺東縣,10014040,卑南鄉,10014040-005,明峰村,120.7,2.56,60.54,44.48,13.99,30.49,217.97,106Y12M
10014,臺東縣,10014040,卑南鄉,10014040-012,東興村,112.35,2.77,15.69,32.04,17.35,14.69,84.7,106Y12M
10014,臺東縣,10014040,卑南鄉,10014040-006,初鹿村,110.79,2.71,145.54,38.86,13.93,24.93,178.91,106Y12M
10014,臺東縣,10014040,卑南鄉,10014040-007,美農村,116.85,2.41,94.59,38.64,10.89,27.75,254.84,106Y12M
10014,臺東縣,10014040,卑南鄉,10014040-009,泰安村,106.09,2.63,49.45,34.59,19.78,14.81,74.87,106Y12M
10014,臺東縣,10014040,卑南鄉,10014040-003,富山村,129.6,2.37,81.92,36.67,11.67,25,214.29,106Y12M
10014,臺東縣,10014040,卑南鄉,10014040-004,富源村,137.8,2.36,21.26,52.94,9.8,43.14,440,106Y12M
10014,臺東縣,10014040,卑南鄉,10014040-013,溫泉村,113.27,2.42,8.91,50.46,18.84,31.62,167.88,106Y12M
10014,臺東縣,10014040,卑南鄉,10014040-001,嘉豐村,117.97,2.64,58.07,37.1,13.76,23.34,169.64,106Y12M
10014,臺東縣,10014040,卑南鄉,10014040-008,賓朗村,109.67,2.68,175.93,40.2,13.53,26.67,197.19,106Y12M
10014,臺東縣,10014130,延平鄉,10014130-002,永康村,119.08,3.24,10.64,33.92,24.38,9.54,39.13,106Y12M
10014,臺東縣,10014130,延平鄉,10014130-001,武陵村,115.13,3.21,47.93,35.01,23.84,11.17,46.88,106Y12M
10014,臺東縣,10014130,延平鄉,10014130-003,紅葉村,124.45,3.62,1.57,32.82,21.45,11.37,53.01,106Y12M
10014,臺東縣,10014130,延平鄉,10014130-005,桃源村,109.4,3.39,16.23,31.02,21.82,9.2,42.16,106Y12M
10014,臺東縣,10014130,延平鄉,10014130-004,鸞山村,113.25,3.2,27.02,32.58,18.35,14.23,77.55,106Y12M
10014,臺東縣,10014070,東河鄉,10014070-001,北源村,169.3,2,30.12,38.63,8.22,30.41,369.9,106Y12M
10014,臺東縣,10014070,東河鄉,10014070-004,尚德村,134.92,2.28,10.59,40.28,11.85,28.44,240,106Y12M
10014,臺東縣,10014070,東河鄉,10014070-003,東河村,117.29,2.45,107.15,43.45,12.06,31.39,260.22,106Y12M
10014,臺東縣,10014070,東河鄉,10014070-002,泰源村,116.69,2.6,22.53,41.78,12.62,29.16,231.09,106Y12M
10014,臺東縣,10014070,東河鄉,10014070-007,都蘭村,114.8,2.37,74.12,40.55,12.44,28.11,225.94,106Y12M
10014,臺東縣,10014070,東河鄉,10014070-005,隆昌村,113.88,2.18,61.64,47.3,10.05,37.25,370.73,106Y12M
10014,臺東縣,10014070,東河鄉,10014070-006,興昌村,109,2.05,58.87,53.9,13.25,40.65,306.67,106Y12M
10014,臺東縣,10014140,金峰鄉,10014140-002,正興村,98.33,3.3,3513.26,30.88,18.01,12.87,71.43,106Y12M
10014,臺東縣,10014140,金峰鄉,10014140-001,新興村,103.21,3.58,115.2,32.08,22.08,10,45.28,106Y12M
10014,臺東縣,10014140,金峰鄉,10014140-003,嘉蘭村,104.05,3.2,8.12,33.51,22.37,11.14,49.8,106Y12M
10014,臺東縣,10014140,金峰鄉,10014140-004,賓茂村,116.75,3.07,2913.91,35.74,20,15.74,78.69,106Y12M
10014,臺東縣,10014140,金峰鄉,10014140-005,歷坵村,101.58,3.09,1.96,32.99,18.06,14.93,82.69,106Y12M
10014,臺東縣,10014080,長濱鄉,10014080-002,三間村,137.28,2.42,38.02,51.14,10.62,40.53,381.72,106Y12M
10014,臺東縣,10014080,長濱鄉,10014080-005,竹湖村,122.08,2.58,57.88,41.89,10.3,31.59,306.85,106Y12M
10014,臺東縣,10014080,長濱鄉,10014080-003,忠勇村,147.43,2.68,30.4,49.05,17.38,31.67,182.19,106Y12M
10014,臺東縣,10014080,長濱鄉,10014080-004,長濱村,121.33,2.58,224.88,44.17,13.13,31.04,236.41,106Y12M
10014,臺東縣,10014080,長濱鄉,10014080-006,寧埔村,140.61,2.32,37.08,42.03,9.08,32.95,362.79,106Y12M
10014,臺東縣,10014080,長濱鄉,10014080-001,樟原村,126.3,2.31,23.44,50.22,9.27,40.95,441.86,106Y12M
10014,臺東縣,10014120,海端鄉,10014120-006,加拿村,125.18,4.01,3.8,30.15,21.41,8.73,40.78,106Y12M
10014,臺東縣,10014120,海端鄉,10014120-003,利稻村,103.64,4.2,0.9,36.59,27.64,8.94,32.35,106Y12M
10014,臺東縣,10014120,海端鄉,10014120-005,崁頂村,122.74,3.5,6.94,30.47,20.44,10.04,49.11,106Y12M
10014,臺東縣,10014120,海端鄉,10014120-004,海端村,115.93,4.04,45,33.04,22.36,10.69,47.8,106Y12M
10014,臺東縣,10014120,海端鄉,10014120-001,廣原村,103.51,3.92,32.2,37.47,27.02,10.45,38.66,106Y12M
10014,臺東縣,10014120,海端鄉,10014120-002,霧鹿村,109.94,3.48,1.76,43.22,26.69,16.53,61.9,106Y12M
10014,臺東縣,10014050,鹿野鄉,10014050-004,永安村,119.34,2.68,120.23,34.33,12.01,22.32,185.91,106Y12M
10014,臺東縣,10014050,鹿野鄉,10014050-006,鹿野村,106.54,2.6,146.04,43.8,15.02,28.78,191.67,106Y12M
10014,臺東縣,10014050,鹿野鄉,10014050-001,瑞和村,113.35,2.77,42.01,37.04,11.86,25.18,212.31,106Y12M
10014,臺東縣,10014050,鹿野鄉,10014050-005,瑞隆村,117.46,2.48,78.22,41.32,12.18,29.13,239.08,106Y12M
10014,臺東縣,10014050,鹿野鄉,10014050-003,瑞源村,101.18,2.67,69.87,42.06,15.18,26.88,177.06,106Y12M
10014,臺東縣,10014050,鹿野鄉,10014050-002,瑞豐村,119.34,2.51,155.91,40.17,8.15,32.02,393.1,106Y12M
10014,臺東縣,10014050,鹿野鄉,10014050-007,龍田村,118.28,2.6,227.78,46.46,15.21,31.25,205.43,106Y12M
10014,臺東縣,10014150,達仁鄉,10014150-002,土村,128.14,2.86,11.05,26.09,14.52,11.57,79.65,106Y12M
10014,臺東縣,10014150,達仁鄉,10014150-001,台村,112.92,2.52,32.49,34.11,15.89,18.22,114.63,106Y12M
10014,臺東縣,10014150,達仁鄉,10014150-004,安朔村,122.04,2.11,12.72,28.7,14.07,14.63,103.95,106Y12M
10014,臺東縣,10014150,達仁鄉,10014150-006,南田村,103.66,2.21,19.51,16.78,7.34,9.44,128.57,106Y12M
10014,臺東縣,10014150,達仁鄉,10014150-005,森永村,117.24,2.14,30.6,32.83,14.46,18.37,127.08,106Y12M
10014,臺東縣,10014150,達仁鄉,10014150-003,新化村,125.9,2.48,3.02,35.38,14.08,21.3,151.28,106Y12M
10014,臺東縣,10014110,綠島鄉,10014110-002,中寮村,114.41,3.35,713.11,25.91,12.33,13.58,110.17,106Y12M
10014,臺東縣,10014110,綠島鄉,10014110-001,公館村,122.49,3.34,106.53,27.1,14.37,12.73,88.62,106Y12M
10014,臺東縣,10014110,綠島鄉,10014110-003,南寮村,102.1,3.53,372.06,26.49,12.24,14.25,116.46,106Y12M
10014,臺東縣,10014010,臺東市,10014010-021,大同里,94.74,2.43,12277.4,40.28,13.59,26.7,196.51,106Y12M
10014,臺東縣,10014010,臺東市,10014010-024,中山里,94.1,2.72,17545.67,66.5,35.62,30.88,86.7,106Y12M
10014,臺東縣,10014010,臺東市,10014010-011,中心里,98.24,3,11475.98,51.33,33.75,17.58,52.1,106Y12M
10014,臺東縣,10014010,臺東市,10014010-020,中正里,101.15,2.31,7288.47,42.14,5.19,36.95,712.5,106Y12M
10014,臺東縣,10014010,臺東市,10014010-015,中華里,99.48,2.55,2418.61,36.9,13.64,23.26,170.53,106Y12M
10014,臺東縣,10014010,臺東市,10014010-019,仁愛里,110.16,2.44,9581.25,36.09,10.12,25.97,256.67,106Y12M
10014,臺東縣,10014010,臺東市,10014010-023,文化里,100,2.74,7258.57,82.37,63.91,18.46,28.88,106Y12M
10014,臺東縣,10014010,臺東市,10014010-014,四維里,115.7,2.51,1743.76,44.08,18.83,25.24,134.02,106Y12M
10014,臺東縣,10014010,臺東市,10014010-008,民生里,97.26,2.44,9711.01,34.23,11.21,23.02,205.42,106Y12M
10014,臺東縣,10014010,臺東市,10014010-013,民族里,92.89,3.31,8699.12,84.87,63.24,21.63,34.2,106Y12M
10014,臺東縣,10014010,臺東市,10014010-018,民權里,112.45,2.52,6982.39,37.95,15.34,22.6,147.32,106Y12M
10014,臺東縣,10014010,臺東市,10014010-034,永樂里,103.36,2.97,1006.92,35.4,21.4,14,65.45,106Y12M
10014,臺東縣,10014010,臺東市,10014010-032,光明里,85.81,2.61,3833.94,41.81,28.27,13.54,47.9,106Y12M
10014,臺東縣,10014010,臺東市,10014010-022,成功里,100,2.33,5849.27,41.18,14.4,26.78,186.02,106Y12M
10014,臺東縣,10014010,臺東市,10014010-012,自強里,91.76,2.89,12321.91,50.95,30.67,20.28,66.14,106Y12M
10014,臺東縣,10014010,臺東市,10014010-005,卑南里,100.96,2.57,2078.2,29.09,10.96,18.13,165.41,106Y12M
10014,臺東縣,10014010,臺東市,10014010-003,岩灣里,108.19,2.2,849.89,25.7,8.55,17.15,200.63,106Y12M
10014,臺東縣,10014010,臺東市,10014010-036,東海里,96.06,2.67,4524.78,46.94,27.76,19.18,69.1,106Y12M
10014,臺東縣,10014010,臺東市,10014010-045,知本里,103.3,2.7,303.13,32.05,12.6,19.45,154.42,106Y12M
10014,臺東縣,10014010,臺東市,10014010-004,南王里,103.79,2.65,777.44,31.1,10.8,20.3,187.9,106Y12M
10014,臺東縣,10014010,臺東市,10014010-006,南榮里,111.5,2.74,638.93,35.5,14.09,21.41,152.01,106Y12M
10014,臺東縣,10014010,臺東市,10014010-042,建和里,110.69,2.7,306.6,38.95,14.62,24.33,166.47,106Y12M
10014,臺東縣,10014010,臺東市,10014010-017,建國里,111.22,2.39,842.98,36.18,10.58,25.6,242.11,106Y12M
10014,臺東縣,10014010,臺東市,10014010-044,建業里,105.49,2.63,1134.14,39.35,14.42,24.93,172.85,106Y12M
10014,臺東縣,10014010,臺東市,10014010-046,建農里,107.66,2.67,133.65,29.2,13.17,16.03,121.7,106Y12M
10014,臺東縣,10014010,臺東市,10014010-043,建興里,107.07,2.62,471.04,35.21,9.49,25.72,271.05,106Y12M
10014,臺東縣,10014010,臺東市,10014010-010,馬蘭里,86.82,3.17,10607.48,61.02,41.35,19.68,47.59,106Y12M
10014,臺東縣,10014010,臺東市,10014010-035,康樂里,117.31,2.67,161.79,34.3,17.23,17.06,99.01,106Y12M
10014,臺東縣,10014010,臺東市,10014010-016,強國里,115.45,2.61,7618.54,35.69,13.55,22.14,163.38,106Y12M
10014,臺東縣,10014010,臺東市,10014010-001,富岡里,113.62,2.54,320.6,36.72,11.3,25.42,225,106Y12M
10014,臺東縣,10014010,臺東市,10014010-002,富豐里,113.79,2.51,105.81,37.21,15.63,21.58,138.05,106Y12M
10014,臺東縣,10014010,臺東市,10014010-025,復國里,105.9,2.32,6037.02,35.27,11.43,23.84,208.47,106Y12M
10014,臺東縣,10014010,臺東市,10014010-027,復興里,104.31,2.33,3139.05,42.77,14.46,28.31,195.83,106Y12M
10014,臺東縣,10014010,臺東市,10014010-007,新生里,96,2.52,3318.96,29.99,12.52,17.47,139.54,106Y12M
10014,臺東縣,10014010,臺東市,10014010-029,新園里,114.4,2.47,515.1,33.14,13.91,19.23,138.27,106Y12M
10014,臺東縣,10014010,臺東市,10014010-037,新興里,95.4,2.37,1269.05,38.36,12.55,25.81,205.77,106Y12M
10014,臺東縣,10014010,臺東市,10014010-026,興國里,96.41,2.99,19816.33,64.26,39.04,25.23,64.62,106Y12M
10014,臺東縣,10014010,臺東市,10014010-030,豐田里,99.17,2.78,542.21,35.37,16.19,19.19,118.53,106Y12M
10014,臺東縣,10014010,臺東市,10014010-031,豐年里,105.9,2.53,1135.53,28.88,12.37,16.51,133.54,106Y12M
10014,臺東縣,10014010,臺東市,10014010-039,豐谷里,102.22,2.83,2196.43,30.88,13.64,17.24,126.42,106Y12M
10014,臺東縣,10014010,臺東市,10014010-040,豐里里,110.14,2.95,795.42,33.96,14.18,19.78,139.53,106Y12M
10014,臺東縣,10014010,臺東市,10014010-041,豐原里,117.65,2.99,199.78,40.37,15.95,24.42,153.05,106Y12M
10014,臺東縣,10014010,臺東市,10014010-038,豐榮里,93.79,2.56,5552.76,28.64,13.82,14.82,107.23,106Y12M
10014,臺東縣,10014010,臺東市,10014010-033,豐樂里,102.72,3.14,769.37,38.54,20.05,18.5,92.28,106Y12M
10014,臺東縣,10014010,臺東市,10014010-009,寶桑里,95.48,2.5,1272.98,39.52,17.61,21.91,124.43,106Y12M
10014,臺東縣,10014010,臺東市,10014010-028,鐵花里,93.72,2.26,5135.64,44.48,8.03,36.45,454.17,106Y12M
10014,臺東縣,10014030,關山鎮,10014030-004,中福里,104.81,2.79,6266.68,46.78,17.24,29.54,171.3,106Y12M
10014,臺東縣,10014030,關山鎮,10014030-007,月眉里,122.97,2.53,80.53,38.42,11.91,26.51,222.54,106Y12M
10014,臺東縣,10014030,關山鎮,10014030-005,里里,95.61,2.72,391.52,41.7,16.11,25.58,158.77,106Y12M
10014,臺東縣,10014030,關山鎮,10014030-003,新福里,117.08,2.72,135.72,40.62,17.41,23.21,133.33,106Y12M
10014,臺東縣,10014030,關山鎮,10014030-006,電光里,135.47,2.77,30.75,45.12,16.51,28.6,173.24,106Y12M
10014,臺東縣,10014030,關山鎮,10014030-001,德高里,111.27,2.77,126.48,45.62,13,32.62,250.89,106Y12M
10014,臺東縣,10014030,關山鎮,10014030-002,豐泉里,100.29,2.9,730.52,39.63,18.9,20.73,109.68,106Y12M
10014,臺東縣,10014160,蘭嶼鄉,10014160-001,東清村,98.3,2.94,87.41,28.34,19.63,8.71,44.4,106Y12M
10014,臺東縣,10014160,蘭嶼鄉,10014160-003,紅頭村,106.32,2.55,123.39,26.09,15.71,10.39,66.12,106Y12M
10014,臺東縣,10014160,蘭嶼鄉,10014160-002,朗島村,97.65,2.81,95.95,28.57,19.83,8.74,44.06,106Y12M
10014,臺東縣,10014160,蘭嶼鄉,10014160-004,椰油村,104.22,2.73,143.08,30.86,21.85,9.01,41.24,106Y12M
10014,臺東縣,10014100,大武鄉,10014100-001,大竹村,111.06,2.52,45.94,35.91,15.61,20.3,130.1,107Y12M
10014,臺東縣,10014100,大武鄉,10014100-003,大武村,108.93,2.46,226.29,37.73,16.68,21.05,126.2,107Y12M
10014,臺東縣,10014100,大武鄉,10014100-002,大鳥村,117.39,2.53,71.45,32.22,17.73,14.5,81.77,107Y12M
10014,臺東縣,10014100,大武鄉,10014100-004,尚武村,102.88,2.42,179.08,35.7,10.37,25.33,244.35,107Y12M
10014,臺東縣,10014100,大武鄉,10014100-005,南興村,98.12,2.22,76.29,29.24,10.22,19.02,186,107Y12M
10014,臺東縣,10014090,太麻里鄉,10014090-002,三和村,122.29,2.49,95.18,42.45,13.67,28.78,210.45,107Y12M
10014,臺東縣,10014090,太麻里鄉,10014090-006,大王村,112.85,2.35,193.49,46.15,17.22,28.93,168.03,107Y12M
10014,臺東縣,10014090,太麻里鄉,10014090-004,北里村,142.15,2.1,216.99,41.07,13.62,27.46,201.64,107Y12M
10014,臺東縣,10014090,太麻里鄉,10014090-009,多良村,110.76,2.2,49.2,35.47,15.88,19.59,123.39,107Y12M
10014,臺東縣,10014090,太麻里鄉,10014090-008,金崙村,109.6,2.35,91.78,32.54,14.59,17.95,123.08,107Y12M
10014,臺東縣,10014090,太麻里鄉,10014090-001,美和村,110.31,2.73,119.37,38.13,13.54,24.58,181.51,107Y12M
10014,臺東縣,10014090,太麻里鄉,10014090-007,香蘭村,127.34,2.36,96.49,43.68,12.16,31.52,259.21,107Y12M
10014,臺東縣,10014090,太麻里鄉,10014090-005,泰和村,100.25,2.34,482.72,42.45,15,27.45,182.94,107Y12M
10014,臺東縣,10014090,太麻里鄉,10014090-003,華源村,126.33,2.13,52.92,50.55,8.43,42.13,500,107Y12M
10014,臺東縣,10014020,成功鎮,10014020-003,三仙里,125.61,2.56,49.39,36.77,12.4,24.37,196.5,107Y12M
10014,臺東縣,10014020,成功鎮,10014020-004,三民里,106.21,2.75,289.74,35.9,12.14,23.76,195.65,107Y12M
10014,臺東縣,10014020,成功鎮,10014020-007,和平里,119.25,2.32,65.51,46.17,10.16,36.01,354.39,107Y12M
10014,臺東縣,10014020,成功鎮,10014020-006,忠仁里,109.82,2.79,323.83,40.42,15.17,25.25,166.43,107Y12M
10014,臺東縣,10014020,成功鎮,10014020-002,忠孝里,98.7,2.26,27.37,44.73,11.76,32.97,280.46,107Y12M
10014,臺東縣,10014020,成功鎮,10014020-005,忠智里,105.51,2.92,5958.58,47.01,18.54,28.47,153.55,107Y12M
10014,臺東縣,10014020,成功鎮,10014020-008,信義里,114.86,2.58,87.84,39.39,10.4,28.99,278.81,107Y12M
10014,臺東縣,10014020,成功鎮,10014020-001,博愛里,128.28,2.15,37.79,45.49,7.3,38.2,523.53,107Y12M
10014,臺東縣,10014060,池上鄉,10014060-003,大坡村,122.36,2.5,40.6,46.72,11.89,34.84,293.1,107Y12M
10014,臺東縣,10014060,池上鄉,10014060-004,大埔村,101.81,2.71,498.96,44.48,12.66,31.82,251.28,107Y12M
10014,臺東縣,10014060,池上鄉,10014060-010,振興村,117.57,2.54,32.38,38,10,28,280,107Y12M
10014,臺東縣,10014060,池上鄉,10014060-009,富興村,129.38,2.63,25.39,43.55,13.55,30,221.43,107Y12M
10014,臺東縣,10014060,池上鄉,10014060-007,新興村,123.68,2.57,91.76,45.44,12.11,33.33,275.31,107Y12M
10014,臺東縣,10014060,池上鄉,10014060-008,萬安村,112.43,2.43,77.85,57.46,16.67,40.79,244.74,107Y12M
10014,臺東縣,10014060,池上鄉,10014060-001,福文村,112.34,2.52,155.08,43.26,13.47,29.79,221.14,107Y12M
10014,臺東縣,10014060,池上鄉,10014060-005,福原村,92.95,2.58,1470.3,44.59,16.86,27.74,164.53,107Y12M
10014,臺東縣,10014060,池上鄉,10014060-002,慶豐村,110.53,2.64,324.9,40.63,8.98,31.64,352.17,107Y12M
10014,臺東縣,10014060,池上鄉,10014060-006,錦園村,114.29,2.38,44.49,48.29,11.03,37.26,337.93,107Y12M
10014,臺東縣,10014040,卑南鄉,10014040-010,太平村,103.34,2.54,542.21,29.08,12.36,16.72,135.24,107Y12M
10014,臺東縣,10014040,卑南鄉,10014040-002,利吉村,118.47,2.5,35.31,41.4,10.79,30.61,283.78,107Y12M
10014,臺東縣,10014040,卑南鄉,10014040-011,利嘉村,109.33,2.73,27.13,34.35,14.5,19.85,136.96,107Y12M
10014,臺東縣,10014040,卑南鄉,10014040-005,明峰村,122.07,2.56,60.82,44.66,13.83,30.83,222.83,107Y12M
10014,臺東縣,10014040,卑南鄉,10014040-012,東興村,111.64,2.76,15.57,31,15.92,15.07,94.64,107Y12M
10014,臺東縣,10014040,卑南鄉,10014040-006,初鹿村,108.09,2.74,145.75,39.18,13.85,25.33,182.88,107Y12M
10014,臺東縣,10014040,卑南鄉,10014040-007,美農村,118.12,2.4,96.19,40.16,11.29,28.87,255.67,107Y12M
10014,臺東縣,10014040,卑南鄉,10014040-009,泰安村,107.88,2.59,49.12,34.77,19.34,15.43,79.79,107Y12M
10014,臺東縣,10014040,卑南鄉,10014040-003,富山村,129.17,2.28,78.51,36.82,12.44,24.38,196,107Y12M
10014,臺東縣,10014040,卑南鄉,10014040-004,富源村,141.29,2.32,20.39,50.2,8.03,42.17,525,107Y12M
10014,臺東縣,10014040,卑南鄉,10014040-013,溫泉村,111.84,2.41,8.95,52.01,18.71,33.3,177.91,107Y12M
10014,臺東縣,10014040,卑南鄉,10014040-001,嘉豐村,117.32,2.62,57.44,37.66,14.96,22.69,151.67,107Y12M
10014,臺東縣,10014040,卑南鄉,10014040-008,賓朗村,109.16,2.64,171.23,39.56,12.5,27.06,216.44,107Y12M
10014,臺東縣,10014130,延平鄉,10014130-002,永康村,116.02,3.29,10.98,29.47,20.86,8.61,41.27,107Y12M
10014,臺東縣,10014130,延平鄉,10014130-001,武陵村,113.95,3.24,48.66,35.05,23.12,11.93,51.59,107Y12M
10014,臺東縣,10014130,延平鄉,10014130-003,紅葉村,117.23,3.64,1.58,31.22,19.04,12.18,64,107Y12M
10014,臺東縣,10014130,延平鄉,10014130-005,桃源村,113.2,3.48,16.69,31.11,20.92,10.2,48.76,107Y12M
10014,臺東縣,10014130,延平鄉,10014130-004,鸞山村,111.7,3.28,27.63,31.88,17.67,14.21,80.41,107Y12M
10014,臺東縣,10014070,東河鄉,10014070-001,北源村,169.74,1.99,30.45,38.81,8.06,30.75,381.37,107Y12M
10014,臺東縣,10014070,東河鄉,10014070-004,尚德村,132.28,2.29,10.55,43.2,13.11,30.1,229.63,107Y12M
10014,臺東縣,10014070,東河鄉,10014070-003,東河村,117.82,2.46,106.57,43.98,12.17,31.81,261.29,107Y12M
10014,臺東縣,10014070,東河鄉,10014070-002,泰源村,116.29,2.58,22.38,41.28,11.81,29.47,249.55,107Y12M
10014,臺東縣,10014070,東河鄉,10014070-007,都蘭村,114.14,2.36,73.57,42.42,12.58,29.84,237.14,107Y12M
10014,臺東縣,10014070,東河鄉,10014070-005,隆昌村,109.72,2.16,61.95,49.88,9.43,40.45,428.95,107Y12M
10014,臺東縣,10014070,東河鄉,10014070-006,興昌村,110.54,2.03,57.41,54.39,13.03,41.36,317.44,107Y12M
10014,臺東縣,10014140,金峰鄉,10014140-002,正興村,97.04,3.29,3609.41,29.84,16.87,12.97,76.84,107Y12M
10014,臺東縣,10014140,金峰鄉,10014140-001,新興村,104.1,3.46,117.57,29.14,20.56,8.58,41.75,107Y12M
10014,臺東縣,10014140,金峰鄉,10014140-003,嘉蘭村,102.34,3.26,8.37,33.68,21.56,12.11,56.18,107Y12M
10014,臺東縣,10014140,金峰鄉,10014140-004,賓茂村,118.72,3.03,2880.24,36.33,20,16.33,81.67,107Y12M
10014,臺東縣,10014140,金峰鄉,10014140-005,歷坵村,93.17,3.14,2.02,31.56,15.61,15.95,102.13,107Y12M
10014,臺東縣,10014080,長濱鄉,10014080-002,三間村,141.14,2.4,37.53,51.45,10.78,40.67,377.42,107Y12M
10014,臺東縣,10014080,長濱鄉,10014080-005,竹湖村,123.37,2.55,57.19,43.64,10.26,33.38,325.35,107Y12M
10014,臺東縣,10014080,長濱鄉,10014080-003,忠勇村,151.82,2.61,30.2,48.8,17.22,31.58,183.33,107Y12M
10014,臺東縣,10014080,長濱鄉,10014080-004,長濱村,120.41,2.56,222.2,43.09,12.74,30.35,238.19,107Y12M
10014,臺東縣,10014080,長濱鄉,10014080-006,寧埔村,143.14,2.33,36.67,42.55,9.43,33.12,351.14,107Y12M
10014,臺東縣,10014080,長濱鄉,10014080-001,樟原村,123.87,2.34,23.34,50.87,9.13,41.74,457.14,107Y12M
10014,臺東縣,10014120,海端鄉,10014120-006,加拿村,125.82,4.03,3.77,31.01,21.52,9.49,44.12,107Y12M
10014,臺東縣,10014120,海端鄉,10014120-003,利稻村,101.8,4.21,0.9,35.89,25.4,10.48,41.27,107Y12M
10014,臺東縣,10014120,海端鄉,10014120-005,崁頂村,122.96,3.49,6.89,32.28,21.83,10.45,47.86,107Y12M
10014,臺東縣,10014120,海端鄉,10014120-004,海端村,114.46,3.99,44.85,32.46,21.46,11,51.27,107Y12M
10014,臺東縣,10014120,海端鄉,10014120-001,廣原村,104.83,3.87,31.81,37.32,27.04,10.28,38.02,107Y12M
10014,臺東縣,10014120,海端鄉,10014120-002,霧鹿村,108.92,3.45,1.7,41.99,25.97,16.02,61.67,107Y12M
10014,臺東縣,10014050,鹿野鄉,10014050-004,永安村,120.08,2.61,117.78,34.51,11.53,22.98,199.29,107Y12M
10014,臺東縣,10014050,鹿野鄉,10014050-006,鹿野村,103.9,2.61,145.11,44.7,14.4,30.3,210.4,107Y12M
10014,臺東縣,10014050,鹿野鄉,10014050-001,瑞和村,110.77,2.84,42.68,40,13.39,26.61,198.63,107Y12M
10014,臺東縣,10014050,鹿野鄉,10014050-005,瑞隆村,116.24,2.5,78.45,41.34,11.73,29.61,252.38,107Y12M
10014,臺東縣,10014050,鹿野鄉,10014050-003,瑞源村,101.42,2.64,67.88,45.31,14.96,30.35,202.94,107Y12M
10014,臺東縣,10014050,鹿野鄉,10014050-002,瑞豐村,117.71,2.45,157.48,39.23,7.87,31.35,398.25,107Y12M
10014,臺東縣,10014050,鹿野鄉,10014050-007,龍田村,113.76,2.52,222.28,45.67,13.94,31.73,227.59,107Y12M
10014,臺東縣,10014150,達仁鄉,10014150-002,土村,118.49,2.94,11.44,28.28,15.28,13.01,85.12,107Y12M
10014,臺東縣,10014150,達仁鄉,10014150-001,台村,119.94,2.61,33.15,33.21,13.96,19.25,137.84,107Y12M
10014,臺東縣,10014150,達仁鄉,10014150-004,安朔村,122.77,2.1,12.35,32.09,14.09,18,127.78,107Y12M
10014,臺東縣,10014150,達仁鄉,10014150-006,南田村,100.62,2.23,18.87,17.45,7.27,10.18,140,107Y12M
10014,臺東縣,10014150,達仁鄉,10014150-005,森永村,117.35,2.31,33.03,27.61,12.06,15.55,128.89,107Y12M
10014,臺東縣,10014150,達仁鄉,10014150-003,新化村,128.57,2.51,3.09,34.27,14.34,19.93,139.02,107Y12M
10014,臺東縣,10014110,綠島鄉,10014110-002,中寮村,109.31,3.47,732.05,27.79,13.53,14.26,105.34,107Y12M
10014,臺東縣,10014110,綠島鄉,10014110-001,公館村,132.67,3.57,115.05,26.75,14.13,12.62,89.31,107Y12M
10014,臺東縣,10014110,綠島鄉,10014110-003,南寮村,104.99,3.55,383.91,26.31,11.99,14.32,119.38,107Y12M
10014,臺東縣,10014010,臺東市,10014010-021,大同里,94.89,2.45,12125.32,41.45,13.06,28.39,217.28,107Y12M
10014,臺東縣,10014010,臺東市,10014010-024,中山里,92.47,2.69,17166.86,68.13,35.75,32.38,90.57,107Y12M
10014,臺東縣,10014010,臺東市,10014010-011,中心里,97.48,2.96,11264.15,53.27,33.81,19.46,57.56,107Y12M
10014,臺東縣,10014010,臺東市,10014010-020,中正里,101.15,2.36,7288.47,45.68,5.15,40.53,787.1,107Y12M
10014,臺東縣,10014010,臺東市,10014010-015,中華里,101.92,2.58,2404.56,38.29,14.66,23.63,161.19,107Y12M
10014,臺東縣,10014010,臺東市,10014010-019,仁愛里,108.42,2.39,9403.16,38.7,9.81,28.9,294.64,107Y12M
10014,臺東縣,10014010,臺東市,10014010-023,文化里,100,2.66,7565.58,77.84,58.89,18.94,32.17,107Y12M
10014,臺東縣,10014010,臺東市,10014010-014,四維里,112.53,2.53,1833.06,44.18,19.78,24.4,123.36,107Y12M
10014,臺東縣,10014010,臺東市,10014010-008,民生里,96.48,2.45,9829.2,38.23,12.72,25.51,200.61,107Y12M
10014,臺東縣,10014010,臺東市,10014010-013,民族里,94.22,3.29,8673.3,86.22,63.34,22.88,36.13,107Y12M
10014,臺東縣,10014010,臺東市,10014010-018,民權里,108.96,2.57,7114.13,37.9,15.46,22.45,145.22,107Y12M
10014,臺東縣,10014010,臺東市,10014010-034,永樂里,103.47,2.96,1022.39,37.12,22.22,14.9,67.06,107Y12M
10014,臺東縣,10014010,臺東市,10014010-032,光明里,84.63,2.58,3754.64,41.11,27.36,13.74,50.23,107Y12M
10014,臺東縣,10014010,臺東市,10014010-022,成功里,99.12,2.32,5785.13,38.77,11.85,26.92,227.27,107Y12M
10014,臺東縣,10014010,臺東市,10014010-012,自強里,90.09,2.88,12338.17,52.76,30.94,21.82,70.54,107Y12M
10014,臺東縣,10014010,臺東市,10014010-005,卑南里,98.99,2.57,2101.41,29.68,10.52,19.16,182.1,107Y12M
10014,臺東縣,10014010,臺東市,10014010-003,岩灣里,108.11,2.2,876.61,26.75,8.67,18.08,208.48,107Y12M
10014,臺東縣,10014010,臺東市,10014010-036,東海里,94.48,2.66,4476.61,48.61,28.22,20.4,72.29,107Y12M
10014,臺東縣,10014010,臺東市,10014010-045,知本里,101.42,2.6,306.26,33.3,13.01,20.29,155.92,107Y12M
10014,臺東縣,10014010,臺東市,10014010-004,南王里,104.8,2.63,793.57,30.61,10.93,19.69,180.16,107Y12M
10014,臺東縣,10014010,臺東市,10014010-006,南榮里,109.78,2.71,630.68,35.47,13.25,22.22,167.67,107Y12M
10014,臺東縣,10014010,臺東市,10014010-042,建和里,111.39,2.66,302.78,40,14.65,25.35,173.05,107Y12M
10014,臺東縣,10014010,臺東市,10014010-017,建國里,109.16,2.37,826.33,36.14,9.18,26.96,293.81,107Y12M
10014,臺東縣,10014010,臺東市,10014010-044,建業里,106.18,2.57,1141.13,38.49,12.74,25.75,202.22,107Y12M
10014,臺東縣,10014010,臺東市,10014010-046,建農里,109.33,2.66,132.67,29.63,13.26,16.37,123.5,107Y12M
10014,臺東縣,10014010,臺東市,10014010-043,建興里,102.92,2.6,453.64,35.28,8.43,26.85,318.46,107Y12M
10014,臺東縣,10014010,臺東市,10014010-010,馬蘭里,87.48,3.13,10339.54,62.03,41.45,20.58,49.64,107Y12M
10014,臺東縣,10014010,臺東市,10014010-035,康樂里,116.21,2.66,160.97,35.11,17.25,17.85,103.48,107Y12M
10014,臺東縣,10014010,臺東市,10014010-016,強國里,108.38,2.63,7728.51,37.33,13.52,23.81,176.06,107Y12M
10014,臺東縣,10014010,臺東市,10014010-001,富岡里,116.6,2.55,318.52,36.72,11.29,25.43,225.18,107Y12M
10014,臺東縣,10014010,臺東市,10014010-002,富豐里,113.38,2.46,103.78,36.47,14.45,22.02,152.43,107Y12M
10014,臺東縣,10014010,臺東市,10014010-025,復國里,104.24,2.24,5829.24,34.8,11,23.8,216.36,107Y12M
10014,臺東縣,10014010,臺東市,10014010-027,復興里,105.19,2.37,3132.19,41.07,14.58,26.49,181.63,107Y12M
10014,臺東縣,10014010,臺東市,10014010-007,新生里,94.9,2.48,3272.54,30.84,12.12,18.72,154.44,107Y12M
10014,臺東縣,10014010,臺東市,10014010-029,新園里,115.47,2.44,508.79,32.17,12.34,19.83,160.69,107Y12M
10014,臺東縣,10014010,臺東市,10014010-037,新興里,94.38,2.37,1262.64,38.64,12.76,25.88,202.86,107Y12M
10014,臺東縣,10014010,臺東市,10014010-026,興國里,96.64,2.92,19055.55,65.67,38.43,27.24,70.9,107Y12M
10014,臺東縣,10014010,臺東市,10014010-030,豐田里,100.83,2.75,547.65,37.66,16.87,20.8,123.31,107Y12M
10014,臺東縣,10014010,臺東市,10014010-031,豐年里,105.45,2.54,1150.32,29.77,12.48,17.28,138.48,107Y12M
10014,臺東縣,10014010,臺東市,10014010-039,豐谷里,102.09,2.81,2185.17,31.41,12.94,18.47,142.76,107Y12M
10014,臺東縣,10014010,臺東市,10014010-040,豐里里,110.93,2.9,779.21,33.4,13.24,20.16,152.21,107Y12M
10014,臺東縣,10014010,臺東市,10014010-041,豐原里,117.66,3.01,197.98,41.44,16.82,24.63,146.47,107Y12M
10014,臺東縣,10014010,臺東市,10014010-038,豐榮里,92.56,2.53,5539.05,29.45,13.09,16.36,125.03,107Y12M
10014,臺東縣,10014010,臺東市,10014010-033,豐樂里,105.07,3.09,764.46,39.67,19.64,20.03,102,107Y12M
10014,臺東縣,10014010,臺東市,10014010-009,寶桑里,100.19,2.49,1259.49,42.05,17.7,24.34,137.5,107Y12M
10014,臺東縣,10014010,臺東市,10014010-028,鐵花里,94.51,2.29,5485.55,40.12,7.6,32.52,428,107Y12M
10014,臺東縣,10014030,關山鎮,10014030-004,中福里,102.51,2.79,6189.42,47.11,16.87,30.24,179.28,107Y12M
10014,臺東縣,10014030,關山鎮,10014030-007,月眉里,123.97,2.54,79.36,38.03,11.88,26.15,220,107Y12M
10014,臺東縣,10014030,關山鎮,10014030-005,里里,97.73,2.76,390.74,44.27,17.59,26.68,151.64,107Y12M
10014,臺東縣,10014030,關山鎮,10014030-003,新福里,114.14,2.7,136.12,40.46,16.26,24.19,148.76,107Y12M
10014,臺東縣,10014030,關山鎮,10014030-006,電光里,138.37,2.75,30.31,45.73,15.17,30.57,201.56,107Y12M
10014,臺東縣,10014030,關山鎮,10014030-001,德高里,111.38,2.77,126.55,44.91,11.63,33.28,286.18,107Y12M
10014,臺東縣,10014030,關山鎮,10014030-002,豐泉里,99.27,2.9,726.82,41.8,18.57,23.24,125.14,107Y12M
10014,臺東縣,10014160,蘭嶼鄉,10014160-001,東清村,97.96,2.95,89.31,28.1,19.67,8.43,42.86,107Y12M
10014,臺東縣,10014160,蘭嶼鄉,10014160-003,紅頭村,106.33,2.51,123.23,27.01,15.84,11.17,70.49,107Y12M
10014,臺東縣,10014160,蘭嶼鄉,10014160-002,朗島村,97.69,2.79,97.61,29.36,19.75,9.6,48.61,107Y12M
10014,臺東縣,10014160,蘭嶼鄉,10014160-004,椰油村,105.67,2.78,147.39,30.68,21.72,8.95,41.21,107Y12M
10014,臺東縣,10014100,大武鄉,10014100-001,大竹村,114.18,2.45,44.86,37.3,15.99,21.32,133.33,108Y12M
10014,臺東縣,10014100,大武鄉,10014100-003,大武村,110.18,2.43,220.87,38,16.48,21.52,130.56,108Y12M
10014,臺東縣,10014100,大武鄉,10014100-002,大鳥村,121.38,2.5,69.6,33.64,17.38,16.26,93.57,108Y12M
10014,臺東縣,10014100,大武鄉,10014100-004,尚武村,102.49,2.33,170.7,35.35,9.54,25.81,270.64,108Y12M
10014,臺東縣,10014100,大武鄉,10014100-005,南興村,106.12,2.16,73.15,30.89,11.02,19.87,180.39,108Y12M
10014,臺東縣,10014090,太麻里鄉,10014090-002,三和村,118.09,2.38,90.41,39.87,10.97,28.9,263.46,108Y12M
10014,臺東縣,10014090,太麻里鄉,10014090-006,大王村,111.19,2.29,190.41,44.54,14.89,29.65,199.05,108Y12M
10014,臺東縣,10014090,太麻里鄉,10014090-004,北里村,141.51,2.11,219.73,42.54,13.14,29.4,223.73,108Y12M
10014,臺東縣,10014090,太麻里鄉,10014090-009,多良村,110.64,2.19,48.78,37.12,15.56,21.57,138.66,108Y12M
10014,臺東縣,10014090,太麻里鄉,10014090-008,金崙村,109,2.31,90.18,32.42,14.23,18.19,127.83,108Y12M
10014,臺東縣,10014090,太麻里鄉,10014090-001,美和村,108.6,2.67,118.57,38.74,13.13,25.61,195,108Y12M
10014,臺東縣,10014090,太麻里鄉,10014090-007,香蘭村,123.68,2.38,95.42,41.85,11.18,30.67,274.29,108Y12M
10014,臺東縣,10014090,太麻里鄉,10014090-005,泰和村,103.43,2.31,479.43,42.74,13.98,28.76,205.73,108Y12M
10014,臺東縣,10014090,太麻里鄉,10014090-003,華源村,122.18,2.05,50.73,52.46,6.56,45.9,700,108Y12M
10014,臺東縣,10014020,成功鎮,10014020-003,三仙里,126.79,2.5,48.51,37.44,12.24,25.2,205.8,108Y12M
10014,臺東縣,10014020,成功鎮,10014020-004,三民里,106.44,2.67,282.7,37.37,11.71,25.66,219.07,108Y12M
10014,臺東縣,10014020,成功鎮,10014020-007,和平里,120.11,2.21,62.95,47.29,8.6,38.69,450,108Y12M
10014,臺東縣,10014020,成功鎮,10014020-006,忠仁里,108.39,2.73,316.89,41.27,14.81,26.46,178.71,108Y12M
10014,臺東縣,10014020,成功鎮,10014020-002,忠孝里,98.87,2.23,26.88,45.1,10.9,34.21,313.92,108Y12M
10014,臺東縣,10014020,成功鎮,10014020-005,忠智里,103.12,2.9,5905.29,47.93,18.62,29.31,157.35,108Y12M
10014,臺東縣,10014020,成功鎮,10014020-008,信義里,117.66,2.5,85.58,41.26,10.32,30.95,300,108Y12M
10014,臺東縣,10014020,成功鎮,10014020-001,博愛里,131.43,2.08,36.11,48.28,5.49,42.79,779.17,108Y12M
10014,臺東縣,10014060,池上鄉,10014060-003,大坡村,119.88,2.48,40.15,48.12,12.13,35.98,296.55,108Y12M
10014,臺東縣,10014060,池上鄉,10014060-004,大埔村,101.13,2.74,498.4,47.43,12.44,34.99,281.33,108Y12M
10014,臺東縣,10014060,池上鄉,10014060-010,振興村,117.41,2.52,32.65,39.54,11.75,27.79,236.59,108Y12M
10014,臺東縣,10014060,池上鄉,10014060-009,富興村,128.5,2.56,25.16,43.65,12.05,31.6,262.16,108Y12M
10014,臺東縣,10014060,池上鄉,10014060-007,新興村,125.42,2.47,88.64,45.29,11.13,34.16,306.94,108Y12M
10014,臺東縣,10014060,池上鄉,10014060-008,萬安村,105.88,2.4,75.9,60.55,16.06,44.5,277.14,108Y12M
10014,臺東縣,10014060,池上鄉,10014060-001,福文村,108.52,2.52,153.77,43.63,14.17,29.46,207.81,108Y12M
10014,臺東縣,10014060,池上鄉,10014060-005,福原村,91.16,2.59,1469.01,45.3,17.4,27.9,160.29,108Y12M
10014,臺東縣,10014060,池上鄉,10014060-002,慶豐村,109.77,2.67,329.41,42.86,10.57,32.29,305.56,108Y12M
10014,臺東縣,10014060,池上鄉,10014060-006,錦園村,118.29,2.4,43.57,46.36,11.11,35.25,317.24,108Y12M
10014,臺東縣,10014040,卑南鄉,10014040-010,太平村,102.96,2.53,546.59,29.68,12.1,17.59,145.4,108Y12M
10014,臺東縣,10014040,卑南鄉,10014040-002,利吉村,116.07,2.41,35.24,44.48,10.75,33.73,313.89,108Y12M
10014,臺東縣,10014040,卑南鄉,10014040-011,利嘉村,108.94,2.75,27.25,34.98,14.18,20.8,146.67,108Y12M
10014,臺東縣,10014040,卑南鄉,10014040-005,明峰村,120.85,2.51,59.67,45.26,13.04,32.22,247.01,108Y12M
10014,臺東縣,10014040,卑南鄉,10014040-012,東興村,112.31,2.69,15.35,29.44,14.53,14.91,102.61,108Y12M
10014,臺東縣,10014040,卑南鄉,10014040-006,初鹿村,108.55,2.7,142.97,40.8,13.21,27.59,208.89,108Y12M
10014,臺東縣,10014040,卑南鄉,10014040-007,美農村,121.96,2.28,96.11,40.87,10.89,29.98,275.27,108Y12M
10014,臺東縣,10014040,卑南鄉,10014040-009,泰安村,105.86,2.55,48.8,34,17.85,16.15,90.45,108Y12M
10014,臺東縣,10014040,卑南鄉,10014040-003,富山村,127.35,2.25,75.94,38.54,12.5,26.04,208.33,108Y12M
10014,臺東縣,10014040,卑南鄉,10014040-004,富源村,144.52,2.23,19.46,50.63,6.33,44.3,700,108Y12M
10014,臺東縣,10014040,卑南鄉,10014040-013,溫泉村,115.37,2.3,8.62,54.36,18.4,35.96,195.39,108Y12M
10014,臺東縣,10014040,卑南鄉,10014040-001,嘉豐村,120.33,2.54,56.4,36.87,13.89,22.98,165.45,108Y12M
10014,臺東縣,10014040,卑南鄉,10014040-008,賓朗村,106.22,2.62,171.64,40.04,12.4,27.64,222.87,108Y12M
10014,臺東縣,10014130,延平鄉,10014130-002,永康村,115.91,3.22,10.67,31.03,21.72,9.31,42.86,108Y12M
10014,臺東縣,10014130,延平鄉,10014130-001,武陵村,117.54,3.2,46.74,31.66,20.11,11.55,57.41,108Y12M
10014,臺東縣,10014130,延平鄉,10014130-003,紅葉村,123.79,3.5,1.55,32.29,19.27,13.02,67.57,108Y12M
10014,臺東縣,10014130,延平鄉,10014130-005,桃源村,113.4,3.46,16.45,31.71,20.57,11.13,54.12,108Y12M
10014,臺東縣,10014130,延平鄉,10014130-004,鸞山村,112.39,3.2,26.83,31.65,17.23,14.42,83.7,108Y12M
10014,臺東縣,10014070,東河鄉,10014070-001,北源村,168.97,1.94,29.75,39.97,7.83,32.14,410.42,108Y12M
10014,臺東縣,10014070,東河鄉,10014070-004,尚德村,135.77,2.28,10.37,44.28,12.44,31.84,256,108Y12M
10014,臺東縣,10014070,東河鄉,10014070-003,東河村,117,2.38,105.11,44.28,10.51,33.78,321.52,108Y12M
10014,臺東縣,10014070,東河鄉,10014070-002,泰源村,113.56,2.53,22.02,42.07,11.96,30.11,251.82,108Y12M
10014,臺東縣,10014070,東河鄉,10014070-007,都蘭村,112.15,2.36,72.95,44.34,12.61,31.72,251.46,108Y12M
10014,臺東縣,10014070,東河鄉,10014070-005,隆昌村,106.27,2.18,60.72,51.02,9.69,41.33,426.32,108Y12M
10014,臺東縣,10014070,東河鄉,10014070-006,興昌村,115.02,1.98,56.45,55.35,11.94,43.41,363.64,108Y12M
10014,臺東縣,10014140,金峰鄉,10014140-002,正興村,97.55,3.26,3589.66,30.29,16.85,13.44,79.79,108Y12M
10014,臺東縣,10014140,金峰鄉,10014140-001,新興村,105.79,3.35,116.3,31.42,21.56,9.86,45.71,108Y12M
10014,臺東縣,10014140,金峰鄉,10014140-003,嘉蘭村,100.79,3.21,8.24,33.22,20.96,12.26,58.51,108Y12M
10014,臺東縣,10014140,金峰鄉,10014140-004,賓茂村,120.88,2.85,2830.95,36.73,19.73,17.01,86.21,108Y12M
10014,臺東縣,10014140,金峰鄉,10014140-005,歷坵村,95.15,3.19,2.05,35.81,19.93,15.88,79.66,108Y12M
10014,臺東縣,10014080,長濱鄉,10014080-002,三間村,139.74,2.37,36.9,52.61,11.05,41.57,376.34,108Y12M
10014,臺東縣,10014080,長濱鄉,10014080-005,竹湖村,122.4,2.49,56.56,44.77,10.31,34.46,334.29,108Y12M
10014,臺東縣,10014080,長濱鄉,10014080-003,忠勇村,155.46,2.61,29.52,46.15,14.66,31.49,214.75,108Y12M
10014,臺東縣,10014080,長濱鄉,10014080-004,長濱村,119.74,2.55,220.21,43.74,12.39,31.34,252.88,108Y12M
10014,臺東縣,10014080,長濱鄉,10014080-006,寧埔村,140.87,2.25,35.26,42.75,8.15,34.6,424.66,108Y12M
10014,臺東縣,10014080,長濱鄉,10014080-001,樟原村,119.19,2.28,21.9,51.04,8.35,42.69,511.11,108Y12M
10014,臺東縣,10014120,海端鄉,10014120-006,加拿村,128.52,3.9,3.65,30.09,21,9.09,43.3,108Y12M
10014,臺東縣,10014120,海端鄉,10014120-003,利稻村,106.33,4.08,0.87,35.27,24.07,11.2,46.55,108Y12M
10014,臺東縣,10014120,海端鄉,10014120-005,崁頂村,126.52,3.48,6.89,35.82,24.33,11.49,47.24,108Y12M
10014,臺東縣,10014120,海端鄉,10014120-004,海端村,115.62,3.92,44.3,33.3,20.98,12.32,58.73,108Y12M
10014,臺東縣,10014120,海端鄉,10014120-001,廣原村,103.16,3.81,31.49,38.25,26.65,11.6,43.55,108Y12M
10014,臺東縣,10014120,海端鄉,10014120-002,霧鹿村,105.16,3.49,1.65,38.86,24.45,14.41,58.93,108Y12M
10014,臺東縣,10014050,鹿野鄉,10014050-004,永安村,120.03,2.59,116.48,36.17,11.89,24.28,204.26,108Y12M
10014,臺東縣,10014050,鹿野鄉,10014050-006,鹿野村,103.01,2.53,140.26,43.67,12.19,31.48,258.25,108Y12M
10014,臺東縣,10014050,鹿野鄉,10014050-001,瑞和村,112.03,2.78,41.4,39.62,11.7,27.92,238.71,108Y12M
10014,臺東縣,10014050,鹿野鄉,10014050-005,瑞隆村,114.89,2.51,78.3,42.66,12.15,30.51,251.16,108Y12M
10014,臺東縣,10014050,鹿野鄉,10014050-003,瑞源村,101.64,2.61,67.26,46.57,14.03,32.54,231.91,108Y12M
10014,臺東縣,10014050,鹿野鄉,10014050-002,瑞豐村,115.47,2.47,154.51,40.88,8.12,32.76,403.51,108Y12M
10014,臺東縣,10014050,鹿野鄉,10014050-007,龍田村,114.36,2.5,218.98,47.59,13.72,33.87,246.85,108Y12M
10014,臺東縣,10014150,達仁鄉,10014150-002,土村,115.5,2.96,11.43,27.83,15.24,12.59,82.64,108Y12M
10014,臺東縣,10014150,達仁鄉,10014150-001,台村,116.88,2.53,32.58,35.55,15.43,20.12,130.38,108Y12M
10014,臺東縣,10014150,達仁鄉,10014150-004,安朔村,122.6,2.08,11.89,32.11,13.82,18.29,132.35,108Y12M
10014,臺東縣,10014150,達仁鄉,10014150-006,南田村,103.85,2.29,18.58,20,8.3,11.7,140.91,108Y12M
10014,臺東縣,10014150,達仁鄉,10014150-005,森永村,120.69,2.21,31.09,29.86,13.04,16.81,128.89,108Y12M
10014,臺東縣,10014150,達仁鄉,10014150-003,新化村,130.86,2.48,3.01,36.5,14.23,22.26,156.41,108Y12M
10014,臺東縣,10014110,綠島鄉,10014110-002,中寮村,112.01,3.56,710.15,30.15,14.64,15.51,105.93,108Y12M
10014,臺東縣,10014110,綠島鄉,10014110-001,公館村,128.92,3.44,111.62,29.55,15,14.55,96.97,108Y12M
10014,臺東縣,10014110,綠島鄉,10014110-003,南寮村,103.22,3.54,388.47,27.24,12.46,14.78,118.56,108Y12M
10014,臺東縣,10014010,臺東市,10014010-021,大同里,91.01,2.47,11752.02,41.43,12.31,29.12,236.49,108Y12M
10014,臺東縣,10014010,臺東市,10014010-024,中山里,93.16,2.72,17029.12,72.6,37.52,35.08,93.49,108Y12M
10014,臺東縣,10014010,臺東市,10014010-011,中心里,98.27,2.98,11396.67,57.02,36.21,20.81,57.46,108Y12M
10014,臺東縣,10014010,臺東市,10014010-020,中正里,100.24,2.29,7072.39,46.98,5.18,41.8,806.67,108Y12M
10014,臺東縣,10014010,臺東市,10014010-015,中華里,100.21,2.54,2442.61,39.67,14.07,25.6,181.96,108Y12M
10014,臺東縣,10014010,臺東市,10014010-019,仁愛里,107.92,2.38,9355.67,38.73,9.51,29.23,307.41,108Y12M
10014,臺東縣,10014010,臺東市,10014010-023,文化里,102.82,2.6,7494.31,83.74,61.16,22.58,36.92,108Y12M
10014,臺東縣,10014010,臺東市,10014010-014,四維里,113.14,2.6,1868.32,44.02,20.11,23.91,118.92,108Y12M
10014,臺東縣,10014010,臺東市,10014010-008,民生里,94.86,2.41,9694.51,39.68,12.12,27.56,227.45,108Y12M
10014,臺東縣,10014010,臺東市,10014010-013,民族里,96.98,3.33,8651.18,89.19,66.21,22.98,34.71,108Y12M
10014,臺東縣,10014010,臺東市,10014010-018,民權里,110.85,2.5,6871.45,39.38,15.61,23.77,152.25,108Y12M
10014,臺東縣,10014010,臺東市,10014010-034,永樂里,105.22,2.98,1035.17,39.34,23.29,16.05,68.9,108Y12M
10014,臺東縣,10014010,臺東市,10014010-032,光明里,83.41,2.57,3735.81,40.52,26.39,14.13,53.55,108Y12M
10014,臺東縣,10014010,臺東市,10014010-022,成功里,102.98,2.35,5676.1,40.7,13.51,27.19,201.18,108Y12M
10014,臺東縣,10014010,臺東市,10014010-012,自強里,91.76,2.87,12428.74,55.31,32.33,22.98,71.1,108Y12M
10014,臺東縣,10014010,臺東市,10014010-005,卑南里,98.92,2.55,2083.5,29.58,9.9,19.68,198.75,108Y12M
10014,臺東縣,10014010,臺東市,10014010-003,岩灣里,107.16,2.15,883.88,26.6,8.17,18.43,225.48,108Y12M
10014,臺東縣,10014010,臺東市,10014010-036,東海里,92.81,2.64,4411.81,49.49,28.42,21.07,74.15,108Y12M
10014,臺東縣,10014010,臺東市,10014010-045,知本里,101.42,2.59,307.84,36.09,14.17,21.91,154.6,108Y12M
10014,臺東縣,10014010,臺東市,10014010-004,南王里,104.87,2.61,793.31,31.41,10.91,20.5,187.84,108Y12M
10014,臺東縣,10014010,臺東市,10014010-006,南榮里,108.82,2.7,628.21,36.32,13.16,23.16,175.93,108Y12M
10014,臺東縣,10014010,臺東市,10014010-042,建和里,109.7,2.65,303.54,40.23,14.64,25.59,174.85,108Y12M
10014,臺東縣,10014010,臺東市,10014010-017,建國里,106.08,2.37,817.72,38.93,10.34,28.59,276.42,108Y12M
10014,臺東縣,10014010,臺東市,10014010-044,建業里,104.72,2.58,1147.35,37.43,11.27,26.16,232.23,108Y12M
10014,臺東縣,10014010,臺東市,10014010-046,建農里,109.98,2.64,132.96,30.28,13.01,17.27,132.75,108Y12M
10014,臺東縣,10014010,臺東市,10014010-043,建興里,104.39,2.52,445.38,35.09,8.18,26.91,329.03,108Y12M
10014,臺東縣,10014010,臺東市,10014010-010,馬蘭里,89.28,3.05,10018.83,63.61,41.76,21.84,52.3,108Y12M
10014,臺東縣,10014010,臺東市,10014010-035,康樂里,117.15,2.67,161.89,34.72,17.19,17.53,101.98,108Y12M
10014,臺東縣,10014010,臺東市,10014010-016,強國里,107.4,2.56,7514.12,35.85,11.82,24.03,203.28,108Y12M
10014,臺東縣,10014010,臺東市,10014010-001,富岡里,112.13,2.56,314.36,38.53,11.26,27.27,242.22,108Y12M
10014,臺東縣,10014010,臺東市,10014010-002,富豐里,116.3,2.48,106.13,35.56,14.31,21.25,148.57,108Y12M
10014,臺東縣,10014010,臺東市,10014010-025,復國里,105.23,2.28,5768.7,37.81,12.81,25,195.16,108Y12M
10014,臺東縣,10014010,臺東市,10014010-027,復興里,104.17,2.44,3237.91,40.4,15.76,24.64,156.36,108Y12M
10014,臺東縣,10014010,臺東市,10014010-007,新生里,94.09,2.45,3253.86,32.09,12.01,20.08,167.25,108Y12M
10014,臺東縣,10014010,臺東市,10014010-029,新園里,116.34,2.45,512.64,33.07,12.54,20.53,163.64,108Y12M
10014,臺東縣,10014010,臺東市,10014010-037,新興里,93.53,2.32,1225.01,40.3,11.91,28.39,238.3,108Y12M
10014,臺東縣,10014010,臺東市,10014010-026,興國里,92.32,2.91,18602.71,70.88,41.6,29.28,70.4,108Y12M
10014,臺東縣,10014010,臺東市,10014010-030,豐田里,99.83,2.72,540.85,38.32,16.58,21.74,131.12,108Y12M
10014,臺東縣,10014010,臺東市,10014010-031,豐年里,104.81,2.54,1171.44,30.81,13.29,17.52,131.83,108Y12M
10014,臺東縣,10014010,臺東市,10014010-039,豐谷里,101.92,2.79,2189.99,32.56,12.6,19.96,158.47,108Y12M
10014,臺東縣,10014010,臺東市,10014010-040,豐里里,106.57,2.86,778.36,34.3,13.69,20.61,150.54,108Y12M
10014,臺東縣,10014010,臺東市,10014010-041,豐原里,117.3,2.91,191.34,41.89,15.81,26.08,164.94,108Y12M
10014,臺東縣,10014010,臺東市,10014010-038,豐榮里,92.6,2.52,5537.87,29.9,12.5,17.41,139.29,108Y12M
10014,臺東縣,10014010,臺東市,10014010-033,豐樂里,102.15,3.07,766.61,39.08,18.56,20.51,110.5,108Y12M
10014,臺東縣,10014010,臺東市,10014010-009,寶桑里,100,2.52,1233.74,43.1,17.78,25.32,142.4,108Y12M
10014,臺東縣,10014010,臺東市,10014010-028,鐵花里,89.61,2.21,5211.87,41.75,7.12,34.63,486.36,108Y12M
10014,臺東縣,10014030,關山鎮,10014030-004,中福里,101.51,2.73,5978.41,50.56,17.23,33.33,193.46,108Y12M
10014,臺東縣,10014030,關山鎮,10014030-007,月眉里,123.88,2.45,77.8,39.58,11.21,28.37,253.13,108Y12M
10014,臺東縣,10014030,關山鎮,10014030-005,里里,97.67,2.67,380.98,44.73,17.06,27.67,162.17,108Y12M
10014,臺東縣,10014030,關山鎮,10014030-003,新福里,113.14,2.61,135.21,40.84,16.28,24.56,150.83,108Y12M
10014,臺東縣,10014030,關山鎮,10014030-006,電光里,136.22,2.68,29.57,45.28,12.11,33.17,274,108Y12M
10014,臺東縣,10014030,關山鎮,10014030-001,德高里,109.24,2.7,127.08,44.97,11.43,33.54,293.33,108Y12M
10014,臺東縣,10014030,關山鎮,10014030-002,豐泉里,97.66,2.83,718.85,42.47,18.55,23.92,128.98,108Y12M
10014,臺東縣,10014160,蘭嶼鄉,10014160-001,東清村,98.85,2.93,89.6,27.88,19.41,8.47,43.64,108Y12M
10014,臺東縣,10014160,蘭嶼鄉,10014160-003,紅頭村,107.64,2.47,123.31,26.77,15.11,11.66,77.14,108Y12M
10014,臺東縣,10014160,蘭嶼鄉,10014160-002,朗島村,95.78,2.79,96.05,28.18,18.51,9.67,52.24,108Y12M
10014,臺東縣,10014160,蘭嶼鄉,10014160-004,椰油村,104.88,2.72,144.8,31.4,21.68,9.72,44.85,108Y12M
10014,臺東縣,10014010,臺東市,10014010-001,富岡里,112.95,2.56,314.36,39.35,11.07,28.27,255.3,109Y03M
10014,臺東縣,10014010,臺東市,10014010-002,富豐里,117.83,2.49,106.87,36.89,15.3,21.58,141.07,109Y03M
10014,臺東縣,10014010,臺東市,10014010-003,岩灣里,107.6,2.15,893.33,27.09,8.53,18.56,217.58,109Y03M
10014,臺東縣,10014010,臺東市,10014010-004,南王里,105.91,2.62,800.54,31.7,11.05,20.65,186.92,109Y03M
10014,臺東縣,10014010,臺東市,10014010-005,卑南里,97.05,2.55,2083.5,29.53,9.81,19.71,200.84,109Y03M
10014,臺東縣,10014010,臺東市,10014010-006,南榮里,108.7,2.71,631.7,36.84,13.32,23.52,176.59,109Y03M
10014,臺東縣,10014010,臺東市,10014010-007,新生里,93.92,2.46,3269.5,32.93,12.29,20.64,167.96,109Y03M
10014,臺東縣,10014010,臺東市,10014010-008,民生里,95.02,2.41,9686.27,40.4,12.39,28.01,226.05,109Y03M
10014,臺東縣,10014010,臺東市,10014010-009,寶桑里,101.42,2.49,1220.25,41.54,16.22,25.32,156.14,109Y03M
10014,臺東縣,10014010,臺東市,10014010-010,馬蘭里,89.21,3.05,9900.96,64.71,42.23,22.48,53.24,109Y03M
10014,臺東縣,10014010,臺東市,10014010-011,中心里,97.94,2.97,11421.52,57.48,36.66,20.82,56.8,109Y03M
10014,臺東縣,10014010,臺東市,10014010-012,自強里,91.85,2.83,12354.42,55.56,32.19,23.36,72.57,109Y03M
10014,臺東縣,10014010,臺東市,10014010-013,民族里,95.46,3.31,8570.05,90.65,67.27,23.38,34.76,109Y03M
10014,臺東縣,10014010,臺東市,10014010-014,四維里,111.02,2.57,1844.81,43.77,19.6,24.18,123.36,109Y03M
10014,臺東縣,10014010,臺東市,10014010-015,中華里,98.36,2.57,2457.83,39.52,13.75,25.77,187.43,109Y03M
10014,臺東縣,10014010,臺東市,10014010-016,強國里,104.05,2.6,7567.72,38.98,12.99,25.98,200,109Y03M
10014,臺東縣,10014010,臺東市,10014010-017,建國里,104.93,2.36,810.83,40.22,10.43,29.79,285.71,109Y03M
10014,臺東縣,10014010,臺東市,10014010-018,民權里,111.37,2.49,6829.84,39.91,15.34,24.57,160.19,109Y03M
10014,臺東縣,10014010,臺東市,10014010-019,仁愛里,108.18,2.4,9367.54,40.39,10.32,30.07,291.38,109Y03M
10014,臺東縣,10014010,臺東市,10014010-020,中正里,100.71,2.28,7022.53,48.25,5.44,42.81,787.1,109Y03M
10014,臺東縣,10014010,臺東市,10014010-021,大同里,93.38,2.48,11710.54,42.59,12.79,29.8,232.89,109Y03M
10014,臺東縣,10014010,臺東市,10014010-022,成功里,103.46,2.36,5650.44,40.51,12.92,27.59,213.58,109Y03M
10014,臺東縣,10014010,臺東市,10014010-023,文化里,106.02,2.58,7510.76,83.16,60.56,22.59,37.31,109Y03M
10014,臺東縣,10014010,臺東市,10014010-024,中山里,92.55,2.7,16908.59,74.11,38.48,35.64,92.63,109Y03M
10014,臺東縣,10014010,臺東市,10014010-025,復國里,104.89,2.29,5794.64,37.3,12.3,25,203.33,109Y03M
10014,臺東縣,10014010,臺東市,10014010-026,興國里,93.36,2.86,18457.8,70.69,41.04,29.65,72.24,109Y03M
10014,臺東縣,10014010,臺東市,10014010-027,復興里,104.68,2.44,3178.44,39.42,15.07,24.35,161.54,109Y03M
10014,臺東縣,10014010,臺東市,10014010-028,鐵花里,90.67,2.17,5104.77,40.66,6.23,34.43,552.63,109Y03M
10014,臺東縣,10014010,臺東市,10014010-029,新園里,116.22,2.44,512.36,32.06,11.61,20.45,176.22,109Y03M
10014,臺東縣,10014010,臺東市,10014010-030,豐田里,98.26,2.71,542.43,37.45,15.85,21.6,136.23,109Y03M
10014,臺東縣,10014010,臺東市,10014010-031,豐年里,105.28,2.54,1174.12,31.56,13.64,17.92,131.4,109Y03M
10014,臺東縣,10014010,臺東市,10014010-032,光明里,83,2.55,3745.78,40.95,26.56,14.39,54.16,109Y03M
10014,臺東縣,10014010,臺東市,10014010-033,豐樂里,100.79,3.09,766.61,40.28,19.43,20.85,107.29,109Y03M
10014,臺東縣,10014010,臺東市,10014010-034,永樂里,105.8,2.98,1030.91,38.91,22.69,16.22,71.49,109Y03M
10014,臺東縣,10014010,臺東市,10014010-035,康樂里,117.01,2.66,161.79,34.87,17.31,17.56,101.48,109Y03M
10014,臺東縣,10014010,臺東市,10014010-036,東海里,92.7,2.62,4378.16,49.68,28.04,21.64,77.2,109Y03M
10014,臺東縣,10014010,臺東市,10014010-037,新興里,93.25,2.31,1203.99,40.57,11.76,28.81,245.05,109Y03M
10014,臺東縣,10014010,臺東市,10014010-038,豐榮里,92.87,2.52,5533.14,30.3,12.53,17.77,141.78,109Y03M
10014,臺東縣,10014010,臺東市,10014010-039,豐谷里,102.13,2.78,2181.09,33.18,12.84,20.34,158.38,109Y03M
10014,臺東縣,10014010,臺東市,10014010-040,豐里里,106.21,2.85,774.66,34.32,13.61,20.71,152.17,109Y03M
10014,臺東縣,10014010,臺東市,10014010-041,豐原里,118.2,2.89,190.92,42.02,15.65,26.36,168.42,109Y03M
10014,臺東縣,10014010,臺東市,10014010-042,建和里,109.96,2.63,303.92,41.52,15.02,26.5,176.47,109Y03M
10014,臺東縣,10014010,臺東市,10014010-043,建興里,102.95,2.53,448.42,34.6,7.83,26.76,341.67,109Y03M
10014,臺東縣,10014010,臺東市,10014010-044,建業里,104.3,2.57,1145.02,38.7,11.49,27.21,236.89,109Y03M
10014,臺東縣,10014010,臺東市,10014010-045,知本里,101.04,2.57,305.28,36.62,13.73,22.89,166.67,109Y03M
10014,臺東縣,10014010,臺東市,10014010-046,建農里,109.81,2.63,132.73,30.95,12.99,17.96,138.33,109Y03M
10014,臺東縣,10014020,成功鎮,10014020-001,博愛里,132.85,2.07,35.95,47.6,5.72,41.88,732,109Y03M
10014,臺東縣,10014020,成功鎮,10014020-002,忠孝里,98.66,2.21,26.6,46.62,11.27,35.35,313.75,109Y03M
10014,臺東縣,10014020,成功鎮,10014020-003,三仙里,127.87,2.48,47.88,38.12,12.01,26.11,217.29,109Y03M
10014,臺東縣,10014020,成功鎮,10014020-004,三民里,105.93,2.67,283.36,37.82,11.68,26.14,223.83,109Y03M
10014,臺東縣,10014020,成功鎮,10014020-005,忠智里,102.39,2.88,5867.98,47.49,18.22,29.27,160.66,109Y03M
10014,臺東縣,10014020,成功鎮,10014020-006,忠仁里,108.35,2.73,315.24,41.98,15.02,26.96,179.55,109Y03M
10014,臺東縣,10014020,成功鎮,10014020-007,和平里,122.06,2.18,61.91,47.34,8.37,38.97,465.91,109Y03M
10014,臺東縣,10014020,成功鎮,10014020-008,信義里,117.56,2.48,84.97,40.66,9.84,30.82,313.14,109Y03M
10014,臺東縣,10014030,關山鎮,10014030-001,德高里,109.62,2.68,126.61,45.77,11.85,33.92,286.36,109Y03M
10014,臺東縣,10014030,關山鎮,10014030-002,豐泉里,97.38,2.83,719.91,42.68,19.18,23.5,122.53,109Y03M
10014,臺東縣,10014030,關山鎮,10014030-003,新福里,113.17,2.62,134.95,40.95,16.6,24.35,146.72,109Y03M
10014,臺東縣,10014030,關山鎮,10014030-004,中福里,103.28,2.74,5952.84,50.65,16.67,33.98,203.88,109Y03M
10014,臺東縣,10014030,關山鎮,10014030-005,里壠里,96.67,2.66,380.98,44.84,17.15,27.69,161.47,109Y03M
10014,臺東縣,10014030,關山鎮,10014030-006,電光里,133.2,2.65,29.42,45.97,12.71,33.25,261.54,109Y03M
10014,臺東縣,10014030,關山鎮,10014030-007,月眉里,123.66,2.44,77.51,40.28,11.48,28.8,250.77,109Y03M
10014,臺東縣,10014040,卑南鄉,10014040-001,嘉豐村,119.92,2.53,56.3,38.36,14.32,24.04,167.86,109Y03M
10014,臺東縣,10014040,卑南鄉,10014040-002,利吉村,116.07,2.4,35.24,45.35,11.11,34.23,308.11,109Y03M
10014,臺東縣,10014040,卑南鄉,10014040-003,富山村,127.23,2.23,76.22,38.34,12.69,25.65,202.04,109Y03M
10014,臺東縣,10014040,卑南鄉,10014040-004,富源村,142.47,2.23,19.3,51.93,6.44,45.49,706.67,109Y03M
10014,臺東縣,10014040,卑南鄉,10014040-005,明峰村,122.18,2.53,59.63,44.51,12.21,32.3,264.55,109Y03M
10014,臺東縣,10014040,卑南鄉,10014040-006,初鹿村,109.41,2.74,143.77,40.9,13.24,27.65,208.82,109Y03M
10014,臺東縣,10014040,卑南鄉,10014040-007,美農村,122.68,2.29,95.71,41.11,10.84,30.27,279.35,109Y03M
10014,臺東縣,10014040,卑南鄉,10014040-008,賓朗村,106.19,2.63,172.45,39.7,12.09,27.61,228.31,109Y03M
10014,臺東縣,10014040,卑南鄉,10014040-009,泰安村,105.72,2.56,48.61,34.17,17.64,16.53,93.71,109Y03M
10014,臺東縣,10014040,卑南鄉,10014040-010,太平村,102.78,2.53,547.37,29.68,11.93,17.75,148.76,109Y03M
10014,臺東縣,10014040,卑南鄉,10014040-011,利嘉村,109.12,2.73,27.23,35.3,14.12,21.18,150,109Y03M
10014,臺東縣,10014040,卑南鄉,10014040-012,東興村,111.91,2.7,15.23,29.38,14.64,14.74,100.65,109Y03M
10014,臺東縣,10014040,卑南鄉,10014040-013,溫泉村,117.91,2.26,8.47,52.43,16.3,36.13,221.64,109Y03M
10014,臺東縣,10014050,鹿野鄉,10014050-001,瑞和村,113.95,2.76,41.17,39.66,11.76,27.89,237.1,109Y03M
10014,臺東縣,10014050,鹿野鄉,10014050-002,瑞豐村,115.6,2.46,153.26,40.14,8,32.14,401.79,109Y03M
10014,臺東縣,10014050,鹿野鄉,10014050-003,瑞源村,100.41,2.59,66.31,46.67,13.18,33.48,254.02,109Y03M
10014,臺東縣,10014050,鹿野鄉,10014050-004,永安村,119.08,2.59,116.77,37.67,12.59,25.09,199.32,109Y03M
10014,臺東縣,10014050,鹿野鄉,10014050-005,瑞隆村,114.59,2.5,77.52,42.65,11.55,31.1,269.14,109Y03M
10014,臺東縣,10014050,鹿野鄉,10014050-006,鹿野村,104.38,2.49,140.26,43.16,11.32,31.84,281.25,109Y03M
10014,臺東縣,10014050,鹿野鄉,10014050-007,龍田村,115.27,2.48,217.15,48.74,13.57,35.18,259.26,109Y03M
10014,臺東縣,10014060,池上鄉,10014060-001,福文村,109.87,2.53,153.77,44.11,14.11,30,212.6,109Y03M
10014,臺東縣,10014060,池上鄉,10014060-002,慶豐村,109.74,2.67,330.31,43.81,11,32.81,298.21,109Y03M
10014,臺東縣,10014060,池上鄉,10014060-003,大坡村,118.4,2.47,40.37,50.21,12.66,37.55,296.67,109Y03M
10014,臺東縣,10014060,池上鄉,10014060-004,大埔村,102.74,2.73,497.84,49.24,13.45,35.8,266.25,109Y03M
10014,臺東縣,10014060,池上鄉,10014060-005,福原村,91.2,2.6,1475.48,45.94,17.59,28.34,161.09,109Y03M
10014,臺東縣,10014060,池上鄉,10014060-006,錦園村,116.29,2.41,43.92,48.65,12.74,35.91,281.82,109Y03M
10014,臺東縣,10014060,池上鄉,10014060-007,新興村,126.15,2.44,88.08,45.71,11.08,34.63,312.68,109Y03M
10014,臺東縣,10014060,池上鄉,10014060-008,萬安村,106.55,2.38,75.24,60.65,14.81,45.83,309.38,109Y03M
10014,臺東縣,10014060,池上鄉,10014060-009,富興村,130.21,2.57,25.22,43.97,12.7,31.27,246.15,109Y03M
10014,臺東縣,10014060,池上鄉,10014060-010,振興村,119.27,2.48,32.04,40.18,11.14,29.03,260.53,109Y03M
10014,臺東縣,10014070,東河鄉,10014070-001,北源村,169.07,1.94,29.72,40.72,8.13,32.59,401.01,109Y03M
10014,臺東縣,10014070,東河鄉,10014070-002,泰源村,111.82,2.51,21.74,42.38,11.81,30.57,258.88,109Y03M
10014,臺東縣,10014070,東河鄉,10014070-003,東河村,117.67,2.38,105.02,43.77,10.34,33.42,323.08,109Y03M
10014,臺東縣,10014070,東河鄉,10014070-004,尚德村,133.33,2.28,10.26,47.18,13.33,33.85,253.85,109Y03M
10014,臺東縣,10014070,東河鄉,10014070-005,隆昌村,106.74,2.18,59.79,51.04,9.59,41.45,432.43,109Y03M
10014,臺東縣,10014070,東河鄉,10014070-006,興昌村,115.27,2,56.39,54.24,11.56,42.68,369.33,109Y03M
10014,臺東縣,10014070,東河鄉,10014070-007,都蘭村,112.57,2.37,72.76,45.21,12.85,32.37,251.92,109Y03M
10014,臺東縣,10014080,長濱鄉,10014080-001,樟原村,121.36,2.28,21.96,51.16,8.8,42.36,481.58,109Y03M
10014,臺東縣,10014080,長濱鄉,10014080-002,三間村,140.71,2.37,36.84,52.01,11.02,41,372.04,109Y03M
10014,臺東縣,10014080,長濱鄉,10014080-003,忠勇村,154.62,2.61,29.42,47.09,14.32,32.77,228.81,109Y03M
10014,臺東縣,10014080,長濱鄉,10014080-004,長濱村,119.24,2.54,218.62,43.26,11.92,31.34,262.84,109Y03M
10014,臺東縣,10014080,長濱鄉,10014080-005,竹湖村,121.27,2.48,56.27,45.32,9.96,35.36,355.22,109Y03M
10014,臺東縣,10014080,長濱鄉,10014080-006,寧埔村,140.57,2.23,35.15,42.78,8.17,34.6,423.29,109Y03M
10014,臺東縣,10014090,太麻里鄉,10014090-001,美和村,110.14,2.67,117.93,38.9,13.22,25.68,194.29,109Y03M
10014,臺東縣,10014090,太麻里鄉,10014090-002,三和村,117.88,2.38,89.73,39.41,10.59,28.81,272,109Y03M
10014,臺東縣,10014090,太麻里鄉,10014090-003,華源村,120.41,2.03,50.5,53.19,6.38,46.81,733.33,109Y03M
10014,臺東縣,10014090,太麻里鄉,10014090-004,北里村,145.21,2.09,219.73,41.91,13.08,28.82,220.34,109Y03M
10014,臺東縣,10014090,太麻里鄉,10014090-005,泰和村,102.15,2.3,477.04,43.31,14.02,29.29,208.97,109Y03M
10014,臺東縣,10014090,太麻里鄉,10014090-006,大王村,111.73,2.29,190.5,44.71,14.62,30.09,205.83,109Y03M
10014,臺東縣,10014090,太麻里鄉,10014090-007,香蘭村,122.89,2.36,96.28,42.22,11.11,31.11,280,109Y03M
10014,臺東縣,10014090,太麻里鄉,10014090-008,金崙村,108.24,2.31,90.13,31.82,13.57,18.25,134.48,109Y03M
10014,臺東縣,10014090,太麻里鄉,10014090-009,多良村,109.8,2.19,48.78,37.84,15.9,21.94,138.02,109Y03M
10014,臺東縣,10014100,大武鄉,10014100-001,大竹村,113.79,2.42,44.45,37.78,16.03,21.75,135.64,109Y03M
10014,臺東縣,10014100,大武鄉,10014100-002,大鳥村,121.67,2.48,68.75,33.78,16.68,17.1,102.47,109Y03M
10014,臺東縣,10014100,大武鄉,10014100-003,大武村,108.54,2.42,218.23,37.62,16.17,21.44,132.57,109Y03M
10014,臺東縣,10014100,大武鄉,10014100-004,尚武村,101.05,2.32,168.6,36.06,9.8,26.27,268.18,109Y03M
10014,臺東縣,10014100,大武鄉,10014100-005,南興村,105.88,2.12,71.83,33.11,11.41,21.7,190.2,109Y03M
10014,臺東縣,10014110,綠島鄉,10014110-001,公館村,124.75,3.46,112.02,30.44,15.28,15.17,99.25,109Y03M
10014,臺東縣,10014110,綠島鄉,10014110-002,中寮村,112.19,3.54,700.69,28.98,13.51,15.47,114.52,109Y03M
10014,臺東縣,10014110,綠島鄉,10014110-003,南寮村,104.58,3.51,386.42,27.04,12.36,14.68,118.79,109Y03M
10014,臺東縣,10014120,海端鄉,10014120-001,廣原村,102.33,3.84,31.22,38.29,26.88,11.42,42.47,109Y03M
10014,臺東縣,10014120,海端鄉,10014120-002,霧鹿村,105.84,3.45,1.65,39.65,24.23,15.42,63.64,109Y03M
10014,臺東縣,10014120,海端鄉,10014120-003,利稻村,107.69,4.05,0.86,35,22.92,12.08,52.73,109Y03M
10014,臺東縣,10014120,海端鄉,10014120-004,海端村,115.19,3.93,43.89,32.08,19.76,12.32,62.36,109Y03M
10014,臺東縣,10014120,海端鄉,10014120-005,崁頂村,127.83,3.42,6.84,35.12,23.8,11.32,47.58,109Y03M
10014,臺東縣,10014120,海端鄉,10014120-006,加拿村,127.92,3.95,3.66,31.3,21.3,10,46.94,109Y03M
10014,臺東縣,10014130,延平鄉,10014130-001,武陵村,115.81,3.17,46.94,31.48,19.63,11.85,60.38,109Y03M
10014,臺東縣,10014130,延平鄉,10014130-002,永康村,114.12,3.18,10.64,31.6,22.57,9.03,40,109Y03M
10014,臺東縣,10014130,延平鄉,10014130-003,紅葉村,123.25,3.51,1.55,33.25,19.9,13.35,67.11,109Y03M
10014,臺東縣,10014130,延平鄉,10014130-004,鸞山村,114.77,3.17,26.63,33.72,18.2,15.52,85.26,109Y03M
10014,臺東縣,10014130,延平鄉,10014130-005,桃源村,112.98,3.44,16.31,31.24,20.36,10.87,53.4,109Y03M
10014,臺東縣,10014140,金峰鄉,10014140-001,新興村,104.47,3.35,116.3,32.51,22.15,10.35,46.73,109Y03M
10014,臺東縣,10014140,金峰鄉,10014140-002,正興村,97.28,3.3,3584.72,31.05,17.33,13.72,79.17,109Y03M
10014,臺東縣,10014140,金峰鄉,10014140-003,嘉蘭村,100.65,3.19,8.27,33.71,21.29,12.42,58.37,109Y03M
10014,臺東縣,10014140,金峰鄉,10014140-004,賓茂村,119.23,2.85,2809.82,35.25,18.31,16.95,92.59,109Y03M
10014,臺東縣,10014140,金峰鄉,10014140-005,歷坵村,95.57,3.13,2.03,35.49,18.77,16.72,89.09,109Y03M
10014,臺東縣,10014150,達仁鄉,10014150-001,台坂村,116.41,2.53,32.82,36.26,15.98,20.27,126.83,109Y03M
10014,臺東縣,10014150,達仁鄉,10014150-002,土坂村,116.03,2.91,11.38,28.46,15.12,13.34,88.24,109Y03M
10014,臺東縣,10014150,達仁鄉,10014150-003,新化村,128.05,2.48,3.01,37.5,14.71,22.79,155,109Y03M
10014,臺東縣,10014150,達仁鄉,10014150-004,安朔村,121.84,2.1,11.89,32.38,14.05,18.33,130.43,109Y03M
10014,臺東縣,10014150,達仁鄉,10014150-005,森永村,119.9,2.12,29.91,29.04,11.38,17.66,155.26,109Y03M
10014,臺東縣,10014150,達仁鄉,10014150-006,南田村,104.65,2.53,20.56,23.51,11.23,12.28,109.38,109Y03M
10014,臺東縣,10014160,蘭嶼鄉,10014160-001,東清村,98.85,2.88,89.83,27.47,19.22,8.26,42.98,109Y03M
10014,臺東縣,10014160,蘭嶼鄉,10014160-002,朗島村,94.74,2.79,95.74,28.65,18.22,10.43,57.25,109Y03M
10014,臺東縣,10014160,蘭嶼鄉,10014160-003,紅頭村,107.77,2.47,123.56,26.92,15.01,11.91,79.31,109Y03M
10014,臺東縣,10014160,蘭嶼鄉,10014160-004,椰油村,104.82,2.74,146.52,31.93,21.73,10.2,46.94,109Y03M
10014,臺東縣,10014010,臺東市,10014010-001,富岡里,112.6,2.59,316.25,41.01,12.07,28.95,239.86,109Y06M
10014,臺東縣,10014010,臺東市,10014010-002,富豐里,117.35,2.51,106.87,35.96,14.65,21.3,145.37,109Y06M
10014,臺東縣,10014010,臺東市,10014010-003,岩灣里,103.78,2.13,882.06,25.1,8.3,16.8,202.48,109Y06M
10014,臺東縣,10014010,臺東市,10014010-004,南王里,104.66,2.61,806.22,31.8,10.98,20.82,189.62,109Y06M
10014,臺東縣,10014010,臺東市,10014010-005,卑南里,97.54,2.55,2074.21,29.75,9.75,20,205.11,109Y06M
10014,臺東縣,10014010,臺東市,10014010-006,南榮里,108.1,2.7,633.76,37.34,13.06,24.29,186.01,109Y06M
10014,臺東縣,10014010,臺東市,10014010-007,新生里,93.73,2.44,3260.38,33.27,12.16,21.11,173.58,109Y06M
10014,臺東縣,10014010,臺東市,10014010-008,民生里,95.82,2.39,9667.03,41.08,12.47,28.6,229.26,109Y06M
10014,臺東縣,10014010,臺東市,10014010-009,寶桑里,102.44,2.48,1221.47,42.49,16.31,26.18,160.53,109Y06M
10014,臺東縣,10014010,臺東市,10014010-010,馬蘭里,88.67,3.04,9903.7,65.43,42.63,22.8,53.49,109Y06M
10014,臺東縣,10014010,臺東市,10014010-011,中心里,96.9,2.97,11416,57.64,36.52,21.12,57.83,109Y06M
10014,臺東縣,10014010,臺東市,10014010-012,自強里,92.68,2.83,12403.19,56.31,32.46,23.85,73.49,109Y06M
10014,臺東縣,10014010,臺東市,10014010-013,民族里,96.13,3.32,8592.17,90.98,67.38,23.61,35.04,109Y06M
10014,臺東縣,10014010,臺東市,10014010-014,四維里,111.2,2.53,1816.61,42.62,18.27,24.35,133.33,109Y06M
10014,臺東縣,10014010,臺東市,10014010-015,中華里,98.76,2.57,2445.14,39.61,13.98,25.63,183.42,109Y06M
10014,臺東縣,10014010,臺東市,10014010-016,強國里,106.14,2.57,7557,38.24,11.76,26.47,225,109Y06M
10014,臺東縣,10014010,臺東市,10014010-017,建國里,105.25,2.35,786.13,40.84,10.19,30.66,301.01,109Y06M
10014,臺東縣,10014010,臺東市,10014010-018,民權里,112.28,2.51,6711.97,39.48,14.99,24.5,163.46,109Y06M
10014,臺東縣,10014010,臺東市,10014010-019,仁愛里,108.71,2.4,9391.29,41,10.7,30.3,283.33,109Y06M
10014,臺東縣,10014010,臺東市,10014010-020,中正里,99.06,2.28,7030.84,47.9,5.07,42.83,844.83,109Y06M
10014,臺東縣,10014010,臺東市,10014010-021,大同里,91.69,2.51,11793.5,43.36,13.28,30.08,226.58,109Y06M
10014,臺東縣,10014010,臺東市,10014010-022,成功里,104.33,2.34,5753.06,39.94,13.1,26.83,204.76,109Y06M
10014,臺東縣,10014010,臺東市,10014010-023,文化里,113.07,2.65,7686.19,88.44,61.29,27.15,44.3,109Y06M
10014,臺東縣,10014010,臺東市,10014010-024,中山里,95.27,2.73,17046.34,76.47,40.11,36.36,90.67,109Y06M
10014,臺東縣,10014010,臺東市,10014010-025,復國里,105.2,2.27,5803.29,37.5,12.09,25.41,210.17,109Y06M
10014,臺東縣,10014010,臺東市,10014010-026,興國里,93.12,2.85,18294.78,71.77,41.84,29.93,71.54,109Y06M
10014,臺東縣,10014010,臺東市,10014010-027,復興里,104.7,2.46,3165.23,40.06,15.5,24.56,158.49,109Y06M
10014,臺東縣,10014010,臺東市,10014010-028,鐵花里,90.09,2.15,5021.48,40.67,5.67,35,617.65,109Y06M
10014,臺東縣,10014010,臺東市,10014010-029,新園里,116.78,2.45,514.28,32.18,11.64,20.54,176.36,109Y06M
10014,臺東縣,10014010,臺東市,10014010-030,豐田里,98.84,2.7,542.66,37.11,15.52,21.59,139.11,109Y06M
10014,臺東縣,10014010,臺東市,10014010-031,豐年里,106.49,2.52,1173.45,31.58,13.5,18.08,133.98,109Y06M
10014,臺東縣,10014010,臺東市,10014010-032,光明里,82.76,2.52,3724.72,40.86,26.15,14.71,56.25,109Y06M
10014,臺東縣,10014010,臺東市,10014010-033,豐樂里,101.36,3.06,764.46,40.55,19.29,21.26,110.25,109Y06M
10014,臺東縣,10014010,臺東市,10014010-034,永樂里,104.81,2.96,1022.78,38.47,22.12,16.35,73.93,109Y06M
10014,臺東縣,10014010,臺東市,10014010-035,康樂里,117.06,2.66,161.38,35.33,17.24,18.1,104.98,109Y06M
10014,臺東縣,10014010,臺東市,10014010-036,東海里,93.3,2.63,4384.39,49.96,27.92,22.04,78.93,109Y06M
10014,臺東縣,10014010,臺東市,10014010-037,新興里,93.73,2.3,1196.24,41.68,12.98,28.7,221.21,109Y06M
10014,臺東縣,10014010,臺東市,10014010-038,豐榮里,92.13,2.52,5544.96,30.58,12.57,18,143.19,109Y06M
10014,臺東縣,10014010,臺東市,10014010-039,豐谷里,102.56,2.76,2167.73,33.58,12.78,20.8,162.79,109Y06M
10014,臺東縣,10014010,臺東市,10014010-040,豐里里,107.19,2.84,778.36,34.56,13.52,21.04,155.64,109Y06M
10014,臺東縣,10014010,臺東市,10014010-041,豐原里,119.55,2.87,191.2,42.67,15.7,26.96,171.71,109Y06M
10014,臺東縣,10014010,臺東市,10014010-042,建和里,109.16,2.62,303.16,42.04,14.84,27.2,183.23,109Y06M
10014,臺東縣,10014010,臺東市,10014010-043,建興里,102.16,2.51,447.55,34.16,7.3,26.86,367.86,109Y06M
10014,臺東縣,10014010,臺東市,10014010-044,建業里,103.31,2.54,1144.24,39.79,12.16,27.64,227.34,109Y06M
10014,臺東縣,10014010,臺東市,10014010-045,知本里,100.39,2.54,306.26,36.1,13.11,22.99,175.33,109Y06M
10014,臺東縣,10014010,臺東市,10014010-046,建農里,109.99,2.61,132.85,31.29,13.24,18.05,136.36,109Y06M
10014,臺東縣,10014020,成功鎮,10014020-001,博愛里,129.86,2.07,35.61,47.58,5.08,42.49,836.36,109Y06M
10014,臺東縣,10014020,成功鎮,10014020-002,忠孝里,98.66,2.21,26.5,47.3,11.65,35.65,306.1,109Y06M
10014,臺東縣,10014020,成功鎮,10014020-003,三仙里,128.51,2.45,47.45,37.85,11.28,26.57,235.48,109Y06M
10014,臺東縣,10014020,成功鎮,10014020-004,三民里,106.16,2.66,282.7,38,11.54,26.47,229.37,109Y06M
10014,臺東縣,10014020,成功鎮,10014020-005,忠智里,102.7,2.87,5806.69,47.63,18.29,29.34,160.37,109Y06M
10014,臺東縣,10014020,成功鎮,10014020-006,忠仁里,108.3,2.71,313.86,42.49,15.48,27.01,174.44,109Y06M
10014,臺東縣,10014020,成功鎮,10014020-007,和平里,122,2.19,62.07,48.28,9.16,39.12,427.08,109Y06M
10014,臺東縣,10014020,成功鎮,10014020-008,信義里,118.12,2.47,84.63,41.2,9.56,31.64,331.06,109Y06M
10014,臺東縣,10014030,關山鎮,10014030-001,德高里,110,2.63,126.28,45.72,11.57,34.16,295.33,109Y06M
10014,臺東縣,10014030,關山鎮,10014030-002,豐泉里,98.97,2.82,720.44,43.84,19.96,23.89,119.68,109Y06M
10014,臺東縣,10014030,關山鎮,10014030-003,新福里,113.73,2.57,135.86,40.38,16.42,23.96,145.9,109Y06M
10014,臺東縣,10014030,關山鎮,10014030-004,中福里,102.66,2.71,5844.14,49.84,16.23,33.61,207.07,109Y06M
10014,臺東縣,10014030,關山鎮,10014030-005,里壠里,97.14,2.64,376.88,45.99,17.4,28.59,164.35,109Y06M
10014,臺東縣,10014030,關山鎮,10014030-006,電光里,132.42,2.61,29.32,45.12,11.71,33.41,285.42,109Y06M
10014,臺東縣,10014030,關山鎮,10014030-007,月眉里,125.94,2.41,76.53,39.75,11.76,27.99,237.88,109Y06M
10014,臺東縣,10014040,卑南鄉,10014040-001,嘉豐村,121.81,2.5,56.09,37.85,14.07,23.79,169.09,109Y06M
10014,臺東縣,10014040,卑南鄉,10014040-002,利吉村,113.72,2.38,35.17,45.05,10.81,34.23,316.67,109Y06M
10014,臺東縣,10014040,卑南鄉,10014040-003,富山村,124.07,2.21,77.08,39.9,12.95,26.94,208,109Y06M
10014,臺東縣,10014040,卑南鄉,10014040-004,富源村,142.07,2.22,19.14,50,5.13,44.87,875,109Y06M
10014,臺東縣,10014040,卑南鄉,10014040-005,明峰村,121.88,2.52,59.44,44.54,11.58,32.96,284.62,109Y06M
10014,臺東縣,10014040,卑南鄉,10014040-006,初鹿村,109.83,2.72,144.26,41.11,13.41,27.7,206.52,109Y06M
10014,臺東縣,10014040,卑南鄉,10014040-007,美農村,121.76,2.26,94.43,39.88,10.06,29.82,296.47,109Y06M
10014,臺東縣,10014040,卑南鄉,10014040-008,賓朗村,105.78,2.61,172.39,39.88,12,27.88,232.26,109Y06M
10014,臺東縣,10014040,卑南鄉,10014040-009,泰安村,105.48,2.61,49.31,34.46,17.73,16.73,94.38,109Y06M
10014,臺東縣,10014040,卑南鄉,10014040-010,太平村,102.83,2.51,549.41,29.97,12.02,17.94,149.23,109Y06M
10014,臺東縣,10014040,卑南鄉,10014040-011,利嘉村,107.26,2.74,27.25,36.56,14.77,21.79,147.48,109Y06M
10014,臺東縣,10014040,卑南鄉,10014040-012,東興村,112.76,2.69,15.22,30.15,15.03,15.13,100.64,109Y06M
10014,臺東縣,10014040,卑南鄉,10014040-013,溫泉村,118.07,2.24,8.4,51.96,15.53,36.43,234.65,109Y06M
10014,臺東縣,10014050,鹿野鄉,10014050-001,瑞和村,113.49,2.76,40.72,39.2,11.09,28.11,253.45,109Y06M
10014,臺東縣,10014050,鹿野鄉,10014050-002,瑞豐村,116.15,2.45,152.63,41.39,8.39,33,393.1,109Y06M
10014,臺東縣,10014050,鹿野鄉,10014050-003,瑞源村,99.38,2.55,65.96,47.47,13.02,34.46,264.71,109Y06M
10014,臺東縣,10014050,鹿野鄉,10014050-004,永安村,119.4,2.59,116.62,38.21,13.08,25.13,192.16,109Y06M
10014,臺東縣,10014050,鹿野鄉,10014050-005,瑞隆村,113.95,2.5,77.29,43.25,11.64,31.61,271.6,109Y06M
10014,臺東縣,10014050,鹿野鄉,10014050-006,鹿野村,104.26,2.5,138.53,44.81,12.08,32.73,271,109Y06M
10014,臺東縣,10014050,鹿野鄉,10014050-007,龍田村,115.88,2.48,216.96,49.37,13.13,36.24,275.96,109Y06M
10014,臺東縣,10014060,池上鄉,10014060-001,福文村,109.89,2.52,153.54,43.25,13.5,29.76,220.49,109Y06M
10014,臺東縣,10014060,池上鄉,10014060-002,慶豐村,108.22,2.69,331.67,44.69,11.61,33.07,284.75,109Y06M
10014,臺東縣,10014060,池上鄉,10014060-003,大坡村,117.07,2.44,40.37,50.21,13.08,37.13,283.87,109Y06M
10014,臺東縣,10014060,池上鄉,10014060-004,大埔村,102.98,2.7,496.16,50,13.56,36.44,268.75,109Y06M
10014,臺東縣,10014060,池上鄉,10014060-005,福原村,91.61,2.6,1462.54,47.2,18.23,28.97,158.93,109Y06M
10014,臺東縣,10014060,池上鄉,10014060-006,錦園村,115.17,2.35,43.69,49.03,11.67,37.35,320,109Y06M
10014,臺東縣,10014060,池上鄉,10014060-007,新興村,126.23,2.42,87.04,45.81,10.74,35.07,326.47,109Y06M
10014,臺東縣,10014060,池上鄉,10014060-008,萬安村,105.92,2.38,75.46,63.38,15.96,47.42,297.06,109Y06M
10014,臺東縣,10014060,池上鄉,10014060-009,富興村,128.5,2.59,25.16,43.65,12.05,31.6,262.16,109Y06M
10014,臺東縣,10014060,池上鄉,10014060-010,振興村,119.63,2.48,32.24,41.06,11.73,29.33,250,109Y06M
10014,臺東縣,10014070,東河鄉,10014070-001,北源村,170.45,1.94,29.35,41.32,8.35,32.97,395,109Y06M
10014,臺東縣,10014070,東河鄉,10014070-002,泰源村,113.16,2.52,21.84,42.57,11.66,30.91,265.09,109Y06M
10014,臺東縣,10014070,東河鄉,10014070-003,東河村,119.15,2.39,105.31,44.55,11.04,33.51,303.61,109Y06M
10014,臺東縣,10014070,東河鄉,10014070-004,尚德村,132.23,2.23,10.05,45.6,11.92,33.68,282.61,109Y06M
10014,臺東縣,10014070,東河鄉,10014070-005,隆昌村,106.83,2.14,58.97,51.32,9.47,41.84,441.67,109Y06M
10014,臺東縣,10014070,東河鄉,10014070-006,興昌村,114.65,2.01,56.96,54.59,12.08,42.51,351.9,109Y06M
10014,臺東縣,10014070,東河鄉,10014070-007,都蘭村,112.7,2.36,72.54,45.14,12.69,32.45,255.61,109Y06M
10014,臺東縣,10014080,長濱鄉,10014080-001,樟原村,123.37,2.29,21.86,51.52,8.62,42.89,497.3,109Y06M
10014,臺東縣,10014080,長濱鄉,10014080-002,三間村,137.32,2.39,37.07,52.96,11.85,41.11,347,109Y06M
10014,臺東縣,10014080,長濱鄉,10014080-003,忠勇村,151.24,2.61,29.52,48.29,14.88,33.41,224.59,109Y06M
10014,臺東縣,10014080,長濱鄉,10014080-004,長濱村,118.61,2.54,218.42,43.41,11.68,31.72,271.51,109Y06M
10014,臺東縣,10014080,長濱鄉,10014080-005,竹湖村,120.91,2.45,55.93,45.73,10.19,35.53,348.53,109Y06M
10014,臺東縣,10014080,長濱鄉,10014080-006,寧埔村,139.59,2.23,35.21,44.78,8.84,35.94,406.41,109Y06M
10014,臺東縣,10014090,太麻里鄉,10014090-001,美和村,110.25,2.63,116.8,38.63,12.37,26.26,212.31,109Y06M
10014,臺東縣,10014090,太麻里鄉,10014090-002,三和村,118.46,2.35,88.77,39.4,10.28,29.12,283.33,109Y06M
10014,臺東縣,10014090,太麻里鄉,10014090-003,華源村,118.92,2.03,50.5,54.29,6.43,47.86,744.44,109Y06M
10014,臺東縣,10014090,太麻里鄉,10014090-004,北里村,147.15,2.05,223.17,42.54,12.06,30.48,252.73,109Y06M
10014,臺東縣,10014090,太麻里鄉,10014090-005,泰和村,102.69,2.28,474.05,43.57,13.95,29.62,212.34,109Y06M
10014,臺東縣,10014090,太麻里鄉,10014090-006,大王村,112.64,2.27,188.54,44.45,14.03,30.42,216.84,109Y06M
10014,臺東縣,10014090,太麻里鄉,10014090-007,香蘭村,121.43,2.37,96.6,42.93,11.45,31.48,275,109Y06M
10014,臺東縣,10014090,太麻里鄉,10014090-008,金崙村,109.67,2.29,90.18,32.24,13.34,18.9,141.71,109Y06M
10014,臺東縣,10014090,太麻里鄉,10014090-009,多良村,108.5,2.16,49.06,38.09,15.84,22.25,140.5,109Y06M
10014,臺東縣,10014100,大武鄉,10014100-001,大竹村,113.24,2.38,44.56,38.1,16.19,21.9,135.29,109Y06M
10014,臺東縣,10014100,大武鄉,10014100-002,大鳥村,121.03,2.43,67.85,32.85,15.85,16.99,107.19,109Y06M
10014,臺東縣,10014100,大武鄉,10014100-003,大武村,109.21,2.4,216.47,38.17,15.81,22.36,141.42,109Y06M
10014,臺東縣,10014100,大武鄉,10014100-004,尚武村,101.05,2.3,168.82,36.36,9.89,26.47,267.57,109Y06M
10014,臺東縣,10014100,大武鄉,10014100-005,南興村,104.79,2.12,72.19,33.48,11.83,21.65,183.02,109Y06M
10014,臺東縣,10014110,綠島鄉,10014110-001,公館村,124.46,3.51,112.31,30.79,15.51,15.28,98.53,109Y06M
10014,臺東縣,10014110,綠島鄉,10014110-002,中寮村,110.83,3.58,702.46,28.74,13.45,15.29,113.71,109Y06M
10014,臺東縣,10014110,綠島鄉,10014110-003,南寮村,106.43,3.46,387.55,27.13,12.63,14.5,114.79,109Y06M
10014,臺東縣,10014120,海端鄉,10014120-001,廣原村,102.78,3.8,30.9,38.65,27.09,11.57,42.7,109Y06M
10014,臺東縣,10014120,海端鄉,10014120-002,霧鹿村,104.61,3.38,1.62,39.46,23.77,15.7,66.04,109Y06M
10014,臺東縣,10014120,海端鄉,10014120-003,利稻村,106.58,3.88,0.84,34.19,20.94,13.25,63.27,109Y06M
10014,臺東縣,10014120,海端鄉,10014120-004,海端村,112.52,3.95,43.82,32.59,19.75,12.83,64.97,109Y06M
10014,臺東縣,10014120,海端鄉,10014120-005,崁頂村,126.35,3.48,6.92,36.07,23.85,12.21,51.2,109Y06M
10014,臺東縣,10014120,海端鄉,10014120-006,加拿村,124.35,3.97,3.69,29.36,20,9.36,46.81,109Y06M
10014,臺東縣,10014130,延平鄉,10014130-001,武陵村,115.41,3.17,47.14,31.07,19.3,11.76,60.95,109Y06M
10014,臺東縣,10014130,延平鄉,10014130-002,永康村,116.76,3.21,10.53,32.04,22.18,9.86,44.44,109Y06M
10014,臺東縣,10014130,延平鄉,10014130-003,紅葉村,122.03,3.48,1.54,33.33,19.31,14.02,72.6,109Y06M
10014,臺東縣,10014130,延平鄉,10014130-004,鸞山村,113.94,3.19,26.94,33.21,17.92,15.28,85.26,109Y06M
10014,臺東縣,10014130,延平鄉,10014130-005,桃源村,112.35,3.41,16.17,31.15,20.19,10.96,54.26,109Y06M
10014,臺東縣,10014140,金峰鄉,10014140-001,新興村,102.19,3.38,117.21,32.99,22.47,10.52,46.79,109Y06M
10014,臺東縣,10014140,金峰鄉,10014140-002,正興村,96.49,3.27,3589.66,32.42,18.4,14.03,76.24,109Y06M
10014,臺東縣,10014140,金峰鄉,10014140-003,嘉蘭村,100.26,3.18,8.27,33.04,20.67,12.37,59.83,109Y06M
10014,臺東縣,10014140,金峰鄉,10014140-004,賓茂村,118.58,2.82,2816.86,34.68,18.52,16.16,87.27,109Y06M
10014,臺東縣,10014140,金峰鄉,10014140-005,歷坵村,95.07,3.09,2.02,35.15,18.77,16.38,87.27,109Y06M
10014,臺東縣,10014150,達仁鄉,10014150-001,台坂村,117.45,2.55,32.77,36.86,16.27,20.59,126.51,109Y06M
10014,臺東縣,10014150,達仁鄉,10014150-002,土坂村,117.71,2.9,11.35,28.57,14.92,13.65,91.45,109Y06M
10014,臺東縣,10014150,達仁鄉,10014150-003,新化村,128.48,2.46,3.03,35.13,13.98,21.15,151.28,109Y06M
10014,臺東縣,10014150,達仁鄉,10014150-004,安朔村,119.86,2.08,11.75,32.37,14.02,18.35,130.88,109Y06M
10014,臺東縣,10014150,達仁鄉,10014150-005,森永村,118.46,2.08,29.56,29.88,10.98,18.9,172.22,109Y06M
10014,臺東縣,10014150,達仁鄉,10014150-006,南田村,102.27,2.58,20.8,22.76,11.03,11.72,106.25,109Y06M
10014,臺東縣,10014160,蘭嶼鄉,10014160-001,東清村,98.6,2.88,89.6,27.56,19.11,8.45,44.21,109Y06M
10014,臺東縣,10014160,蘭嶼鄉,10014160-002,朗島村,94.94,2.77,95.64,28.69,18.11,10.58,58.46,109Y06M
10014,臺東縣,10014160,蘭嶼鄉,10014160-003,紅頭村,107.14,2.44,124.23,26.63,14.73,11.9,80.81,109Y06M
10014,臺東縣,10014160,蘭嶼鄉,10014160-004,椰油村,105.04,2.72,145.17,31.88,21.36,10.51,49.21,109Y06M
10014,臺東縣,10014010,臺東市,10014010-001,富岡里,111.69,2.59,315.31,42.15,12.46,29.69,238.36,109Y09M
10014,臺東縣,10014010,臺東市,10014010-002,富豐里,116.38,2.53,107.09,36.41,15.22,21.2,139.29,109Y09M
10014,臺東縣,10014010,臺東市,10014010-003,岩灣里,104.19,2.13,886.06,24.9,8.45,16.44,194.55,109Y09M
10014,臺東縣,10014010,臺東市,10014010-004,南王里,104.77,2.59,808.81,32.33,10.99,21.34,194.23,109Y09M
10014,臺東縣,10014010,臺東市,10014010-005,卑南里,99.18,2.55,2090.13,30.15,10.12,20.03,197.96,109Y09M
10014,臺東縣,10014010,臺東市,10014010-006,南榮里,107.59,2.69,635.2,36.98,13.22,23.77,179.87,109Y09M
10014,臺東縣,10014010,臺東市,10014010-007,新生里,92.84,2.43,3262.11,33.81,12.29,21.52,175.07,109Y09M
10014,臺東縣,10014010,臺東市,10014010-008,民生里,95.54,2.38,9642.29,41.79,12.57,29.22,232.48,109Y09M
10014,臺東縣,10014010,臺東市,10014010-009,寶桑里,101.64,2.47,1209.21,43.11,16.11,27,167.57,109Y09M
10014,臺東縣,10014010,臺東市,10014010-010,馬蘭里,88.55,3.03,9840.66,66.13,42.53,23.6,55.5,109Y09M
10014,臺東縣,10014010,臺東市,10014010-011,中心里,96.67,2.92,11424.28,57.7,36.17,21.53,59.54,109Y09M
10014,臺東縣,10014010,臺東市,10014010-012,自強里,92.48,2.82,12421.77,57.32,33.15,24.18,72.94,109Y09M
10014,臺東縣,10014010,臺東市,10014010-013,民族里,95.5,3.31,8499.98,90.97,67.52,23.45,34.72,109Y09M
10014,臺東縣,10014010,臺東市,10014010-014,四維里,109.09,2.52,1783.71,42.13,17.6,24.53,139.36,109Y09M
10014,臺東縣,10014010,臺東市,10014010-015,中華里,100.21,2.56,2407.1,39.56,13.24,26.32,198.89,109Y09M
10014,臺東縣,10014010,臺東市,10014010-016,強國里,106.73,2.58,7578.44,40,12.67,27.33,215.63,109Y09M
10014,臺東縣,10014010,臺東市,10014010-017,建國里,104.44,2.38,792.45,41.54,10.56,30.97,293.2,109Y09M
10014,臺東縣,10014010,臺東市,10014010-018,民權里,110.42,2.5,6580.22,39.76,14.87,24.89,167.33,109Y09M
10014,臺東縣,10014010,臺東市,10014010-019,仁愛里,108.49,2.4,9331.92,40.86,10.57,30.29,286.44,109Y09M
10014,臺東縣,10014010,臺東市,10014010-020,中正里,98.09,2.23,6897.87,46.64,3.89,42.76,1100,109Y09M
10014,臺東縣,10014010,臺東市,10014010-021,大同里,90.81,2.47,11765.84,43.27,13.47,29.8,221.25,109Y09M
10014,臺東縣,10014010,臺東市,10014010-022,成功里,103.2,2.34,5708.17,40.38,13.25,27.13,204.76,109Y09M
10014,臺東縣,10014010,臺東市,10014010-023,文化里,116.41,2.59,7664.26,87.9,60.62,27.28,45.01,109Y09M
10014,臺東縣,10014010,臺東市,10014010-024,中山里,96.81,2.75,16977.46,76.39,39.18,37.21,94.98,109Y09M
10014,臺東縣,10014010,臺東市,10014010-025,復國里,104.97,2.24,5708.16,37.5,11.04,26.46,239.62,109Y09M
10014,臺東縣,10014010,臺東市,10014010-026,興國里,92.25,2.83,17968.74,70.45,41.24,29.21,70.83,109Y09M
10014,臺東縣,10014010,臺東市,10014010-027,復興里,106.11,2.4,3118.97,39.23,13.86,25.37,182.98,109Y09M
10014,臺東縣,10014010,臺東市,10014010-028,鐵花里,91.71,2.17,4950.08,40.54,5.74,34.8,605.88,109Y09M
10014,臺東縣,10014010,臺東市,10014010-029,新園里,115.04,2.46,514.28,33.03,11.93,21.09,176.79,109Y09M
10014,臺東縣,10014010,臺東市,10014010-030,豐田里,99.18,2.65,549.01,37.54,15.67,21.86,139.49,109Y09M
10014,臺東縣,10014010,臺東市,10014010-031,豐年里,106.29,2.5,1177.14,31.94,13.57,18.38,135.46,109Y09M
10014,臺東縣,10014010,臺東市,10014010-032,光明里,82.68,2.51,3729.16,40.97,25.68,15.29,59.54,109Y09M
10014,臺東縣,10014010,臺東市,10014010-033,豐樂里,101.13,3.04,762.74,40.91,19.14,21.76,113.69,109Y09M
10014,臺東縣,10014010,臺東市,10014010-034,永樂里,105.25,2.97,1028.97,39.53,22.73,16.8,73.9,109Y09M
10014,臺東縣,10014010,臺東市,10014010-035,康樂里,116.35,2.64,161.07,35.43,17.2,18.23,106,109Y09M
10014,臺東縣,10014010,臺東市,10014010-036,東海里,92.35,2.62,4353.23,50.76,28.36,22.4,79,109Y09M
10014,臺東縣,10014010,臺東市,10014010-037,新興里,94.04,2.29,1189.6,42.57,13.13,29.44,224.24,109Y09M
10014,臺東縣,10014010,臺東市,10014010-038,豐榮里,92.48,2.51,5540.23,31.03,12.7,18.33,144.38,109Y09M
10014,臺東縣,10014010,臺東市,10014010-039,豐谷里,102.11,2.77,2162.91,33.83,12.9,20.93,162.28,109Y09M
10014,臺東縣,10014010,臺東市,10014010-040,豐里里,107.58,2.83,778.64,35.21,13.53,21.68,160.22,109Y09M
10014,臺東縣,10014010,臺東市,10014010-041,豐原里,117.58,2.87,191.89,43.48,16.15,27.33,169.23,109Y09M
10014,臺東縣,10014010,臺東市,10014010-042,建和里,107.4,2.61,302.97,42.59,15.27,27.32,178.95,109Y09M
10014,臺東縣,10014010,臺東市,10014010-043,建興里,101.96,2.52,447.98,34.29,7.95,26.34,331.15,109Y09M
10014,臺東縣,10014010,臺東市,10014010-044,建業里,103.5,2.49,1131.03,38.7,11.53,27.17,235.54,109Y09M
10014,臺東縣,10014010,臺東市,10014010-045,知本里,100,2.54,305.28,36.26,12.91,23.35,180.95,109Y09M
10014,臺東縣,10014010,臺東市,10014010-046,建農里,108.7,2.62,133.6,31.96,13.4,18.56,138.46,109Y09M
10014,臺東縣,10014020,成功鎮,10014020-001,博愛里,129.35,2.06,35.28,47.55,5.59,41.96,750,109Y09M
10014,臺東縣,10014020,成功鎮,10014020-002,忠孝里,99.23,2.2,26.47,48,11.57,36.43,314.81,109Y09M
10014,臺東縣,10014020,成功鎮,10014020-003,三仙里,128.03,2.44,47.13,38.45,11.41,27.05,237.1,109Y09M
10014,臺東縣,10014020,成功鎮,10014020-004,三民里,105.21,2.66,280.83,38.29,11.22,27.07,241.15,109Y09M
10014,臺東縣,10014020,成功鎮,10014020-005,忠智里,102.34,2.84,5758.72,47.31,17.79,29.52,165.9,109Y09M
10014,臺東縣,10014020,成功鎮,10014020-006,忠仁里,109.39,2.7,309.69,41.82,14.63,27.18,185.77,109Y09M
10014,臺東縣,10014020,成功鎮,10014020-007,和平里,121.08,2.22,61.99,48.94,9.4,39.54,420.41,109Y09M
10014,臺東縣,10014020,成功鎮,10014020-008,信義里,117,2.48,84.76,42.97,10.1,32.87,325.36,109Y09M
10014,臺東縣,10014030,關山鎮,10014030-001,德高里,110.26,2.62,126.01,45.19,11.47,33.72,293.96,109Y09M
10014,臺東縣,10014030,關山鎮,10014030-002,豐泉里,98.97,2.79,718.32,44.65,20.34,24.3,119.47,109Y09M
10014,臺東縣,10014030,關山鎮,10014030-003,新福里,115.45,2.55,134.42,40.98,16.26,24.73,152.1,109Y09M
10014,臺東縣,10014030,關山鎮,10014030-004,中福里,103.14,2.7,5792.99,50,16.89,33.11,196.08,109Y09M
10014,臺東縣,10014030,關山鎮,10014030-005,里壠里,97.42,2.61,373.17,45.77,17.09,28.68,167.86,109Y09M
10014,臺東縣,10014030,關山鎮,10014030-006,電光里,130.89,2.61,29.47,45.15,12.38,32.77,264.71,109Y09M
10014,臺東縣,10014030,關山鎮,10014030-007,月眉里,125.15,2.38,75.17,40,10.91,29.09,266.67,109Y09M
10014,臺東縣,10014040,卑南鄉,10014040-001,嘉豐村,123.33,2.47,55.78,37.44,13.59,23.85,175.47,109Y09M
10014,臺東縣,10014040,卑南鄉,10014040-002,利吉村,111.21,2.43,35.68,46.71,12.28,34.43,280.49,109Y09M
10014,臺東縣,10014040,卑南鄉,10014040-003,富山村,120.66,2.17,76.22,39.06,11.46,27.6,240.91,109Y09M
10014,臺東縣,10014040,卑南鄉,10014040-004,富源村,143.15,2.16,19.36,51.71,5.98,45.73,764.29,109Y09M
10014,臺東縣,10014040,卑南鄉,10014040-005,明峰村,120.85,2.48,59.17,45.01,11.56,33.45,289.32,109Y09M
10014,臺東縣,10014040,卑南鄉,10014040-006,初鹿村,110.43,2.68,142.38,41.18,12.81,28.37,221.54,109Y09M
10014,臺東縣,10014040,卑南鄉,10014040-007,美農村,122.9,2.27,93.32,40.38,10.46,29.93,286.21,109Y09M
10014,臺東縣,10014040,卑南鄉,10014040-008,賓朗村,106.04,2.6,172.04,39.91,11.97,27.94,233.33,109Y09M
10014,臺東縣,10014040,卑南鄉,10014040-009,泰安村,104.08,2.59,49.27,34.23,17.61,16.62,94.35,109Y09M
10014,臺東縣,10014040,卑南鄉,10014040-010,太平村,103.36,2.49,549.56,29.91,11.79,18.11,153.61,109Y09M
10014,臺東縣,10014040,卑南鄉,10014040-011,利嘉村,107.27,2.71,27.21,36.2,14.44,21.76,150.74,109Y09M
10014,臺東縣,10014040,卑南鄉,10014040-012,東興村,112.3,2.68,15.16,30.43,15.02,15.41,102.58,109Y09M
10014,臺東縣,10014040,卑南鄉,10014040-013,溫泉村,118.26,2.23,8.32,52.54,15.12,37.42,247.54,109Y09M
10014,臺東縣,10014050,鹿野鄉,10014050-001,瑞和村,112.32,2.74,40.5,39.77,11,28.76,261.4,109Y09M
10014,臺東縣,10014050,鹿野鄉,10014050-002,瑞豐村,115.63,2.45,150.92,42.69,8.71,33.97,389.83,109Y09M
10014,臺東縣,10014050,鹿野鄉,10014050-003,瑞源村,101.66,2.56,66.72,48.93,13.91,35.02,251.65,109Y09M
10014,臺東縣,10014050,鹿野鄉,10014050-004,永安村,119.7,2.58,117.41,38.91,13.4,25.51,190.45,109Y09M
10014,臺東縣,10014050,鹿野鄉,10014050-005,瑞隆村,114.32,2.47,76.59,43.81,11.64,32.17,276.25,109Y09M
10014,臺東縣,10014050,鹿野鄉,10014050-006,鹿野村,104.83,2.46,137.26,45.05,11.97,33.09,276.53,109Y09M
10014,臺東縣,10014050,鹿野鄉,10014050-007,龍田村,116.18,2.48,215.68,48.86,12.66,36.2,286,109Y09M
10014,臺東縣,10014060,池上鄉,10014060-001,福文村,111.96,2.49,151.28,43.21,13.36,29.85,223.53,109Y09M
10014,臺東縣,10014060,池上鄉,10014060-002,慶豐村,107.32,2.71,332.12,45.17,11.83,33.33,281.67,109Y09M
10014,臺東縣,10014060,池上鄉,10014060-003,大坡村,118.4,2.44,40.37,50.85,12.29,38.56,313.79,109Y09M
10014,臺東縣,10014060,池上鄉,10014060-004,大埔村,101.37,2.68,494.48,50.26,12.95,37.31,288.16,109Y09M
10014,臺東縣,10014060,池上鄉,10014060-005,福原村,91.23,2.59,1467.07,47.85,18.25,29.6,162.14,109Y09M
10014,臺東縣,10014060,池上鄉,10014060-006,錦園村,118.5,2.33,43.12,49.41,11.07,38.34,346.43,109Y09M
10014,臺東縣,10014060,池上鄉,10014060-007,新興村,127.48,2.41,86.66,46.34,10.51,35.83,340.91,109Y09M
10014,臺東縣,10014060,池上鄉,10014060-008,萬安村,105.99,2.37,74.59,61.5,15.49,46.01,296.97,109Y09M
10014,臺東縣,10014060,池上鄉,10014060-009,富興村,126.8,2.59,25.1,42.86,11.04,31.82,288.24,109Y09M
10014,臺東縣,10014060,池上鄉,10014060-010,振興村,118.55,2.48,32.38,42.06,11.47,30.59,266.67,109Y09M
10014,臺東縣,10014070,東河鄉,10014070-001,北源村,167.46,1.95,29.08,40.92,7.9,33.03,418.09,109Y09M
10014,臺東縣,10014070,東河鄉,10014070-002,泰源村,112.4,2.51,21.65,41.99,11.05,30.94,280,109Y09M
10014,臺東縣,10014070,東河鄉,10014070-003,東河村,120.04,2.36,104.24,43.66,10.55,33.11,313.92,109Y09M
10014,臺東縣,10014070,東河鄉,10014070-004,尚德村,129.27,2.22,10.08,47.64,10.99,36.65,333.33,109Y09M
10014,臺東縣,10014070,東河鄉,10014070-005,隆昌村,106.88,2.13,58.56,50.66,9.76,40.9,418.92,109Y09M
10014,臺東縣,10014070,東河鄉,10014070-006,興昌村,116.27,2.02,56.9,55.62,12.48,43.14,345.68,109Y09M
10014,臺東縣,10014070,東河鄉,10014070-007,都蘭村,112.05,2.35,72.45,45.49,12.74,32.75,257.07,109Y09M
10014,臺東縣,10014080,長濱鄉,10014080-001,樟原村,123.34,2.27,21.56,53.35,8.13,45.22,555.88,109Y09M
10014,臺東縣,10014080,長濱鄉,10014080-002,三間村,137.18,2.38,37.19,53.62,12.34,41.28,334.62,109Y09M
10014,臺東縣,10014080,長濱鄉,10014080-003,忠勇村,152.89,2.6,29.72,48.18,15.01,33.17,220.97,109Y09M
10014,臺東縣,10014080,長濱鄉,10014080-004,長濱村,118.4,2.52,217.13,42.09,11.06,31.03,280.59,109Y09M
10014,臺東縣,10014080,長濱鄉,10014080-005,竹湖村,122.35,2.43,55.52,46.88,9.89,36.99,373.85,109Y09M
10014,臺東縣,10014080,長濱鄉,10014080-006,寧埔村,139.81,2.2,34.71,44.88,8.17,36.71,449.3,109Y09M
10014,臺東縣,10014090,太麻里鄉,10014090-001,美和村,110.53,2.62,116.96,38.29,11.94,26.35,220.63,109Y09M
10014,臺東縣,10014090,太麻里鄉,10014090-002,三和村,118.98,2.33,88.09,38.33,9.42,28.91,306.82,109Y09M
10014,臺東縣,10014090,太麻里鄉,10014090-003,華源村,116.95,1.99,49.88,54.22,6.99,47.23,675.86,109Y09M
10014,臺東縣,10014090,太麻里鄉,10014090-004,北里村,148.28,2.03,222.48,42.73,11.45,31.28,273.08,109Y09M
10014,臺東縣,10014090,太麻里鄉,10014090-005,泰和村,104.25,2.27,474.65,44.54,14.21,30.33,213.46,109Y09M
10014,臺東縣,10014090,太麻里鄉,10014090-006,大王村,111.83,2.27,189.01,44.81,14.03,30.78,219.39,109Y09M
10014,臺東縣,10014090,太麻里鄉,10014090-007,香蘭村,119.61,2.36,96.28,43.36,11.84,31.52,266.22,109Y09M
10014,臺東縣,10014090,太麻里鄉,10014090-008,金崙村,110.18,2.29,90.59,33.2,13.71,19.49,142.16,109Y09M
10014,臺東縣,10014090,太麻里鄉,10014090-009,多良村,107.19,2.14,48.27,36.4,14.59,21.81,149.55,109Y09M
10014,臺東縣,10014100,大武鄉,10014100-001,大竹村,114.85,2.38,44.45,38,15.9,22.1,139,109Y09M
10014,臺東縣,10014100,大武鄉,10014100-002,大鳥村,118.93,2.4,67.32,33.05,15.38,17.68,114.97,109Y09M
10014,臺東縣,10014100,大武鄉,10014100-003,大武村,106.83,2.41,217.35,39.91,16.79,23.11,137.64,109Y09M
10014,臺東縣,10014100,大武鄉,10014100-004,尚武村,102.65,2.3,169.04,36.66,10.26,26.4,257.39,109Y09M
10014,臺東縣,10014100,大武鄉,10014100-005,南興村,104.47,2.11,71.83,34.62,11.54,23.08,200,109Y09M
10014,臺東縣,10014110,綠島鄉,10014110-001,公館村,127.51,3.4,110.94,30.68,15.22,15.46,101.52,109Y09M
10014,臺東縣,10014110,綠島鄉,10014110-002,中寮村,111.5,3.53,707.2,28.36,13.21,15.15,114.63,109Y09M
10014,臺東縣,10014110,綠島鄉,10014110-003,南寮村,105.26,3.49,390.97,27.49,12.93,14.56,112.64,109Y09M
10014,臺東縣,10014120,海端鄉,10014120-001,廣原村,103.43,3.8,31,38.89,27.34,11.55,42.25,109Y09M
10014,臺東縣,10014120,海端鄉,10014120-002,霧鹿村,103.92,3.39,1.62,39.29,23.66,15.63,66.04,109Y09M
10014,臺東縣,10014120,海端鄉,10014120-003,利稻村,103.23,3.89,0.84,34.04,21.28,12.77,60,109Y09M
10014,臺東縣,10014120,海端鄉,10014120-004,海端村,111.39,3.96,43.82,33.78,20.5,13.29,64.84,109Y09M
10014,臺東縣,10014120,海端鄉,10014120-005,崁頂村,127.04,3.52,7.01,35.71,23.68,12.03,50.79,109Y09M
10014,臺東縣,10014120,海端鄉,10014120-006,加拿村,125.74,3.99,3.72,29.26,20,9.26,46.32,109Y09M
10014,臺東縣,10014130,延平鄉,10014130-001,武陵村,118.46,3.17,46.94,31,19.93,11.07,55.56,109Y09M
10014,臺東縣,10014130,延平鄉,10014130-002,永康村,115.52,3.21,10.53,30.66,20.91,9.76,46.67,109Y09M
10014,臺東縣,10014130,延平鄉,10014130-003,紅葉村,122.71,3.52,1.55,35.28,21.22,14.06,66.25,109Y09M
10014,臺東縣,10014130,延平鄉,10014130-004,鸞山村,111.45,3.21,26.79,33.21,18.03,15.18,84.21,109Y09M
10014,臺東縣,10014130,延平鄉,10014130-005,桃源村,113.47,3.4,16.37,32.33,20.88,11.46,54.87,109Y09M
10014,臺東縣,10014140,金峰鄉,10014140-001,新興村,101.89,3.34,116.66,34.31,23.22,11.09,47.75,109Y09M
10014,臺東縣,10014140,金峰鄉,10014140-002,正興村,95.64,3.23,3545.22,30.55,16.73,13.82,82.61,109Y09M
10014,臺東縣,10014140,金峰鄉,10014140-003,嘉蘭村,99.48,3.18,8.25,32.93,20.36,12.56,61.7,109Y09M
10014,臺東縣,10014140,金峰鄉,10014140-004,賓茂村,113.3,2.8,2823.9,36.39,19.39,17.01,87.72,109Y09M
10014,臺東縣,10014140,金峰鄉,10014140-005,歷坵村,96.02,3.05,2.01,35.4,19.24,16.15,83.93,109Y09M
10014,臺東縣,10014150,達仁鄉,10014150-001,台坂村,118.67,2.56,32.44,36.29,15.78,20.51,130,109Y09M
10014,臺東縣,10014150,達仁鄉,10014150-002,土坂村,118.42,2.84,11.21,28.02,14.27,13.75,96.4,109Y09M
10014,臺東縣,10014150,達仁鄉,10014150-003,新化村,129.27,2.44,3.03,34.77,13.98,20.79,148.72,109Y09M
10014,臺東縣,10014150,達仁鄉,10014150-004,安朔村,120.69,2.06,11.71,31.96,13.4,18.56,138.46,109Y09M
10014,臺東縣,10014150,達仁鄉,10014150-005,森永村,118.04,2.08,29.35,31.37,11.8,19.57,165.79,109Y09M
10014,臺東縣,10014150,達仁鄉,10014150-006,南田村,100.56,2.63,20.86,23.53,11.76,11.76,100,109Y09M
10014,臺東縣,10014160,蘭嶼鄉,10014160-001,東清村,98.37,2.9,91.1,27.91,19.09,8.82,46.19,109Y09M
10014,臺東縣,10014160,蘭嶼鄉,10014160-002,朗島村,95.18,2.73,96.36,27.88,17.17,10.71,62.4,109Y09M
10014,臺東縣,10014160,蘭嶼鄉,10014160-003,紅頭村,104.16,2.42,123.81,26.52,14.94,11.59,77.59,109Y09M
10014,臺東縣,10014160,蘭嶼鄉,10014160-004,椰油村,104.13,2.67,146.03,31.19,20.46,10.73,52.43,109Y09M
10014,臺東縣,10014010,臺東市,10014010-001,富岡里,112.37,2.58,311.9,42.31,12,30.31,252.52,109Y12M
10014,臺東縣,10014010,臺東市,10014010-002,富豐里,117.46,2.53,107.62,35.62,15.19,20.43,134.51,109Y12M
10014,臺東縣,10014010,臺東市,10014010-003,岩灣里,105.7,2.12,891.14,25.49,8.7,16.79,192.94,109Y12M
10014,臺東縣,10014010,臺東市,10014010-004,南王里,105.3,2.59,809.84,32.39,10.94,21.45,196.14,109Y12M
10014,臺東縣,10014010,臺東市,10014010-005,卑南里,99.31,2.53,2098.09,30.06,9.83,20.23,205.86,109Y12M
10014,臺東縣,10014010,臺東市,10014010-006,南榮里,108.02,2.7,634.38,37.05,13.15,23.9,181.76,109Y12M
10014,臺東縣,10014010,臺東市,10014010-007,新生里,93.04,2.43,3262.11,34.22,12.35,21.87,177.13,109Y12M
10014,臺東縣,10014010,臺東市,10014010-008,民生里,94.87,2.38,9603.81,41.8,12.22,29.59,242.19,109Y12M
10014,臺東縣,10014010,臺東市,10014010-009,寶桑里,100.83,2.47,1189.59,42.86,15.61,27.25,174.53,109Y12M
10014,臺東縣,10014010,臺東市,10014010-010,馬蘭里,88.56,3.03,9805.02,67.23,43.15,24.08,55.8,109Y12M
10014,臺東縣,10014010,臺東市,10014010-011,中心里,97.11,2.93,11476.74,57.58,35.94,21.65,60.23,109Y12M
10014,臺東縣,10014010,臺東市,10014010-012,自強里,92.09,2.83,12414.8,58.4,33.54,24.86,74.12,109Y12M
10014,臺東縣,10014010,臺東市,10014010-013,民族里,95.45,3.3,8396.73,90.54,67.11,23.43,34.91,109Y12M
10014,臺東縣,10014010,臺東市,10014010-014,四維里,111.33,2.49,1753.16,41.83,16.73,25.1,150,109Y12M
10014,臺東縣,10014010,臺東市,10014010-015,中華里,99.36,2.55,2379.19,40,12.91,27.09,209.83,109Y12M
10014,臺東縣,10014010,臺東市,10014010-016,強國里,107.99,2.58,7535.56,39.48,12.1,27.38,226.23,109Y12M
10014,臺東縣,10014010,臺東市,10014010-017,建國里,104.34,2.37,783.84,41.89,11.02,30.87,280.19,109Y12M
10014,臺東縣,10014010,臺東市,10014010-018,民權里,110.38,2.48,6607.96,40.56,14.9,25.66,172.28,109Y12M
10014,臺東縣,10014010,臺東市,10014010-019,仁愛里,106.61,2.39,9272.56,41.74,10.34,31.4,303.51,109Y12M
10014,臺東縣,10014010,臺東市,10014010-020,中正里,96.21,2.21,6881.25,46.55,3.54,43.01,1215,109Y12M
10014,臺東縣,10014010,臺東市,10014010-021,大同里,89.96,2.51,12028.54,44.28,14.43,29.85,206.9,109Y12M
10014,臺東縣,10014010,臺東市,10014010-022,成功里,102.26,2.36,5733.82,41.01,13.25,27.76,209.52,109Y12M
10014,臺東縣,10014010,臺東市,10014010-023,文化里,115.33,2.6,7779.39,86.71,59.74,26.97,45.15,109Y12M
10014,臺東縣,10014010,臺東市,10014010-024,中山里,96.79,2.75,16874.15,77.22,39.78,37.43,94.09,109Y12M
10014,臺東縣,10014010,臺東市,10014010-025,復國里,106.31,2.22,5656.27,38.27,11.42,26.85,235.19,109Y12M
10014,臺東縣,10014010,臺東市,10014010-026,興國里,93.19,2.81,17986.85,72.1,42.46,29.64,69.8,109Y12M
10014,臺東縣,10014010,臺東市,10014010-027,復興里,106.85,2.36,2993.42,39.38,12.31,27.08,220,109Y12M
10014,臺東縣,10014010,臺東市,10014010-028,鐵花里,92.13,2.18,4938.18,41.64,6.14,35.49,577.78,109Y12M
10014,臺東縣,10014010,臺東市,10014010-029,新園里,114.42,2.43,510.44,32.6,11.34,21.26,187.42,109Y12M
10014,臺東縣,10014010,臺東市,10014010-030,豐田里,99.04,2.64,563.97,37,15.42,21.59,140,109Y12M
10014,臺東縣,10014010,臺東市,10014010-031,豐年里,106.09,2.51,1180.16,32.38,13.73,18.65,135.89,109Y12M
10014,臺東縣,10014010,臺東市,10014010-032,光明里,82.94,2.52,3720.29,40.75,25.28,15.47,61.19,109Y12M
10014,臺東縣,10014010,臺東市,10014010-033,豐樂里,101.36,3.04,764.46,42.47,19.79,22.68,114.57,109Y12M
10014,臺東縣,10014010,臺東市,10014010-034,永樂里,105.2,2.97,1038.27,39.69,22.76,16.93,74.37,109Y12M
10014,臺東縣,10014010,臺東市,10014010-035,康樂里,115.48,2.62,160.87,35.84,17.18,18.65,108.54,109Y12M
10014,臺東縣,10014010,臺東市,10014010-036,東海里,91.17,2.62,4345.76,51.02,28.32,22.69,80.12,109Y12M
10014,臺東縣,10014010,臺東市,10014010-037,新興里,93.87,2.3,1190.71,43.09,13.3,29.79,224,109Y12M
10014,臺東縣,10014010,臺東市,10014010-038,豐榮里,93,2.51,5530.18,31.01,12.33,18.69,151.59,109Y12M
10014,臺東縣,10014010,臺東市,10014010-039,豐谷里,102.08,2.77,2159.57,34.36,13.32,21.05,158.06,109Y12M
10014,臺東縣,10014010,臺東市,10014010-040,豐里里,107.84,2.83,776.65,35.06,13.35,21.71,162.59,109Y12M
10014,臺東縣,10014010,臺東市,10014010-041,豐原里,116.41,2.83,191.75,44.42,16.58,27.84,167.92,109Y12M
10014,臺東縣,10014010,臺東市,10014010-042,建和里,106.52,2.59,300.51,42.83,15.06,27.77,184.43,109Y12M
10014,臺東縣,10014010,臺東市,10014010-043,建興里,101.97,2.5,445.38,34.56,7.49,27.07,361.4,109Y12M
10014,臺東縣,10014010,臺東市,10014010-044,建業里,103.8,2.49,1126.37,39.33,12.12,27.21,224.6,109Y12M
10014,臺東縣,10014010,臺東市,10014010-045,知本里,99.24,2.55,307.64,35.88,12.68,23.2,182.88,109Y12M
10014,臺東縣,10014010,臺東市,10014010-046,建農里,107.99,2.62,134.35,32.17,13.46,18.71,138.98,109Y12M
10014,臺東縣,10014020,成功鎮,10014020-001,博愛里,126.6,2.08,35.61,48.6,6.28,42.33,674.07,109Y12M
10014,臺東縣,10014020,成功鎮,10014020-002,忠孝里,98.46,2.21,26.42,48.35,11.62,36.73,316.05,109Y12M
10014,臺東縣,10014020,成功鎮,10014020-003,三仙里,126.78,2.45,46.94,40.09,11.96,28.13,235.16,109Y12M
10014,臺東縣,10014020,成功鎮,10014020-004,三民里,104.6,2.64,279.23,38.4,11.16,27.24,244.17,109Y12M
10014,臺東縣,10014020,成功鎮,10014020-005,忠智里,103.1,2.83,5764.05,48.35,18.38,29.97,163.06,109Y12M
10014,臺東縣,10014020,成功鎮,10014020-006,忠仁里,109.11,2.69,310.07,42.73,14.77,27.97,189.37,109Y12M
10014,臺東縣,10014020,成功鎮,10014020-007,和平里,123.36,2.2,62.63,49.9,9.75,40.15,411.76,109Y12M
10014,臺東縣,10014020,成功鎮,10014020-008,信義里,116.87,2.46,84.8,42.84,10.23,32.6,318.57,109Y12M
10014,臺東縣,10014030,關山鎮,10014030-001,德高里,109.05,2.62,125.01,45.04,11.32,33.72,297.95,109Y12M
10014,臺東縣,10014030,關山鎮,10014030-002,豐泉里,98.39,2.81,720.44,45.07,19.81,25.27,127.57,109Y12M
10014,臺東縣,10014030,關山鎮,10014030-003,新福里,114.38,2.53,134.03,41.54,16.23,25.31,155.93,109Y12M
10014,臺東縣,10014030,關山鎮,10014030-004,中福里,103.85,2.69,5761.02,50.92,17.25,33.67,195.15,109Y12M
10014,臺東縣,10014030,關山鎮,10014030-005,里壠里,96.58,2.6,370.43,45.81,16.91,28.9,170.91,109Y12M
10014,臺東縣,10014030,關山鎮,10014030-006,電光里,130.62,2.61,29.32,45.83,12.25,33.58,274,109Y12M
10014,臺東縣,10014030,關山鎮,10014030-007,月眉里,121.2,2.4,75.36,39.6,10.67,28.93,271.19,109Y12M
10014,臺東縣,10014040,卑南鄉,10014040-001,嘉豐村,125,2.46,55.26,37.21,12.66,24.55,193.88,109Y12M
10014,臺東縣,10014040,卑南鄉,10014040-002,利吉村,111.54,2.43,36.04,48.65,12.61,36.04,285.71,109Y12M
10014,臺東縣,10014040,卑南鄉,10014040-003,富山村,119.43,2.19,77.36,40.41,12.95,27.46,212,109Y12M
10014,臺東縣,10014040,卑南鄉,10014040-004,富源村,139.46,2.15,19.19,54.39,6.14,48.25,785.71,109Y12M
10014,臺東縣,10014040,卑南鄉,10014040-005,明峰村,120.38,2.46,58.94,44.61,11.24,33.37,297,109Y12M
10014,臺東縣,10014040,卑南鄉,10014040-006,初鹿村,110.06,2.65,141.08,41.86,12.59,29.27,232.54,109Y12M
10014,臺東縣,10014040,卑南鄉,10014040-007,美農村,122.33,2.21,93.08,40.19,9.63,30.57,317.5,109Y12M
10014,臺東縣,10014040,卑南鄉,10014040-008,賓朗村,106.64,2.6,171.7,40.18,11.63,28.55,245.45,109Y12M
10014,臺東縣,10014040,卑南鄉,10014040-009,泰安村,104.59,2.56,48.87,34.07,17.23,16.83,97.67,109Y12M
10014,臺東縣,10014040,卑南鄉,10014040-010,太平村,102.79,2.48,546.44,30.62,12.15,18.47,152,109Y12M
10014,臺東縣,10014040,卑南鄉,10014040-011,利嘉村,104.52,2.69,26.89,35.76,13.92,21.84,156.92,109Y12M
10014,臺東縣,10014040,卑南鄉,10014040-012,東興村,112.14,2.65,14.96,29.81,13.78,16.03,116.31,109Y12M
10014,臺東縣,10014040,卑南鄉,10014040-013,溫泉村,119.39,2.21,8.26,53.71,15.22,38.49,252.89,109Y12M
10014,臺東縣,10014050,鹿野鄉,10014050-001,瑞和村,111.14,2.75,40.28,39.26,10.44,28.82,275.93,109Y12M
10014,臺東縣,10014050,鹿野鄉,10014050-002,瑞豐村,115.21,2.44,150.29,43.15,8.78,34.38,391.53,109Y12M
10014,臺東縣,10014050,鹿野鄉,10014050-003,瑞源村,101.87,2.57,66.51,49.61,14.48,35.13,242.55,109Y12M
10014,臺東縣,10014050,鹿野鄉,10014050-004,永安村,120.03,2.56,117.27,38.15,12.57,25.57,203.38,109Y12M
10014,臺東縣,10014050,鹿野鄉,10014050-005,瑞隆村,115.1,2.45,76.2,44.77,11.63,33.14,284.81,109Y12M
10014,臺東縣,10014050,鹿野鄉,10014050-006,鹿野村,102.92,2.46,136.45,45.8,11.48,34.32,298.92,109Y12M
10014,臺東縣,10014050,鹿野鄉,10014050-007,龍田村,118.9,2.46,212.38,47.52,10.96,36.56,333.72,109Y12M
10014,臺東縣,10014060,池上鄉,10014060-001,福文村,112.73,2.49,150.57,43.34,13.21,30.14,228.21,109Y12M
10014,臺東縣,10014060,池上鄉,10014060-002,慶豐村,109.63,2.71,333.92,45.96,12.03,33.93,281.97,109Y12M
10014,臺東縣,10014060,池上鄉,10014060-003,大坡村,117.07,2.46,40.37,52.14,12.39,39.74,320.69,109Y12M
10014,臺東縣,10014060,池上鄉,10014060-004,大埔村,101.14,2.68,496.16,51.28,12.82,38.46,300,109Y12M
10014,臺東縣,10014060,池上鄉,10014060-005,福原村,91.54,2.6,1464.48,48.56,18.37,30.18,164.29,109Y12M
10014,臺東縣,10014060,池上鄉,10014060-006,錦園村,117.34,2.31,42.89,51,10.44,40.56,388.46,109Y12M
10014,臺東縣,10014060,池上鄉,10014060-007,新興村,125.25,2.42,86.66,47.51,11.08,36.44,328.99,109Y12M
10014,臺東縣,10014060,池上鄉,10014060-008,萬安村,105.39,2.37,74.38,62.56,16.11,46.45,288.24,109Y12M
10014,臺東縣,10014060,池上鄉,10014060-009,富興村,126.8,2.62,25.1,42.39,11,31.39,285.29,109Y12M
10014,臺東縣,10014060,池上鄉,10014060-010,振興村,117.19,2.46,32.18,42.43,11.57,30.86,266.67,109Y12M
10014,臺東縣,10014070,東河鄉,10014070-001,北源村,168.7,1.95,29.02,41.5,8.11,33.39,411.46,109Y12M
10014,臺東縣,10014070,東河鄉,10014070-002,泰源村,112.71,2.5,21.43,41.96,10.49,31.47,300,109Y12M
10014,臺東縣,10014070,東河鄉,10014070-003,東河村,119.71,2.37,103.66,43.62,10.2,33.42,327.63,109Y12M
10014,臺東縣,10014070,東河鄉,10014070-004,尚德村,131.4,2.24,10.01,50.54,11.83,38.71,327.27,109Y12M
10014,臺東縣,10014070,東河鄉,10014070-005,隆昌村,106.14,2.11,58.56,50.66,8.44,42.22,500,109Y12M
10014,臺東縣,10014070,東河鄉,10014070-006,興昌村,114.87,2.01,56.17,56.03,11.74,44.29,377.33,109Y12M
10014,臺東縣,10014070,東河鄉,10014070-007,都蘭村,111.67,2.36,72.39,45.91,12.48,33.44,268,109Y12M
10014,臺東縣,10014080,長濱鄉,10014080-001,樟原村,121.38,2.28,21.59,52.86,7.62,45.24,593.75,109Y12M
10014,臺東縣,10014080,長濱鄉,10014080-002,三間村,138.45,2.37,37.04,54.31,12.2,42.11,345.1,109Y12M
10014,臺東縣,10014080,長濱鄉,10014080-003,忠勇村,152.48,2.6,29.67,48.3,14.81,33.5,226.23,109Y12M
10014,臺東縣,10014080,長濱鄉,10014080-004,長濱村,118.59,2.5,216.23,42.16,10.98,31.18,283.93,109Y12M
10014,臺東縣,10014080,長濱鄉,10014080-005,竹湖村,122.4,2.42,55.41,48.38,9.86,38.52,390.63,109Y12M
10014,臺東縣,10014080,長濱鄉,10014080-006,寧埔村,139.42,2.18,34.33,45.78,7.73,38.06,492.42,109Y12M
10014,臺東縣,10014090,太麻里鄉,10014090-001,美和村,111.06,2.63,117.77,38.19,11.48,26.72,232.79,109Y12M
10014,臺東縣,10014090,太麻里鄉,10014090-002,三和村,117.97,2.34,87.68,37.98,8.58,29.4,342.5,109Y12M
10014,臺東縣,10014090,太麻里鄉,10014090-003,華源村,120.56,1.97,49.33,52.9,6.28,46.62,742.31,109Y12M
10014,臺東縣,10014090,太麻里鄉,10014090-004,北里村,148.47,2,223.51,43.39,11.45,31.94,278.85,109Y12M
10014,臺東縣,10014090,太麻里鄉,10014090-005,泰和村,103.09,2.26,471.36,44.99,13.89,31.09,223.84,109Y12M
10014,臺東縣,10014090,太麻里鄉,10014090-006,大王村,113.13,2.28,189.57,46.29,14.78,31.51,213.17,109Y12M
10014,臺東縣,10014090,太麻里鄉,10014090-007,香蘭村,120.59,2.36,96.71,43.54,11.8,31.74,268.92,109Y12M
10014,臺東縣,10014090,太麻里鄉,10014090-008,金崙村,108.66,2.28,90.31,32.89,13.52,19.37,143.28,109Y12M
10014,臺東縣,10014090,太麻里鄉,10014090-009,多良村,106.71,2.16,48.73,37.35,15.33,22.02,143.59,109Y12M
10014,臺東縣,10014100,大武鄉,10014100-001,大竹村,116.24,2.37,43.63,35.89,14.04,21.85,155.68,109Y12M
10014,臺東縣,10014100,大武鄉,10014100-002,大鳥村,117.5,2.41,67.11,33.47,15.26,18.21,119.31,109Y12M
10014,臺東縣,10014100,大武鄉,10014100-003,大武村,106.54,2.41,217.65,40.63,17.14,23.48,137.02,109Y12M
10014,臺東縣,10014100,大武鄉,10014100-004,尚武村,101.58,2.28,168.6,37.91,10.74,27.17,252.94,109Y12M
10014,臺東縣,10014100,大武鄉,10014100-005,南興村,104.12,2.11,71.71,34.39,11.54,22.85,198.04,109Y12M
10014,臺東縣,10014110,綠島鄉,10014110-001,公館村,129.35,3.33,110.94,30.68,14.65,16.03,109.45,109Y12M
10014,臺東縣,10014110,綠島鄉,10014110-002,中寮村,111.89,3.51,695.95,28.24,12.98,15.27,117.65,109Y12M
10014,臺東縣,10014110,綠島鄉,10014110-003,南寮村,106.12,3.46,391.2,27.75,12.65,15.1,119.41,109Y12M
10014,臺東縣,10014120,海端鄉,10014120-001,廣原村,103.4,3.8,31.26,40.26,28.4,11.86,41.75,109Y12M
10014,臺東縣,10014120,海端鄉,10014120-002,霧鹿村,104.58,3.4,1.63,39.73,23.66,16.07,67.92,109Y12M
10014,臺東縣,10014120,海端鄉,10014120-003,利稻村,103.21,3.91,0.85,34.89,21.7,13.19,60.78,109Y12M
10014,臺東縣,10014120,海端鄉,10014120-004,海端村,110.28,3.95,43.74,34.16,20.93,13.24,63.24,109Y12M
10014,臺東縣,10014120,海端鄉,10014120-005,崁頂村,126.81,3.49,6.98,35.66,23.02,12.64,54.92,109Y12M
10014,臺東縣,10014120,海端鄉,10014120-006,加拿村,124.18,3.95,3.71,29.11,19.62,9.49,48.39,109Y12M
10014,臺東縣,10014130,延平鄉,10014130-001,武陵村,118.43,3.2,47.8,31.69,20.4,11.29,55.36,109Y12M
10014,臺東縣,10014130,延平鄉,10014130-002,永康村,114.12,3.24,10.64,30.24,20.62,9.62,46.67,109Y12M
10014,臺東縣,10014130,延平鄉,10014130-003,紅葉村,122.71,3.54,1.55,37.47,21.83,15.63,71.6,109Y12M
10014,臺東縣,10014130,延平鄉,10014130-004,鸞山村,110.64,3.16,26.44,35.09,19.1,15.98,83.67,109Y12M
10014,臺東縣,10014130,延平鄉,10014130-005,桃源村,113.38,3.44,16.48,32.06,20.81,11.25,54.08,109Y12M
10014,臺東縣,10014140,金峰鄉,10014140-001,新興村,101.56,3.32,117.21,34.38,23.13,11.25,48.65,109Y12M
10014,臺東縣,10014140,金峰鄉,10014140-002,正興村,94.05,3.21,3545.22,29.84,16.09,13.74,85.39,109Y12M
10014,臺東縣,10014140,金峰鄉,10014140-003,嘉蘭村,100.13,3.19,8.27,32.9,20.29,12.61,62.13,109Y12M
10014,臺東縣,10014140,金峰鄉,10014140-004,賓茂村,115.05,2.82,2816.86,36.99,18.84,18.15,96.36,109Y12M
10014,臺東縣,10014140,金峰鄉,10014140-005,歷坵村,98.5,3.1,2.03,36.9,20.69,16.21,78.33,109Y12M
10014,臺東縣,10014150,達仁鄉,10014150-001,台坂村,115.81,2.61,33.33,35.24,15.62,19.62,125.61,109Y12M
10014,臺東縣,10014150,達仁鄉,10014150-002,土坂村,118.68,2.84,11.2,27.73,13.86,13.86,100,109Y12M
10014,臺東縣,10014150,達仁鄉,10014150-003,新化村,130.67,2.43,3.03,35.25,14.03,21.22,151.28,109Y12M
10014,臺東縣,10014150,達仁鄉,10014150-004,安朔村,122.81,2.06,11.62,32.85,13.18,19.67,149.21,109Y12M
10014,臺東縣,10014150,達仁鄉,10014150-005,森永村,120.53,2.1,29.07,30.94,11.56,19.38,167.57,109Y12M
10014,臺東縣,10014150,達仁鄉,10014150-006,南田村,101.14,2.6,20.68,23.34,11.5,11.85,103.03,109Y12M
10014,臺東縣,10014160,蘭嶼鄉,10014160-001,東清村,98.63,2.93,91.91,29.78,20.42,9.36,45.82,109Y12M
10014,臺東縣,10014160,蘭嶼鄉,10014160-002,朗島村,95.07,2.78,98.33,29.08,18.21,10.87,59.7,109Y12M
10014,臺東縣,10014160,蘭嶼鄉,10014160-003,紅頭村,104.78,2.47,125.91,27.68,15.76,11.93,75.68,109Y12M
10014,臺東縣,10014160,蘭嶼鄉,10014160-004,椰油村,103.89,2.73,148.37,33.3,21.79,11.5,52.79,109Y12M
10014,臺東縣,10014010,臺東市,10014010-001,富岡里,111.04,2.56,311.14,42.83,12.08,30.76,254.68,110Y03M
10014,臺東縣,10014010,臺東市,10014010-002,富豐里,118.98,2.51,105.81,35.15,14.31,20.84,145.71,110Y03M
10014,臺東縣,10014010,臺東市,10014010-003,岩灣里,105.1,2.11,891.51,25.34,8.18,17.17,210,110Y03M
10014,臺東縣,10014010,臺東市,10014010-004,南王里,105.18,2.59,807.77,32.44,10.8,21.64,200.39,110Y03M
10014,臺東縣,10014010,臺東市,10014010-005,卑南里,99.12,2.52,2110.69,29.77,9.26,20.51,221.59,110Y03M
10014,臺東縣,10014010,臺東市,10014010-006,南榮里,108.57,2.72,640.75,38.06,13.87,24.19,174.44,110Y03M
10014,臺東縣,10014010,臺東市,10014010-007,新生里,93.49,2.41,3252.99,34.25,11.88,22.37,188.24,110Y03M
10014,臺東縣,10014010,臺東市,10014010-008,民生里,93.85,2.36,9532.34,42.83,12.31,30.52,247.83,110Y03M
10014,臺東縣,10014010,臺東市,10014010-009,寶桑里,100.62,2.46,1193.27,44.36,16.47,27.89,169.37,110Y03M
10014,臺東縣,10014010,臺東市,10014010-010,馬蘭里,88.25,3.03,9747.46,67.26,42.8,24.46,57.14,110Y03M
10014,臺東縣,10014010,臺東市,10014010-011,中心里,97.45,2.94,11523.67,59.43,37.01,22.42,60.58,110Y03M
10014,臺東縣,10014010,臺東市,10014010-012,自強里,92.07,2.83,12377.65,59.15,34.16,24.99,73.16,110Y03M
10014,臺東縣,10014010,臺東市,10014010-013,民族里,95.76,3.3,8345.1,93.58,69.03,24.55,35.56,110Y03M
10014,臺東縣,10014010,臺東市,10014010-014,四維里,109.47,2.51,1767.26,42.69,17.84,24.86,139.36,110Y03M
10014,臺東縣,10014010,臺東市,10014010-015,中華里,99.05,2.53,2380.46,41.23,13.24,27.99,211.36,110Y03M
10014,臺東縣,10014010,臺東市,10014010-016,強國里,107.69,2.59,7524.84,40.12,12.77,27.35,214.06,110Y03M
10014,臺東縣,10014010,臺東市,10014010-017,建國里,103.91,2.37,778.67,41.84,11.51,30.33,263.64,110Y03M
10014,臺東縣,10014010,臺東市,10014010-018,民權里,108.91,2.45,6503.95,41.27,14.76,26.51,179.59,110Y03M
10014,臺東縣,10014010,臺東市,10014010-019,仁愛里,104.84,2.37,9046.98,41.9,10.06,31.84,316.67,110Y03M
10014,臺東縣,10014010,臺東市,10014010-020,中正里,95.89,2.21,6739.97,47.72,3.83,43.9,1147.62,110Y03M
10014,臺東縣,10014010,臺東市,10014010-021,大同里,90.02,2.49,11848.8,43.55,13.07,30.49,233.33,110Y03M
10014,臺東縣,10014010,臺東市,10014010-022,成功里,101.57,2.35,5765.89,42.25,13.77,28.48,206.9,110Y03M
10014,臺東縣,10014010,臺東市,10014010-023,文化里,115.13,2.58,7949.34,87.82,59.84,27.98,46.75,110Y03M
10014,臺東縣,10014010,臺東市,10014010-024,中山里,97.37,2.75,16788.06,80.56,41.48,39.07,94.2,110Y03M
10014,臺東縣,10014010,臺東市,10014010-025,復國里,106.43,2.21,5552.48,37.77,10.73,27.04,252,110Y03M
10014,臺東縣,10014010,臺東市,10014010-026,興國里,92.35,2.79,17769.49,72.41,42.53,29.88,70.25,110Y03M
10014,臺東縣,10014010,臺東市,10014010-027,復興里,103.65,2.39,2947.16,41.59,13.02,28.57,219.51,110Y03M
10014,臺東縣,10014010,臺東市,10014010-028,鐵花里,92.92,2.19,4866.79,42.01,6.25,35.76,572.22,110Y03M
10014,臺東縣,10014010,臺東市,10014010-029,新園里,112.64,2.43,507.97,32.62,11.61,21,180.86,110Y03M
10014,臺東縣,10014010,臺東市,10014010-030,豐田里,99.13,2.62,573.26,37.45,15.49,21.96,141.75,110Y03M
10014,臺東縣,10014010,臺東市,10014010-031,豐年里,106.26,2.47,1170.77,31.92,13.07,18.85,144.22,110Y03M
10014,臺東縣,10014010,臺東市,10014010-032,光明里,82.95,2.5,3710.32,39.97,24.54,15.43,62.86,110Y03M
10014,臺東縣,10014010,臺東市,10014010-033,豐樂里,101.02,3.02,765.75,42.37,19.66,22.7,115.45,110Y03M
10014,臺東縣,10014010,臺東市,10014010-034,永樂里,104.79,2.94,1043.3,40.07,22.87,17.2,75.23,110Y03M
10014,臺東縣,10014010,臺東市,10014010-035,康樂里,115.18,2.61,160.87,36.43,17.35,19.08,110,110Y03M
10014,臺東縣,10014010,臺東市,10014010-036,東海里,92.1,2.62,4304.63,51.42,28.06,23.37,83.28,110Y03M
10014,臺東縣,10014010,臺東市,10014010-037,新興里,93.93,2.28,1201.77,43.65,13.49,30.16,223.53,110Y03M
10014,臺東縣,10014010,臺東市,10014010-038,豐榮里,93.02,2.49,5510.08,31.44,12.19,19.25,157.99,110Y03M
10014,臺東縣,10014010,臺東市,10014010-039,豐谷里,101.07,2.77,2154.75,34.65,13.4,21.26,158.65,110Y03M
10014,臺東縣,10014010,臺東市,10014010-040,豐里里,107.05,2.83,776.65,35.87,13.93,21.94,157.5,110Y03M
10014,臺東縣,10014010,臺東市,10014010-041,豐原里,115.97,2.85,192.86,45.1,17.29,27.81,160.84,110Y03M
10014,臺東縣,10014010,臺東市,10014010-042,建和里,106.26,2.59,300.13,42.52,14.95,27.57,184.34,110Y03M
10014,臺東縣,10014010,臺東市,10014010-043,建興里,101.79,2.5,440.59,34.71,7.31,27.39,374.55,110Y03M
10014,臺東縣,10014010,臺東市,10014010-044,建業里,103.24,2.48,1121.7,39.42,11.59,27.83,240,110Y03M
10014,臺東縣,10014010,臺東市,10014010-045,知本里,98.47,2.55,306.85,36.84,12.89,23.95,185.71,110Y03M
10014,臺東縣,10014010,臺東市,10014010-046,建農里,108.18,2.62,134.35,32.25,13.36,18.89,141.45,110Y03M
10014,臺東縣,10014020,成功鎮,10014020-001,博愛里,127.96,2.07,35.45,50,6.37,43.63,685.19,110Y03M
10014,臺東縣,10014020,成功鎮,10014020-002,忠孝里,98.46,2.22,26.32,49.06,11.72,37.34,318.52,110Y03M
10014,臺東縣,10014020,成功鎮,10014020-003,三仙里,125.64,2.44,46.85,40.34,11.82,28.52,241.27,110Y03M
10014,臺東縣,10014020,成功鎮,10014020-004,三民里,104.47,2.64,278.67,38.64,11.06,27.58,249.37,110Y03M
10014,臺東縣,10014020,成功鎮,10014020-005,忠智里,103.02,2.81,5729.41,47.87,17.95,29.92,166.67,110Y03M
10014,臺東縣,10014020,成功鎮,10014020-006,忠仁里,109.23,2.69,309.18,42.91,14.65,28.25,192.83,110Y03M
10014,臺東縣,10014020,成功鎮,10014020-007,和平里,125.28,2.23,63.35,49.91,10.02,39.89,398.11,110Y03M
10014,臺東縣,10014020,成功鎮,10014020-008,信義里,117.55,2.43,83.93,43.15,9.7,33.46,345.04,110Y03M
10014,臺東縣,10014030,關山鎮,10014030-001,德高里,109.34,2.6,124.34,45.73,11.12,34.61,311.27,110Y03M
10014,臺東縣,10014030,關山鎮,10014030-002,豐泉里,99.26,2.79,713,45.76,19.89,25.87,130.05,110Y03M
10014,臺東縣,10014030,關山鎮,10014030-003,新福里,114.92,2.55,133.25,44.08,17.32,26.76,154.47,110Y03M
10014,臺東縣,10014030,關山鎮,10014030-004,中福里,102.28,2.67,5665.11,50.17,16.27,33.9,208.33,110Y03M
10014,臺東縣,10014030,關山鎮,10014030-005,里壠里,96.99,2.58,370.82,47.1,16.96,30.13,177.63,110Y03M
10014,臺東縣,10014030,關山鎮,10014030-006,電光里,130.86,2.6,29.13,47.01,12.44,34.58,278,110Y03M
10014,臺東縣,10014030,關山鎮,10014030-007,月眉里,122.61,2.41,74.97,40.66,10.81,29.85,276.27,110Y03M
10014,臺東縣,10014040,卑南鄉,10014040-001,嘉豐村,121.07,2.45,55.67,37.89,13.66,24.23,177.36,110Y03M
10014,臺東縣,10014040,卑南鄉,10014040-002,利吉村,114.41,2.42,35.75,48.79,12.12,36.67,302.5,110Y03M
10014,臺東縣,10014040,卑南鄉,10014040-003,富山村,121.49,2.18,76.51,40.68,13.12,27.56,210,110Y03M
10014,臺東縣,10014040,卑南鄉,10014040-004,富源村,135.62,2.14,18.76,54.26,5.38,48.88,908.33,110Y03M
10014,臺東縣,10014040,卑南鄉,10014040-005,明峰村,119.86,2.45,58.3,46.66,11.75,34.91,297.06,110Y03M
10014,臺東縣,10014040,卑南鄉,10014040-006,初鹿村,109.85,2.65,139.69,42.45,12.46,29.99,240.65,110Y03M
10014,臺東縣,10014040,卑南鄉,10014040-007,美農村,123.33,2.22,93.32,40.55,9.51,31.05,326.58,110Y03M
10014,臺東縣,10014040,卑南鄉,10014040-008,賓朗村,106.98,2.6,171.84,40.06,11.72,28.33,241.71,110Y03M
10014,臺東縣,10014040,卑南鄉,10014040-009,泰安村,105.21,2.56,48.94,32.67,16.24,16.44,101.22,110Y03M
10014,臺東縣,10014040,卑南鄉,10014040-010,太平村,103.63,2.48,552.85,31.36,12.67,18.69,147.51,110Y03M
10014,臺東縣,10014040,卑南鄉,10014040-011,利嘉村,104.8,2.69,27.15,38.23,15.23,23,151.06,110Y03M
10014,臺東縣,10014040,卑南鄉,10014040-012,東興村,112.28,2.63,14.8,29.46,13.4,16.06,119.85,110Y03M
10014,臺東縣,10014040,卑南鄉,10014040-013,溫泉村,119.27,2.17,8.15,53.24,14.1,39.14,277.48,110Y03M
10014,臺東縣,10014050,鹿野鄉,10014050-001,瑞和村,110.5,2.76,40.39,39.65,11.22,28.43,253.45,110Y03M
10014,臺東縣,10014050,鹿野鄉,10014050-002,瑞豐村,112.61,2.42,147.48,43.47,8.05,35.41,439.62,110Y03M
10014,臺東縣,10014050,鹿野鄉,10014050-003,瑞源村,102.76,2.53,65.41,49.45,13.62,35.84,263.22,110Y03M
10014,臺東縣,10014050,鹿野鄉,10014050-004,永安村,116.78,2.56,117.41,37.97,12.37,25.59,206.85,110Y03M
10014,臺東縣,10014050,鹿野鄉,10014050-005,瑞隆村,114.73,2.44,75.74,44.31,10.93,33.38,305.41,110Y03M
10014,臺東縣,10014050,鹿野鄉,10014050-006,鹿野村,102.94,2.47,135.76,45.96,11.43,34.53,302.17,110Y03M
10014,臺東縣,10014050,鹿野鄉,10014050-007,龍田村,119.7,2.48,212.74,47.96,10.84,37.12,342.35,110Y03M
10014,臺東縣,10014060,池上鄉,10014060-001,福文村,112.25,2.49,149.98,44.24,13.68,30.56,223.33,110Y03M
10014,臺東縣,10014060,池上鄉,10014060-002,慶豐村,108.1,2.73,336.18,46.65,12.2,34.45,282.26,110Y03M
10014,臺東縣,10014060,池上鄉,10014060-003,大坡村,115.24,2.43,40.03,53.48,12.17,41.3,339.29,110Y03M
10014,臺東縣,10014060,池上鄉,10014060-004,大埔村,100.91,2.65,494.48,52.86,13.69,39.17,286.08,110Y03M
10014,臺東縣,10014060,池上鄉,10014060-005,福原村,91.79,2.6,1465.13,49.01,18.16,30.86,169.93,110Y03M
10014,臺東縣,10014060,池上鄉,10014060-006,錦園村,118.45,2.24,41.86,52.92,10.83,42.08,388.46,110Y03M
10014,臺東縣,10014060,池上鄉,10014060-007,新興村,121.98,2.42,86.66,47.51,11.08,36.44,328.99,110Y03M
10014,臺東縣,10014060,池上鄉,10014060-008,萬安村,107.27,2.39,74.16,60.56,14.55,46.01,316.13,110Y03M
10014,臺東縣,10014060,池上鄉,10014060-009,富興村,124.74,2.58,24.87,42.02,11.07,30.94,279.41,110Y03M
10014,臺東縣,10014060,池上鄉,10014060-010,振興村,114.35,2.45,32.04,43.11,11.08,32.04,289.19,110Y03M
10014,臺東縣,10014070,東河鄉,10014070-001,北源村,170.32,1.92,29.06,41.43,7.59,33.84,445.56,110Y03M
10014,臺東縣,10014070,東河鄉,10014070-002,泰源村,112.5,2.5,21.48,42.46,10.61,31.84,300,110Y03M
10014,臺東縣,10014070,東河鄉,10014070-003,東河村,119.83,2.36,102.01,44.05,9.99,34.06,341.1,110Y03M
10014,臺東縣,10014070,東河鄉,10014070-004,尚德村,130.83,2.2,9.91,48.92,10.75,38.17,355,110Y03M
10014,臺東縣,10014070,東河鄉,10014070-005,隆昌村,104.35,2.1,57.84,52.43,9.19,43.24,470.59,110Y03M
10014,臺東縣,10014070,東河鄉,10014070-006,興昌村,116.92,2,56.34,55.76,11.99,43.77,364.94,110Y03M
10014,臺東縣,10014070,東河鄉,10014070-007,都蘭村,110.43,2.35,71.83,46.34,12.55,33.8,269.35,110Y03M
10014,臺東縣,10014080,長濱鄉,10014080-001,樟原村,121.18,2.25,21.43,52.39,6.94,45.45,655.17,110Y03M
10014,臺東縣,10014080,長濱鄉,10014080-002,三間村,140.07,2.37,37.16,53.86,12.25,41.62,339.81,110Y03M
10014,臺東縣,10014080,長濱鄉,10014080-003,忠勇村,150.62,2.61,29.57,49.63,15.23,34.4,225.81,110Y03M
10014,臺東縣,10014080,長濱鄉,10014080-004,長濱村,118.27,2.49,213.75,42.01,10.57,31.44,297.5,110Y03M
10014,臺東縣,10014080,長濱鄉,10014080-005,竹湖村,122.61,2.39,54.95,47.15,8.63,38.52,446.43,110Y03M
10014,臺東縣,10014080,長濱鄉,10014080-006,寧埔村,138.2,2.17,34.22,46.34,7.78,38.56,495.45,110Y03M
10014,臺東縣,10014090,太麻里鄉,10014090-001,美和村,110.82,2.62,117.12,37.31,10.71,26.6,248.25,110Y03M
10014,臺東縣,10014090,太麻里鄉,10014090-002,三和村,119.44,2.31,86.18,36.8,7.36,29.44,400,110Y03M
10014,臺東縣,10014090,太麻里鄉,10014090-003,華源村,120.91,1.97,49.41,53.88,6.07,47.82,788,110Y03M
10014,臺東縣,10014090,太麻里鄉,10014090-004,北里村,148.65,2,221.11,41.54,10.77,30.77,285.71,110Y03M
10014,臺東縣,10014090,太麻里鄉,10014090-005,泰和村,104.72,2.23,467.17,43.83,12.8,31.03,242.45,110Y03M
10014,臺東縣,10014090,太麻里鄉,10014090-006,大王村,113.54,2.26,190.13,46.61,14.55,32.06,220.3,110Y03M
10014,臺東縣,10014090,太麻里鄉,10014090-007,香蘭村,119.51,2.34,96.71,44.23,11.86,32.37,272.97,110Y03M
10014,臺東縣,10014090,太麻里鄉,10014090-008,金崙村,108.34,2.28,90.18,34.13,14.14,19.99,141.35,110Y03M
10014,臺東縣,10014090,太麻里鄉,10014090-009,多良村,106.53,2.15,48.5,36.88,14.7,22.18,150.89,110Y03M
10014,臺東縣,10014100,大武鄉,10014100-001,大竹村,117.09,2.31,43.58,35.73,13.4,22.33,166.67,110Y03M
10014,臺東縣,10014100,大武鄉,10014100-002,大鳥村,119.34,2.41,67.22,33.26,15.11,18.15,120.14,110Y03M
10014,臺東縣,10014100,大武鄉,10014100-003,大武村,107.22,2.38,214.42,40.94,16.96,23.99,141.48,110Y03M
10014,臺東縣,10014100,大武鄉,10014100-004,尚武村,101.6,2.26,166.83,38.33,10.52,27.81,264.35,110Y03M
10014,臺東縣,10014100,大武鄉,10014100-005,南興村,104.47,2.11,71.83,34.92,11.34,23.58,208,110Y03M
10014,臺東縣,10014110,綠島鄉,10014110-001,公館村,128.23,3.38,110.84,30.57,14.76,15.8,107.03,110Y03M
10014,臺東縣,10014110,綠島鄉,10014110-002,中寮村,112.61,3.51,708.38,28.85,13.46,15.39,114.4,110Y03M
10014,臺東縣,10014110,綠島鄉,10014110-003,南寮村,108.44,3.48,393.71,27.43,12.24,15.19,124.1,110Y03M
10014,臺東縣,10014120,海端鄉,10014120-001,廣原村,104.5,3.77,31.16,39.21,27.41,11.81,43.09,110Y03M
10014,臺東縣,10014120,海端鄉,10014120-002,霧鹿村,103.97,3.35,1.6,40.64,23.29,17.35,74.51,110Y03M
10014,臺東縣,10014120,海端鄉,10014120-003,利稻村,97.56,4,0.86,37.87,23.83,14.04,58.93,110Y03M
10014,臺東縣,10014120,海端鄉,10014120-004,海端村,109.75,3.97,43.63,33.98,20.61,13.36,64.84,110Y03M
10014,臺東縣,10014120,海端鄉,10014120-005,崁頂村,127.3,3.6,7.2,39.02,26.27,12.76,48.57,110Y03M
10014,臺東縣,10014120,海端鄉,10014120-006,加拿村,124.28,3.99,3.75,29.77,20.34,9.43,46.39,110Y03M
10014,臺東縣,10014130,延平鄉,10014130-001,武陵村,117.56,3.23,48.33,31.95,20.58,11.37,55.26,110Y03M
10014,臺東縣,10014130,延平鄉,10014130-002,永康村,114.61,3.24,10.73,29.93,19.73,10.2,51.72,110Y03M
10014,臺東縣,10014130,延平鄉,10014130-003,紅葉村,122.17,3.52,1.56,38.48,22.76,15.72,69.05,110Y03M
10014,臺東縣,10014130,延平鄉,10014130-004,鸞山村,110.98,3.16,26.41,34.37,18.83,15.53,82.47,110Y03M
10014,臺東縣,10014130,延平鄉,10014130-005,桃源村,110.7,3.45,16.44,33.01,21.65,11.36,52.48,110Y03M
10014,臺東縣,10014140,金峰鄉,10014140-001,新興村,102.51,3.21,117.39,33.2,22.06,11.13,50.47,110Y03M
10014,臺東縣,10014140,金峰鄉,10014140-002,正興村,94.84,3.2,3540.29,30.13,16.33,13.79,84.44,110Y03M
10014,臺東縣,10014140,金峰鄉,10014140-003,嘉蘭村,101.06,3.16,8.18,32.93,20.09,12.84,63.91,110Y03M
10014,臺東縣,10014140,金峰鄉,10014140-004,賓茂村,117.39,2.82,2816.86,37.46,19.24,18.21,94.64,110Y03M
10014,臺東縣,10014140,金峰鄉,10014140-005,歷坵村,98.99,3.05,2.01,37.28,21.25,16.03,75.41,110Y03M
10014,臺東縣,10014150,達仁鄉,10014150-001,台坂村,114.59,2.59,33.15,36.03,15.41,20.62,133.75,110Y03M
10014,臺東縣,10014150,達仁鄉,10014150-002,土坂村,119.3,2.86,11.26,27.23,13.49,13.74,101.89,110Y03M
10014,臺東縣,10014150,達仁鄉,10014150-003,新化村,130.67,2.46,3.03,35.74,14.44,21.3,147.5,110Y03M
10014,臺東縣,10014150,達仁鄉,10014150-004,安朔村,121.33,2.05,11.58,35.26,13.89,21.37,153.85,110Y03M
10014,臺東縣,10014150,達仁鄉,10014150-005,森永村,119.37,2.11,29.07,32.18,11.99,20.19,168.42,110Y03M
10014,臺東縣,10014150,達仁鄉,10014150-006,南田村,100,2.6,20.8,23.18,11.42,11.76,103.03,110Y03M
10014,臺東縣,10014160,蘭嶼鄉,10014160-001,東清村,99.12,2.9,91.56,29.19,19.27,9.92,51.48,110Y03M
10014,臺東縣,10014160,蘭嶼鄉,10014160-002,朗島村,94.05,2.76,97.81,29.45,18.49,10.96,59.26,110Y03M
10014,臺東縣,10014160,蘭嶼鄉,10014160-003,紅頭村,104.98,2.44,124.49,27.32,15.38,11.94,77.65,110Y03M
10014,臺東縣,10014160,蘭嶼鄉,10014160-004,椰油村,103.05,2.71,147.75,32.74,20.91,11.84,56.61,110Y03M
10014,臺東縣,10014010,臺東市,10014010-001,富岡里,110.59,2.58,308.49,42.98,11.84,31.14,262.96,110Y06M
10014,臺東縣,10014010,臺東市,10014010-002,富豐里,118.26,2.51,104.53,33.88,13.66,20.22,148,110Y06M
10014,臺東縣,10014010,臺東市,10014010-003,岩灣里,103.17,2.12,884.6,25.72,8.32,17.41,209.32,110Y06M
10014,臺東縣,10014010,臺東市,10014010-004,南王里,104.78,2.57,818.88,32.36,10.94,21.42,195.8,110Y06M
10014,臺東縣,10014010,臺東市,10014010-005,卑南里,99.38,2.5,2116,29.99,9.25,20.74,224.23,110Y06M
10014,臺東縣,10014010,臺東市,10014010-006,南榮里,107.4,2.72,640.13,38.36,14,24.36,173.97,110Y06M
10014,臺東縣,10014010,臺東市,10014010-007,新生里,93.8,2.39,3257.34,34.55,11.98,22.57,188.32,110Y06M
10014,臺東縣,10014010,臺東市,10014010-008,民生里,94.06,2.35,9526.85,44,12.55,31.45,250.66,110Y06M
10014,臺東縣,10014010,臺東市,10014010-009,寶桑里,98.78,2.44,1201.85,44.12,16.62,27.5,165.49,110Y06M
10014,臺東縣,10014010,臺東市,10014010-010,馬蘭里,87.94,3.04,9741.98,67.72,42.94,24.78,57.69,110Y06M
10014,臺東縣,10014010,臺東市,10014010-011,中心里,97.94,2.92,11416,58.86,36.77,22.09,60.08,110Y06M
10014,臺東縣,10014010,臺東市,10014010-012,自強里,92.28,2.82,12377.65,59.2,34.05,25.15,73.86,110Y06M
10014,臺東縣,10014010,臺東市,10014010-013,民族里,95.16,3.33,8319.29,95.83,71.18,24.65,34.63,110Y06M
10014,臺東縣,10014010,臺東市,10014010-014,四維里,109.55,2.51,1753.16,42.91,17.43,25.48,146.15,110Y06M
10014,臺東縣,10014010,臺東市,10014010-015,中華里,98.41,2.51,2367.78,41.87,13.45,28.42,211.3,110Y06M
10014,臺東縣,10014010,臺東市,10014010-016,強國里,107.35,2.57,7557,40.72,12.77,27.94,218.75,110Y06M
10014,臺東縣,10014010,臺東市,10014010-017,建國里,104.34,2.38,783.84,42.63,11.81,30.83,261.06,110Y06M
10014,臺東縣,10014010,臺東市,10014010-018,民權里,109.55,2.44,6393.01,40.55,13.72,26.83,195.56,110Y06M
10014,臺東縣,10014010,臺東市,10014010-019,仁愛里,105.19,2.33,8916.38,43.32,10.11,33.21,328.3,110Y06M
10014,臺東縣,10014010,臺東市,10014010-020,中正里,95.37,2.2,6656.86,48.61,3.15,45.45,1441.18,110Y06M
10014,臺東縣,10014010,臺東市,10014010-021,大同里,90,2.48,11558.46,43.15,12.33,30.82,250,110Y06M
10014,臺東縣,10014010,臺東市,10014010-022,成功里,103.4,2.32,5753.06,41.93,13.45,28.48,211.76,110Y06M
10014,臺東縣,10014010,臺東市,10014010-023,文化里,115.4,2.57,8053.51,88.09,60.82,27.27,44.84,110Y06M
10014,臺東縣,10014010,臺東市,10014010-024,中山里,98.36,2.72,16701.96,82.33,42.67,39.66,92.95,110Y06M
10014,臺東縣,10014010,臺東市,10014010-025,復國里,106.15,2.19,5509.24,37.88,10.39,27.49,264.58,110Y06M
10014,臺東縣,10014010,臺東市,10014010-026,興國里,92.67,2.78,17624.58,72.82,43.34,29.48,68.03,110Y06M
10014,臺東縣,10014010,臺東市,10014010-027,復興里,105.88,2.39,3006.63,41.74,13.08,28.66,219.05,110Y06M
10014,臺東縣,10014010,臺東市,10014010-028,鐵花里,92.52,2.18,4902.49,41.58,6.53,35.05,536.84,110Y06M
10014,臺東縣,10014010,臺東市,10014010-029,新園里,111.24,2.43,505.77,32.33,11.49,20.83,181.25,110Y06M
10014,臺東縣,10014010,臺東市,10014010-030,豐田里,98.23,2.57,582.33,36.5,14.88,21.63,145.36,110Y06M
10014,臺東縣,10014010,臺東市,10014010-031,豐年里,105.77,2.47,1171.44,31.95,12.99,18.96,145.93,110Y06M
10014,臺東縣,10014010,臺東市,10014010-032,光明里,84.37,2.5,3700.34,40.65,24.85,15.8,63.56,110Y06M
10014,臺東縣,10014010,臺東市,10014010-033,豐樂里,100.22,2.99,767.9,42.31,19.36,22.95,118.52,110Y06M
10014,臺東縣,10014010,臺東市,10014010-034,永樂里,104.62,2.95,1044.85,39.99,22.93,17.06,74.43,110Y06M
10014,臺東縣,10014010,臺東市,10014010-035,康樂里,114.15,2.6,160.97,36.63,17.45,19.18,109.95,110Y06M
10014,臺東縣,10014010,臺東市,10014010-036,東海里,91.93,2.62,4267.24,51.84,28.29,23.55,83.23,110Y06M
10014,臺東縣,10014010,臺東市,10014010-037,新興里,94.59,2.29,1195.13,44.19,13.48,30.71,227.72,110Y06M
10014,臺東縣,10014010,臺東市,10014010-038,豐榮里,93.13,2.48,5520.13,31.72,12.23,19.48,159.28,110Y06M
10014,臺東縣,10014010,臺東市,10014010-039,豐谷里,100.87,2.76,2149.56,35.14,13.53,21.62,159.83,110Y06M
10014,臺東縣,10014010,臺東市,10014010-040,豐里里,105.97,2.83,774.95,35.91,13.87,22.04,158.99,110Y06M
10014,臺東縣,10014010,臺東市,10014010-041,豐原里,115.35,2.83,192.31,44.99,16.91,28.08,166.05,110Y06M
10014,臺東縣,10014010,臺東市,10014010-042,建和里,106.78,2.62,300.89,43.53,15.93,27.6,173.3,110Y06M
10014,臺東縣,10014010,臺東市,10014010-043,建興里,102.17,2.5,445.81,34.87,7.5,27.37,364.91,110Y06M
10014,臺東縣,10014010,臺東市,10014010-044,建業里,103.99,2.48,1111.6,40.33,11.97,28.36,236.89,110Y06M
10014,臺東縣,10014010,臺東市,10014010-045,知本里,98.59,2.52,304.3,37.15,12.77,24.38,190.97,110Y06M
10014,臺東縣,10014010,臺東市,10014010-046,建農里,108.33,2.6,133.48,32.07,12.91,19.16,148.44,110Y06M
10014,臺東縣,10014020,成功鎮,10014020-001,博愛里,129.52,2.03,34.67,50.97,6.07,44.9,740,110Y06M
10014,臺東縣,10014020,成功鎮,10014020-002,忠孝里,99.42,2.22,26.19,48.55,11.16,37.39,335.06,110Y06M
10014,臺東縣,10014020,成功鎮,10014020-003,三仙里,126.88,2.41,46.26,40.13,11.29,28.84,255.46,110Y06M
10014,臺東縣,10014020,成功鎮,10014020-004,三民里,104.21,2.64,277.73,39.41,11.21,28.2,251.68,110Y06M
10014,臺東縣,10014020,成功鎮,10014020-005,忠智里,103.13,2.78,5710.75,47.69,17.71,29.98,169.26,110Y06M
10014,臺東縣,10014020,成功鎮,10014020-006,忠仁里,109.61,2.67,308.68,43.09,14.46,28.63,197.98,110Y06M
10014,臺東縣,10014020,成功鎮,10014020-007,和平里,126.57,2.2,63.35,51.05,10.1,40.95,405.66,110Y06M
10014,臺東縣,10014020,成功鎮,10014020-008,信義里,117.34,2.43,84.32,43.08,9.65,33.43,346.56,110Y06M
10014,臺東縣,10014030,關山鎮,10014030-001,德高里,108.88,2.6,124.21,45.12,10.93,34.19,312.86,110Y06M
10014,臺東縣,10014030,關山鎮,10014030-002,豐泉里,99.85,2.77,705.56,47.61,20.13,27.47,136.46,110Y06M
10014,臺東縣,10014030,關山鎮,10014030-003,新福里,114.29,2.53,132.86,44.07,17.37,26.69,153.66,110Y06M
10014,臺東縣,10014030,關山鎮,10014030-004,中福里,100.23,2.65,5633.14,50.86,16.44,34.42,209.38,110Y06M
10014,臺東縣,10014030,關山鎮,10014030-005,里壠里,96.98,2.59,369.65,46.97,17.08,29.89,175,110Y06M
10014,臺東縣,10014030,關山鎮,10014030-006,電光里,128.74,2.64,29.42,48.51,12.94,35.57,275,110Y06M
10014,臺東縣,10014030,關山鎮,10014030-007,月眉里,123.62,2.41,74.87,40.99,10.66,30.33,284.48,110Y06M
10014,臺東縣,10014040,卑南鄉,10014040-001,嘉豐村,121.58,2.46,55.57,39.06,14.06,25,177.78,110Y06M
10014,臺東縣,10014040,卑南鄉,10014040-002,利吉村,115.86,2.43,35.68,49.85,11.62,38.23,328.95,110Y06M
10014,臺東縣,10014040,卑南鄉,10014040-003,富山村,119.5,2.17,75.51,41.44,13.37,28.07,210,110Y06M
10014,臺東縣,10014040,卑南鄉,10014040-004,富源村,134.93,2.12,18.7,55.2,6.33,48.87,771.43,110Y06M
10014,臺東縣,10014040,卑南鄉,10014040-005,明峰村,118.84,2.44,58.53,46.22,11.21,35.01,312.24,110Y06M
10014,臺東縣,10014040,卑南鄉,10014040-006,初鹿村,111.7,2.62,138.4,42.73,12.5,30.23,241.8,110Y06M
10014,臺東縣,10014040,卑南鄉,10014040-007,美農村,122.69,2.22,92.52,41.39,9.52,31.87,334.62,110Y06M
10014,臺東縣,10014040,卑南鄉,10014040-008,賓朗村,107.28,2.58,170.68,39.89,11.34,28.55,251.72,110Y06M
10014,臺東縣,10014040,卑南鄉,10014040-009,泰安村,103.36,2.54,48.65,31.62,15.02,16.6,110.53,110Y06M
10014,臺東縣,10014040,卑南鄉,10014040-010,太平村,104.09,2.48,553.79,31.15,12.37,18.78,151.8,110Y06M
10014,臺東縣,10014040,卑南鄉,10014040-011,利嘉村,104.63,2.67,27.17,39.85,16.16,23.69,146.62,110Y06M
10014,臺東縣,10014040,卑南鄉,10014040-012,東興村,112.95,2.62,14.63,28.87,12.5,16.37,130.95,110Y06M
10014,臺東縣,10014040,卑南鄉,10014040-013,溫泉村,118.28,2.15,8.07,53.67,14.03,39.64,282.57,110Y06M
10014,臺東縣,10014050,鹿野鄉,10014050-001,瑞和村,111.14,2.76,40.28,38.73,10.4,28.32,272.22,110Y06M
10014,臺東縣,10014050,鹿野鄉,10014050-002,瑞豐村,113.09,2.39,147.48,43.9,7.93,35.98,453.85,110Y06M
10014,臺東縣,10014050,鹿野鄉,10014050-003,瑞源村,105.6,2.52,65.35,50,13.52,36.48,269.77,110Y06M
10014,臺東縣,10014050,鹿野鄉,10014050-004,永安村,116.62,2.57,117.49,37.82,12.27,25.55,208.28,110Y06M
10014,臺東縣,10014050,鹿野鄉,10014050-005,瑞隆村,113.38,2.44,75.43,45.22,11.04,34.18,309.46,110Y06M
10014,臺東縣,10014050,鹿野鄉,10014050-006,鹿野村,102.27,2.46,133.91,46.15,11.48,34.68,302.2,110Y06M
10014,臺東縣,10014050,鹿野鄉,10014050-007,龍田村,120.11,2.47,212.74,49.1,10.93,38.17,349.41,110Y06M
10014,臺東縣,10014060,池上鄉,10014060-001,福文村,110.7,2.5,149.39,45.66,14.1,31.56,223.77,110Y06M
10014,臺東縣,10014060,池上鄉,10014060-002,慶豐村,107.8,2.72,336.63,47.14,12.23,34.91,285.48,110Y06M
10014,臺東縣,10014060,池上鄉,10014060-003,大坡村,113.5,2.42,39.47,55.36,12.5,42.86,342.86,110Y06M
10014,臺東縣,10014060,池上鄉,10014060-004,大埔村,99.77,2.63,492.8,54.48,13.71,40.77,297.44,110Y06M
10014,臺東縣,10014060,池上鄉,10014060-005,福原村,92.05,2.61,1468.36,49.54,18.77,30.76,163.86,110Y06M
10014,臺東縣,10014060,池上鄉,10014060-006,錦園村,118.56,2.28,41.63,55.98,11.97,44.02,367.86,110Y06M
10014,臺東縣,10014060,池上鄉,10014060-007,新興村,121.82,2.43,87.23,47.53,11.32,36.2,319.72,110Y06M
10014,臺東縣,10014060,池上鄉,10014060-008,萬安村,110.56,2.34,73.51,59.15,14.08,45.07,320,110Y06M
10014,臺東縣,10014060,池上鄉,10014060-009,富興村,125.77,2.61,24.99,43.14,11.76,31.37,266.67,110Y06M
10014,臺東縣,10014060,池上鄉,10014060-010,振興村,114.93,2.45,31.84,44.38,11.85,32.52,274.36,110Y06M
10014,臺東縣,10014070,東河鄉,10014070-001,北源村,167.85,1.93,28.75,41.71,7.52,34.19,454.55,110Y06M
10014,臺東縣,10014070,東河鄉,10014070-002,泰源村,111.89,2.49,21.32,42.45,10.36,32.09,309.78,110Y06M
10014,臺東縣,10014070,東河鄉,10014070-003,東河村,122.64,2.35,102.89,44.69,10.22,34.47,337.33,110Y06M
10014,臺東縣,10014070,東河鄉,10014070-004,尚德村,132.48,2.18,9.73,47.83,10.33,37.5,363.16,110Y06M
10014,臺東縣,10014070,東河鄉,10014070-005,隆昌村,104.01,2.08,57.33,52.32,8.72,43.6,500,110Y06M
10014,臺東縣,10014070,東河鄉,10014070-006,興昌村,116.3,1.99,56.06,55.71,11.58,44.13,381.08,110Y06M
10014,臺東縣,10014070,東河鄉,10014070-007,都蘭村,110.59,2.35,72.02,45.8,12.09,33.71,278.76,110Y06M
10014,臺東縣,10014080,長濱鄉,10014080-001,樟原村,121.8,2.25,21.56,53.72,7.91,45.8,578.79,110Y06M
10014,臺東縣,10014080,長濱鄉,10014080-002,三間村,139.63,2.38,36.81,54.46,11.69,42.77,365.98,110Y06M
10014,臺東縣,10014080,長濱鄉,10014080-003,忠勇村,151.46,2.59,29.18,48.76,14.36,34.41,239.66,110Y06M
10014,臺東縣,10014080,長濱鄉,10014080-004,長濱村,118.37,2.49,212.75,42.57,10.59,31.98,301.89,110Y06M
10014,臺東縣,10014080,長濱鄉,10014080-005,竹湖村,123.98,2.35,53.74,48.73,8.6,40.13,466.67,110Y06M
10014,臺東縣,10014080,長濱鄉,10014080-006,寧埔村,138.05,2.19,34.33,47.34,8.52,38.82,455.56,110Y06M
10014,臺東縣,10014090,太麻里鄉,10014090-001,美和村,111.14,2.62,116.96,37.51,10.74,26.77,249.12,110Y06M
10014,臺東縣,10014090,太麻里鄉,10014090-002,三和村,120.35,2.28,85.64,37.72,7.02,30.7,437.5,110Y06M
10014,臺東縣,10014090,太麻里鄉,10014090-003,華源村,119.23,1.96,48.86,52.93,5.85,47.07,804.17,110Y06M
10014,臺東縣,10014090,太麻里鄉,10014090-004,北里村,148.61,1.97,214.24,40.86,9.48,31.38,330.95,110Y06M
10014,臺東縣,10014090,太麻里鄉,10014090-005,泰和村,104.73,2.23,465.97,43.99,13.31,30.68,230.56,110Y06M
10014,臺東縣,10014090,太麻里鄉,10014090-006,大王村,114.56,2.25,188.63,46.41,13.78,32.63,236.84,110Y06M
10014,臺東縣,10014090,太麻里鄉,10014090-007,香蘭村,118.75,2.35,97.78,45.6,13.44,32.16,239.29,110Y06M
10014,臺東縣,10014090,太麻里鄉,10014090-008,金崙村,108.19,2.26,89.44,33.49,13.64,19.85,145.5,110Y06M
10014,臺東縣,10014090,太麻里鄉,10014090-009,多良村,108.2,2.15,48.41,37.52,14.93,22.59,151.33,110Y06M
10014,臺東縣,10014100,大武鄉,10014100-001,大竹村,114.87,2.28,42.92,34.73,12.54,22.19,176.92,110Y06M
10014,臺東縣,10014100,大武鄉,10014100-002,大鳥村,119.42,2.41,67.59,33.58,15.69,17.89,114,110Y06M
10014,臺東縣,10014100,大武鄉,10014100-003,大武村,107.85,2.35,213.54,40.5,16.49,24.01,145.61,110Y06M
10014,臺東縣,10014100,大武鄉,10014100-004,尚武村,101.61,2.24,165.73,38.56,10.33,28.23,273.21,110Y06M
10014,臺東縣,10014100,大武鄉,10014100-005,南興村,103.77,2.11,71.83,35.54,11.39,24.15,212,110Y06M
10014,臺東縣,10014110,綠島鄉,10014110-001,公館村,126.67,3.32,109.86,30.16,14.5,15.66,108,110Y06M
10014,臺東縣,10014110,綠島鄉,10014110-002,中寮村,113.52,3.54,710.15,30.01,14.08,15.93,113.08,110Y06M
10014,臺東縣,10014110,綠島鄉,10014110-003,南寮村,108.67,3.48,400.31,26.95,11.71,15.25,130.25,110Y06M
10014,臺東縣,10014120,海端鄉,10014120-001,廣原村,105.64,3.73,30.93,38.19,26.24,11.95,45.56,110Y06M
10014,臺東縣,10014120,海端鄉,10014120-002,霧鹿村,104.61,3.38,1.62,41.36,24.09,17.27,71.7,110Y06M
10014,臺東縣,10014120,海端鄉,10014120-003,利稻村,96.32,3.95,0.85,37.34,22.75,14.59,64.15,110Y06M
10014,臺東縣,10014120,海端鄉,10014120-004,海端村,109.7,3.94,43.85,33.75,20.47,13.27,64.84,110Y06M
10014,臺東縣,10014120,海端鄉,10014120-005,崁頂村,129.05,3.64,7.27,38.19,25.83,12.36,47.86,110Y06M
10014,臺東縣,10014120,海端鄉,10014120-006,加拿村,126.01,3.98,3.74,29.62,19.96,9.66,48.42,110Y06M
10014,臺東縣,10014130,延平鄉,10014130-001,武陵村,116.33,3.25,49.06,32.5,20.54,11.96,58.26,110Y06M
10014,臺東縣,10014130,延平鄉,10014130-002,永康村,113.41,3.21,10.73,28.19,17.79,10.4,58.49,110Y06M
10014,臺東縣,10014130,延平鄉,10014130-003,紅葉村,120.69,3.53,1.56,38.01,21.83,16.17,74.07,110Y06M
10014,臺東縣,10014130,延平鄉,10014130-004,鸞山村,110.64,3.18,26.44,35.09,19.1,15.98,83.67,110Y06M
10014,臺東縣,10014130,延平鄉,10014130-005,桃源村,111.09,3.46,16.39,32.02,20.92,11.1,53.06,110Y06M
10014,臺東縣,10014140,金峰鄉,10014140-001,新興村,102.21,3.16,116.48,33.54,22.08,11.46,51.89,110Y06M
10014,臺東縣,10014140,金峰鄉,10014140-002,正興村,94.58,3.23,3545.22,31.26,16.82,14.44,85.87,110Y06M
10014,臺東縣,10014140,金峰鄉,10014140-003,嘉蘭村,101.33,3.14,8.15,33.22,19.86,13.36,67.26,110Y06M
10014,臺東縣,10014140,金峰鄉,10014140-004,賓茂村,116.39,2.79,2788.69,38.46,19.93,18.53,92.98,110Y06M
10014,臺東縣,10014140,金峰鄉,10014140-005,歷坵村,96.98,3.02,2,36.59,20.91,15.68,75,110Y06M
10014,臺東縣,10014150,達仁鄉,10014150-001,台坂村,114.37,2.59,32.91,35.85,15.5,20.35,131.25,110Y06M
10014,臺東縣,10014150,達仁鄉,10014150-002,土坂村,119.34,2.82,11.24,27.62,13.68,13.94,101.87,110Y06M
10014,臺東縣,10014150,達仁鄉,10014150-003,新化村,129.88,2.48,3.03,35.61,14.03,21.58,153.85,110Y06M
10014,臺東縣,10014150,達仁鄉,10014150-004,安朔村,122.58,2.02,11.36,34.13,13.17,20.95,159.02,110Y06M
10014,臺東縣,10014150,達仁鄉,10014150-005,森永村,122.04,2.09,28.66,31.95,11.82,20.13,170.27,110Y06M
10014,臺東縣,10014150,達仁鄉,10014150-006,南田村,99.43,2.53,20.39,22.03,10.14,11.89,117.24,110Y06M
10014,臺東縣,10014160,蘭嶼鄉,10014160-001,東清村,98.25,2.9,91.62,29.58,19.23,10.35,53.81,110Y06M
10014,臺東縣,10014160,蘭嶼鄉,10014160-002,朗島村,93.4,2.74,97.09,29.2,17.91,11.29,63.08,110Y06M
10014,臺東縣,10014160,蘭嶼鄉,10014160-003,紅頭村,104.72,2.41,123.98,27.13,15.07,12.06,80,110Y06M
10014,臺東縣,10014160,蘭嶼鄉,10014160-004,椰油村,103.05,2.7,147.51,32.52,20.8,11.73,56.38,110Y06M
10014,臺東縣,10014010,臺東市,10014010-001,富岡里,109.77,2.56,266.12,42.95,11.62,31.32,269.47,110Y09M
10014,臺東縣,10014010,臺東市,10014010-002,富豐里,119.06,2.46,104.2,33.65,13.13,20.52,156.25,110Y09M
10014,臺東縣,10014010,臺東市,10014010-003,岩灣里,102.16,2.09,884.76,26.05,8.34,17.71,212.42,110Y09M
10014,臺東縣,10014010,臺東市,10014010-004,南王里,105.56,2.56,821.86,33.08,11.25,21.83,194.05,110Y09M
10014,臺東縣,10014010,臺東市,10014010-005,卑南里,98.2,2.48,2121.99,29.83,9.05,20.78,229.6,110Y09M
10014,臺東縣,10014010,臺東市,10014010-006,南榮里,107.44,2.68,636.46,37.62,12.94,24.68,190.72,110Y09M
10014,臺東縣,10014010,臺東市,10014010-007,新生里,94.32,2.38,3255.98,34.72,11.91,22.8,191.4,110Y09M
10014,臺東縣,10014010,臺東市,10014010-008,民生里,94.11,2.35,9518.6,44.59,12.61,31.98,253.64,110Y09M
10014,臺東縣,10014010,臺東市,10014010-009,寶桑里,97.75,2.42,1185.91,42.21,14.56,27.65,189.9,110Y09M
10014,臺東縣,10014010,臺東市,10014010-010,馬蘭里,88.21,3,9582.74,69.18,43.54,25.64,58.89,110Y09M
10014,臺東縣,10014010,臺東市,10014010-011,中心里,97.51,2.9,11379.45,59.77,37.33,22.44,60.12,110Y09M
10014,臺東縣,10014010,臺東市,10014010-012,自強里,92.56,2.81,12266.23,60.01,34.05,25.96,76.25,110Y09M
10014,臺東縣,10014010,臺東市,10014010-013,民族里,93.31,3.33,8311.88,96.86,71.88,24.98,34.75,110Y09M
10014,臺東縣,10014010,臺東市,10014010-014,四維里,109.71,2.5,1724.94,42.8,16.54,26.26,158.82,110Y09M
10014,臺東縣,10014010,臺東市,10014010-015,中華里,97.37,2.49,2377.99,42.69,13.7,29,211.67,110Y09M
10014,臺東縣,10014010,臺東市,10014010-016,強國里,106.29,2.53,7382.72,39.47,10.53,28.95,275,110Y09M
10014,臺東縣,10014010,臺東市,10014010-017,建國里,104.37,2.37,690.71,42.24,12.05,30.19,250.43,110Y09M
10014,臺東縣,10014010,臺東市,10014010-018,民權里,112.77,2.43,6240.38,41.29,13.81,27.47,198.86,110Y09M
10014,臺東縣,10014010,臺東市,10014010-019,仁愛里,102.75,2.31,8761.93,44.42,9.98,34.44,345.1,110Y09M
10014,臺東縣,10014010,臺東市,10014010-020,中正里,97.29,2.18,6656.8,51.7,3.79,47.92,1265,110Y09M
10014,臺東縣,10014010,臺東市,10014010-021,大同里,87.73,2.47,11420.04,45.17,13.88,31.28,225.32,110Y09M
10014,臺東縣,10014010,臺東市,10014010-022,成功里,101.58,2.33,5557.63,42.11,13.72,28.39,206.98,110Y09M
10014,臺東縣,10014010,臺東市,10014010-023,文化里,117.12,2.55,7927.37,89.76,61.68,28.08,45.53,110Y09M
10014,臺東縣,10014010,臺東市,10014010-024,中山里,100.21,2.68,16478.12,82.63,42.18,40.46,95.93,110Y09M
10014,臺東縣,10014010,臺東市,10014010-025,復國里,104.82,2.17,5255.3,38.18,10.2,27.98,274.47,110Y09M
10014,臺東縣,10014010,臺東市,10014010-026,興國里,89.33,2.75,17352.87,71.07,41.43,29.64,71.55,110Y09M
10014,臺東縣,10014010,臺東市,10014010-027,復興里,103.62,2.43,2892.98,45.16,14.84,30.32,204.35,110Y09M
10014,臺東縣,10014010,臺東市,10014010-028,鐵花里,94.74,2.16,4838.38,41.81,5.57,36.24,650,110Y09M
10014,臺東縣,10014010,臺東市,10014010-029,新園里,111.8,2.42,507.71,33.12,11.52,21.6,187.5,110Y09M
10014,臺東縣,10014010,臺東市,10014010-030,豐田里,96.37,2.51,588.45,35.14,13.9,21.24,152.81,110Y09M
10014,臺東縣,10014010,臺東市,10014010-031,豐年里,106.39,2.45,1181.16,32.05,13.08,18.97,144.99,110Y09M
10014,臺東縣,10014010,臺東市,10014010-032,光明里,84.79,2.49,3706.44,40.85,24.96,15.89,63.68,110Y09M
10014,臺東縣,10014010,臺東市,10014010-033,豐樂里,102.41,2.99,759.5,42.27,18.92,23.35,123.4,110Y09M
10014,臺東縣,10014010,臺東市,10014010-034,永樂里,104.89,2.91,1038.29,39.76,22.62,17.14,75.81,110Y09M
10014,臺東縣,10014010,臺東市,10014010-035,康樂里,114.36,2.59,161.8,37.33,18.06,19.27,106.73,110Y09M
10014,臺東縣,10014010,臺東市,10014010-036,東海里,91.58,2.6,4223.22,52.38,28.42,23.97,84.34,110Y09M
10014,臺東縣,10014010,臺東市,10014010-037,新興里,94.53,2.28,1105.04,43.47,12.79,30.69,240,110Y09M
10014,臺東縣,10014010,臺東市,10014010-038,豐榮里,93.3,2.45,5365.55,31.84,12.14,19.7,162.27,110Y09M
10014,臺東縣,10014010,臺東市,10014010-039,豐谷里,100.52,2.74,2082.08,35.62,13.54,22.08,163.04,110Y09M
10014,臺東縣,10014010,臺東市,10014010-040,豐里里,106.22,2.78,771.93,35.59,13.71,21.88,159.64,110Y09M
10014,臺東縣,10014010,臺東市,10014010-041,豐原里,115.63,2.81,189.84,44.5,16.39,28.11,171.52,110Y09M
10014,臺東縣,10014010,臺東市,10014010-042,建和里,105.01,2.62,302.99,44.92,16.97,27.95,164.71,110Y09M
10014,臺東縣,10014010,臺東市,10014010-043,建興里,100.79,2.5,444.51,35.19,7.41,27.78,375,110Y09M
10014,臺東縣,10014010,臺東市,10014010-044,建業里,104.64,2.45,1096.09,39.88,11.11,28.77,258.93,110Y09M
10014,臺東縣,10014010,臺東市,10014010-045,知本里,98.46,2.52,297.48,37.41,12.85,24.56,191.03,110Y09M
10014,臺東縣,10014010,臺東市,10014010-046,建農里,108.07,2.59,132.59,32.43,12.64,19.79,156.62,110Y09M
10014,臺東縣,10014020,成功鎮,10014020-001,博愛里,132.1,2.03,34.73,51.93,6.76,45.17,667.86,110Y09M
10014,臺東縣,10014020,成功鎮,10014020-002,忠孝里,98.82,2.19,25.39,47.17,10.01,37.16,371.01,110Y09M
10014,臺東縣,10014020,成功鎮,10014020-003,三仙里,128.77,2.38,45.16,41.04,11.7,29.34,250.82,110Y09M
10014,臺東縣,10014020,成功鎮,10014020-004,三民里,103.21,2.64,278.86,39.91,11.62,28.28,243.32,110Y09M
10014,臺東縣,10014020,成功鎮,10014020-005,忠智里,103.61,2.78,5713.54,48.58,17.81,30.77,172.76,110Y09M
10014,臺東縣,10014020,成功鎮,10014020-006,忠仁里,109.47,2.66,296.94,42.97,14.58,28.4,194.76,110Y09M
10014,臺東縣,10014020,成功鎮,10014020-007,和平里,127.67,2.19,61.52,50.19,9.32,40.87,438.78,110Y09M
10014,臺東縣,10014020,成功鎮,10014020-008,信義里,118.91,2.42,81.85,42.97,9.47,33.51,353.91,110Y09M
10014,臺東縣,10014030,關山鎮,10014030-001,德高里,108.9,2.64,125.47,45.58,11.55,34.03,294.63,110Y09M
10014,臺東縣,10014030,關山鎮,10014030-002,豐泉里,97.75,2.74,699.68,47.32,19.46,27.85,143.1,110Y09M
10014,臺東縣,10014030,關山鎮,10014030-003,新福里,114.16,2.54,131.96,44.92,18.17,26.75,147.24,110Y09M
10014,臺東縣,10014030,關山鎮,10014030-004,中福里,100,2.59,5594.85,52.26,16.38,35.89,219.15,110Y09M
10014,臺東縣,10014030,關山鎮,10014030-005,里壠里,97.67,2.55,365.18,47.01,16.51,30.5,184.76,110Y09M
10014,臺東縣,10014030,關山鎮,10014030-006,電光里,128.68,2.62,29.08,49.37,13.16,36.2,275,110Y09M
10014,臺東縣,10014030,關山鎮,10014030-007,月眉里,121.93,2.42,74.1,40.82,10.39,30.43,292.86,110Y09M
10014,臺東縣,10014040,卑南鄉,10014040-001,嘉豐村,119.92,2.47,55.15,39.84,13.98,25.86,184.91,110Y09M
10014,臺東縣,10014040,卑南鄉,10014040-002,利吉村,114.85,2.42,35.82,51.38,12.62,38.77,307.32,110Y09M
10014,臺東縣,10014040,卑南鄉,10014040-003,富山村,119.09,2.16,73.24,41.18,13.1,28.07,214.29,110Y09M
10014,臺東縣,10014040,卑南鄉,10014040-004,富源村,135.42,2.07,18.48,55.5,5.5,50,908.33,110Y09M
10014,臺東縣,10014040,卑南鄉,10014040-005,明峰村,120.07,2.45,58.26,47.05,11.56,35.49,307,110Y09M
10014,臺東縣,10014040,卑南鄉,10014040-006,初鹿村,111.77,2.59,137.59,41.91,11.58,30.33,261.95,110Y09M
10014,臺東縣,10014040,卑南鄉,10014040-007,美農村,125.19,2.22,92.84,41.71,9.88,31.83,322.22,110Y09M
10014,臺東縣,10014040,卑南鄉,10014040-008,賓朗村,107.21,2.57,170.48,40.43,11.4,29.03,254.68,110Y09M
10014,臺東縣,10014040,卑南鄉,10014040-009,泰安村,102.32,2.48,47.74,30.05,13.63,16.42,120.44,110Y09M
10014,臺東縣,10014040,卑南鄉,10014040-010,太平村,102.62,2.46,557.11,31.49,12.4,19.08,153.87,110Y09M
10014,臺東縣,10014040,卑南鄉,10014040-011,利嘉村,105.25,2.67,27.34,41.03,16.96,24.07,141.94,110Y09M
10014,臺東縣,10014040,卑南鄉,10014040-012,東興村,113.38,2.61,14.73,29.89,13.11,16.78,128.03,110Y09M
10014,臺東縣,10014040,卑南鄉,10014040-013,溫泉村,114.46,2.15,8.12,52.99,13.12,39.87,303.88,110Y09M
10014,臺東縣,10014050,鹿野鄉,10014050-001,瑞和村,112.02,2.78,40.45,39.04,10.96,28.08,256.14,110Y09M
10014,臺東縣,10014050,鹿野鄉,10014050-002,瑞豐村,113.06,2.39,147.8,45.09,8.44,36.66,434.55,110Y09M
10014,臺東縣,10014050,鹿野鄉,10014050-003,瑞源村,105.64,2.49,64.94,50.96,13.54,37.42,276.47,110Y09M
10014,臺東縣,10014050,鹿野鄉,10014050-004,永安村,115.82,2.55,117.06,38.72,12.31,26.41,214.58,110Y09M
10014,臺東縣,10014050,鹿野鄉,10014050-005,瑞隆村,111.43,2.41,74.58,44.88,10.69,34.19,319.72,110Y09M
10014,臺東縣,10014050,鹿野鄉,10014050-006,鹿野村,101.75,2.44,133.14,45.82,11.39,34.43,302.22,110Y09M
10014,臺東縣,10014050,鹿野鄉,10014050-007,龍田村,121.69,2.45,211.72,48.65,10.81,37.84,350,110Y09M
10014,臺東縣,10014060,池上鄉,10014060-001,福文村,110.79,2.47,148.21,46.54,14.19,32.36,228.1,110Y09M
10014,臺東縣,10014060,池上鄉,10014060-002,慶豐村,107.3,2.73,332.8,47.31,12.38,34.93,282.26,110Y09M
10014,臺東縣,10014060,池上鄉,10014060-003,大坡村,114.02,2.42,39.82,53.28,11.79,41.48,351.85,110Y09M
10014,臺東縣,10014060,池上鄉,10014060-004,大埔村,99.32,2.63,493.86,55.93,13.98,41.95,300,110Y09M
10014,臺東縣,10014060,池上鄉,10014060-005,福原村,92.28,2.59,1305.81,49.17,18.1,31.07,171.69,110Y09M
10014,臺東縣,10014060,池上鄉,10014060-006,錦園村,118.18,2.28,41.07,55.17,11.21,43.97,392.31,110Y09M
10014,臺東縣,10014060,池上鄉,10014060-007,新興村,122.84,2.43,88.85,48.56,11.7,36.86,315.07,110Y09M
10014,臺東縣,10014060,池上鄉,10014060-008,萬安村,112.66,2.33,72.88,58.49,13.21,45.28,342.86,110Y09M
10014,臺東縣,10014060,池上鄉,10014060-009,富興村,128.42,2.61,24.76,42.3,11.15,31.15,279.41,110Y09M
10014,臺東縣,10014060,池上鄉,10014060-010,振興村,117.19,2.46,32.18,44.58,12.05,32.53,270,110Y09M
10014,臺東縣,10014070,東河鄉,10014070-001,北源村,166.51,1.94,28.93,42.8,8.2,34.6,422.11,110Y09M
10014,臺東縣,10014070,東河鄉,10014070-002,泰源村,112.88,2.47,21,42.4,10.2,32.2,315.56,110Y09M
10014,臺東縣,10014070,東河鄉,10014070-003,東河村,123.31,2.34,100.36,45.78,10.51,35.27,335.53,110Y09M
10014,臺東縣,10014070,東河鄉,10014070-004,尚德村,125.41,2.2,9.83,51.1,12.64,38.46,304.35,110Y09M
10014,臺東縣,10014070,東河鄉,10014070-005,隆昌村,102.91,2.07,51.46,53.72,8.82,44.9,509.37,110Y09M
10014,臺東縣,10014070,東河鄉,10014070-006,興昌村,116.04,1.98,47.1,56.78,11,45.77,415.94,110Y09M
10014,臺東縣,10014070,東河鄉,10014070-007,都蘭村,109.76,2.36,80.08,46.16,12.48,33.69,270,110Y09M
10014,臺東縣,10014080,長濱鄉,10014080-001,樟原村,124.29,2.2,20.74,54.3,7.62,46.68,612.9,110Y09M
10014,臺東縣,10014080,長濱鄉,10014080-002,三間村,138.53,2.36,36.13,54,11.41,42.6,373.4,110Y09M
10014,臺東縣,10014080,長濱鄉,10014080-003,忠勇村,152.52,2.61,27.84,48.4,14.32,34.07,237.93,110Y09M
10014,臺東縣,10014080,長濱鄉,10014080-004,長濱村,117.51,2.48,225.81,43.27,10.67,32.6,305.62,110Y09M
10014,臺東縣,10014080,長濱鄉,10014080-005,竹湖村,123.24,2.35,51.88,48.95,8.08,40.87,506,110Y09M
10014,臺東縣,10014080,長濱鄉,10014080-006,寧埔村,138.85,2.18,33.75,48.56,8.49,40.07,471.83,110Y09M
10014,臺東縣,10014090,太麻里鄉,10014090-001,美和村,110.94,2.59,115.99,37.52,10.6,26.92,253.98,110Y09M
10014,臺東縣,10014090,太麻里鄉,10014090-002,三和村,120.14,2.29,140.27,38.43,7.21,31.22,433.33,110Y09M
10014,臺東縣,10014090,太麻里鄉,10014090-003,華源村,120.63,1.95,72.59,52.05,6.02,46.02,764,110Y09M
10014,臺東縣,10014090,太麻里鄉,10014090-004,北里村,146.85,1.99,63.1,41.53,9.93,31.6,318.18,110Y09M
10014,臺東縣,10014090,太麻里鄉,10014090-005,泰和村,104.33,2.21,445.14,44.35,13.33,31.02,232.64,110Y09M
10014,臺東縣,10014090,太麻里鄉,10014090-006,大王村,115.56,2.23,187.71,46.54,13.71,32.82,239.36,110Y09M
10014,臺東縣,10014090,太麻里鄉,10014090-007,香蘭村,118.31,2.35,94.8,44.96,12.8,32.16,251.25,110Y09M
10014,臺東縣,10014090,太麻里鄉,10014090-008,金崙村,108.46,2.28,89.61,34.7,14.21,20.49,144.23,110Y09M
10014,臺東縣,10014090,太麻里鄉,10014090-009,多良村,106.56,2.15,47.35,36.89,14.36,22.53,156.88,110Y09M
10014,臺東縣,10014100,大武鄉,10014100-001,大竹村,115.03,2.21,42.05,35.4,12.07,23.33,193.24,110Y09M
10014,臺東縣,10014100,大武鄉,10014100-002,大鳥村,118.18,2.4,66.85,34.75,16,18.75,117.22,110Y09M
10014,臺東縣,10014100,大武鄉,10014100-003,大武村,106.9,2.36,214.05,41.66,17.07,24.59,144.07,110Y09M
10014,臺東縣,10014100,大武鄉,10014100-004,尚武村,102.75,2.22,166.23,39.64,10.12,29.52,291.59,110Y09M
10014,臺東縣,10014100,大武鄉,10014100-005,南興村,103.04,2.15,69.5,38.8,13.39,25.4,189.66,110Y09M
10014,臺東縣,10014110,綠島鄉,10014110-001,公館村,126.35,3.3,126.68,29.45,13.93,15.53,111.48,110Y09M
10014,臺東縣,10014110,綠島鄉,10014110-002,中寮村,115.79,3.41,883.77,29.66,13.52,16.14,119.35,110Y09M
10014,臺東縣,10014110,綠島鄉,10014110-003,南寮村,107.91,3.48,445.51,26.96,11.39,15.57,136.71,110Y09M
10014,臺東縣,10014120,海端鄉,10014120-001,廣原村,106.55,3.72,30.87,38.71,26.25,12.46,47.49,110Y09M
10014,臺東縣,10014120,海端鄉,10014120-002,霧鹿村,103.23,3.42,1.64,43.84,25.11,18.72,74.55,110Y09M
10014,臺東縣,10014120,海端鄉,10014120-003,利稻村,96.39,4.02,0.87,39.32,24.36,14.96,61.4,110Y09M
10014,臺東縣,10014120,海端鄉,10014120-004,海端村,111.33,3.98,44.04,34.92,21.13,13.79,65.24,110Y09M
10014,臺東縣,10014120,海端鄉,10014120-005,崁頂村,129.32,3.61,7.22,37.08,24.54,12.55,51.13,110Y09M
10014,臺東縣,10014120,海端鄉,10014120-006,加拿村,123.38,3.96,3.77,30.19,20.34,9.85,48.45,110Y09M
10014,臺東縣,10014130,延平鄉,10014130-001,武陵村,115.2,3.21,48.66,32.14,20.29,11.85,58.41,110Y09M
10014,臺東縣,10014130,延平鄉,10014130-002,永康村,114.75,3.28,11.04,31.44,20.4,11.04,54.1,110Y09M
10014,臺東縣,10014130,延平鄉,10014130-003,紅葉村,121.46,3.49,1.57,38.71,22.04,16.67,75.61,110Y09M
10014,臺東縣,10014130,延平鄉,10014130-004,鸞山村,111.04,3.19,26.25,34.64,18.59,16.05,86.32,110Y09M
10014,臺東縣,10014130,延平鄉,10014130-005,桃源村,111.6,3.42,16.43,31.91,20.85,11.06,53.06,110Y09M
10014,臺東縣,10014140,金峰鄉,10014140-001,新興村,101.86,3.21,118.47,34.16,22.02,12.14,55.14,110Y09M
10014,臺東縣,10014140,金峰鄉,10014140-002,正興村,95.05,3.16,3503.44,31.48,16.67,14.81,88.89,110Y09M
10014,臺東縣,10014140,金峰鄉,10014140-003,嘉蘭村,102.4,3.09,8.15,33.8,19.77,14.03,70.98,110Y09M
10014,臺東縣,10014140,金峰鄉,10014140-004,賓茂村,117.88,2.75,2744.91,37.81,18.37,19.43,105.77,110Y09M
10014,臺東縣,10014140,金峰鄉,10014140-005,歷坵村,94.12,3.05,2.02,33.78,18.58,15.2,81.82,110Y09M
10014,臺東縣,10014150,達仁鄉,10014150-001,台坂村,114.86,2.53,32.58,35.81,15.46,20.35,131.65,110Y09M
10014,臺東縣,10014150,達仁鄉,10014150-002,土坂村,119.96,2.75,11.05,27.73,13.02,14.71,113,110Y09M
10014,臺東縣,10014150,達仁鄉,10014150-003,新化村,130.67,2.43,3.03,33.33,11.7,21.63,184.85,110Y09M
10014,臺東縣,10014150,達仁鄉,10014150-004,安朔村,123.3,2.02,11.4,35.43,13.48,21.96,162.9,110Y09M
10014,臺東縣,10014150,達仁鄉,10014150-005,森永村,120.77,2.05,28.03,33.33,11.55,21.78,188.57,110Y09M
10014,臺東縣,10014150,達仁鄉,10014150-006,南田村,100.58,2.5,19.58,21.48,10.21,11.27,110.34,110Y09M
10014,臺東縣,10014160,蘭嶼鄉,10014160-001,東清村,97.02,2.88,88.7,29.74,19.12,10.62,55.56,110Y09M
10014,臺東縣,10014160,蘭嶼鄉,10014160-002,朗島村,93.02,2.72,100.98,28.94,17.56,11.39,64.84,110Y09M
10014,臺東縣,10014160,蘭嶼鄉,10014160-003,紅頭村,105.26,2.4,123.99,26.73,14.6,12.13,83.04,110Y09M
10014,臺東縣,10014160,蘭嶼鄉,10014160-004,椰油村,101.67,2.7,149.44,32.39,21.12,11.27,53.37,110Y09M
10014,臺東縣,10014010,臺東市,10014010-001,富岡里,112.98,2.53,167.99,39.35,12.15,27.2,223.89,110Y12M
10014,臺東縣,10014010,臺東市,10014010-003,岩灣里,102.09,2.09,877.85,26.18,8.15,18.03,221.15,110Y12M
10014,臺東縣,10014010,臺東市,10014010-004,南王里,105.15,2.56,822.37,32.94,11.11,21.84,196.62,110Y12M
10014,臺東縣,10014010,臺東市,10014010-005,卑南里,96.82,2.47,2135.92,30.15,9.22,20.94,227.19,110Y12M
10014,臺東縣,10014010,臺東市,10014010-006,南榮里,107.27,2.69,624.51,38.21,13.12,25.09,191.29,110Y12M
10014,臺東縣,10014010,臺東市,10014010-007,新生里,97.17,2.4,7020.38,35.32,12.89,22.43,173.92,110Y12M
10014,臺東縣,10014010,臺東市,10014010-008,民生里,88.99,2.38,11842.58,45.59,12.92,32.67,252.83,110Y12M
10014,臺東縣,10014010,臺東市,10014010-009,寶桑里,104.77,2.35,756.72,41.78,13.5,28.28,209.52,110Y12M
10014,臺東縣,10014010,臺東市,10014010-010,馬蘭里,89.97,3,9506.79,67.45,42.46,24.99,58.84,110Y12M
10014,臺東縣,10014010,臺東市,10014010-011,中心里,96.51,2.87,12276.55,62.83,35.23,27.59,78.31,110Y12M
10014,臺東縣,10014010,臺東市,10014010-012,自強里,92.81,2.95,11321.34,59.52,39.75,19.77,49.73,110Y12M
10014,臺東縣,10014010,臺東市,10014010-013,民族里,92.3,3.02,9464.13,83.45,53.91,29.54,54.8,110Y12M
10014,臺東縣,10014010,臺東市,10014010-015,中華里,100,2.47,2105.43,42.55,14,28.56,203.98,110Y12M
10014,臺東縣,10014010,臺東市,10014010-017,建國里,106.2,2.41,985.92,41.3,11,30.29,275.32,110Y12M
10014,臺東縣,10014010,臺東市,10014010-020,中正里,95.75,2.32,8483.64,47.74,9.18,38.55,419.86,110Y12M
10014,臺東縣,10014010,臺東市,10014010-022,成功里,100.47,2.29,4071.82,40.55,12.65,27.9,220.53,110Y12M
10014,臺東縣,10014010,臺東市,10014010-023,文化里,115.61,2.46,7063.08,67.54,39.43,28.1,71.27,110Y12M
10014,臺東縣,10014010,臺東市,10014010-024,中山里,93.85,2.57,11970.38,68.54,32.95,35.59,108.01,110Y12M
10014,臺東縣,10014010,臺東市,10014010-029,新園里,109.56,2.41,505.79,34.06,11.79,22.27,188.89,110Y12M
10014,臺東縣,10014010,臺東市,10014010-030,豐田里,95.93,2.49,613.84,34.68,13.61,21.07,154.75,110Y12M
10014,臺東縣,10014010,臺東市,10014010-031,豐年里,105.98,2.45,1175.91,31.93,12.97,18.97,146.31,110Y12M
10014,臺東縣,10014010,臺東市,10014010-032,光明里,83.9,2.48,3674.27,40.58,24.66,15.92,64.54,110Y12M
10014,臺東縣,10014010,臺東市,10014010-033,豐樂里,104.5,2.95,776.54,40.03,18.27,21.75,119.05,110Y12M
10014,臺東縣,10014010,臺東市,10014010-034,永樂里,104.15,2.92,1021.42,38.77,20.86,17.91,85.86,110Y12M
10014,臺東縣,10014010,臺東市,10014010-035,康樂里,114.91,2.58,158.9,38.17,18.38,19.79,107.66,110Y12M
10014,臺東縣,10014010,臺東市,10014010-036,東海里,87.63,2.61,5720.14,55.15,30.69,24.46,79.68,110Y12M
10014,臺東縣,10014010,臺東市,10014010-037,新興里,100.12,2.41,1317.75,46.28,16.86,29.42,174.47,110Y12M
10014,臺東縣,10014010,臺東市,10014010-038,豐榮里,95.31,2.47,9694.51,35.98,13.64,22.34,163.82,110Y12M
10014,臺東縣,10014010,臺東市,10014010-039,豐谷里,101.4,2.72,2166.73,36.04,13.64,22.4,164.27,110Y12M
10014,臺東縣,10014010,臺東市,10014010-040,豐里里,105.51,2.77,751.21,34.98,13,21.98,169.02,110Y12M
10014,臺東縣,10014010,臺東市,10014010-041,豐原里,118.11,2.79,195.29,43.3,15.1,28.2,186.75,110Y12M
10014,臺東縣,10014010,臺東市,10014010-042,建和里,106.45,2.6,297.68,45.41,17.15,28.27,164.86,110Y12M
10014,臺東縣,10014010,臺東市,10014010-043,建興里,96.93,2.47,490.66,36.4,7.58,28.82,380,110Y12M
10014,臺東縣,10014010,臺東市,10014010-045,知本里,102.61,2.49,435.94,38.45,12.13,26.31,216.88,110Y12M
10014,臺東縣,10014010,臺東市,10014010-046,建農里,107.2,2.59,133,32.68,12.8,19.88,155.41,110Y12M
10014,臺東縣,10014010,臺東市,10014010-047,仁和里　,93.15,2.36,5347.88,35.87,11.15,24.72,221.6,110Y12M
10014,臺東縣,10014010,臺東市,10014010-048,豐安里　,88.75,2.41,9187.2,31.08,10.6,20.49,193.33,110Y12M
10014,臺東縣,10014010,臺東市,10014010-049,豐盛里　,94.9,2.52,3840.47,31.31,12.62,18.69,148.08,110Y12M
10014,臺東縣,10014020,成功鎮,10014020-001,博愛里,131.23,2.01,34.34,53.2,6.4,46.8,730.77,110Y12M
10014,臺東縣,10014020,成功鎮,10014020-002,忠孝里,97.84,2.18,25.21,48.96,10.5,38.46,366.2,110Y12M
10014,臺東縣,10014020,成功鎮,10014020-003,三仙里,128.68,2.36,44.79,41.38,11.14,30.23,271.3,110Y12M
10014,臺東縣,10014020,成功鎮,10014020-004,三民里,102.73,2.65,278.21,40.7,12,28.7,239.13,110Y12M
10014,臺東縣,10014020,成功鎮,10014020-005,忠智里,103.03,2.77,5708.21,48.24,17.23,31,179.92,110Y12M
10014,臺東縣,10014020,成功鎮,10014020-006,忠仁里,109.83,2.66,294.62,42.53,13.88,28.65,206.38,110Y12M
10014,臺東縣,10014020,成功鎮,10014020-007,和平里,124.57,2.18,61.21,50.57,8.81,41.76,473.91,110Y12M
10014,臺東縣,10014020,成功鎮,10014020-008,信義里,118.4,2.41,81.94,42.7,9.37,33.33,355.91,110Y12M
10014,臺東縣,10014030,關山鎮,10014030-001,德高里,108.09,2.64,125.41,45.17,11.45,33.72,294.59,110Y12M
10014,臺東縣,10014030,關山鎮,10014030-002,豐泉里,97.16,2.73,700.74,46.56,18.78,27.78,147.93,110Y12M
10014,臺東縣,10014030,關山鎮,10014030-003,新福里,113.32,2.57,131.44,44.56,18.34,26.22,142.97,110Y12M
10014,臺東縣,10014030,關山鎮,10014030-004,中福里,100.23,2.59,5562.85,51.92,15.56,36.36,233.71,110Y12M
10014,臺東縣,10014030,關山鎮,10014030-005,里壠里,98.09,2.55,364.79,47.43,16.73,30.7,183.49,110Y12M
10014,臺東縣,10014030,關山鎮,10014030-006,電光里,129.64,2.58,28.64,48.59,12.02,36.57,304.26,110Y12M
10014,臺東縣,10014030,關山鎮,10014030-007,月眉里,123.51,2.41,73.32,41.7,10,31.7,316.98,110Y12M
10014,臺東縣,10014040,卑南鄉,10014040-001,嘉豐村,120.25,2.47,55.47,40.26,14.47,25.79,178.18,110Y12M
10014,臺東縣,10014040,卑南鄉,10014040-002,利吉村,114.85,2.45,35.82,50.92,12.58,38.34,304.88,110Y12M
10014,臺東縣,10014040,卑南鄉,10014040-003,富山村,118.83,2.17,72.54,40.97,12.67,28.3,223.4,110Y12M
10014,臺東縣,10014040,卑南鄉,10014040-004,富源村,135.42,2.09,18.48,54.79,5.94,48.86,823.08,110Y12M
10014,臺東縣,10014040,卑南鄉,10014040-005,明峰村,120,2.42,57.94,46.75,11.14,35.61,319.79,110Y12M
10014,臺東縣,10014040,卑南鄉,10014040-006,初鹿村,110.84,2.61,137.2,41.5,11.58,29.92,258.41,110Y12M
10014,臺東縣,10014040,卑南鄉,10014040-007,美農村,124.71,2.23,92.28,41.37,9.67,31.7,327.85,110Y12M
10014,臺東縣,10014040,卑南鄉,10014040-008,賓朗村,107.51,2.57,169.46,40.21,10.66,29.55,277.25,110Y12M
10014,臺東縣,10014040,卑南鄉,10014040-009,泰安村,102.94,2.47,47.96,30.52,14.02,16.5,117.73,110Y12M
10014,臺東縣,10014040,卑南鄉,10014040-010,太平村,102.73,2.48,558.05,32.44,12.81,19.64,153.33,110Y12M
10014,臺東縣,10014040,卑南鄉,10014040-011,利嘉村,105.98,2.65,27.04,41.2,17.28,23.92,138.46,110Y12M
10014,臺東縣,10014040,卑南鄉,10014040-012,東興村,113.15,2.62,14.79,29.23,12.89,16.34,126.72,110Y12M
10014,臺東縣,10014040,卑南鄉,10014040-013,溫泉村,114.03,2.13,8.04,52.96,12.85,40.1,312,110Y12M
10014,臺東縣,10014050,鹿野鄉,10014050-001,瑞和村,110.59,2.74,40.05,40.12,10.57,29.55,279.63,110Y12M
10014,臺東縣,10014050,鹿野鄉,10014050-002,瑞豐村,113.93,2.37,148.74,45.34,8.24,37.1,450,110Y12M
10014,臺東縣,10014050,鹿野鄉,10014050-003,瑞源村,105.9,2.46,64.6,52.1,14.03,38.06,271.26,110Y12M
10014,臺東縣,10014050,鹿野鄉,10014050-004,永安村,116.87,2.52,115.91,39.38,12.4,26.97,217.48,110Y12M
10014,臺東縣,10014050,鹿野鄉,10014050-005,瑞隆村,112.39,2.4,74.42,45.02,10.88,34.14,313.89,110Y12M
10014,臺東縣,10014050,鹿野鄉,10014050-006,鹿野村,101.77,2.42,131.98,44.74,10.39,34.35,330.49,110Y12M
10014,臺東縣,10014050,鹿野鄉,10014050-007,龍田村,120.08,2.46,213,48.21,10.97,37.24,339.53,110Y12M
10014,臺東縣,10014060,池上鄉,10014060-001,福文村,110.81,2.47,147.97,45.29,13.39,31.9,238.26,110Y12M
10014,臺東縣,10014060,池上鄉,10014060-002,慶豐村,107.37,2.73,330.1,47.58,12.3,35.28,286.89,110Y12M
10014,臺東縣,10014060,池上鄉,10014060-003,大坡村,114.11,2.41,39.59,55.8,12.05,43.75,362.96,110Y12M
10014,臺東縣,10014060,池上鄉,10014060-004,大埔村,99.1,2.64,496.67,56.26,13.93,42.33,303.8,110Y12M
10014,臺東縣,10014060,池上鄉,10014060-005,福原村,92.33,2.58,1299.41,49.23,17.73,31.51,177.74,110Y12M
10014,臺東縣,10014060,池上鄉,10014060-006,錦園村,115.76,2.27,40.61,56.83,11.01,45.81,416,110Y12M
10014,臺東縣,10014060,池上鄉,10014060-007,新興村,121.9,2.42,89.33,47.47,11.39,36.08,316.67,110Y12M
10014,臺東縣,10014060,池上鄉,10014060-008,萬安村,111.39,2.34,72.45,58.29,13.74,44.55,324.14,110Y12M
10014,臺東縣,10014060,池上鄉,10014060-009,富興村,129.95,2.57,24.53,41.91,10.23,31.68,309.68,110Y12M
10014,臺東縣,10014060,池上鄉,10014060-010,振興村,116.29,2.44,32.04,43.98,12.05,31.93,265,110Y12M
10014,臺東縣,10014070,東河鄉,10014070-001,北源村,166.67,1.94,28.95,43.01,8.12,34.89,429.79,110Y12M
10014,臺東縣,10014070,東河鄉,10014070-002,泰源村,112.35,2.45,20.98,42.94,10.02,32.92,328.41,110Y12M
10014,臺東縣,10014070,東河鄉,10014070-003,東河村,121.35,2.33,99.7,45.01,10.25,34.76,339.19,110Y12M
10014,臺東縣,10014070,東河鄉,10014070-004,尚德村,125.83,2.19,9.69,51.4,12.85,38.55,300,110Y12M
10014,臺東縣,10014070,東河鄉,10014070-005,隆昌村,104.04,2.08,51.18,55.03,9.22,45.81,496.97,110Y12M
10014,臺東縣,10014070,東河鄉,10014070-006,興昌村,113.98,1.99,47.68,56.2,10.52,45.68,434.33,110Y12M
10014,臺東縣,10014070,東河鄉,10014070-007,都蘭村,110.02,2.35,79.53,46.72,12.42,34.3,276.14,110Y12M
10014,臺東縣,10014080,長濱鄉,10014080-001,樟原村,125.18,2.18,20.68,54.95,7.92,47.03,593.75,110Y12M
10014,臺東縣,10014080,長濱鄉,10014080-002,三間村,137.12,2.35,35.65,54.19,11.08,43.1,388.89,110Y12M
10014,臺東縣,10014080,長濱鄉,10014080-003,忠勇村,152.5,2.65,28.08,47.8,14.88,32.93,221.31,110Y12M
10014,臺東縣,10014080,長濱鄉,10014080-004,長濱村,116.48,2.48,226.34,43.5,10.46,33.04,315.92,110Y12M
10014,臺東縣,10014080,長濱鄉,10014080-005,竹湖村,124.69,2.34,51.71,49.92,8.32,41.6,500,110Y12M
10014,臺東縣,10014080,長濱鄉,10014080-006,寧埔村,141.49,2.15,33.54,49.39,8.72,40.68,466.67,110Y12M
10014,臺東縣,10014090,太麻里鄉,10014090-001,美和村,111.16,2.58,115.28,36.94,9.87,27.07,274.29,110Y12M
10014,臺東縣,10014090,太麻里鄉,10014090-002,三和村,120.77,2.29,138.72,37.8,6.59,31.21,473.33,110Y12M
10014,臺東縣,10014090,太麻里鄉,10014090-003,華源村,118.34,1.93,72.59,52.05,5.78,46.27,800,110Y12M
10014,臺東縣,10014090,太麻里鄉,10014090-004,北里村,145.7,2,63.3,41.35,10.56,30.79,291.49,110Y12M
10014,臺東縣,10014090,太麻里鄉,10014090-005,泰和村,103.28,2.2,442.85,44.41,13.22,31.19,235.92,110Y12M
10014,臺東縣,10014090,太麻里鄉,10014090-006,大王村,113.53,2.24,187.33,47.1,13.72,33.38,243.32,110Y12M
10014,臺東縣,10014090,太麻里鄉,10014090-007,香蘭村,117.07,2.32,94.48,45.65,13.06,32.58,249.38,110Y12M
10014,臺東縣,10014090,太麻里鄉,10014090-008,金崙村,108.24,2.26,89.61,35.07,14.45,20.62,142.65,110Y12M
10014,臺東縣,10014090,太麻里鄉,10014090-009,多良村,105.11,2.16,47.57,37.19,14.45,22.73,157.27,110Y12M
10014,臺東縣,10014100,大武鄉,10014100-001,大竹村,114.43,2.22,42.15,36.62,12.15,24.47,201.35,110Y12M
10014,臺東縣,10014100,大武鄉,10014100-002,大鳥村,117.79,2.38,66.27,34.43,15.99,18.44,115.33,110Y12M
10014,臺東縣,10014100,大武鄉,10014100-003,大武村,106.18,2.36,213.9,41.02,16.33,24.69,151.18,110Y12M
10014,臺東縣,10014100,大武鄉,10014100-004,尚武村,102.91,2.2,164.76,39.87,10.04,29.83,297.14,110Y12M
10014,臺東縣,10014100,大武鄉,10014100-005,南興村,102.32,2.17,70.66,38.86,13.64,25.23,185,110Y12M
10014,臺東縣,10014110,綠島鄉,10014110-001,公館村,128.11,3.26,125.11,29.18,13.26,15.92,120,110Y12M
10014,臺東縣,10014110,綠島鄉,10014110-002,中寮村,114.85,3.46,892.69,29.98,13.53,16.45,121.6,110Y12M
10014,臺東縣,10014110,綠島鄉,10014110-003,南寮村,109.16,3.53,456.13,26.97,11.06,15.92,143.95,110Y12M
10014,臺東縣,10014120,海端鄉,10014120-001,廣原村,107.42,3.74,31,39.71,26.47,13.24,50,110Y12M
10014,臺東縣,10014120,海端鄉,10014120-002,霧鹿村,101.9,3.47,1.66,43.05,25.56,17.49,68.42,110Y12M
10014,臺東縣,10014120,海端鄉,10014120-003,利稻村,94.61,4.01,0.87,38.89,24.36,14.53,59.65,110Y12M
10014,臺東縣,10014120,海端鄉,10014120-004,海端村,113.46,3.98,43.85,34.65,21.06,13.59,64.52,110Y12M
10014,臺東縣,10014120,海端鄉,10014120-005,崁頂村,125.68,3.63,7.25,36.56,24.13,12.43,51.52,110Y12M
10014,臺東縣,10014120,海端鄉,10014120-006,加拿村,120.21,3.91,3.77,29.65,20.04,9.6,47.92,110Y12M
10014,臺東縣,10014130,延平鄉,10014130-001,武陵村,115.07,3.23,49.06,33.45,21.4,12.05,56.3,110Y12M
10014,臺東縣,10014130,延平鄉,10014130-002,永康村,112.3,3.25,11.15,31.02,20.13,10.89,54.1,110Y12M
10014,臺東縣,10014130,延平鄉,10014130-003,紅葉村,120.6,3.43,1.57,38.17,21.51,16.67,77.5,110Y12M
10014,臺東縣,10014130,延平鄉,10014130-004,鸞山村,109.76,3.19,26.25,35.7,19.33,16.37,84.69,110Y12M
10014,臺東縣,10014130,延平鄉,10014130-005,桃源村,111.15,3.45,16.56,32.28,21.06,11.22,53.27,110Y12M
10014,臺東縣,10014140,金峰鄉,10014140-001,新興村,100.31,3.2,118.65,33.81,21.93,11.89,54.21,110Y12M
10014,臺東縣,10014140,金峰鄉,10014140-002,正興村,96.12,3.13,3493.57,32.58,16.85,15.73,93.33,110Y12M
10014,臺東縣,10014140,金峰鄉,10014140-003,嘉蘭村,103.61,3.1,8.18,34.96,20.14,14.82,73.57,110Y12M
10014,臺東縣,10014140,金峰鄉,10014140-004,賓茂村,117.98,2.75,2730.84,38.08,18.15,19.93,109.8,110Y12M
10014,臺東縣,10014140,金峰鄉,10014140-005,歷坵村,94.55,3.02,2.01,34.59,18.49,16.1,87.04,110Y12M
10014,臺東縣,10014150,達仁鄉,10014150-001,台坂村,114.72,2.52,32.86,37.8,16.73,21.06,125.88,110Y12M
10014,臺東縣,10014150,達仁鄉,10014150-002,土坂村,118.93,2.74,11.07,27.99,12.63,15.36,121.65,110Y12M
10014,臺東縣,10014150,達仁鄉,10014150-003,新化村,127.98,2.46,3.08,34.39,12.98,21.4,164.86,110Y12M
10014,臺東縣,10014150,達仁鄉,10014150-004,安朔村,125.18,2.01,11.45,36.38,14.6,21.79,149.25,110Y12M
10014,臺東縣,10014150,達仁鄉,10014150-005,森永村,118.92,2.07,28.1,32.35,11.11,21.24,191.18,110Y12M
10014,臺東縣,10014150,達仁鄉,10014150-006,南田村,104.82,2.46,19.3,19.72,8.8,10.92,124,110Y12M
10014,臺東縣,10014160,蘭嶼鄉,10014160-001,東清村,98.15,2.89,89.54,30.86,19.76,11.1,56.2,110Y12M
10014,臺東縣,10014160,蘭嶼鄉,10014160-002,朗島村,93.81,2.75,100.98,29.12,17.86,11.26,63.08,110Y12M
10014,臺東縣,10014160,蘭嶼鄉,10014160-003,紅頭村,104.68,2.41,124.32,26.75,14.91,11.84,79.43,110Y12M
10014,臺東縣,10014160,蘭嶼鄉,10014160-004,椰油村,101.01,2.69,148.2,31.43,20.26,11.17,55.14,110Y12M
10014,臺東縣,10014010,臺東市,10014010-001,富岡里,113.67,2.45,168.12,39.84,12.18,27.65,226.99,111Y03M
10014,臺東縣,10014010,臺東市,10014010-003,岩灣里,101.42,2.09,876.4,26.03,7.79,18.24,234.23,111Y03M
10014,臺東縣,10014010,臺東市,10014010-004,南王里,104.35,2.56,824.96,33.47,11.32,22.15,195.57,111Y03M
10014,臺東縣,10014010,臺東市,10014010-005,卑南里,95.38,2.47,2157.81,30.49,9.31,21.18,227.59,111Y03M
10014,臺東縣,10014010,臺東市,10014010-006,南榮里,108.56,2.72,629.26,38.63,13.47,25.16,186.82,111Y03M
10014,臺東縣,10014010,臺東市,10014010-007,新生里,97.02,2.4,7014.99,35.73,13.29,22.44,168.85,111Y03M
10014,臺東縣,10014010,臺東市,10014010-008,民生里,90.11,2.35,11739.46,46.1,12.93,33.17,256.49,111Y03M
10014,臺東縣,10014010,臺東市,10014010-009,寶桑里,104.07,2.37,762.11,42.92,14.71,28.22,191.87,111Y03M
10014,臺東縣,10014010,臺東市,10014010-010,馬蘭里,90.41,2.98,9445.87,68.88,42.95,25.93,60.39,111Y03M
10014,臺東縣,10014010,臺東市,10014010-011,中心里,96.97,2.86,12164.43,63.5,35.58,27.92,78.47,111Y03M
10014,臺東縣,10014010,臺東市,10014010-012,自強里,92.31,2.93,11267.28,60.21,40.01,20.2,50.5,111Y03M
10014,臺東縣,10014010,臺東市,10014010-013,民族里,91.25,3.01,9448.11,83.32,53.96,29.36,54.41,111Y03M
10014,臺東縣,10014010,臺東市,10014010-015,中華里,100.47,2.46,2092.25,42.54,13.8,28.73,208.13,111Y03M
10014,臺東縣,10014010,臺東市,10014010-017,建國里,106.61,2.42,987.87,41.87,11.37,30.5,268.1,111Y03M
10014,臺東縣,10014010,臺東市,10014010-020,中正里,97.01,2.29,8339.17,47.45,8.3,39.14,471.54,111Y03M
10014,臺東縣,10014010,臺東市,10014010-022,成功里,100.86,2.27,4060.25,40.24,12.33,27.91,226.49,111Y03M
10014,臺東縣,10014010,臺東市,10014010-023,文化里,114.94,2.44,7001.85,68.66,40.12,28.54,71.14,111Y03M
10014,臺東縣,10014010,臺東市,10014010-024,中山里,93.76,2.56,11798.14,68.16,32.35,35.81,110.71,111Y03M
10014,臺東縣,10014010,臺東市,10014010-029,新園里,110.07,2.38,504.14,33.82,11.66,22.16,190,111Y03M
10014,臺東縣,10014010,臺東市,10014010-030,豐田里,94.77,2.46,614.78,35.52,13.99,21.53,153.9,111Y03M
10014,臺東縣,10014010,臺東市,10014010-031,豐年里,106.25,2.43,1169.35,31.54,12.33,19.2,155.69,111Y03M
10014,臺東縣,10014010,臺東市,10014010-032,光明里,83.45,2.48,3653.19,40.85,24.68,16.17,65.51,111Y03M
10014,臺東縣,10014010,臺東市,10014010-033,豐樂里,105.19,2.93,777.65,41.46,19.24,22.21,115.44,111Y03M
10014,臺東縣,10014010,臺東市,10014010-034,永樂里,104.86,2.91,1019.87,39.26,21.09,18.17,86.14,111Y03M
10014,臺東縣,10014010,臺東市,10014010-035,康樂里,114.73,2.56,159.2,38.43,18.38,20.05,109.09,111Y03M
10014,臺東縣,10014010,臺東市,10014010-036,東海里,88.8,2.6,5679.97,56.04,30.72,25.32,82.44,111Y03M
10014,臺東縣,10014010,臺東市,10014010-037,新興里,101.01,2.39,1289.47,47.5,17.38,30.13,173.4,111Y03M
10014,臺東縣,10014010,臺東市,10014010-038,豐榮里,95.47,2.47,9691.74,36.57,13.62,22.95,168.48,111Y03M
10014,臺東縣,10014010,臺東市,10014010-039,豐谷里,101.66,2.72,2157.57,36.53,13.78,22.75,165.1,111Y03M
10014,臺東縣,10014010,臺東市,10014010-040,豐里里,106.35,2.74,746.67,34.78,12.55,22.23,177.14,111Y03M
10014,臺東縣,10014010,臺東市,10014010-041,豐原里,117.05,2.8,194.34,43.75,15.12,28.63,189.33,111Y03M
10014,臺東縣,10014010,臺東市,10014010-042,建和里,106.77,2.59,295.41,45.79,17.23,28.56,165.76,111Y03M
10014,臺東縣,10014010,臺東市,10014010-043,建興里,95.09,2.46,491.75,36.29,7.56,28.73,380,111Y03M
10014,臺東縣,10014010,臺東市,10014010-045,知本里,103.56,2.47,434.95,38.49,12.37,26.12,211.06,111Y03M
10014,臺東縣,10014010,臺東市,10014010-046,建農里,106.41,2.56,132.02,32.77,12.55,20.22,161.11,111Y03M
10014,臺東縣,10014010,臺東市,10014010-047,仁和里,92.86,2.37,5331.05,36.61,11.64,24.97,214.48,111Y03M
10014,臺東縣,10014010,臺東市,10014010-048,豐安里,88.69,2.4,9236.71,31.67,10.81,20.86,193.06,111Y03M
10014,臺東縣,10014010,臺東市,10014010-049,豐盛里,94.2,2.52,3838.45,31.93,12.83,19.1,148.91,111Y03M
10014,臺東縣,10014020,成功鎮,10014020-001,博愛里,133.84,2.01,33.95,53.37,5.99,47.38,791.67,111Y03M
10014,臺東縣,10014020,成功鎮,10014020-002,忠孝里,97.04,2.17,25.01,48.88,9.99,38.9,389.55,111Y03M
10014,臺東縣,10014020,成功鎮,10014020-003,三仙里,129.37,2.33,44.36,43.64,11.43,32.21,281.74,111Y03M
10014,臺東縣,10014020,成功鎮,10014020-004,三民里,102.6,2.65,277.64,40.62,11.64,28.98,248.98,111Y03M
10014,臺東縣,10014020,成功鎮,10014020-005,忠智里,102.53,2.8,5769.5,49.41,18.01,31.4,174.33,111Y03M
10014,臺東縣,10014020,成功鎮,10014020-006,忠仁里,108.6,2.64,293.16,42.66,13.96,28.7,205.53,111Y03M
10014,臺東縣,10014020,成功鎮,10014020-007,和平里,125.07,2.16,60.82,50.48,8.48,42,495.45,111Y03M
10014,臺東縣,10014020,成功鎮,10014020-008,信義里,117.61,2.38,81.09,43.23,9.12,34.11,373.77,111Y03M
10014,臺東縣,10014030,關山鎮,10014030-001,德高里,107.74,2.62,123.67,44.84,10.95,33.88,309.29,111Y03M
10014,臺東縣,10014030,關山鎮,10014030-002,豐泉里,97.16,2.74,701.81,46.94,18.69,28.25,151.19,111Y03M
10014,臺東縣,10014030,關山鎮,10014030-003,新福里,113.4,2.56,130.65,44.94,18.64,26.3,141.09,111Y03M
10014,臺東縣,10014030,關山鎮,10014030-004,中福里,100.23,2.62,5614.06,55.22,17.35,37.88,218.37,111Y03M
10014,臺東縣,10014030,關山鎮,10014030-005,里壠里,97.24,2.55,362.84,49,17.24,31.76,184.19,111Y03M
10014,臺東縣,10014030,關山鎮,10014030-006,電光里,129.64,2.59,28.64,48.59,11.76,36.83,313.04,111Y03M
10014,臺東縣,10014030,關山鎮,10014030-007,月眉里,125.53,2.39,72.44,40,8.87,31.13,351.06,111Y03M
10014,臺東縣,10014040,卑南鄉,10014040-001,嘉豐村,121.31,2.48,56.19,41.36,14.66,26.7,182.14,111Y03M
10014,臺東縣,10014040,卑南鄉,10014040-002,利吉村,112.78,2.39,35.17,49.54,11.46,38.08,332.43,111Y03M
10014,臺東縣,10014040,卑南鄉,10014040-003,富山村,119.41,2.13,72.13,40.54,11.62,28.92,248.84,111Y03M
10014,臺東縣,10014040,卑南鄉,10014040-004,富源村,134.03,2.09,18.37,56.74,6.98,49.77,713.33,111Y03M
10014,臺東縣,10014040,卑南鄉,10014040-005,明峰村,121.38,2.41,57.39,46.55,10.76,35.79,332.61,111Y03M
10014,臺東縣,10014040,卑南鄉,10014040-006,初鹿村,109.52,2.62,137.79,42.11,12.09,30.02,248.31,111Y03M
10014,臺東縣,10014040,卑南鄉,10014040-007,美農村,122.18,2.25,91.24,43.47,10.18,33.29,327.16,111Y03M
10014,臺東縣,10014040,卑南鄉,10014040-008,賓朗村,107.04,2.56,168.51,41.18,11.02,30.15,273.58,111Y03M
10014,臺東縣,10014040,卑南鄉,10014040-009,泰安村,102.92,2.47,48.25,30.66,14.05,16.62,118.31,111Y03M
10014,臺東縣,10014040,卑南鄉,10014040-010,太平村,102.95,2.46,559.3,32.2,12.35,19.85,160.78,111Y03M
10014,臺東縣,10014040,卑南鄉,10014040-011,利嘉村,106.59,2.68,27.25,41.36,17.16,24.2,141.03,111Y03M
10014,臺東縣,10014040,卑南鄉,10014040-012,東興村,112.24,2.62,14.85,30.11,13.43,16.68,124.26,111Y03M
10014,臺東縣,10014040,卑南鄉,10014040-013,溫泉村,113.51,2.14,8.01,54.3,13.41,40.89,304.85,111Y03M
10014,臺東縣,10014050,鹿野鄉,10014050-001,瑞和村,110.29,2.74,40,39.11,9.92,29.18,294.12,111Y03M
10014,臺東縣,10014050,鹿野鄉,10014050-002,瑞豐村,114.29,2.39,147.64,46.51,8.37,38.14,455.56,111Y03M
10014,臺東縣,10014050,鹿野鄉,10014050-003,瑞源村,106.46,2.43,63.5,51.97,12.95,39.02,301.27,111Y03M
10014,臺東縣,10014050,鹿野鄉,10014050-004,永安村,116.62,2.51,114.68,39.96,12.15,27.82,228.99,111Y03M
10014,臺東縣,10014050,鹿野鄉,10014050-005,瑞隆村,111.28,2.39,74.04,44.92,10.77,34.14,316.9,111Y03M
10014,臺東縣,10014050,鹿野鄉,10014050-006,鹿野村,101.61,2.41,130.48,44.56,9.99,34.57,346.15,111Y03M
10014,臺東縣,10014050,鹿野鄉,10014050-007,龍田村,118.25,2.44,214.83,48.92,11.31,37.61,332.58,111Y03M
10014,臺東縣,10014060,池上鄉,10014060-001,福文村,111.75,2.47,147.38,46.06,13.63,32.43,237.93,111Y03M
10014,臺東縣,10014060,池上鄉,10014060-002,慶豐村,105.85,2.78,333.25,47.21,13.15,34.06,259.09,111Y03M
10014,臺東縣,10014060,池上鄉,10014060-003,大坡村,114.91,2.42,39.25,55.86,12.61,43.24,342.86,111Y03M
10014,臺東縣,10014060,池上鄉,10014060-004,大埔村,99.55,2.64,496.67,55.99,13.91,42.08,302.53,111Y03M
10014,臺東縣,10014060,池上鄉,10014060-005,福原村,91.84,2.58,1300.57,50.17,18.16,32.01,176.3,111Y03M
10014,臺東縣,10014060,池上鄉,10014060-006,錦園村,115.57,2.28,41.07,57.21,10.92,46.29,424,111Y03M
10014,臺東縣,10014060,池上鄉,10014060-007,新興村,120.47,2.45,89.81,48.03,12.16,35.86,294.81,111Y03M
10014,臺東縣,10014060,池上鄉,10014060-008,萬安村,106.55,2.43,75.27,56.31,13.06,43.24,331.03,111Y03M
10014,臺東縣,10014060,池上鄉,10014060-009,富興村,128.34,2.59,24.36,44.26,11.15,33.11,296.97,111Y03M
10014,臺東縣,10014060,池上鄉,10014060-010,振興村,115.77,2.47,32.11,44.28,12.35,31.93,258.54,111Y03M
10014,臺東縣,10014070,東河鄉,10014070-001,北源村,165.49,1.94,28.91,41.97,7.81,34.16,437.36,111Y03M
10014,臺東縣,10014070,東河鄉,10014070-002,泰源村,112.27,2.43,20.83,43.88,10.16,33.72,331.82,111Y03M
10014,臺東縣,10014070,東河鄉,10014070-003,東河村,118.96,2.36,100.08,44.77,9.92,34.85,351.39,111Y03M
10014,臺東縣,10014070,東河鄉,10014070-004,尚德村,130.17,2.15,9.55,49.16,10.61,38.55,363.16,111Y03M
10014,臺東縣,10014070,東河鄉,10014070-005,隆昌村,106.02,2.06,50.54,54.8,8.19,46.61,568.97,111Y03M
10014,臺東縣,10014070,東河鄉,10014070-006,興昌村,114.22,1.98,47.63,55.8,10.19,45.61,447.69,111Y03M
10014,臺東縣,10014070,東河鄉,10014070-007,都蘭村,108.99,2.34,79.43,47.37,12.24,35.13,287.05,111Y03M
10014,臺東縣,10014080,長濱鄉,10014080-001,樟原村,126.37,2.15,20.41,52.59,7.16,45.43,634.48,111Y03M
10014,臺東縣,10014080,長濱鄉,10014080-002,三間村,137.71,2.33,35.53,54.26,10.63,43.63,410.47,111Y03M
10014,臺東縣,10014080,長濱鄉,10014080-003,忠勇村,156.64,2.51,26.87,45,11.5,33.5,291.3,111Y03M
10014,臺東縣,10014080,長濱鄉,10014080-004,長濱村,115.08,2.47,227.81,44.34,10.72,33.62,313.66,111Y03M
10014,臺東縣,10014080,長濱鄉,10014080-005,竹湖村,123.66,2.33,51.6,50.33,8.2,42.13,514,111Y03M
10014,臺東縣,10014080,長濱鄉,10014080-006,寧埔村,139.46,2.15,33.65,51.34,8.92,42.42,475.34,111Y03M
10014,臺東縣,10014090,太麻里鄉,10014090-001,美和村,112.06,2.58,114.09,36.29,9.17,27.13,295.88,111Y03M
10014,臺東縣,10014090,太麻里鄉,10014090-002,三和村,117.77,2.29,138.28,37.67,6.39,31.28,489.66,111Y03M
10014,臺東縣,10014090,太麻里鄉,10014090-003,華源村,119.31,1.93,73.17,51.79,5.73,46.06,804.17,111Y03M
10014,臺東縣,10014090,太麻里鄉,10014090-004,北里村,146.03,1.99,62.39,42.86,11.06,31.8,287.5,111Y03M
10014,臺東縣,10014090,太麻里鄉,10014090-005,泰和村,104.27,2.17,437.43,44.66,12.84,31.82,247.79,111Y03M
10014,臺東縣,10014090,太麻里鄉,10014090-006,大王村,112.29,2.23,185.65,47.08,13.4,33.68,251.38,111Y03M
10014,臺東縣,10014090,太麻里鄉,10014090-007,香蘭村,116.95,2.3,93.75,44.75,12.44,32.31,259.74,111Y03M
10014,臺東縣,10014090,太麻里鄉,10014090-008,金崙村,108.26,2.3,90.47,35.53,14.57,20.97,143.93,111Y03M
10014,臺東縣,10014090,太麻里鄉,10014090-009,多良村,105.47,2.17,47.94,37.88,14.94,22.94,153.51,111Y03M
10014,臺東縣,10014100,大武鄉,10014100-001,大竹村,115.94,2.23,42.56,36.81,12.38,24.43,197.37,111Y03M
10014,臺東縣,10014100,大武鄉,10014100-002,大鳥村,117.65,2.37,66.12,33.97,15.12,18.85,124.65,111Y03M
10014,臺東縣,10014100,大武鄉,10014100-003,大武村,105.51,2.34,212.01,40.85,16.36,24.49,149.7,111Y03M
10014,臺東縣,10014100,大武鄉,10014100-004,尚武村,100.82,2.21,164.87,41.18,10.41,30.76,295.37,111Y03M
10014,臺東縣,10014100,大武鄉,10014100-005,南興村,105.69,2.17,71.12,38.51,13.51,25,185,111Y03M
10014,臺東縣,10014110,綠島鄉,10014110-001,公館村,127.85,3.25,125.23,29,12.77,16.23,127.03,111Y03M
10014,臺東縣,10014110,綠島鄉,10014110-002,中寮村,112.74,3.47,893.44,29.95,13.08,16.86,128.93,111Y03M
10014,臺東縣,10014110,綠島鄉,10014110-003,南寮村,111,3.58,466,25.91,10.18,15.72,154.36,111Y03M
10014,臺東縣,10014120,海端鄉,10014120-001,廣原村,105.64,3.75,30.93,38.19,25.22,12.97,51.45,111Y03M
10014,臺東縣,10014120,海端鄉,10014120-002,霧鹿村,101.25,3.54,1.67,42.48,25.22,17.26,68.42,111Y03M
10014,臺東縣,10014120,海端鄉,10014120-003,利稻村,96.41,4.05,0.87,39.57,24.68,14.89,60.34,111Y03M
10014,臺東縣,10014120,海端鄉,10014120-004,海端村,113.37,3.96,44.15,35.1,21.22,13.88,65.43,111Y03M
10014,臺東縣,10014120,海端鄉,10014120-005,崁頂村,123.19,3.74,7.48,39.24,26.4,12.84,48.63,111Y03M
10014,臺東縣,10014120,海端鄉,10014120-006,加拿村,122.34,3.94,3.8,31.17,20.92,10.25,49,111Y03M
10014,臺東縣,10014130,延平鄉,10014130-001,武陵村,112.89,3.19,49.12,34.36,22.24,12.12,54.47,111Y03M
10014,臺東縣,10014130,延平鄉,10014130-002,永康村,110.53,3.25,11.23,32.01,20.79,11.22,53.97,111Y03M
10014,臺東縣,10014130,延平鄉,10014130-003,紅葉村,119.65,3.38,1.53,38.19,21.15,17.03,80.52,111Y03M
10014,臺東縣,10014130,延平鄉,10014130-004,鸞山村,108.63,3.22,26.75,36.12,19.61,16.5,84.16,111Y03M
10014,臺東縣,10014130,延平鄉,10014130-005,桃源村,110.48,3.48,16.76,32.18,20.9,11.29,54,111Y03M
10014,臺東縣,10014140,金峰鄉,10014140-001,新興村,100.61,3.23,120.28,34.83,22.4,12.42,55.45,111Y03M
10014,臺東縣,10014140,金峰鄉,10014140-002,正興村,94.31,3.17,3537.98,31.8,16.73,15.07,90.11,111Y03M
10014,臺東縣,10014140,金峰鄉,10014140-003,嘉蘭村,104.5,3.12,8.3,35.2,20.58,14.62,71.06,111Y03M
10014,臺東縣,10014140,金峰鄉,10014140-004,賓茂村,117.03,2.8,2780.1,39.08,18.66,20.42,109.43,111Y03M
10014,臺東縣,10014140,金峰鄉,10014140-005,歷坵村,95.48,2.97,1.99,34.14,17.93,16.21,90.38,111Y03M
10014,臺東縣,10014150,達仁鄉,10014150-001,台坂村,114.07,2.49,32.86,37.25,16.27,20.98,128.92,111Y03M
10014,臺東縣,10014150,達仁鄉,10014150-002,土坂村,118.89,2.73,11.09,28.76,13.33,15.42,115.69,111Y03M
10014,臺東縣,10014150,達仁鄉,10014150-003,新化村,128.07,2.48,3.14,35.42,12.15,23.26,191.43,111Y03M
10014,臺東縣,10014150,達仁鄉,10014150-004,安朔村,121.4,2.03,11.55,38.07,15.1,22.98,152.17,111Y03M
10014,臺東縣,10014150,達仁鄉,10014150-005,森永村,121.2,2.08,28.24,33.88,11.18,22.7,202.94,111Y03M
10014,臺東縣,10014150,達仁鄉,10014150-006,南田村,104.82,2.45,19.3,19.72,8.8,10.92,124,111Y03M
10014,臺東縣,10014160,蘭嶼鄉,10014160-001,東清村,98.03,2.91,89.7,31.21,20.1,11.11,55.28,111Y03M
10014,臺東縣,10014160,蘭嶼鄉,10014160-002,朗島村,94.43,2.77,101.3,27.6,16.64,10.96,65.85,111Y03M
10014,臺東縣,10014160,蘭嶼鄉,10014160-003,紅頭村,103.81,2.42,125.16,27.49,15.23,12.26,80.45,111Y03M
10014,臺東縣,10014160,蘭嶼鄉,10014160-004,椰油村,101.52,2.7,147.83,31.68,20.13,11.55,57.38,111Y03M
10014,臺東縣,10014010,臺東市,10014010-001,富岡里,114.62,2.42,167.46,39.75,12.01,27.74,231.08,111Y06M
10014,臺東縣,10014010,臺東市,10014010-003,岩灣里,101.08,2.07,880.75,26.33,7.82,18.51,236.67,111Y06M
10014,臺東縣,10014010,臺東市,10014010-004,南王里,105.68,2.55,822.38,33.67,11.21,22.46,200.37,111Y06M
10014,臺東縣,10014010,臺東市,10014010-005,卑南里,94.5,2.46,2159.82,30.71,9.19,21.52,234.06,111Y06M
10014,臺東縣,10014010,臺東市,10014010-006,南榮里,107.35,2.73,634.62,38.3,13.46,24.84,184.62,111Y06M
10014,臺東縣,10014010,臺東市,10014010-007,新生里,96.58,2.4,7034.77,36.69,14.08,22.61,160.55,111Y06M
10014,臺東縣,10014010,臺東市,10014010-008,民生里,90.06,2.34,11683.89,45.77,12.47,33.3,267.06,111Y06M
10014,臺東縣,10014010,臺東市,10014010-009,寶桑里,103.9,2.41,769.45,44.83,16.42,28.41,173.03,111Y06M
10014,臺東縣,10014010,臺東市,10014010-010,馬蘭里,90.25,2.96,9399.56,70.44,44.29,26.14,59.03,111Y06M
10014,臺東縣,10014010,臺東市,10014010-011,中心里,96.57,2.86,12139.63,63.58,35.67,27.91,78.24,111Y06M
10014,臺東縣,10014010,臺東市,10014010-012,自強里,91.22,2.9,11100.04,60.78,40.01,20.77,51.91,111Y06M
10014,臺東縣,10014010,臺東市,10014010-013,民族里,91.11,3.01,9354.7,83.6,53.95,29.65,54.95,111Y06M
10014,臺東縣,10014010,臺東市,10014010-015,中華里,100.62,2.46,2126.81,43.21,14.42,28.79,199.62,111Y06M
10014,臺東縣,10014010,臺東市,10014010-017,建國里,105.79,2.4,984.94,43.25,11.94,31.31,262.13,111Y06M
10014,臺東縣,10014010,臺東市,10014010-020,中正里,98.25,2.26,8169.31,46.88,7.53,39.35,522.41,111Y06M
10014,臺東縣,10014010,臺東市,10014010-022,成功里,100.19,2.29,4019.71,41.48,12.56,28.92,230.27,111Y06M
10014,臺東縣,10014010,臺東市,10014010-023,文化里,116.43,2.41,6897.69,69.4,40.23,29.17,72.52,111Y06M
10014,臺東縣,10014010,臺東市,10014010-024,中山里,93.47,2.54,11565.06,67.74,31.67,36.08,113.92,111Y06M
10014,臺東縣,10014010,臺東市,10014010-029,新園里,110.11,2.37,501.96,34.02,11.88,22.14,186.42,111Y06M
10014,臺東縣,10014010,臺東市,10014010-030,豐田里,94.85,2.46,615.99,35.36,13.79,21.57,156.39,111Y06M
10014,臺東縣,10014010,臺東市,10014010-031,豐年里,106.15,2.44,1177.59,31.78,12.42,19.36,155.92,111Y06M
10014,臺東縣,10014010,臺東市,10014010-032,光明里,83.36,2.46,3631.08,40.29,23.79,16.5,69.37,111Y06M
10014,臺東縣,10014010,臺東市,10014010-033,豐樂里,105.21,2.94,774.69,42.65,19.55,23.1,118.18,111Y06M
10014,臺東縣,10014010,臺東市,10014010-034,永樂里,104.93,2.9,1018.95,39.43,20.93,18.51,88.44,111Y06M
10014,臺東縣,10014010,臺東市,10014010-035,康樂里,114.97,2.55,158.29,37.52,17.57,19.95,113.5,111Y06M
10014,臺東縣,10014010,臺東市,10014010-036,東海里,88.76,2.58,5624.2,55.84,30.18,25.66,85.04,111Y06M
10014,臺東縣,10014010,臺東市,10014010-037,新興里,101.26,2.37,1286.24,47.13,17.1,30.04,175.68,111Y06M
10014,臺東縣,10014010,臺東市,10014010-038,豐榮里,94.02,2.46,9705.65,37.63,14.38,23.25,161.75,111Y06M
10014,臺東縣,10014010,臺東市,10014010-039,豐谷里,101.37,2.71,2143.57,37,14.23,22.77,160.05,111Y06M
10014,臺東縣,10014010,臺東市,10014010-040,豐里里,105.36,2.76,750.65,34.26,12.49,21.78,174.39,111Y06M
10014,臺東縣,10014010,臺東市,10014010-041,豐原里,116.06,2.8,194.34,44.92,15.85,29.07,183.33,111Y06M
10014,臺東縣,10014010,臺東市,10014010-042,建和里,106.85,2.57,292,45.74,16.57,29.17,176,111Y06M
10014,臺東縣,10014010,臺東市,10014010-043,建興里,96.06,2.48,489.21,36.13,7.49,28.64,382.43,111Y06M
10014,臺東縣,10014010,臺東市,10014010-045,知本里,104.04,2.48,433.98,38.47,12.35,26.12,211.54,111Y06M
10014,臺東縣,10014010,臺東市,10014010-046,建農里,106.43,2.57,133.58,32.27,12.36,19.91,161.11,111Y06M
10014,臺東縣,10014010,臺東市,10014010-047,仁和里,91.83,2.35,5317.33,37.17,11.8,25.37,215.05,111Y06M
10014,臺東縣,10014010,臺東市,10014010-048,豐安里,88.66,2.39,9212.04,31.67,10.92,20.74,189.88,111Y06M
10014,臺東縣,10014010,臺東市,10014010-049,豐盛里,94.89,2.52,3832.38,31.72,12.69,19.03,150,111Y06M
10014,臺東縣,10014020,成功鎮,10014020-001,博愛里,132.95,1.99,33.18,55.7,6.22,49.48,795.83,111Y06M
10014,臺東縣,10014020,成功鎮,10014020-002,忠孝里,99,2.17,24.96,47.7,9.04,38.67,427.87,111Y06M
10014,臺東縣,10014020,成功鎮,10014020-003,三仙里,127.04,2.34,44.33,42.55,10.86,31.69,291.82,111Y06M
10014,臺東縣,10014020,成功鎮,10014020-004,三民里,103.45,2.64,276.34,40.62,11.55,29.07,251.65,111Y06M
10014,臺東縣,10014020,成功鎮,10014020-005,忠智里,101.69,2.8,5740.3,48.55,17.31,31.24,180.48,111Y06M
10014,臺東縣,10014020,成功鎮,10014020-006,忠仁里,107.84,2.65,294.63,43.63,14.4,29.23,202.89,111Y06M
10014,臺東縣,10014020,成功鎮,10014020-007,和平里,125.43,2.18,61.45,52.61,9.48,43.13,455.1,111Y06M
10014,臺東縣,10014020,成功鎮,10014020-008,信義里,117.8,2.37,81.35,42.93,8.78,34.15,388.98,111Y06M
10014,臺東縣,10014030,關山鎮,10014030-001,德高里,107.93,2.62,124.35,44.49,10.79,33.7,312.23,111Y06M
10014,臺東縣,10014030,關山鎮,10014030-002,豐泉里,96.84,2.69,695.46,47.41,18.47,28.94,156.71,111Y06M
10014,臺東縣,10014030,關山鎮,10014030-003,新福里,112.5,2.56,130.66,46.21,18.95,27.26,143.85,111Y06M
10014,臺東縣,10014030,關山鎮,10014030-004,中福里,99.09,2.6,5582.3,54.61,17.02,37.59,220.83,111Y06M
10014,臺東縣,10014030,關山鎮,10014030-005,里壠里,97.33,2.53,360.71,49.19,16.48,32.71,198.53,111Y06M
10014,臺東縣,10014030,關山鎮,10014030-006,電光里,130.16,2.6,28.59,49.48,12.63,36.86,291.84,111Y06M
10014,臺東縣,10014030,關山鎮,10014030-007,月眉里,124.62,2.4,73.03,40.87,10.17,30.7,301.85,111Y06M
10014,臺東縣,10014040,卑南鄉,10014040-001,嘉豐村,121.07,2.47,55.68,41.16,13.98,27.18,194.34,111Y06M
10014,臺東縣,10014040,卑南鄉,10014040-002,利吉村,112.23,2.33,35.38,49.54,11.08,38.46,347.22,111Y06M
10014,臺東縣,10014040,卑南鄉,10014040-003,富山村,116.03,2.1,71.02,39.89,10.93,28.96,265,111Y06M
10014,臺東縣,10014040,卑南鄉,10014040-004,富源村,131.08,2.14,18.65,54.05,6.76,47.3,700,111Y06M
10014,臺東縣,10014040,卑南鄉,10014040-005,明峰村,119.06,2.41,57.39,47.24,11.52,35.72,310.2,111Y06M
10014,臺東縣,10014040,卑南鄉,10014040-006,初鹿村,110.08,2.61,136.7,42.74,12.03,30.71,255.17,111Y06M
10014,臺東縣,10014040,卑南鄉,10014040-007,美農村,122.75,2.25,90.76,42.53,9.28,33.25,358.11,111Y06M
10014,臺東縣,10014040,卑南鄉,10014040-008,賓朗村,107.29,2.55,166.6,40.78,10.25,30.53,297.75,111Y06M
10014,臺東縣,10014040,卑南鄉,10014040-009,泰安村,101.35,2.54,49.12,31.73,14.99,16.75,111.76,111Y06M
10014,臺東縣,10014040,卑南鄉,10014040-010,太平村,102.14,2.47,562.46,32.79,12.78,20.01,156.65,111Y06M
10014,臺東縣,10014040,卑南鄉,10014040-011,利嘉村,105.99,2.69,27,40.82,16.48,24.34,147.65,111Y06M
10014,臺東縣,10014040,卑南鄉,10014040-012,東興村,111.94,2.61,14.8,30.49,13.31,17.18,129.1,111Y06M
10014,臺東縣,10014040,卑南鄉,10014040-013,溫泉村,114.21,2.15,7.95,54.94,13.7,41.24,300.96,111Y06M
10014,臺東縣,10014050,鹿野鄉,10014050-001,瑞和村,110.09,2.7,39.61,37.74,9.14,28.6,312.77,111Y06M
10014,臺東縣,10014050,鹿野鄉,10014050-002,瑞豐村,114.68,2.39,146.24,46.94,8.01,38.93,486.27,111Y06M
10014,臺東縣,10014050,鹿野鄉,10014050-003,瑞源村,106.26,2.43,63.16,51.64,12.99,38.65,297.47,111Y06M
10014,臺東縣,10014050,鹿野鄉,10014050-004,永安村,117.52,2.49,113.75,39.93,11.98,27.95,233.33,111Y06M
10014,臺東縣,10014050,鹿野鄉,10014050-005,瑞隆村,109.98,2.39,73.42,45.47,10.91,34.56,316.9,111Y06M
10014,臺東縣,10014050,鹿野鄉,10014050-006,鹿野村,101.98,2.38,129.56,44.46,9.28,35.18,379.17,111Y06M
10014,臺東縣,10014050,鹿野鄉,10014050-007,龍田村,117.13,2.44,213.74,47.78,11.41,36.38,318.89,111Y06M
10014,臺東縣,10014060,池上鄉,10014060-001,福文村,110.37,2.44,146.67,45.53,12.82,32.71,255.05,111Y06M
10014,臺東縣,10014060,池上鄉,10014060-002,慶豐村,107.16,2.84,339.14,48.03,14.37,33.66,234.25,111Y06M
10014,臺東縣,10014060,池上鄉,10014060-003,大坡村,113.41,2.48,39.71,55.56,13.33,42.22,316.67,111Y06M
10014,臺東縣,10014060,池上鄉,10014060-004,大埔村,101.37,2.65,495.55,56.46,13.98,42.48,303.8,111Y06M
10014,臺東縣,10014060,池上鄉,10014060-005,福原村,91.75,2.57,1298.89,50.47,17.95,32.52,181.2,111Y06M
10014,臺東縣,10014060,池上鄉,10014060-006,錦園村,118.79,2.28,41.18,56.96,11.3,45.65,403.85,111Y06M
10014,臺東縣,10014060,池上鄉,10014060-007,新興村,120.99,2.45,89.81,48.03,12.16,35.86,294.81,111Y06M
10014,臺東縣,10014060,池上鄉,10014060-008,萬安村,106.43,2.47,76.57,54.15,12.66,41.48,327.59,111Y06M
10014,臺東縣,10014060,池上鄉,10014060-009,富興村,128.49,2.56,24.25,44.56,11.22,33.33,296.97,111Y06M
10014,臺東縣,10014060,池上鄉,10014060-010,振興村,116.14,2.47,32.31,44.31,12.57,31.74,252.38,111Y06M
10014,臺東縣,10014070,東河鄉,10014070-001,北源村,166.02,1.95,28.74,41.85,7.68,34.17,444.94,111Y06M
10014,臺東縣,10014070,東河鄉,10014070-002,泰源村,110.53,2.42,20.73,43.85,10.21,33.64,329.55,111Y06M
10014,臺東縣,10014070,東河鄉,10014070-003,東河村,120,2.36,101.6,43.8,9.97,33.83,339.19,111Y06M
10014,臺東縣,10014070,東河鄉,10014070-004,尚德村,128.07,2.11,9.3,49.43,10.34,39.08,377.78,111Y06M
10014,臺東縣,10014070,東河鄉,10014070-005,隆昌村,108.59,2.02,49.24,54.78,7.54,47.25,626.92,111Y06M
10014,臺東縣,10014070,東河鄉,10014070-006,興昌村,107.14,2.03,48.64,54.73,10.21,44.51,435.82,111Y06M
10014,臺東縣,10014070,東河鄉,10014070-007,都蘭村,109.37,2.35,79.43,47.28,11.79,35.49,301.08,111Y06M
10014,臺東縣,10014080,長濱鄉,10014080-001,樟原村,125.46,2.15,20.18,54.68,6.84,47.85,700,111Y06M
10014,臺東縣,10014080,長濱鄉,10014080-002,三間村,139.26,2.33,35.22,54.62,10.37,44.25,426.51,111Y06M
10014,臺東縣,10014080,長濱鄉,10014080-003,忠勇村,156.14,2.52,27.06,43.84,10.84,33,304.55,111Y06M
10014,臺東縣,10014080,長濱鄉,10014080-004,長濱村,114.5,2.46,228.55,45,11.07,33.93,306.63,111Y06M
10014,臺東縣,10014080,長濱鄉,10014080-005,竹湖村,122.12,2.35,51.99,51.23,8.35,42.88,513.73,111Y06M
10014,臺東縣,10014080,長濱鄉,10014080-006,寧埔村,139.61,2.16,33.54,51.41,9.08,42.33,466.22,111Y06M
10014,臺東縣,10014090,太麻里鄉,10014090-001,美和村,113.63,2.58,114.09,36.94,9.59,27.35,285.15,111Y06M
10014,臺東縣,10014090,太麻里鄉,10014090-002,三和村,118.31,2.3,137.17,38.39,6.47,31.92,493.1,111Y06M
10014,臺東縣,10014090,太麻里鄉,10014090-003,華源村,120,1.94,73.4,51.18,5.45,45.73,839.13,111Y06M
10014,臺東縣,10014090,太麻里鄉,10014090-004,北里村,143.41,2.01,63.2,43.38,10.96,32.42,295.83,111Y06M
10014,臺東縣,10014090,太麻里鄉,10014090-005,泰和村,104.02,2.15,435.15,43.91,12.37,31.54,254.96,111Y06M
10014,臺東縣,10014090,太麻里鄉,10014090-006,大王村,113.9,2.24,186.87,48.04,13.77,34.27,248.92,111Y06M
10014,臺東縣,10014090,太麻里鄉,10014090-007,香蘭村,116.27,2.32,94.59,44.87,12.34,32.53,263.64,111Y06M
10014,臺東縣,10014090,太麻里鄉,10014090-008,金崙村,107.67,2.29,91.06,35.5,14.6,20.89,143.06,111Y06M
10014,臺東縣,10014090,太麻里鄉,10014090-009,多良村,103.95,2.14,47.03,37.23,14.1,23.14,164.15,111Y06M
10014,臺東縣,10014100,大武鄉,10014100-001,大竹村,115.74,2.23,43.06,37.1,12.58,24.52,194.87,111Y06M
10014,臺東縣,10014100,大武鄉,10014100-002,大鳥村,118.93,2.39,66.85,33.61,15.02,18.59,123.78,111Y06M
10014,臺東縣,10014100,大武鄉,10014100-003,大武村,103.76,2.36,213.46,42.51,17.51,25,142.78,111Y06M
10014,臺東縣,10014100,大武鄉,10014100-004,尚武村,100,2.21,165.55,41.76,10.8,30.95,286.61,111Y06M
10014,臺東縣,10014100,大武鄉,10014100-005,南興村,108.22,2.18,70.31,37.56,12.44,25.11,201.82,111Y06M
10014,臺東縣,10014110,綠島鄉,10014110-001,公館村,126.98,3.32,127.8,28.97,12.74,16.23,127.43,111Y06M
10014,臺東縣,10014110,綠島鄉,10014110-002,中寮村,110.76,3.46,902.35,29.01,12.43,16.58,133.33,111Y06M
10014,臺東縣,10014110,綠島鄉,10014110-003,南寮村,112.66,3.66,476.11,25.38,9.99,15.39,154,111Y06M
10014,臺東縣,10014120,海端鄉,10014120-001,廣原村,104.51,3.77,31.09,38.52,25.73,12.79,49.72,111Y06M
10014,臺東縣,10014120,海端鄉,10014120-002,霧鹿村,102.53,3.52,1.66,40.97,24.67,16.3,66.07,111Y06M
10014,臺東縣,10014120,海端鄉,10014120-003,利稻村,95.27,4.07,0.88,36.36,21.9,14.46,66.04,111Y06M
10014,臺東縣,10014120,海端鄉,10014120-004,海端村,113.04,3.91,44,34.65,20.65,14,67.76,111Y06M
10014,臺東縣,10014120,海端鄉,10014120-005,崁頂村,123.55,3.77,7.47,39.06,25.86,13.2,51.05,111Y06M
10014,臺東縣,10014120,海端鄉,10014120-006,加拿村,121.94,3.88,3.74,30.44,20.08,10.36,51.58,111Y06M
10014,臺東縣,10014130,延平鄉,10014130-001,武陵村,112.75,3.25,49.65,34.11,21.61,12.5,57.85,111Y06M
10014,臺東縣,10014130,延平鄉,10014130-002,永康村,107.69,3.29,11.37,30.23,19.61,10.61,54.1,111Y06M
10014,臺東縣,10014130,延平鄉,10014130-003,紅葉村,117.24,3.41,1.54,38.84,21.76,17.08,78.48,111Y06M
10014,臺東縣,10014130,延平鄉,10014130-004,鸞山村,108.31,3.27,26.79,34.74,19,15.74,82.83,111Y06M
10014,臺東縣,10014130,延平鄉,10014130-005,桃源村,110.4,3.48,16.89,31.58,20.54,11.04,53.77,111Y06M
10014,臺東縣,10014140,金峰鄉,10014140-001,新興村,99.4,3.23,121.38,34.14,21.69,12.45,57.41,111Y06M
10014,臺東縣,10014140,金峰鄉,10014140-002,正興村,92.57,3.21,3582.46,31.05,16.61,14.44,86.96,111Y06M
10014,臺東縣,10014140,金峰鄉,10014140-003,嘉蘭村,104.62,3.13,8.33,35.05,20.14,14.91,74.03,111Y06M
10014,臺東縣,10014140,金峰鄉,10014140-004,賓茂村,117.32,2.78,2737.8,37.46,18.37,19.08,103.85,111Y06M
10014,臺東縣,10014140,金峰鄉,10014140-005,歷坵村,94.95,2.97,1.97,33.56,17.3,16.26,94,111Y06M
10014,臺東縣,10014150,達仁鄉,10014150-001,台坂村,116.67,2.49,32.96,37.38,16.44,20.94,127.38,111Y06M
10014,臺東縣,10014150,達仁鄉,10014150-002,土坂村,120.27,2.69,11.01,28.52,12.61,15.9,126.04,111Y06M
10014,臺東縣,10014150,達仁鄉,10014150-003,新化村,126.14,2.52,3.2,34.01,11.78,22.22,188.57,111Y06M
10014,臺東縣,10014150,達仁鄉,10014150-004,安朔村,118.15,2.03,11.66,40,15.82,24.18,152.78,111Y06M
10014,臺東縣,10014150,達仁鄉,10014150-005,森永村,117.55,2.1,28.38,34.54,10.86,23.68,218.18,111Y06M
10014,臺東縣,10014150,達仁鄉,10014150-006,南田村,103.55,2.49,19.52,18.62,8.62,10,116,111Y06M
10014,臺東縣,10014160,蘭嶼鄉,10014160-001,東清村,96.58,2.91,89.82,31.7,20.23,11.47,56.68,111Y06M
10014,臺東縣,10014160,蘭嶼鄉,10014160-002,朗島村,95.21,2.73,100.65,27.48,16.46,11.02,66.94,111Y06M
10014,臺東縣,10014160,蘭嶼鄉,10014160-003,紅頭村,105.6,2.43,125.74,26.36,14.44,11.92,82.56,111Y06M
10014,臺東縣,10014160,蘭嶼鄉,10014160-004,椰油村,101.01,2.69,147.71,30.57,19.54,11.03,56.42,111Y06M
10014,臺東縣,10014010,臺東市,10014010-001,富岡里,113.99,2.39,165.59,39.54,11.36,28.18,248.08,111Y09M
10014,臺東縣,10014010,臺東市,10014010-003,岩灣里,99.43,2.08,886.58,26.31,7.72,18.59,240.94,111Y09M
10014,臺東縣,10014010,臺東市,10014010-004,南王里,105.36,2.54,821.6,34.56,11.63,22.93,197.09,111Y09M
10014,臺東縣,10014010,臺東市,10014010-005,卑南里,95.08,2.45,2157.15,30.92,8.98,21.94,244.39,111Y09M
10014,臺東縣,10014010,臺東市,10014010-006,南榮里,107.06,2.72,636.28,38.1,13.13,24.97,190.1,111Y09M
10014,臺東縣,10014010,臺東市,10014010-007,新生里,95.65,2.4,7032.97,37.23,14.39,22.84,158.78,111Y09M
10014,臺東縣,10014010,臺東市,10014010-008,民生里,88.88,2.33,11656.18,47.1,12.86,34.23,266.15,111Y09M
10014,臺東縣,10014010,臺東市,10014010-009,寶桑里,104.86,2.39,764.07,43.95,15.42,28.53,185.03,111Y09M
10014,臺東縣,10014010,臺東市,10014010-010,馬蘭里,89.45,2.95,9376.24,71.37,44.22,27.15,61.39,111Y09M
10014,臺東縣,10014010,臺東市,10014010-011,中心里,96.84,2.85,12027.41,63.99,35.67,28.32,79.4,111Y09M
10014,臺東縣,10014010,臺東市,10014010-012,自強里,92.53,2.92,11146.29,61.51,40.81,20.7,50.73,111Y09M
10014,臺東縣,10014010,臺東市,10014010-013,民族里,91.17,2.98,9250.61,84.75,54.37,30.38,55.88,111Y09M
10014,臺東縣,10014010,臺東市,10014010-015,中華里,99.31,2.47,2130.96,43.09,14.33,28.76,200.77,111Y09M
10014,臺東縣,10014010,臺東市,10014010-017,建國里,105.49,2.41,981.55,44.39,12.37,32.02,258.96,111Y09M
10014,臺東縣,10014010,臺東市,10014010-020,中正里,97.9,2.26,8169.43,48.23,8.06,40.17,498.37,111Y09M
10014,臺東縣,10014010,臺東市,10014010-022,成功里,98.21,2.29,4048.68,41.25,12.38,28.87,233.15,111Y09M
10014,臺東縣,10014010,臺東市,10014010-023,文化里,117.99,2.43,6900.82,68.84,40.22,28.61,71.14,111Y09M
10014,臺東縣,10014010,臺東市,10014010-024,中山里,92.29,2.52,11367.55,67.46,31.27,36.19,115.75,111Y09M
10014,臺東縣,10014010,臺東市,10014010-029,新園里,110.07,2.37,504.14,34.31,12,22.31,185.98,111Y09M
10014,臺東縣,10014010,臺東市,10014010-030,豐田里,93.44,2.44,612.42,35.42,13.56,21.86,161.15,111Y09M
10014,臺東縣,10014010,臺東市,10014010-031,豐年里,106.74,2.43,1168.03,32.02,12.24,19.78,161.52,111Y09M
10014,臺東縣,10014010,臺東市,10014010-032,光明里,82.64,2.46,3594.4,40.32,23.52,16.8,71.45,111Y09M
10014,臺東縣,10014010,臺東市,10014010-033,豐樂里,105.35,2.94,769.86,43.53,19.79,23.74,119.93,111Y09M
10014,臺東縣,10014010,臺東市,10014010-034,永樂里,104.75,2.89,1015.52,39.44,20.7,18.74,90.53,111Y09M
10014,臺東縣,10014010,臺東市,10014010-035,康樂里,111.66,2.55,159.7,38.87,18.73,20.14,107.51,111Y09M
10014,臺東縣,10014010,臺東市,10014010-036,東海里,89.19,2.58,5624.17,56.42,30.17,26.26,87.04,111Y09M
10014,臺東縣,10014010,臺東市,10014010-037,新興里,100,2.36,1265.23,48.02,16.73,31.29,187.01,111Y09M
10014,臺東縣,10014010,臺東市,10014010-038,豐榮里,94.39,2.46,9697.28,37.35,14.2,23.15,162.98,111Y09M
10014,臺東縣,10014010,臺東市,10014010-039,豐谷里,101.32,2.69,2131.16,37.05,13.8,23.26,168.59,111Y09M
10014,臺東縣,10014010,臺東市,10014010-040,豐里里,105.47,2.77,746.38,34.25,12.2,22.05,180.75,111Y09M
10014,臺東縣,10014010,臺東市,10014010-041,豐原里,117.67,2.77,191.34,44.89,15.79,29.1,184.31,111Y09M
10014,臺東縣,10014010,臺東市,10014010-042,建和里,106.32,2.55,291.23,45.64,16.51,29.13,176.44,111Y09M
10014,臺東縣,10014010,臺東市,10014010-043,建興里,94.84,2.5,493.94,36.35,7.93,28.41,358.23,111Y09M
10014,臺東縣,10014010,臺東市,10014010-045,知本里,103.8,2.45,434.79,39.25,12.5,26.75,213.98,111Y09M
10014,臺東縣,10014010,臺東市,10014010-046,建農里,106.55,2.56,132.94,32.55,12.21,20.33,166.51,111Y09M
10014,臺東縣,10014010,臺東市,10014010-047,仁和里,92.31,2.35,5318.82,38.25,12.09,26.16,216.45,111Y09M
10014,臺東縣,10014010,臺東市,10014010-048,豐安里,88.38,2.33,9635.88,31.45,10.81,20.64,191.02,111Y09M
10014,臺東縣,10014010,臺東市,10014010-049,豐盛里,94.56,2.5,3841.49,31.71,12.66,19.05,150.55,111Y09M
10014,臺東縣,10014020,成功鎮,10014020-001,博愛里,133.59,2,33.4,53.55,6.09,47.46,779.17,111Y09M
10014,臺東縣,10014020,成功鎮,10014020-002,忠孝里,100,2.17,24.84,48.28,9.42,38.86,412.7,111Y09M
10014,臺東縣,10014020,成功鎮,10014020-003,三仙里,125.39,2.33,44.15,43.66,11.29,32.37,286.73,111Y09M
10014,臺東縣,10014020,成功鎮,10014020-004,三民里,103.88,2.66,276.33,41.16,11.69,29.47,252.05,111Y09M
10014,臺東縣,10014020,成功鎮,10014020-005,忠智里,102.89,2.81,5790.82,47.72,16.86,30.86,183.06,111Y09M
10014,臺東縣,10014020,成功鎮,10014020-006,忠仁里,107.33,2.63,293.4,44.32,14.41,29.91,207.5,111Y09M
10014,臺東縣,10014020,成功鎮,10014020-007,和平里,124.48,2.14,59.26,53.12,8.45,44.67,528.57,111Y09M
10014,臺東縣,10014020,成功鎮,10014020-008,信義里,117.61,2.36,81.09,43.23,8.45,34.78,411.5,111Y09M
10014,臺東縣,10014030,關山鎮,10014030-001,德高里,108.45,2.59,123.67,44.38,10.53,33.85,321.48,111Y09M
10014,臺東縣,10014030,關山鎮,10014030-002,豐泉里,96.23,2.64,691.18,47.67,18.27,29.4,160.87,111Y09M
10014,臺東縣,10014030,關山鎮,10014030-003,新福里,112.31,2.51,130.26,46.2,18.71,27.49,146.87,111Y09M
10014,臺東縣,10014030,關山鎮,10014030-004,中福里,100.46,2.6,5543.64,56.04,17.3,38.74,223.96,111Y09M
10014,臺東縣,10014030,關山鎮,10014030-005,里壠里,97.02,2.52,361.66,50.2,17.03,33.17,194.76,111Y09M
10014,臺東縣,10014030,關山鎮,10014030-006,電光里,129.37,2.6,28.49,48.21,11.79,36.41,308.7,111Y09M
10014,臺東縣,10014030,關山鎮,10014030-007,月眉里,123.49,2.35,72.44,41.6,9.73,31.87,327.45,111Y09M
10014,臺東縣,10014040,卑南鄉,10014040-001,嘉豐村,121.22,2.49,56.4,41.15,14.06,27.08,192.59,111Y09M
10014,臺東縣,10014040,卑南鄉,10014040-002,利吉村,115.49,2.33,35.46,50.31,11.73,38.58,328.95,111Y09M
10014,臺東縣,10014040,卑南鄉,10014040-003,富山村,114.71,2.11,70.88,40.77,11.29,29.48,260.98,111Y09M
10014,臺東縣,10014040,卑南鄉,10014040-004,富源村,132.65,2.14,18.65,54.05,6.76,47.3,700,111Y09M
10014,臺東縣,10014040,卑南鄉,10014040-005,明峰村,118.18,2.4,57.16,48.22,12,36.22,301.98,111Y09M
10014,臺東縣,10014040,卑南鄉,10014040-006,初鹿村,108.62,2.63,137,42.75,12.22,30.54,250,111Y09M
10014,臺東縣,10014040,卑南鄉,10014040-007,美農村,123.56,2.23,90.2,42.19,9.07,33.12,365.28,111Y09M
10014,臺東縣,10014040,卑南鄉,10014040-008,賓朗村,107.55,2.53,166.8,41.28,10.1,31.18,308.57,111Y09M
10014,臺東縣,10014040,卑南鄉,10014040-009,泰安村,100.74,2.53,49.56,32.78,15.85,16.93,106.79,111Y09M
10014,臺東縣,10014040,卑南鄉,10014040-010,太平村,101.55,2.49,569.62,33.07,13.15,19.91,151.39,111Y09M
10014,臺東縣,10014040,卑南鄉,10014040-011,利嘉村,105.12,2.65,27.19,41.5,17.22,24.28,141.03,111Y09M
10014,臺東縣,10014040,卑南鄉,10014040-012,東興村,113,2.61,14.95,30.35,13.46,16.9,125.55,111Y09M
10014,臺東縣,10014040,卑南鄉,10014040-013,溫泉村,116.45,2.11,8,54.37,13.43,40.94,304.85,111Y09M
10014,臺東縣,10014050,鹿野鄉,10014050-001,瑞和村,106.49,2.72,39.16,37.8,9.65,28.15,291.84,111Y09M
10014,臺東縣,10014050,鹿野鄉,10014050-002,瑞豐村,112.98,2.42,146.08,47.24,8.35,38.9,466.04,111Y09M
10014,臺東縣,10014050,鹿野鄉,10014050-003,瑞源村,103.52,2.43,63.3,50.98,12.75,38.24,300,111Y09M
10014,臺東縣,10014050,鹿野鄉,10014050-004,永安村,116.97,2.47,112.52,39.29,11.43,27.86,243.75,111Y09M
10014,臺東縣,10014050,鹿野鄉,10014050-005,瑞隆村,110.04,2.37,72.95,45.67,10.84,34.83,321.43,111Y09M
10014,臺東縣,10014050,鹿野鄉,10014050-006,鹿野村,101.08,2.38,129.21,44.44,9.3,35.14,377.78,111Y09M
10014,臺東縣,10014050,鹿野鄉,10014050-007,龍田村,118.6,2.42,211.17,47.31,10.74,36.57,340.48,111Y09M
10014,臺東縣,10014060,池上鄉,10014060-001,福文村,111.72,2.44,145.6,45.84,12.95,32.9,254.13,111Y09M
10014,臺東縣,10014060,池上鄉,10014060-002,慶豐村,108.59,2.84,339.57,49.11,14.85,34.26,230.67,111Y09M
10014,臺東縣,10014060,池上鄉,10014060-003,大坡村,110.71,2.46,40.16,57.33,14.22,43.11,303.12,111Y09M
10014,臺東縣,10014060,池上鄉,10014060-004,大埔村,100.23,2.63,496.11,54.72,12.94,41.78,322.97,111Y09M
10014,臺東縣,10014060,池上鄉,10014060-005,福原村,91.47,2.56,1293.58,50.27,17.73,32.54,183.59,111Y09M
10014,臺東縣,10014060,池上鄉,10014060-006,錦園村,117.47,2.31,41.18,54.27,10.26,44.02,429.17,111Y09M
10014,臺東縣,10014060,池上鄉,10014060-007,新興村,120,2.45,89.61,48.41,12.38,36.03,291.03,111Y09M
10014,臺東縣,10014060,池上鄉,10014060-008,萬安村,105.2,2.47,77,54.35,13.04,41.3,316.67,111Y09M
10014,臺東縣,10014060,池上鄉,10014060-009,富興村,126.63,2.56,23.79,44.79,11.46,33.33,290.91,111Y09M
10014,臺東縣,10014060,池上鄉,10014060-010,振興村,116.37,2.48,32.78,45.1,13.35,31.75,237.78,111Y09M
10014,臺東縣,10014070,東河鄉,10014070-001,北源村,166.23,1.94,28.67,41.99,7.45,34.55,463.95,111Y09M
10014,臺東縣,10014070,東河鄉,10014070-002,泰源村,110.42,2.44,20.93,45.08,10.78,34.3,318.28,111Y09M
10014,臺東縣,10014070,東河鄉,10014070-003,東河村,119.06,2.39,101.79,44.26,10.12,34.14,337.33,111Y09M
10014,臺東縣,10014070,東河鄉,10014070-004,尚德村,128.07,2.1,9.3,48.57,9.71,38.86,400,111Y09M
10014,臺東縣,10014070,東河鄉,10014070-005,隆昌村,108.91,2.04,49.71,55.78,7.51,48.27,642.31,111Y09M
10014,臺東縣,10014070,東河鄉,10014070-006,興昌村,107.13,2.04,48.73,55.5,10.09,45.41,450,111Y09M
10014,臺東縣,10014070,東河鄉,10014070-007,都蘭村,109.67,2.35,79.33,47.83,12.29,35.54,289.12,111Y09M
10014,臺東縣,10014080,長濱鄉,10014080-001,樟原村,126.2,2.15,20.25,54.8,6.57,48.23,734.62,111Y09M
10014,臺東縣,10014080,長濱鄉,10014080-002,三間村,137.02,2.33,35.36,55.44,10.64,44.81,421.18,111Y09M
10014,臺東縣,10014080,長濱鄉,10014080-003,忠勇村,157.85,2.48,26.64,43.39,10.22,33.17,324.39,111Y09M
10014,臺東縣,10014080,長濱鄉,10014080-004,長濱村,114.27,2.44,227.18,44.71,10.51,34.2,325.48,111Y09M
10014,臺東縣,10014080,長濱鄉,10014080-005,竹湖村,123.61,2.36,52.22,51.39,8.65,42.74,494.34,111Y09M
10014,臺東縣,10014080,長濱鄉,10014080-006,寧埔村,138.7,2.18,33.86,51.03,8.97,42.06,468.92,111Y09M
10014,臺東縣,10014090,太麻里鄉,10014090-001,美和村,115.94,2.58,113.61,37.55,9.87,27.68,280.58,111Y09M
10014,臺東縣,10014090,太麻里鄉,10014090-002,三和村,119.15,2.29,136.73,39.19,7.21,31.98,443.75,111Y09M
10014,臺東縣,10014090,太麻里鄉,10014090-003,華源村,120.91,1.94,72.94,51.67,5.98,45.69,764,111Y09M
10014,臺東縣,10014090,太麻里鄉,10014090-004,北里村,142.02,1.99,62.59,43.98,10.65,33.33,313.04,111Y09M
10014,臺東縣,10014090,太麻里鄉,10014090-005,泰和村,104.14,2.13,436.57,43.43,11.63,31.8,273.39,111Y09M
10014,臺東縣,10014090,太麻里鄉,10014090-006,大王村,115.3,2.23,186.68,48,13.63,34.37,252.17,111Y09M
10014,臺東縣,10014090,太麻里鄉,10014090-007,香蘭村,115.18,2.32,93.44,45.2,12.52,32.68,261.04,111Y09M
10014,臺東縣,10014090,太麻里鄉,10014090-008,金崙村,107.48,2.28,90.7,35.78,14.63,21.16,144.65,111Y09M
10014,臺東縣,10014090,太麻里鄉,10014090-009,多良村,104.74,2.14,47.21,37.22,13.91,23.31,167.62,111Y09M
10014,臺東縣,10014100,大武鄉,10014100-001,大竹村,116.12,2.25,43.47,37.06,12.14,24.92,205.26,111Y09M
10014,臺東縣,10014100,大武鄉,10014100-002,大鳥村,117.29,2.39,66.7,34.86,15.41,19.45,126.21,111Y09M
10014,臺東縣,10014100,大武鄉,10014100-003,大武村,104.21,2.35,212.15,42.61,17.53,25.07,143.02,111Y09M
10014,臺東縣,10014100,大武鄉,10014100-004,尚武村,101.24,2.2,164.31,42.34,11.12,31.22,280.7,111Y09M
10014,臺東縣,10014100,大武鄉,10014100-005,南興村,107.82,2.17,70.66,38.86,12.5,26.36,210.91,111Y09M
10014,臺東縣,10014110,綠島鄉,10014110-001,公館村,125.44,3.32,129.69,28.86,12.65,16.2,128.07,111Y09M
10014,臺東縣,10014110,綠島鄉,10014110-002,中寮村,109.29,3.41,903.84,29.64,12.69,16.95,133.61,111Y09M
10014,臺東縣,10014110,綠島鄉,10014110-003,南寮村,114.64,3.7,482.19,25.48,9.94,15.54,156.29,111Y09M
10014,臺東縣,10014120,海端鄉,10014120-001,廣原村,104.93,3.8,31.22,38.7,25.65,13.04,50.85,111Y09M
10014,臺東縣,10014120,海端鄉,10014120-002,霧鹿村,103.77,3.48,1.68,39.06,24.03,15.02,62.5,111Y09M
10014,臺東縣,10014120,海端鄉,10014120-003,利稻村,94.83,4.13,0.9,37.25,21.86,15.38,70.37,111Y09M
10014,臺東縣,10014120,海端鄉,10014120-004,海端村,111.29,3.87,43.48,33.98,20,13.98,69.89,111Y09M
10014,臺東縣,10014120,海端鄉,10014120-005,崁頂村,124.43,3.81,7.59,39.96,26.7,13.26,49.66,111Y09M
10014,臺東縣,10014120,海端鄉,10014120-006,加拿村,123.27,3.84,3.72,30.08,19.07,11.02,57.78,111Y09M
10014,臺東縣,10014130,延平鄉,10014130-001,武陵村,112.25,3.25,49.26,34.48,21.12,13.36,63.25,111Y09M
10014,臺東縣,10014130,延平鄉,10014130-002,永康村,108.72,3.31,11.43,32.57,21.82,10.75,49.25,111Y09M
10014,臺東縣,10014130,延平鄉,10014130-003,紅葉村,114.47,3.41,1.54,36.96,20.11,16.85,83.78,111Y09M
10014,臺東縣,10014130,延平鄉,10014130-004,鸞山村,111.08,3.28,26.9,36.63,19.96,16.67,83.5,111Y09M
10014,臺東縣,10014130,延平鄉,10014130-005,桃源村,110.38,3.46,16.92,32.06,20.37,11.69,57.36,111Y09M
10014,臺東縣,10014140,金峰鄉,10014140-001,新興村,99.41,3.22,122.1,34.94,22.29,12.65,56.76,111Y09M
10014,臺東縣,10014140,金峰鄉,10014140-002,正興村,93.62,3.21,3592.26,31.65,17,14.65,86.17,111Y09M
10014,臺東縣,10014140,金峰鄉,10014140-003,嘉蘭村,103.27,3.11,8.35,35.4,20.4,15,73.5,111Y09M
10014,臺東縣,10014140,金峰鄉,10014140-004,賓茂村,114.53,2.74,2702.68,37.14,17.14,20,116.67,111Y09M
10014,臺東縣,10014140,金峰鄉,10014140-005,歷坵村,96,3.02,2,35.17,17.93,17.24,96.15,111Y09M
10014,臺東縣,10014150,達仁鄉,10014150-001,台坂村,117.54,2.51,33.19,37.02,16.28,20.74,127.38,111Y09M
10014,臺東縣,10014150,達仁鄉,10014150-002,土坂村,122.2,2.72,11.16,28.87,13.13,15.73,119.8,111Y09M
10014,臺東縣,10014150,達仁鄉,10014150-003,新化村,125.56,2.52,3.27,33.11,11.15,21.97,197.06,111Y09M
10014,臺東縣,10014150,達仁鄉,10014150-004,安朔村,118.84,2.04,11.69,39.52,15.5,24.02,154.93,111Y09M
10014,臺東縣,10014150,達仁鄉,10014150-005,森永村,115.54,2.16,28.87,34.63,10.68,23.95,224.24,111Y09M
10014,臺東縣,10014150,達仁鄉,10014150-006,南田村,100,2.47,19.52,19.44,9.03,10.42,115.38,111Y09M
10014,臺東縣,10014160,蘭嶼鄉,10014160-001,東清村,96.95,2.88,90.32,31.46,19.92,11.54,57.96,111Y09M
10014,臺東縣,10014160,蘭嶼鄉,10014160-002,朗島村,95.22,2.77,100.87,28.81,17.01,11.8,69.35,111Y09M
10014,臺東縣,10014160,蘭嶼鄉,10014160-003,紅頭村,105.55,2.44,126.91,26.37,14.56,11.81,81.14,111Y09M
10014,臺東縣,10014160,蘭嶼鄉,10014160-004,椰油村,99.49,2.67,146.35,30.22,19.34,10.88,56.25,111Y09M
10014,臺東縣,10014010,臺東市,10014010-001,富岡里,113.98,2.39,164.62,39.94490356,11.29476583,28.65013773,253.6585353,111Y12M
10014,臺東縣,10014010,臺東市,10014010-003,岩灣里,99.51,2.07,885.49,26.2830482,7.516848104,18.76620009,249.6551707,111Y12M
10014,臺東縣,10014010,臺東市,10014010-004,南王里,104.61,2.57,825.47,34.90924439,11.94596876,22.96327563,192.2261477,111Y12M
10014,臺東縣,10014010,臺東市,10014010-005,卑南里,94.78,2.46,2153.83,31.24494744,8.690379948,22.55456749,259.5348825,111Y12M
10014,臺東縣,10014010,臺東市,10014010-006,南榮里,107.13,2.72,636.07,38.42696627,13.25842696,25.16853931,189.8305078,111Y12M
10014,臺東縣,10014010,臺東市,10014010-007,新生里,95.89,2.4,7027.58,37.46042911,13.89377418,23.56665493,169.6202527,111Y12M
10014,臺東縣,10014010,臺東市,10014010-008,民生里,88.19,2.33,11695.82,47.96788758,12.84495734,35.12293024,273.4374989,111Y12M
10014,臺東縣,10014010,臺東市,10014010-009,寶桑里,105.91,2.41,768.97,44.60829489,15.29953916,29.30875573,191.5662639,111Y12M
10014,臺東縣,10014010,臺東市,10014010-010,馬蘭里,89.81,2.95,9350.13,71.52740816,44.33209151,27.19531664,61.34453774,111Y12M
10014,臺東縣,10014010,臺東市,10014010-011,中心里,96.69,2.85,12036.77,64.11889594,35.49893841,28.61995753,80.62200947,111Y12M
10014,臺東縣,10014010,臺東市,10014010-012,自強里,93.18,2.93,11159.16,62.90868092,41.3378429,21.57083802,52.18181813,111Y12M
10014,臺東縣,10014010,臺東市,10014010-013,民族里,90.9,2.98,9242.61,86.28294777,55.02958577,31.25336201,56.79374384,111Y12M
10014,臺東縣,10014010,臺東市,10014010-015,中華里,99.61,2.46,2112.84,43.05633015,13.99888454,29.05744561,207.5697203,111Y12M
10014,臺東縣,10014010,臺東市,10014010-017,建國里,104.27,2.4,975.72,44.98194943,12.34657039,32.63537904,264.3274838,111Y12M
10014,臺東縣,10014010,臺東市,10014010-020,中正里,97.46,2.25,8151.38,48.97689766,8.250825077,40.72607258,493.5999961,111Y12M
10014,臺東縣,10014010,臺東市,10014010-022,成功里,97.35,2.27,4027.46,41.94425558,12.50849761,29.43575797,235.3260857,111Y12M
10014,臺東縣,10014010,臺東市,10014010-023,文化里,119.33,2.46,6983.48,70.35100816,41.22479459,29.12621357,70.65217379,111Y12M
10014,臺東縣,10014010,臺東市,10014010-024,中山里,91.98,2.52,11281.46,68.45688346,31.31618757,37.14069589,118.5990335,111Y12M
10014,臺東縣,10014010,臺東市,10014010-029,新園里,110.58,2.38,508.26,35.30701752,12.35380116,22.95321636,185.7988155,111Y12M
10014,臺東縣,10014010,臺東市,10014010-030,豐田里,93.37,2.42,612.66,35.54279748,13.41336116,22.12943631,164.9805441,111Y12M
10014,臺東縣,10014010,臺東市,10014010-031,豐年里,106.89,2.43,1172.96,32.28433912,12.29174379,19.99259533,162.6506019,111Y12M
10014,臺東縣,10014010,臺東市,10014010-032,光明里,82.07,2.45,3605.49,40.1466149,23.37214316,16.77447175,71.77121758,111Y12M
10014,臺東縣,10014010,臺東市,10014010-033,豐樂里,105.23,2.93,772.45,44.91643451,20.33426182,24.58217268,120.8904105,111Y12M
10014,臺東縣,10014010,臺東市,10014010-034,永樂里,104.48,2.9,1019.25,39.82978722,20.85106382,18.9787234,91.02040798,111Y12M
10014,臺東縣,10014010,臺東市,10014010-035,康樂里,109.91,2.56,160.72,39.63093142,19.15641475,20.47451668,106.8807335,111Y12M
10014,臺東縣,10014010,臺東市,10014010-036,東海里,89.41,2.59,5630.87,57.68749996,30.81249998,26.87499998,87.22109516,111Y12M
10014,臺東縣,10014010,臺東市,10014010-037,新興里,99.37,2.34,1269.27,48.48771262,17.0132325,31.47448012,184.999999,111Y12M
10014,臺東縣,10014010,臺東市,10014010-038,豐榮里,94.49,2.45,9680.67,37.43609908,14.19583169,23.24026739,163.7119109,111Y12M
10014,臺東縣,10014010,臺東市,10014010-039,豐谷里,101.53,2.69,2132.23,37.2181755,13.77037807,23.44779743,170.2770777,111Y12M
10014,臺東縣,10014010,臺東市,10014010-040,豐里里,105.1,2.75,741.56,34.34447299,11.72236503,22.62210796,192.9824553,111Y12M
10014,臺東縣,10014010,臺東市,10014010-041,豐原里,117.2,2.78,192.7,44.87704913,15.88114752,28.99590161,182.580644,111Y12M
10014,臺東縣,10014010,臺東市,10014010-042,建和里,106,2.57,293.13,46.44549759,16.77725117,29.66824642,176.8361572,111Y12M
10014,臺東縣,10014010,臺東市,10014010-043,建興里,95.44,2.5,498.3,36.31840792,8.059701485,28.25870644,350.6172796,111Y12M
10014,臺東縣,10014010,臺東市,10014010-045,知本里,104.57,2.44,429.33,39.4948952,12.14400859,27.35088661,225.2212379,111Y12M
10014,臺東縣,10014010,臺東市,10014010-046,建農里,105.42,2.56,133.63,32.8546812,12.34922458,20.50545662,166.0465109,111Y12M
10014,臺東縣,10014010,臺東市,10014010-047,仁和里,91.65,2.34,5303.52,38.84661592,12.09451341,26.75210251,221.1920522,111Y12M
10014,臺東縣,10014010,臺東市,10014010-048,豐安里,88.21,2.33,9679.19,31.92745676,11.05018979,20.87726697,188.931297,111Y12M
10014,臺東縣,10014010,臺東市,10014010-049,豐盛里,94.42,2.51,3850.62,32.02364394,12.55215577,19.47148817,155.1246533,111Y12M
10014,臺東縣,10014020,成功鎮,10014020-001,博愛里,130.3,1.99,33.57,53.5353534,6.060606045,47.47474735,783.3333007,111Y12M
10014,臺東縣,10014020,成功鎮,10014020-002,忠孝里,99.4,2.15,24.86,47.98807742,9.239940374,38.74813705,419.3548319,111Y12M
10014,臺東縣,10014020,成功鎮,10014020-003,三仙里,123.79,2.32,44.18,43.61277441,11.2774451,32.33532931,286.7256612,111Y12M
10014,臺東縣,10014020,成功鎮,10014020-004,三民里,104.88,2.65,275.58,41.4540202,11.79585941,29.65816079,251.4285704,111Y12M
10014,臺東縣,10014020,成功鎮,10014020-005,忠智里,103.18,2.79,5788.15,47.05484086,15.84292484,31.21191602,197.0085462,111Y12M
10014,臺東縣,10014020,成功鎮,10014020-006,忠仁里,107.55,2.62,292.18,44.33051867,14.23401688,30.09650179,211.4406771,111Y12M
10014,臺東縣,10014020,成功鎮,10014020-007,和平里,126.95,2.12,59.03,52.20883524,8.23293171,43.97590353,534.1463284,111Y12M
10014,臺東縣,10014020,成功鎮,10014020-008,信義里,119.4,2.35,80.92,44.00904292,8.364732473,35.64431045,426.1261223,111Y12M
10014,臺東縣,10014030,關山鎮,10014030-001,德高里,108.25,2.58,123.14,44.66248034,10.51805337,34.14442697,324.6268632,111Y12M
10014,臺東縣,10014030,關山鎮,10014030-002,豐泉里,96.08,2.64,690.65,49.4252873,19.08045975,30.34482755,159.0361436,111Y12M
10014,臺東縣,10014030,關山鎮,10014030-003,新福里,113.89,2.52,130.39,48.07692301,19.3786982,28.69822481,148.0916019,111Y12M
10014,臺東縣,10014030,關山鎮,10014030-004,中福里,98.63,2.6,5569.23,57.32368887,18.08318261,39.24050626,216.9999978,111Y12M
10014,臺東縣,10014030,關山鎮,10014030-005,里壠里,96.25,2.51,357.56,50.32840718,16.66666665,33.66174053,201.9704424,111Y12M
10014,臺東縣,10014030,關山鎮,10014030-006,電光里,126.95,2.61,28.64,47.46192881,12.18274109,35.27918773,289.5833273,111Y12M
10014,臺東縣,10014030,關山鎮,10014030-007,月眉里,122.59,2.36,72.15,40.4942965,9.315589336,31.17870717,334.6938707,111Y12M
10014,臺東縣,10014040,卑南鄉,10014040-001,嘉豐村,120.99,2.45,55.88,41.31578936,13.94736838,27.36842098,196.2264114,111Y12M
10014,臺東縣,10014040,卑南鄉,10014040-002,利吉村,116.81,2.32,35.68,52.64797491,11.52647971,41.1214952,356.7567471,111Y12M
10014,臺東縣,10014040,卑南鄉,10014040-003,富山村,112.35,2.14,71.57,41.3698629,11.50684928,29.86301362,259.5238033,111Y12M
10014,臺東縣,10014040,卑南鄉,10014040-004,富源村,132.41,2.11,18.37,56.01851826,6.481481451,49.53703681,764.2856597,111Y12M
10014,臺東縣,10014040,卑南鄉,10014040-005,明峰村,117.07,2.4,57.07,47.98099757,11.28266032,36.69833725,325.2631545,111Y12M
10014,臺東縣,10014040,卑南鄉,10014040-006,初鹿村,109.15,2.63,136.3,43.06569339,12.30448382,30.76120956,249.9999979,111Y12M
10014,臺東縣,10014040,卑南鄉,10014040-007,美農村,122.24,2.23,90.2,42.91139235,9.493670874,33.41772148,351.9999953,111Y12M
10014,臺東縣,10014040,卑南鄉,10014040-008,賓朗村,107.84,2.54,166.19,41.6618245,9.761766409,31.90005809,326.7857123,111Y12M
10014,臺東縣,10014040,卑南鄉,10014040-009,泰安村,99.56,2.56,49.49,33.23500488,16.02753194,17.20747294,107.3619625,111Y12M
10014,臺東縣,10014040,卑南鄉,10014040-010,太平村,102.56,2.49,569.93,33.38213762,13.17715959,20.20497803,153.3333329,111Y12M
10014,臺東縣,10014040,卑南鄉,10014040-011,利嘉村,105.3,2.6,27.13,41.63898113,17.27574749,24.36323364,141.0256401,111Y12M
10014,臺東縣,10014040,卑南鄉,10014040-012,東興村,112.56,2.61,14.87,30.56379819,13.35311571,17.21068248,128.8888879,111Y12M
10014,臺東縣,10014040,卑南鄉,10014040-013,溫泉村,115.88,2.09,7.99,53.83615078,13.78413522,40.05201555,290.566035,111Y12M
10014,臺東縣,10014050,鹿野鄉,10014050-001,瑞和村,106.21,2.74,38.99,36.93516692,9.037328077,27.89783884,308.6956455,111Y12M
10014,臺東縣,10014050,鹿野鄉,10014050-002,瑞豐村,113.33,2.44,144.99,47.06814573,8.716323283,38.35182244,439.999992,111Y12M
10014,臺東縣,10014050,鹿野鄉,10014050-003,瑞源村,103.97,2.42,63.3,50.48859927,12.70358304,37.78501623,297.4358936,111Y12M
10014,臺東縣,10014050,鹿野鄉,10014050-004,永安村,117.46,2.46,112.3,39.64125557,11.12107622,28.52017935,256.4516108,111Y12M
10014,臺東縣,10014050,鹿野鄉,10014050-005,瑞隆村,109.4,2.37,72.56,45.116279,10.07751936,35.03875964,347.6923023,111Y12M
10014,臺東縣,10014050,鹿野鄉,10014050-006,鹿野村,100.18,2.39,129.56,44.83204129,9.560723502,35.27131778,368.9189139,111Y12M
10014,臺東縣,10014050,鹿野鄉,10014050-007,龍田村,118.82,2.42,210.98,47.37515999,10.75544173,36.61971826,340.4761864,111Y12M
10014,臺東縣,10014060,池上鄉,10014060-001,福文村,111.19,2.44,145.48,46.77033487,13.27751195,33.49282293,252.25225,111Y12M
10014,臺東縣,10014060,池上鄉,10014060-002,慶豐村,107.4,2.85,341.37,49.60474298,14.6245059,34.98023709,239.189186,111Y12M
10014,臺東縣,10014060,池上鄉,10014060-003,大坡村,111.38,2.47,40.04,59.72850652,14.47963794,45.24886857,312.4999902,111Y12M
10014,臺東縣,10014060,池上鄉,10014060-004,大埔村,100.23,2.62,494.98,54.37062928,12.76223774,41.60839154,326.0273928,111Y12M
10014,臺東縣,10014060,池上鄉,10014060-005,福原村,90.71,2.56,1290.67,51.2627986,17.95221842,33.31058018,185.5513301,111Y12M
10014,臺東縣,10014060,池上鄉,10014060-006,錦園村,117.79,2.28,40.5,54.34782585,10.43478256,43.91304329,420.8333158,111Y12M
10014,臺東縣,10014060,池上鄉,10014060-007,新興村,119.3,2.46,90.38,48.97314368,12.95418639,36.01895729,278.0487771,111Y12M
10014,臺東縣,10014060,池上鄉,10014060-008,萬安村,104.62,2.48,76.78,54.5851526,13.53711784,41.04803476,303.2257967,111Y12M
10014,臺東縣,10014060,池上鄉,10014060-009,富興村,122.46,2.57,23.73,43.94463653,11.41868508,32.52595144,284.8484762,111Y12M
10014,臺東縣,10014060,池上鄉,10014060-010,振興村,116.3,2.49,32.92,47.4474473,14.41441437,33.03303293,229.1666619,111Y12M
10014,臺東縣,10014070,東河鄉,10014070-001,北源村,162.21,1.94,28.14,42.85714282,7.275953853,35.58118897,489.0243843,111Y12M
10014,臺東縣,10014070,東河鄉,10014070-002,泰源村,109.38,2.44,20.9,45.68764563,10.95571094,34.73193469,317.0212732,111Y12M
10014,臺東縣,10014070,東河鄉,10014070-003,東河村,118.98,2.39,102.17,44.99999994,10.13513512,34.86486482,343.9999954,111Y12M
10014,臺東縣,10014070,東河鄉,10014070-004,尚德村,124.35,2.06,9.23,46.59090883,9.659090854,36.93181797,382.3529187,111Y12M
10014,臺東縣,10014070,東河鄉,10014070-005,隆昌村,107.98,2.06,50.44,56.73352419,9.169054415,47.56446978,518.7499838,111Y12M
10014,臺東縣,10014070,東河鄉,10014070-006,興昌村,108.44,2.03,48.54,55.36809807,9.662576672,45.7055214,473.0158655,111Y12M
10014,臺東縣,10014070,東河鄉,10014070-007,都蘭村,109.34,2.35,78.92,48.77577316,12.37113401,36.40463915,294.2708318,111Y12M
10014,臺東縣,10014080,長濱鄉,10014080-001,樟原村,126.77,2.16,20.15,54.82233489,7.106598967,47.71573592,671.4285474,111Y12M
10014,臺東縣,10014080,長濱鄉,10014080-002,三間村,139.11,2.34,35.33,55.90452254,10.67839195,45.2261306,423.5294068,111Y12M
10014,臺東縣,10014080,長濱鄉,10014080-003,忠勇村,153.54,2.47,26.55,42.53731333,9.452736295,33.08457703,349.9999908,111Y12M
10014,臺東縣,10014080,長濱鄉,10014080-004,長濱村,114.1,2.45,224.97,45.15254234,10.37288135,34.77966099,335.2941155,111Y12M
10014,臺東縣,10014080,長濱鄉,10014080-005,竹湖村,123.79,2.35,51.88,52.9021558,9.121061345,43.78109445,479.9999913,111Y12M
10014,臺東縣,10014080,長濱鄉,10014080-006,寧埔村,137.33,2.18,33.86,51.21359217,9.101941737,42.11165043,462.6666605,111Y12M
10014,臺東縣,10014090,太麻里鄉,10014090-001,美和村,116.47,2.57,113.38,37.12918657,9.856459321,27.27272725,276.6990264,111Y12M
10014,臺東縣,10014090,太麻里鄉,10014090-002,三和村,117.48,2.29,137.61,39.77528081,7.41573032,32.35955049,436.3636231,111Y12M
10014,臺東縣,10014090,太麻里鄉,10014090-003,華源村,120.14,1.92,72.94,52.77108421,5.783132516,46.98795169,812.4999661,111Y12M
10014,臺東縣,10014090,太麻里鄉,10014090-004,北里村,142.97,1.99,62.59,46.6981131,11.08490563,35.61320746,321.2765889,111Y12M
10014,臺東縣,10014090,太麻里鄉,10014090-005,泰和村,103.49,2.12,433.43,42.13483142,11.04868913,31.08614229,281.3559298,111Y12M
10014,臺東縣,10014090,太麻里鄉,10014090-006,大王村,115.48,2.22,187.24,48.33456695,13.24944485,35.08512211,264.8044678,111Y12M
10014,臺東縣,10014090,太麻里鄉,10014090-007,香蘭村,115.5,2.32,93.12,46.86468639,12.5412541,34.32343229,273.6842069,111Y12M
10014,臺東縣,10014090,太麻里鄉,10014090-008,金崙村,106.33,2.28,90.29,35.9097127,14.7742818,21.1354309,143.0555549,111Y12M
10014,臺東縣,10014090,太麻里鄉,10014090-009,多良村,104.75,2.13,47.12,38.05073426,13.48464618,24.56608808,182.178216,111Y12M
10014,臺東縣,10014100,大武鄉,10014100-001,大竹村,116.71,2.25,43.37,36.741214,11.82108624,24.92012776,210.810808,111Y12M
10014,臺東縣,10014100,大武鄉,10014100-002,大鳥村,117.35,2.39,66.49,35.29411761,15.61497325,19.67914436,126.0273964,111Y12M
10014,臺東縣,10014100,大武鄉,10014100-003,大武村,103.93,2.33,211.86,42.54901957,17.45098038,25.09803919,143.8202239,111Y12M
10014,臺東縣,10014100,大武鄉,10014100-004,尚武村,100.69,2.18,162.96,41.86274506,10.98039215,30.88235291,281.2499975,111Y12M
10014,臺東縣,10014100,大武鄉,10014100-005,南興村,108.5,2.17,70.89,40.27459945,12.35697938,27.91762007,225.9259217,111Y12M
10014,臺東縣,10014110,綠島鄉,10014110-001,公館村,124.56,3.28,128.69,29.14798203,12.33183855,16.81614348,136.3636351,111Y12M
10014,臺東縣,10014110,綠島鄉,10014110-002,中寮村,110.55,3.36,904.59,29.60596376,12.7795527,16.82641106,131.6666656,111Y12M
10014,臺東縣,10014110,綠島鄉,10014110-003,南寮村,114.56,3.71,484.72,25.96975672,9.993425371,15.97633135,159.86842,111Y12M
10014,臺東縣,10014120,海端鄉,10014120-001,廣原村,104.48,3.82,31.29,39.38953483,25.87209299,13.51744184,52.24719072,111Y12M
10014,臺東縣,10014120,海端鄉,10014120-002,霧鹿村,103.13,3.53,1.69,37.13080153,21.94092818,15.18987335,69.2307679,111Y12M
10014,臺東縣,10014120,海端鄉,10014120-003,利稻村,97.73,4.19,0.93,37.54940697,22.13438726,15.4150197,69.6428559,111Y12M
10014,臺東縣,10014120,海端鄉,10014120-004,海端村,112.03,3.85,43.56,34.05221336,19.75028375,14.30192961,72.41379269,111Y12M
10014,臺東縣,10014120,海端鄉,10014120-005,崁頂村,124.23,3.9,7.73,41.6370106,27.58007113,14.05693948,50.96774161,111Y12M
10014,臺東縣,10014120,海端鄉,10014120-006,加拿村,122.1,3.86,3.72,29.59830861,18.60465112,10.99365748,59.09090842,111Y12M
10014,臺東縣,10014130,延平鄉,10014130-001,武陵村,112.61,3.23,49.06,33.69369363,20.5405405,13.15315313,64.03508716,111Y12M
10014,臺東縣,10014130,延平鄉,10014130-002,永康村,108.81,3.28,11.32,33.88704308,21.92691023,11.96013285,54.54545372,111Y12M
10014,臺東縣,10014130,延平鄉,10014130-003,紅葉村,114.29,3.32,1.51,37.11911347,19.66758997,17.4515235,88.73239312,111Y12M
10014,臺東縣,10014130,延平鄉,10014130-004,鸞山村,110.71,3.29,27.02,36.67953661,20.07722004,16.60231657,82.6923069,111Y12M
10014,臺東縣,10014130,延平鄉,10014130-005,桃源村,109.14,3.47,16.98,32.4380165,20.86776857,11.57024792,55.44554428,111Y12M
10014,臺東縣,10014140,金峰鄉,10014140-001,新興村,101.2,3.19,121.74,34.53815254,21.88755016,12.65060238,57.79816461,111Y12M
10014,臺東縣,10014140,金峰鄉,10014140-002,正興村,91.29,3.19,3577.46,31.81818176,16.90909088,14.90909088,88.17204206,111Y12M
10014,臺東縣,10014140,金峰鄉,10014140-003,嘉蘭村,102.88,3.1,8.32,36.14775722,20.66842566,15.47933156,74.8936167,111Y12M
10014,臺東縣,10014140,金峰鄉,10014140-004,賓茂村,113.97,2.72,2695.64,37.27598553,16.84587808,20.43010745,121.2765932,111Y12M
10014,臺東縣,10014140,金峰鄉,10014140-005,歷坵村,95.45,2.98,1.98,34.84320545,18.11846684,16.72473862,92.30769053,111Y12M
10014,臺東縣,10014150,達仁鄉,10014150-001,台坂村,118.32,2.48,33,37.84313718,16.66666663,21.17647055,127.058822,111Y12M
10014,臺東縣,10014150,達仁鄉,10014150-002,土坂村,121.6,2.73,11.2,28.71927551,12.93661059,15.78266492,121.9999988,111Y12M
10014,臺東縣,10014150,達仁鄉,10014150-003,新化村,125,2.52,3.26,33.2236841,10.85526312,22.36842098,206.0605998,111Y12M
10014,臺東縣,10014150,達仁鄉,10014150-004,安朔村,121.83,2.03,11.53,39.99999991,15.3333333,24.66666661,160.8695629,111Y12M
10014,臺東縣,10014150,達仁鄉,10014150-005,森永村,115.34,2.09,28.24,35.66666655,9.999999967,25.66666658,256.6666581,111Y12M
10014,臺東縣,10014150,達仁鄉,10014150-006,南田村,102.37,2.48,19.41,20.42253514,9.50704222,10.91549292,114.8148106,111Y12M
10014,臺東縣,10014160,蘭嶼鄉,10014160-001,東清村,96.61,2.89,90.6,31.54906729,20.11354418,11.43552311,56.85483848,111Y12M
10014,臺東縣,10014160,蘭嶼鄉,10014160-002,朗島村,95.24,2.78,101.3,29.71114164,17.46905087,12.24209077,70.07873961,111Y12M
10014,臺東縣,10014160,蘭嶼鄉,10014160-003,紅頭村,105.39,2.46,127.33,27.10592158,14.92910758,12.176814,81.56424535,111Y12M
10014,臺東縣,10014160,蘭嶼鄉,10014160-004,椰油村,97.98,2.68,144.99,30.44444441,19.44444442,10.99999999,56.57142825,111Y12M
10014,臺東縣,10014010,臺東市,10014010-001,富岡里,113.4,2.38,164.16,40.0995575,11.2278761,28.8716814,257.1428559,112Y03M
10014,臺東縣,10014010,臺東市,10014010-003,岩灣里,99.34,2.04,880.4,26.08016657,7.339927117,18.74023945,255.3191471,112Y03M
10014,臺東縣,10014010,臺東市,10014010-004,南王里,103.75,2.56,827.8,35.00421229,11.83656276,23.16764953,195.7295367,112Y03M
10014,臺東縣,10014010,臺東市,10014010-005,卑南里,95.07,2.45,2153.17,31.5235008,8.670988651,22.85251215,263.5514006,112Y03M
10014,臺東縣,10014010,臺東市,10014010-006,南榮里,106.97,2.7,631.74,38.29113922,12.97468354,25.31645568,195.1219505,112Y03M
10014,臺東縣,10014010,臺東市,10014010-007,新生里,96.05,2.41,7058.15,37.76763775,13.89961389,23.86802386,171.7171713,112Y03M
10014,臺東縣,10014010,臺東市,10014010-008,民生里,88.49,2.32,11751.34,48.7449799,13.00200803,35.74297187,274.9034738,112Y03M
10014,臺東縣,10014010,臺東市,10014010-009,寶桑里,103.9,2.42,768.48,45.18518514,15.55555554,29.6296296,190.4761893,112Y03M
10014,臺東縣,10014010,臺東市,10014010-010,馬蘭里,90.2,2.97,9347.23,71.56549517,44.72843448,26.83706069,59.99999993,112Y03M
10014,臺東縣,10014010,臺東市,10014010-011,中心里,96.79,2.86,12042.99,64.34339139,35.61410963,28.72928176,80.66825766,112Y03M
10014,臺東縣,10014010,臺東市,10014010-012,自強里,93.29,2.94,11190.05,64.28571426,42.06349205,22.22222221,52.83018863,112Y03M
10014,臺東縣,10014010,臺東市,10014010-013,民族里,90.61,3,9320.01,87.33905575,55.79399139,31.54506436,56.53846148,112Y03M
10014,臺東縣,10014010,臺東市,10014010-015,中華里,99.07,2.46,2113.67,44.07636157,14.26165075,29.81471082,209.0551173,112Y03M
10014,臺東縣,10014010,臺東市,10014010-017,建國里,103.96,2.4,976.21,46.5353756,13.42086068,33.11451493,246.7391291,112Y03M
10014,臺東縣,10014010,臺東市,10014010-020,中正里,99.37,2.21,8014.14,49.73009443,7.96221322,41.76788121,524.5762667,112Y03M
10014,臺東縣,10014010,臺東市,10014010-022,成功里,97.05,2.27,3994.67,42.23901096,12.77472527,29.46428569,230.6451601,112Y03M
10014,臺東縣,10014010,臺東市,10014010-023,文化里,118.79,2.46,6986.54,70.42569076,41.07542939,29.35026137,71.45454532,112Y03M
10014,臺東縣,10014010,臺東市,10014010-024,中山里,91.45,2.53,11230.8,69.62509559,31.90512622,37.71996937,118.2254194,112Y03M
10014,臺東縣,10014010,臺東市,10014010-029,新園里,109.98,2.42,514.3,35.33236992,12.86127167,22.47109825,174.7191001,112Y03M
10014,臺東縣,10014010,臺東市,10014010-030,豐田里,91.89,2.41,614.31,34.85240806,12.99844639,21.85396167,168.1274894,112Y03M
10014,臺東縣,10014010,臺東市,10014010-031,豐年里,104.9,2.41,1167.71,31.49722735,11.49722735,19.99999999,173.9549834,112Y03M
10014,臺東縣,10014010,臺東市,10014010-032,光明里,82.55,2.46,3621.02,40.38709676,23.56989246,16.81720429,71.35036483,112Y03M
10014,臺東縣,10014010,臺東市,10014010-033,豐樂里,104.6,2.94,776.17,46.12159326,20.96436057,25.15723269,119.9999996,112Y03M
10014,臺東縣,10014010,臺東市,10014010-034,永樂里,103.48,2.89,1016.14,39.82074262,20.44387536,19.37686726,94.78079312,112Y03M
10014,臺東縣,10014010,臺東市,10014010-035,康樂里,109.89,2.57,160.92,40.67197167,20.15915118,20.51282049,101.7543855,112Y03M
10014,臺東縣,10014010,臺東市,10014010-036,東海里,90.04,2.6,5666.58,58.8861076,31.22653315,27.65957445,88.57715413,112Y03M
10014,臺東縣,10014010,臺東市,10014010-037,新興里,99.5,2.35,1278.16,49.10461824,16.96512722,32.13949102,189.4444434,112Y03M
10014,臺東縣,10014010,臺東市,10014010-038,豐榮里,94.43,2.44,9666.82,37.4556912,13.7849547,23.6707365,171.7142852,112Y03M
10014,臺東縣,10014010,臺東市,10014010-039,豐谷里,101.17,2.67,2128.46,36.97537286,13.45820326,23.51716961,174.7422676,112Y03M
10014,臺東縣,10014010,臺東市,10014010-040,豐里里,104.08,2.74,739.01,34.50413221,11.72520661,22.77892561,194.2731269,112Y03M
10014,臺東縣,10014010,臺東市,10014010-041,豐原里,117.79,2.8,193.52,45.64102559,16.5128205,29.1282051,176.3975144,112Y03M
10014,臺東縣,10014010,臺東市,10014010-042,建和里,105.9,2.56,291.42,45.59241702,16.11374406,29.47867296,182.9411754,112Y03M
10014,臺東縣,10014010,臺東市,10014010-043,建興里,96.56,2.49,499.03,36.5174129,7.86069651,28.65671639,364.5569574,112Y03M
10014,臺東縣,10014010,臺東市,10014010-045,知本里,103.86,2.44,427.51,39.9566865,12.39848402,27.55820248,222.2707414,112Y03M
10014,臺東縣,10014010,臺東市,10014010-046,建農里,105.21,2.56,134.33,32.85714284,11.88571428,20.97142856,176.4423068,112Y03M
10014,臺東縣,10014010,臺東市,10014010-047,仁和里,90.36,2.34,5314.23,39.29430632,12.38973536,26.90457096,217.1521029,112Y03M
10014,臺東縣,10014010,臺東市,10014010-048,豐安里,88.18,2.32,9753.46,31.77257524,10.82775919,20.94481604,193.4362927,112Y03M
10014,臺東縣,10014010,臺東市,10014010-049,豐盛里,94.88,2.5,3861.77,32.17632765,12.49566122,19.68066643,157.4999996,112Y03M
10014,臺東縣,10014020,成功鎮,10014020-001,博愛里,131.92,2,33.29,53.82653047,6.377551004,47.44897947,743.9999702,112Y03M
10014,臺東縣,10014020,成功鎮,10014020-002,忠孝里,98.98,2.13,24.31,48.01829261,8.841463401,39.17682921,443.1034406,112Y03M
10014,臺東縣,10014020,成功鎮,10014020-003,三仙里,123.59,2.33,43.93,43.81909543,10.95477386,32.86432158,299.9999972,112Y03M
10014,臺東縣,10014020,成功鎮,10014020-004,三民里,104.97,2.63,274.92,41.59420288,11.73913043,29.85507245,254.3209866,112Y03M
10014,臺東縣,10014020,成功鎮,10014020-005,忠智里,102.9,2.77,5774.83,47.51531651,16.26957113,31.24574538,192.0502084,112Y03M
10014,臺東縣,10014020,成功鎮,10014020-006,忠仁里,106.57,2.62,291.57,44.02895052,14.35464414,29.67430638,206.7226882,112Y03M
10014,臺東縣,10014020,成功鎮,10014020-007,和平里,127.41,2.12,58.8,51.6064256,8.032128498,43.5742971,542.4999864,112Y03M
10014,臺東縣,10014020,成功鎮,10014020-008,信義里,119.43,2.36,81.3,45.5648218,9.401061403,36.1637604,384.6774163,112Y03M
10014,臺東縣,10014030,關山鎮,10014030-001,德高里,109.6,2.57,122.54,45.44012685,10.38858048,35.05154636,337.4045776,112Y03M
10014,臺東縣,10014030,關山鎮,10014030-002,豐泉里,96.37,2.64,690.65,49.59723815,18.98734175,30.6098964,161.2121202,112Y03M
10014,臺東縣,10014030,關山鎮,10014030-003,新福里,110.99,2.51,130,49.40119753,19.76047901,29.64071852,149.9999989,112Y03M
10014,臺東縣,10014030,關山鎮,10014030-004,中福里,100,2.59,5582.03,59.99999989,19.08256877,40.91743112,214.4230749,112Y03M
10014,臺東縣,10014030,關山鎮,10014030-005,里壠里,96.45,2.51,356.39,51.57807305,17.60797341,33.97009964,192.9245274,112Y03M
10014,臺東縣,10014030,關山鎮,10014030-006,電光里,127.06,2.6,28.54,47.70408151,11.98979589,35.71428562,297.8723341,112Y03M
10014,臺東縣,10014030,關山鎮,10014030-007,月眉里,124.77,2.34,71.76,40.53537277,9.751434016,30.78393876,315.6862683,112Y03M
10014,臺東縣,10014040,卑南鄉,10014040-001,嘉豐村,121.49,2.44,55.78,41.424802,14.77572555,26.64907645,180.3571396,112Y03M
10014,臺東縣,10014040,卑南鄉,10014040-002,利吉村,117.18,2.33,35.89,53.1055899,11.18012419,41.92546571,374.9999896,112Y03M
10014,臺東縣,10014040,卑南鄉,10014040-003,富山村,113.45,2.12,70.46,41.111111,10.8333333,30.27777769,279.4871723,112Y03M
10014,臺東縣,10014040,卑南鄉,10014040-004,富源村,127.89,2.12,18.26,58.76777223,7.109004706,51.65876753,726.6666182,112Y03M
10014,臺東縣,10014040,卑南鄉,10014040-005,明峰村,118.21,2.4,57.07,47.6303317,11.13744075,36.49289095,327.659571,112Y03M
10014,臺東縣,10014040,卑南鄉,10014040-006,初鹿村,108.64,2.6,134.32,42.76663142,11.93241815,30.83421327,258.4070774,112Y03M
10014,臺東縣,10014040,卑南鄉,10014040-007,美農村,121.1,2.26,89.56,42.80254772,9.299363045,33.50318467,360.2739677,112Y03M
10014,臺東縣,10014040,卑南鄉,10014040-008,賓朗村,107.94,2.51,165.98,42.31443598,9.701928691,32.61250729,336.1445763,112Y03M
10014,臺東縣,10014040,卑南鄉,10014040-009,泰安村,98.96,2.53,49.05,33.10208124,15.65906837,17.44301287,111.3924044,112Y03M
10014,臺東縣,10014040,卑南鄉,10014040-010,太平村,103.23,2.48,570.25,33.35771762,13.09436722,20.26335039,154.7486029,112Y03M
10014,臺東縣,10014040,卑南鄉,10014040-011,利嘉村,104,2.59,27.04,41.50943392,16.98113206,24.52830186,144.4444435,112Y03M
10014,臺東縣,10014040,卑南鄉,10014040-012,東興村,112.2,2.61,14.89,30.89108908,13.46534652,17.42574256,129.4117638,112Y03M
10014,臺東縣,10014040,卑南鄉,10014040-013,溫泉村,114.47,2.06,7.91,53.87647825,12.48357423,41.39290402,331.5789439,112Y03M
10014,臺東縣,10014050,鹿野鄉,10014050-001,瑞和村,108.43,2.72,38.71,37.8486055,9.163346595,28.68525891,313.0434715,112Y03M
10014,臺東縣,10014050,鹿野鄉,10014050-002,瑞豐村,114.99,2.4,143.42,45.71428564,6.984126973,38.73015867,554.5454419,112Y03M
10014,臺東縣,10014050,鹿野鄉,10014050-003,瑞源村,103.99,2.44,63.02,52.82392018,13.45514948,39.3687707,292.592589,112Y03M
10014,臺東縣,10014050,鹿野鄉,10014050-004,永安村,117.11,2.44,111.65,39.7111913,10.8303249,28.8808664,266.6666644,112Y03M
10014,臺東縣,10014050,鹿野鄉,10014050-005,瑞隆村,109.23,2.36,72.02,45.61128519,10.03134795,35.57993725,354.6874945,112Y03M
10014,臺東縣,10014050,鹿野鄉,10014050-006,鹿野村,100.18,2.36,128.17,42.72844267,8.622908612,34.10553406,395.5223822,112Y03M
10014,臺東縣,10014050,鹿野鄉,10014050-007,龍田村,118.85,2.39,208.6,48.56396861,10.83550912,37.72845948,348.1927669,112Y03M
10014,臺東縣,10014060,池上鄉,10014060-001,福文村,111.59,2.4,145.01,47.88391772,13.54292622,34.34099149,253.5714263,112Y03M
10014,臺東縣,10014060,池上鄉,10014060-002,慶豐村,108.61,2.82,338.67,50.1999999,14.79999997,35.39999993,239.189186,112Y03M
10014,臺東縣,10014060,池上鄉,10014060-003,大坡村,113.94,2.49,40.04,59.00900874,13.9639639,45.04504484,322.5806348,112Y03M
10014,臺東縣,10014060,池上鄉,10014060-004,大埔村,100.23,2.63,496.11,54.18118457,12.54355399,41.63763059,331.9444398,112Y03M
10014,臺東縣,10014060,池上鄉,10014060-005,福原村,89.37,2.55,1286.01,50.2040816,17.07482992,33.12925168,194.0239036,112Y03M
10014,臺東縣,10014060,池上鄉,10014060-006,錦園村,119.14,2.28,40.5,55.02183382,11.35371174,43.66812208,384.6153698,112Y03M
10014,臺東縣,10014060,池上鄉,10014060-007,新興村,117.06,2.43,89.04,48.63999992,12.31999998,36.31999994,294.805191,112Y03M
10014,臺東縣,10014060,池上鄉,10014060-008,萬安村,105.92,2.43,75.48,56.7567565,14.41441435,42.34234215,293.7499908,112Y03M
10014,臺東縣,10014060,池上鄉,10014060-009,富興村,121.93,2.53,23.68,43.59861577,11.41868508,32.17993068,281.8181733,112Y03M
10014,臺東縣,10014060,池上鄉,10014060-010,振興村,116.89,2.48,32.71,46.10778429,13.17365266,32.93413164,249.9999943,112Y03M
10014,臺東縣,10014070,東河鄉,10014070-001,北源村,163.83,1.95,28.18,43.67201422,7.754010688,35.91800353,463.2183855,112Y03M
10014,臺東縣,10014070,東河鄉,10014070-002,泰源村,109.14,2.43,20.67,45.75471693,10.49528301,35.25943392,335.9550524,112Y03M
10014,臺東縣,10014070,東河鄉,10014070-003,東河村,120.37,2.37,101.98,44.92557504,9.878213789,35.04736125,354.7945157,112Y03M
10014,臺東縣,10014070,東河鄉,10014070-004,尚德村,127.43,2.06,9.19,47.70114915,9.195402246,38.50574691,418.7499738,112Y03M
10014,臺東縣,10014070,東河鄉,10014070-005,隆昌村,106.15,2.04,49.43,57.64705865,8.52941174,49.11764691,575.8620491,112Y03M
10014,臺東縣,10014070,東河鄉,10014070-006,興昌村,109.48,2.01,48.68,55.58958644,9.188361395,46.40122504,504.9999916,112Y03M
10014,臺東縣,10014070,東河鄉,10014070-007,都蘭村,109.29,2.33,78.54,48.44961237,12.14470283,36.30490954,298.9361686,112Y03M
10014,臺東縣,10014080,長濱鄉,10014080-001,樟原村,124.54,2.19,20.25,57.17948703,7.948717928,49.2307691,619.3548187,112Y03M
10014,臺東縣,10014080,長濱鄉,10014080-002,三間村,138.64,2.32,34.99,56.16264288,10.92757305,45.23506983,413.9534836,112Y03M
10014,臺東縣,10014080,長濱鄉,10014080-003,忠勇村,156.05,2.44,26.45,41.68734481,8.933002459,32.75434235,366.6666565,112Y03M
10014,臺東縣,10014080,長濱鄉,10014080-004,長濱村,113.83,2.45,224.24,45.36784738,10.42234332,34.94550406,335.2941155,112Y03M
10014,臺東縣,10014080,長濱鄉,10014080-005,竹湖村,121.15,2.34,51.77,52.57048084,8.955223866,43.61525698,487.037028,112Y03M
10014,臺東縣,10014080,長濱鄉,10014080-006,寧埔村,137.09,2.17,33.7,51.77478574,8.812729487,42.96205625,487.4999932,112Y03M
10014,臺東縣,10014090,太麻里鄉,10014090-001,美和村,115.51,2.56,113.22,36.28571425,9.238095229,27.04761902,292.7835021,112Y03M
10014,臺東縣,10014090,太麻里鄉,10014090-002,三和村,118.25,2.3,137.61,39.14988806,7.606263965,31.54362409,414.7058702,112Y03M
10014,臺東縣,10014090,太麻里鄉,10014090-003,華源村,120.7,1.91,72.36,51.93236702,5.797101435,46.13526559,795.8333002,112Y03M
10014,臺東縣,10014090,太麻里鄉,10014090-004,北里村,142.97,1.97,62.59,46.6981131,10.84905658,35.84905652,330.4347754,112Y03M
10014,臺東縣,10014090,太麻里鄉,10014090-005,泰和村,104.4,2.13,437.71,42.87045662,11.18359738,31.68685924,283.333331,112Y03M
10014,臺東縣,10014090,太麻里鄉,10014090-006,大王村,116.09,2.2,186.96,49.32835817,13.50746268,35.8208955,265.1933687,112Y03M
10014,臺東縣,10014090,太麻里鄉,10014090-007,香蘭村,116.14,2.32,93.86,48.26446273,13.8842975,34.38016523,247.6190447,112Y03M
10014,臺東縣,10014090,太麻里鄉,10014090-008,金崙村,105.57,2.28,90.61,36.57534244,14.93150684,21.6438356,144.9541278,112Y03M
10014,臺東縣,10014090,太麻里鄉,10014090-009,多良村,105.23,2.13,46.48,36.54618469,11.78045514,24.76572955,210.2272703,112Y03M
10014,臺東縣,10014100,大武鄉,10014100-001,大竹村,118.04,2.24,42.86,36.67205164,12.11631662,24.55573502,202.666664,112Y03M
10014,臺東縣,10014100,大武鄉,10014100-002,大鳥村,117.04,2.37,66.27,35.30042915,15.5579399,19.74248925,126.8965508,112Y03M
10014,臺東縣,10014100,大武鄉,10014100-003,大武村,103.78,2.34,212.3,42.98331694,17.5662414,25.41707554,144.6927366,112Y03M
10014,臺東縣,10014100,大武鄉,10014100-004,尚武村,101.82,2.17,162.06,42.05330697,10.76011845,31.29318852,290.8256854,112Y03M
10014,臺東縣,10014100,大武鄉,10014100-005,南興村,110,2.18,70.42,40.32258055,12.67281103,27.64976952,218.1818142,112Y03M
10014,臺東縣,10014110,綠島鄉,10014110-001,公館村,123.75,3.3,130.48,28.6343612,12.22466959,16.40969161,134.234233,112Y03M
10014,臺東縣,10014110,綠島鄉,10014110-002,中寮村,111.72,3.37,912.76,29.39936772,12.64488934,16.75447838,132.4999989,112Y03M
10014,臺東縣,10014110,綠島鄉,10014110-003,南寮村,113.85,3.69,484.21,26.33663365,9.966996693,16.36963695,164.2384095,112Y03M
10014,臺東縣,10014120,海端鄉,10014120-001,廣原村,104.48,3.82,31.29,39.38953483,25.87209299,13.51744184,52.24719072,112Y03M
10014,臺東縣,10014120,海端鄉,10014120-002,霧鹿村,104.4,3.53,1.69,35.98326345,20.920502,15.06276144,71.99999856,112Y03M
10014,臺東縣,10014120,海端鄉,10014120-003,利稻村,97.71,4.17,0.92,36.75889314,21.34387343,15.4150197,72.22222088,112Y03M
10014,臺東縣,10014120,海端鄉,10014120-004,海端村,112.12,3.82,43.26,32.99319724,18.70748297,14.28571427,76.3636359,112Y03M
10014,臺東縣,10014120,海端鄉,10014120-005,崁頂村,123.89,3.93,7.83,41.4035087,27.89473679,13.50877191,48.42767265,112Y03M
10014,臺東縣,10014120,海端鄉,10014120-006,加拿村,120.86,3.81,3.72,30.0847457,18.85593216,11.22881354,59.55056113,112Y03M
10014,臺東縣,10014130,延平鄉,10014130-001,武陵村,112.61,3.25,49.06,33.45323735,19.96402874,13.48920861,67.56756696,112Y03M
10014,臺東縣,10014130,延平鄉,10014130-002,永康村,112.37,3.21,11.09,31.66666656,20.6666666,10.99999996,53.22580559,112Y03M
10014,臺東縣,10014130,延平鄉,10014130-003,紅葉村,111.34,3.4,1.53,38.18681308,20.32967027,17.85714281,87.83783665,112Y03M
10014,臺東縣,10014130,延平鄉,10014130-004,鸞山村,113.11,3.27,26.67,35.46511621,19.18604647,16.27906974,84.84848399,112Y03M
10014,臺東縣,10014130,延平鄉,10014130-005,桃源村,108.96,3.42,16.69,33.3333333,20.84656082,12.48677247,59.89847685,112Y03M
10014,臺東縣,10014140,金峰鄉,10014140-001,新興村,101.78,3.22,123.92,36.67334662,23.04609214,13.62725448,59.13043427,112Y03M
10014,臺東縣,10014140,金峰鄉,10014140-002,正興村,92.72,3.18,3528.12,31.43382347,16.17647056,15.25735291,94.31818075,112Y03M
10014,臺東縣,10014140,金峰鄉,10014140-003,嘉蘭村,102.78,3.09,8.23,35.36693189,19.89389919,15.4730327,77.77777743,112Y03M
10014,臺東縣,10014140,金峰鄉,10014140-004,賓茂村,113.48,2.68,2674.53,37.68115928,16.30434777,21.37681152,131.1111082,112Y03M
10014,臺東縣,10014140,金峰鄉,10014140-005,歷坵村,96.94,2.97,1.97,34.96503484,18.18181812,16.78321672,92.30769053,112Y03M
10014,臺東縣,10014150,達仁鄉,10014150-001,台坂村,117.03,2.46,32.91,37.18199601,16.0469667,21.13502931,131.7073155,112Y03M
10014,臺東縣,10014150,達仁鄉,10014150-002,土坂村,123.21,2.74,11.26,29.70168608,13.48897534,16.21271074,120.1923065,112Y03M
10014,臺東縣,10014150,達仁鄉,10014150-003,新化村,124.86,2.51,3.28,33.00653584,10.78431369,22.22222215,206.0605998,112Y03M
10014,臺東縣,10014150,達仁鄉,10014150-004,安朔村,121.2,2.04,11.45,39.11111102,14.66666663,24.44444439,166.6666641,112Y03M
10014,臺東縣,10014150,達仁鄉,10014150-005,森永村,116.48,2.02,27.34,35.86206884,9.310344795,26.55172405,285.1851746,112Y03M
10014,臺東縣,10014150,達仁鄉,10014150-006,南田村,101.79,2.46,19.24,20.64056932,9.608540891,11.03202843,114.8148106,112Y03M
10014,臺東縣,10014160,蘭嶼鄉,10014160-001,東清村,97.68,2.88,90.43,31.73311633,19.93490641,11.79820992,59.18367323,112Y03M
10014,臺東縣,10014160,蘭嶼鄉,10014160-002,朗島村,95.45,2.77,101.41,29.31506845,17.26027395,12.0547945,69.84126929,112Y03M
10014,臺東縣,10014160,蘭嶼鄉,10014160-003,紅頭村,106.63,2.46,127.58,27.14404661,14.65445461,12.489592,85.22727224,112Y03M
10014,臺東縣,10014160,蘭嶼鄉,10014160-004,椰油村,98.98,2.69,145.24,30.23255811,19.158361,11.07419711,57.80346787,112Y03M
10014,臺東縣,10014010,臺東市,10014010-001,富岡里,114.15,2.37,162.8,40.49217,10.73825503,29.75391497,277.0833319,112Y06M
10014,臺東縣,10014010,臺東市,10014010-003,岩灣里,99.02,2.04,881.85,25.96053997,7.42471443,18.53582554,249.6503479,112Y06M
10014,臺東縣,10014010,臺東市,10014010-004,南王里,104.28,2.56,825.73,34.6105263,11.32631578,23.28421052,205.5762074,112Y06M
10014,臺東縣,10014010,臺東市,10014010-005,卑南里,94.46,2.43,2141.23,31.32628152,8.50284784,22.82343368,268.4210513,112Y06M
10014,臺東縣,10014010,臺東市,10014010-006,南榮里,107,2.68,628.84,38.22060824,12.66454834,25.55605991,201.792114,112Y06M
10014,臺東縣,10014010,臺東市,10014010-007,新生里,96.24,2.4,7032.98,38.83564074,14.41249556,24.42314518,169.4581277,112Y06M
10014,臺東縣,10014010,臺東市,10014010-008,民生里,87.66,2.28,11945.68,47.8645066,12.51840942,35.34609718,282.3529401,112Y06M
10014,臺東縣,10014010,臺東市,10014010-009,寶桑里,103.07,2.43,779.26,46.40883974,16.2062615,30.20257824,186.3636353,112Y06M
10014,臺東縣,10014010,臺東市,10014010-010,馬蘭里,90.05,2.94,9202.18,72.39130431,45.21739128,27.17391303,60.09615377,112Y06M
10014,臺東縣,10014010,臺東市,10014010-011,中心里,96.66,2.86,12089.71,65.47314575,36.48763852,28.98550723,79.43925224,112Y06M
10014,臺東縣,10014010,臺東市,10014010-012,自強里,93.27,2.93,11159.16,64.64109378,42.00531711,22.63577667,53.88788422,112Y06M
10014,臺東縣,10014010,臺東市,10014010-013,民族里,91.36,3.01,9341.36,88.88289256,56.988667,31.89422556,55.96590904,112Y06M
10014,臺東縣,10014010,臺東市,10014010-015,中華里,99.38,2.46,2110.37,44.0134907,13.99662731,30.01686339,214.4578305,112Y06M
10014,臺東縣,10014010,臺東市,10014010-017,建國里,105.15,2.39,967.95,46.25550657,12.70190895,33.55359763,264.1618482,112Y06M
10014,臺東縣,10014010,臺東市,10014010-020,中正里,99.19,2.2,7970.8,50.13605439,8.163265301,41.97278909,514.1666624,112Y06M
10014,臺東縣,10014010,臺東市,10014010-022,成功里,96.67,2.27,3983.1,43.30326159,13.11589173,30.18736986,230.1587289,112Y06M
10014,臺東縣,10014010,臺東市,10014010-023,文化里,121.17,2.42,7069.2,70.28023594,40.8554572,29.42477874,72.02166052,112Y06M
10014,臺東縣,10014010,臺東市,10014010-024,中山里,91.53,2.52,11225.74,70.46153841,32.69230767,37.76923074,115.5294115,112Y06M
10014,臺東縣,10014010,臺東市,10014010-029,新園里,110,2.41,513.2,35.14099781,12.87057121,22.27042659,173.0337069,112Y06M
10014,臺東縣,10014010,臺東市,10014010-030,豐田里,91.76,2.41,615.25,34.29454169,12.40988671,21.88465498,176.348547,112Y06M
10014,臺東縣,10014010,臺東市,10014010-031,豐年里,104.99,2.38,1172.3,31.62550681,11.31588647,20.30962034,179.4788268,112Y06M
10014,臺東縣,10014010,臺東市,10014010-032,光明里,82.71,2.44,3609.93,40.13781221,22.86821704,17.26959517,75.51789063,112Y06M
10014,臺東縣,10014010,臺東市,10014010-033,豐樂里,104.97,2.95,781.36,45.97780857,21.01248265,24.96532592,118.8118808,112Y06M
10014,臺東縣,10014010,臺東市,10014010-034,永樂里,103.22,2.89,1016.76,40.50578652,20.53150449,19.97428203,97.28601232,112Y06M
10014,臺東縣,10014010,臺東市,10014010-035,康樂里,108.48,2.55,164.05,41.28919857,20.99303134,20.29616723,96.68049752,112Y06M
10014,臺東縣,10014010,臺東市,10014010-036,東海里,87.39,2.58,5671.05,59.61055273,31.46984923,28.1407035,89.42115751,112Y06M
10014,臺東縣,10014010,臺東市,10014010-037,新興里,99.37,2.33,1272.5,49.71482885,17.30038021,32.41444864,187.3626363,112Y06M
10014,臺東縣,10014010,臺東市,10014010-038,豐榮里,94.42,2.43,9644.66,37.41120756,13.6148382,23.79636937,174.7826082,112Y06M
10014,臺東縣,10014010,臺東市,10014010-039,豐谷里,100.05,2.65,2127.38,36.47994466,13.38174273,23.09820193,172.6098187,112Y06M
10014,臺東縣,10014010,臺東市,10014010-040,豐里里,103.91,2.75,739.57,35.44698543,12.1101871,23.33679832,192.7038618,112Y06M
10014,臺東縣,10014010,臺東市,10014010-041,豐原里,118.08,2.79,192.29,44.42169903,15.86489251,28.55680652,179.9999988,112Y06M
10014,臺東縣,10014010,臺東市,10014010-042,建和里,105.33,2.57,292.18,45.83333329,16.09848483,29.73484846,184.7058813,112Y06M
10014,臺東縣,10014010,臺東市,10014010-043,建興里,95.14,2.47,496.85,36.87374746,7.815631255,29.0581162,371.794867,112Y06M
10014,臺東縣,10014010,臺東市,10014010-045,知本里,103.63,2.45,427.01,39.34160818,12.03453858,27.3070696,226.9058286,112Y06M
10014,臺東縣,10014010,臺東市,10014010-046,建農里,105.61,2.55,133.29,32.89170505,11.1751152,21.71658985,194.3298959,112Y06M
10014,臺東縣,10014010,臺東市,10014010-047,仁和里,90.74,2.33,5324.94,40.02413514,12.75140788,27.27272726,213.8801255,112Y06M
10014,臺東縣,10014010,臺東市,10014010-048,豐安里,88.13,2.31,9762.74,32.06362493,10.75763918,21.30598576,198.0544739,112Y06M
10014,臺東縣,10014010,臺東市,10014010-049,豐盛里,95.21,2.5,3884.08,32.11452224,12.28009658,19.83442566,161.5168535,112Y06M
10014,臺東縣,10014020,成功鎮,10014020-001,博愛里,130.38,1.98,33.07,55.18134701,6.217616564,48.96373044,787.4999672,112Y06M
10014,臺東縣,10014020,成功鎮,10014020-002,忠孝里,97.96,2.14,24.34,47.94520541,9.43683408,38.50837133,408.0645095,112Y06M
10014,臺東縣,10014020,成功鎮,10014020-003,三仙里,123.24,2.32,43.93,44.39959632,11.09989908,33.29969724,299.9999973,112Y06M
10014,臺東縣,10014020,成功鎮,10014020-004,三民里,105.23,2.59,272.39,41.31386859,11.14355231,30.17031629,270.7423569,112Y06M
10014,臺東縣,10014020,成功鎮,10014020-005,忠智里,103.12,2.76,5732.19,48.85813145,17.30103805,31.5570934,182.3999993,112Y06M
10014,臺東縣,10014020,成功鎮,10014020-006,忠仁里,106.46,2.58,288.64,44.76423757,14.51316594,30.25107163,208.4388177,112Y06M
10014,臺東縣,10014020,成功鎮,10014020-007,和平里,127.33,2.11,58.95,52.00803202,8.433734923,43.5742971,516.6666544,112Y06M
10014,臺東縣,10014020,成功鎮,10014020-008,信義里,119.07,2.38,82.19,45.39325839,9.43820224,35.95505615,380.9523779,112Y06M
10014,臺東縣,10014030,關山鎮,10014030-001,德高里,110.29,2.56,121.53,45.40367702,10.39168664,35.01199038,336.9230743,112Y06M
10014,臺東縣,10014030,關山鎮,10014030-002,豐泉里,97.1,2.62,686.93,50.69930064,19.11421909,31.58508155,165.2439014,112Y06M
10014,臺東縣,10014030,關山鎮,10014030-003,新福里,110.76,2.5,130.13,48.8822652,19.67213112,29.21013408,148.4848474,112Y06M
10014,臺東縣,10014030,關山鎮,10014030-004,中福里,98.18,2.59,5569.23,59.34065923,18.86446883,40.4761904,214.5631047,112Y06M
10014,臺東縣,10014030,關山鎮,10014030-005,里壠里,96,2.52,353.66,51.92953016,17.61744965,34.31208051,194.7619038,112Y06M
10014,臺東縣,10014030,關山鎮,10014030-006,電光里,125.58,2.61,28.69,48.09160293,12.21374043,35.8778625,293.7499939,112Y06M
10014,臺東縣,10014030,關山鎮,10014030-007,月眉里,125.78,2.35,70.98,41.16504846,9.708737845,31.45631062,323.9999935,112Y06M
10014,臺東縣,10014040,卑南鄉,10014040-001,嘉豐村,123.01,2.46,55.47,41.37931024,15.64986733,25.7294429,164.4067769,112Y06M
10014,臺東縣,10014040,卑南鄉,10014040-002,利吉村,118.92,2.31,35.38,55.27156532,10.86261977,44.40894555,408.8235174,112Y06M
10014,臺東縣,10014040,卑南鄉,10014040-003,富山村,111.25,2.12,70.33,40.83333322,10.55555553,30.27777769,286.8420977,112Y06M
10014,臺東縣,10014040,卑南鄉,10014040-004,富源村,129.86,2.12,18.05,57.61904734,6.666666635,50.95238071,764.2856597,112Y06M
10014,臺東縣,10014040,卑南鄉,10014040-005,明峰村,117.34,2.4,56.84,48.2676224,11.1111111,37.15651131,334.4085986,112Y06M
10014,臺東縣,10014040,卑南鄉,10014040-006,初鹿村,107.09,2.59,133.52,42.82677998,11.58342188,31.2433581,269.7247682,112Y06M
10014,臺東縣,10014040,卑南鄉,10014040-007,美農村,120.55,2.25,89.16,42.16560504,8.789808906,33.37579614,379.7101394,112Y06M
10014,臺東縣,10014040,卑南鄉,10014040-008,賓朗村,108,2.5,164.76,42.09288651,9.523809518,32.56907699,341.9753065,112Y06M
10014,臺東縣,10014040,卑南鄉,10014040-009,泰安村,99.7,2.55,49.38,34.39363814,16.00397613,18.38966201,114.9068316,112Y06M
10014,臺東縣,10014040,卑南鄉,10014040-010,太平村,103.6,2.46,565.55,32.7947117,12.74329783,20.05141387,157.3487027,112Y06M
10014,臺東縣,10014040,卑南鄉,10014040-011,利嘉村,104,2.58,27.04,42.61744962,17.33780759,25.27964203,145.8064507,112Y06M
10014,臺東縣,10014040,卑南鄉,10014040-012,東興村,110.49,2.64,15.15,31.0916179,14.03508771,17.0565302,121.5277769,112Y06M
10014,臺東縣,10014040,卑南鄉,10014040-013,溫泉村,116.01,2.04,7.84,55.49597848,12.1983914,43.29758707,354.945051,112Y06M
10014,臺東縣,10014050,鹿野鄉,10014050-001,瑞和村,108.21,2.72,38.32,37.55020073,8.433734923,29.1164658,345.238087,112Y06M
10014,臺東縣,10014050,鹿野鄉,10014050-002,瑞豐村,114.88,2.39,144.36,45.74132485,7.255520493,38.48580436,530.4347711,112Y06M
10014,臺東縣,10014050,鹿野鄉,10014050-003,瑞源村,102.65,2.45,62.89,52.49169426,13.45514948,39.03654479,290.1234532,112Y06M
10014,臺東縣,10014050,鹿野鄉,10014050-004,永安村,116.5,2.43,111.65,40.599455,10.89918255,29.70027245,272.4999977,112Y06M
10014,臺東縣,10014050,鹿野鄉,10014050-005,瑞隆村,108.54,2.38,71.94,44.54828653,9.657320857,34.89096568,361.2903168,112Y06M
10014,臺東縣,10014050,鹿野鄉,10014050-006,鹿野村,100.91,2.35,127.24,42.61658026,7.901554394,34.71502586,439.3442551,112Y06M
10014,臺東縣,10014050,鹿野鄉,10014050-007,龍田村,117.9,2.36,205.3,48.54111399,10.61007956,37.93103443,357.4999955,112Y06M
10014,臺東縣,10014060,池上鄉,10014060-001,福文村,110.05,2.4,143.7,47.98534793,13.30891329,34.67643463,260.5504563,112Y06M
10014,臺東縣,10014060,池上鄉,10014060-002,慶豐村,108.66,2.81,336.86,49.6993987,14.02805608,35.67134261,254.2857107,112Y06M
10014,臺東縣,10014060,池上鄉,10014060-003,大坡村,113.77,2.48,40.5,60.08968583,13.90134523,46.1883406,332.2580538,112Y06M
10014,臺東縣,10014060,池上鄉,10014060-004,大埔村,100.46,2.62,493.3,56.862745,13.36898393,43.49376106,325.333329,112Y06M
10014,臺東縣,10014060,池上鄉,10014060-005,福原村,89.35,2.53,1273.78,49.07975457,16.35991819,32.71983638,199.9999992,112Y06M
10014,臺東縣,10014060,池上鄉,10014060-006,錦園村,115.76,2.3,40.61,56.82819358,12.33480171,44.49339187,360.7142728,112Y06M
10014,臺東縣,10014060,池上鄉,10014060-007,新興村,116.63,2.42,88.66,49.91896264,12.47974066,37.43922198,299.9999961,112Y06M
10014,臺東縣,10014060,池上鄉,10014060-008,萬安村,107.78,2.41,75.27,56.30630605,14.8648648,41.44144125,278.7878703,112Y06M
10014,臺東縣,10014060,池上鄉,10014060-009,富興村,123.24,2.52,23.56,44.40559425,11.5384615,32.86713275,284.8484762,112Y06M
10014,臺東縣,10014060,池上鄉,10014060-010,振興村,115.04,2.47,32.58,46.38554203,12.95180719,33.43373484,258.1395289,112Y06M
10014,臺東縣,10014070,東河鄉,10014070-001,北源村,159.64,1.97,27.77,43.67088604,7.685352615,35.98553342,468.2352886,112Y06M
10014,臺東縣,10014070,東河鄉,10014070-002,泰源村,108.66,2.41,20.55,45.61611369,10.18957345,35.42654024,347.6744146,112Y06M
10014,臺東縣,10014070,東河鄉,10014070-003,東河村,119.67,2.37,101.03,44.94535513,9.699453539,35.24590159,363.3802766,112Y06M
10014,臺東縣,10014070,東河鄉,10014070-004,尚德村,130.28,2.01,8.98,49.40476161,8.928571375,40.47619024,453.3333031,112Y06M
10014,臺東縣,10014070,東河鄉,10014070-005,隆昌村,103.82,2.05,49.24,58.92857125,8.928571402,49.99999985,559.9999813,112Y06M
10014,臺東縣,10014070,東河鄉,10014070-006,興昌村,108.44,2.02,48.54,55.36809807,9.049079741,46.31901833,511.8643981,112Y06M
10014,臺東縣,10014070,東河鄉,10014070-007,都蘭村,109.42,2.32,78.23,48.34737521,11.66558651,36.6817887,314.4444427,112Y06M
10014,臺東縣,10014080,長濱鄉,10014080-001,樟原村,124.54,2.17,19.95,57.29166652,7.031249982,50.26041654,714.8147883,112Y06M
10014,臺東縣,10014080,長濱鄉,10014080-002,三間村,138.46,2.32,35.31,55.58343782,11.16687577,44.41656205,397.7528045,112Y06M
10014,臺東縣,10014080,長濱鄉,10014080-003,忠勇村,153.33,2.47,26.41,42.1446383,9.476309203,32.6683291,344.736833,112Y06M
10014,臺東縣,10014080,長濱鄉,10014080-004,長濱村,112.78,2.43,222.24,44.46721308,9.631147534,34.83606555,361.7021251,112Y06M
10014,臺東縣,10014080,長濱鄉,10014080-005,竹湖村,120.72,2.35,51.54,53.17725744,9.364548479,43.81270896,467.8571345,112Y06M
10014,臺東縣,10014080,長濱鄉,10014080-006,寧埔村,137.24,2.16,33.59,52.02952023,8.85608855,43.17343168,487.4999932,112Y06M
10014,臺東縣,10014090,太麻里鄉,10014090-001,美和村,114.41,2.55,112.98,36.91275164,9.204218591,27.70853305,301.0416635,112Y06M
10014,臺東縣,10014090,太麻里鄉,10014090-002,三和村,117.89,2.33,137.39,41.45785868,8.200455562,33.25740311,405.5555443,112Y06M
10014,臺東縣,10014090,太麻里鄉,10014090-003,華源村,123.38,1.91,71.44,52.95566489,6.157635453,46.79802944,759.9999696,112Y06M
10014,臺東縣,10014090,太麻里鄉,10014090-004,北里村,143.41,1.97,63.2,47.76470577,11.76470585,35.99999992,305.9999939,112Y06M
10014,臺東縣,10014090,太麻里鄉,10014090-005,泰和村,104.59,2.11,432.29,43.100189,11.05860112,32.04158787,289.7435873,112Y06M
10014,臺東縣,10014090,太麻里鄉,10014090-006,大王村,115.25,2.21,187.24,49.77578472,13.60239162,36.1733931,265.9340645,112Y06M
10014,臺東縣,10014090,太麻里鄉,10014090-007,香蘭村,114.59,2.31,93.86,47.53289466,13.98026313,33.55263152,239.9999972,112Y06M
10014,臺東縣,10014090,太麻里鄉,10014090-008,金崙村,104.91,2.29,91.06,37.35435227,15.55860177,21.7957505,140.0881051,112Y06M
10014,臺東縣,10014090,太麻里鄉,10014090-009,多良村,106.25,2.13,46.62,37.49999995,12.09677418,25.40322577,209.9999977,112Y06M
10014,臺東縣,10014100,大武鄉,10014100-001,大竹村,118.49,2.23,42.51,37.31587555,11.7839607,25.53191485,216.6666637,112Y06M
10014,臺東縣,10014100,大武鄉,10014100-002,大鳥村,117.84,2.38,66.75,35.68376065,15.8119658,19.87179485,125.6756748,112Y06M
10014,臺東縣,10014100,大武鄉,10014100-003,大武村,104.51,2.32,211.28,43.56435639,17.62376236,25.94059403,147.1910104,112Y06M
10014,臺東縣,10014100,大武鄉,10014100-004,尚武村,103.41,2.17,161.05,42.71457082,11.0778443,31.63672652,285.585583,112Y06M
10014,臺東縣,10014100,大武鄉,10014100-005,南興村,109.97,2.18,70.66,40.45977002,12.87356319,27.58620683,214.2857105,112Y06M
10014,臺東縣,10014110,綠島鄉,10014110-001,公館村,121.34,3.32,133.27,27.86709536,11.78992496,16.0771704,136.3636351,112Y06M
10014,臺東縣,10014110,綠島鄉,10014110-002,中寮村,111.99,3.44,932.83,29.11522631,12.65432097,16.46090533,130.0812998,112Y06M
10014,臺東縣,10014110,綠島鄉,10014110-003,南寮村,114.16,3.67,482.19,25.97488432,9.583608718,16.3912756,171.0344816,112Y06M
10014,臺東縣,10014120,海端鄉,10014120-001,廣原村,104.93,3.81,31.22,38.89695205,25.54426702,13.35268503,52.27272698,112Y06M
10014,臺東縣,10014120,海端鄉,10014120-002,霧鹿村,105.66,3.52,1.7,35.68464715,20.74688788,14.93775927,71.99999856,112Y06M
10014,臺東縣,10014120,海端鄉,10014120-003,利稻村,94.89,4.18,0.91,35.57312239,20.5533596,15.01976279,73.07692167,112Y06M
10014,臺東縣,10014120,海端鄉,10014120-004,海端村,112.96,3.81,43.04,33.52402742,18.87871851,14.64530891,77.57575711,112Y06M
10014,臺東縣,10014120,海端鄉,10014120-005,崁頂村,124.17,3.94,7.84,41.82776794,27.76801401,14.05975393,50.63291107,112Y06M
10014,臺東縣,10014120,海端鄉,10014120-006,加拿村,119.93,3.86,3.75,30.93220332,19.49152538,11.44067794,58.69565154,112Y06M
10014,臺東縣,10014130,延平鄉,10014130-001,武陵村,108.66,3.28,49.39,33.87096768,20.07168455,13.79928313,68.74999939,112Y06M
10014,臺東縣,10014130,延平鄉,10014130-002,永康村,108.85,3.26,11.26,34.56375827,22.81879187,11.7449664,51.47058748,112Y06M
10014,臺東縣,10014130,延平鄉,10014130-003,紅葉村,110.97,3.38,1.52,37.74104673,19.83471069,17.90633604,90.27777652,112Y06M
10014,臺東縣,10014130,延平鄉,10014130-004,鸞山村,112.08,3.27,26.79,36.31067954,19.8058252,16.50485434,83.33333252,112Y06M
10014,臺東縣,10014130,延平鄉,10014130-005,桃源村,109.73,3.42,16.56,33.40448235,20.59765206,12.8068303,62.17616548,112Y06M
10014,臺東縣,10014140,金峰鄉,10014140-001,新興村,100.29,3.24,125.55,37.64940232,23.90438242,13.74501989,57.49999952,112Y06M
10014,臺東縣,10014140,金峰鄉,10014140-002,正興村,91.47,3.21,3542.92,33.20964743,16.88311685,16.32653058,96.70329564,112Y06M
10014,臺東縣,10014140,金峰鄉,10014140-003,嘉蘭村,103.19,3.08,8.21,35.94306047,20.01779358,15.92526689,79.5555552,112Y06M
10014,臺東縣,10014140,金峰鄉,10014140-004,賓茂村,114.37,2.68,2625.26,37.63837624,16.60516599,21.03321025,126.6666639,112Y06M
10014,臺東縣,10014140,金峰鄉,10014140-005,歷坵村,93.72,2.99,2.05,35.0168349,17.17171711,17.84511779,103.9215666,112Y06M
10014,臺東縣,10014150,達仁鄉,10014150-001,台坂村,117.61,2.43,32.49,37.57455261,16.10337969,21.47117292,133.3333317,112Y06M
10014,臺東縣,10014150,達仁鄉,10014150-002,土坂村,124.66,2.73,11.18,28.96103892,12.59740258,16.36363634,129.8969059,112Y06M
10014,臺東縣,10014150,達仁鄉,10014150-003,新化村,121.74,2.53,3.28,32.89902269,11.07491853,21.82410416,197.0588177,112Y06M
10014,臺東縣,10014150,達仁鄉,10014150-004,安朔村,118.47,2.04,11.47,38.71681407,14.159292,24.55752207,173.4374973,112Y06M
10014,臺東縣,10014150,達仁鄉,10014150-005,森永村,120.34,2.02,27.06,36.36363624,10.1398601,26.22377613,258.6206807,112Y06M
10014,臺東縣,10014150,達仁鄉,10014150-006,南田村,102.99,2.44,19.24,23.27272719,10.54545451,12.72727268,120.689651,112Y06M
10014,臺東縣,10014160,蘭嶼鄉,10014160-001,東清村,98.8,2.95,92.38,32.31999997,20.79999998,11.51999999,55.38461517,112Y06M
10014,臺東縣,10014160,蘭嶼鄉,10014160-002,朗島村,96.05,2.77,101.3,29.71114164,17.05639613,12.65474551,74.19354779,112Y06M
10014,臺東縣,10014160,蘭嶼鄉,10014160-003,紅頭村,104.55,2.48,127.83,28.14070349,15.41038525,12.73031825,82.6086952,112Y06M
10014,臺東縣,10014160,蘭嶼鄉,10014160-004,椰油村,97.84,2.71,147.34,30.38251363,19.34426227,11.03825135,57.06214657,112Y06M
10014,臺東縣,10014010,臺東市,10014010-001,富岡里,112.88,2.38,162.8,40.64949606,10.91825307,29.73124298,272.3076909,112Y09M
10014,臺東縣,10014010,臺東市,10014010-003,岩灣里,99.59,2.03,884.4,25.80144776,7.083764216,18.71768355,264.2335747,112Y09M
10014,臺東縣,10014010,臺東市,10014010-004,南王里,104.24,2.53,820.82,34.77523323,11.19592875,23.57930449,210.6060598,112Y09M
10014,臺東縣,10014010,臺東市,10014010-005,卑南里,95.88,2.42,2143.88,31.75703219,8.520179369,23.23685282,272.7272714,112Y09M
10014,臺東縣,10014010,臺東市,10014010-006,南榮里,106.84,2.67,624.92,38.36305439,12.43712848,25.92592591,208.4558816,112Y09M
10014,臺東縣,10014010,臺東市,10014010-007,新生里,95.48,2.39,7006,38.94436518,14.08701854,24.85734664,176.4556958,112Y09M
10014,臺東縣,10014010,臺東市,10014010-008,民生里,87.86,2.27,12151.91,47.80511334,12.92812349,34.87698985,269.7761184,112Y09M
10014,臺東縣,10014010,臺東市,10014010-009,寶桑里,102.45,2.4,767.99,46.58559397,15.43498595,31.15060802,201.8181806,112Y09M
10014,臺東縣,10014010,臺東市,10014010-010,馬蘭里,90.63,2.91,9025.21,72.64150939,45.00554936,27.63596003,61.40567193,112Y09M
10014,臺東縣,10014010,臺東市,10014010-011,中心里,96.11,2.86,12092.82,66.43806255,37.2481783,29.18988426,78.36593777,112Y09M
10014,臺東縣,10014010,臺東市,10014010-012,自強里,92.62,2.92,11081.93,66.0239105,42.49903585,23.52487465,55.35390195,112Y09M
10014,臺東縣,10014010,臺東市,10014010-013,民族里,91.22,2.99,9303.99,89.55954318,56.93311579,32.62642739,57.3065902,112Y09M
10014,臺東縣,10014010,臺東市,10014010-015,中華里,100.47,2.46,2110.37,44.58239275,14.61625281,29.96613994,205.0193042,112Y09M
10014,臺東縣,10014010,臺東市,10014010-017,建國里,104.41,2.38,969.4,47.34121119,13.07237813,34.26883306,262.1468912,112Y09M
10014,臺東縣,10014010,臺東市,10014010-020,中正里,99.28,2.21,7981.63,50.0339443,8.350305493,41.6836388,499.1869878,112Y09M
10014,臺東縣,10014010,臺東市,10014010-022,成功里,95.81,2.26,3965.74,43.47522677,12.5610607,30.91416606,246.1111097,112Y09M
10014,臺東縣,10014010,臺東市,10014010-023,文化里,121.43,2.41,7023.28,69.67455616,40.31065086,29.3639053,72.84403656,112Y09M
10014,臺東縣,10014010,臺東市,10014010-024,中山里,91.51,2.52,11195.34,71.98443574,33.54085601,38.44357974,114.6171691,112Y09M
10014,臺東縣,10014010,臺東市,10014010-029,新園里,108.22,2.41,514.58,34.9172066,12.59899207,22.31821453,177.1428561,112Y09M
10014,臺東縣,10014010,臺東市,10014010-030,豐田里,91.41,2.43,625.4,35.87903637,13.37775499,22.50128138,168.1992331,112Y09M
10014,臺東縣,10014010,臺東市,10014010-031,豐年里,104.22,2.35,1175.26,32.05459239,11.47178163,20.58281076,179.4212213,112Y09M
10014,臺東縣,10014010,臺東市,10014010-032,光明里,82.82,2.43,3612.15,40.46591888,22.90767902,17.55823985,76.64783413,112Y09M
10014,臺東縣,10014010,臺東市,10014010-033,豐樂里,103.68,2.93,781.73,46.04715669,21.01248265,25.03467405,119.1419138,112Y09M
10014,臺東縣,10014010,臺東市,10014010-034,永樂里,103.15,2.87,1018.94,41.59482757,21.03448275,20.56034482,97.74590144,112Y09M
10014,臺東縣,10014010,臺東市,10014010-035,康樂里,109.97,2.54,163.95,41.57205237,20.87336243,20.69868994,99.1631795,112Y09M
10014,臺東縣,10014010,臺東市,10014010-036,東海里,87.64,2.59,5657.65,60.34155594,31.372549,28.96900694,92.33870949,112Y09M
10014,臺東縣,10014010,臺東市,10014010-037,新興里,98.74,2.33,1270.08,49.28774924,17.09401708,32.19373216,188.3333323,112Y09M
10014,臺東縣,10014010,臺東市,10014010-038,豐榮里,94.75,2.4,9547.71,37.27598565,12.9032258,24.37275985,188.8888883,112Y09M
10014,臺東縣,10014010,臺東市,10014010-039,豐谷里,99.59,2.63,2121.46,36.85674547,13.49095966,23.36578581,173.1958758,112Y09M
10014,臺東縣,10014010,臺東市,10014010-040,豐里里,103.82,2.73,741.56,35.38860102,12.22797927,23.16062175,189.4067789,112Y09M
10014,臺東縣,10014010,臺東市,10014010-041,豐原里,118.02,2.79,194.61,44.53441291,15.89068824,28.64372467,180.2547759,112Y09M
10014,臺東縣,10014010,臺東市,10014010-042,建和里,105.11,2.51,289.52,46.73076919,15.76923075,30.96153843,196.3414622,112Y09M
10014,臺東縣,10014010,臺東市,10014010-043,建興里,95.27,2.45,495.03,38.31300809,8.028455276,30.28455281,377.2151851,112Y09M
10014,臺東縣,10014010,臺東市,10014010-045,知本里,102.88,2.46,431.48,39.29524824,12.27976508,27.01548317,219.999999,112Y09M
10014,臺東縣,10014010,臺東市,10014010-046,建農里,105.52,2.55,133.46,33.14121036,11.29682996,21.84438039,193.367346,112Y09M
10014,臺東縣,10014010,臺東市,10014010-047,仁和里,90.28,2.33,5332.59,41.13360322,13.48178137,27.65182185,205.1051045,112Y09M
10014,臺東縣,10014010,臺東市,10014010-048,豐安里,88.53,2.3,9864.86,32.55717254,11.1018711,21.45530145,193.2584262,112Y09M
10014,臺東縣,10014010,臺東市,10014010-049,豐盛里,95.45,2.49,3874.96,32.12309819,12.03319502,20.08990317,166.9540225,112Y09M
10014,臺東縣,10014020,成功鎮,10014020-001,博愛里,133.07,1.96,32.68,54.56919046,5.744125311,48.82506515,849.9999614,112Y09M
10014,臺東縣,10014020,成功鎮,10014020-002,忠孝里,97.56,2.14,24.29,48.31804274,9.48012231,38.83792043,409.6774127,112Y09M
10014,臺東縣,10014020,成功鎮,10014020-003,三仙里,125.24,2.32,43.84,44.38827094,10.61678462,33.77148632,318.0952351,112Y09M
10014,臺東縣,10014020,成功鎮,10014020-004,三民里,104.02,2.57,271.36,42.02258221,11.34020618,30.68237603,270.5627694,112Y09M
10014,臺東縣,10014020,成功鎮,10014020-005,忠智里,103.4,2.74,5740.18,49.5833333,17.49999999,32.08333331,183.3333326,112Y09M
10014,臺東縣,10014020,成功鎮,10014020-006,忠仁里,106.51,2.59,290.47,44.35679609,14.25970873,30.09708736,211.0638289,112Y09M
10014,臺東縣,10014020,成功鎮,10014020-007,和平里,126.28,2.1,58.33,53.79876786,8.418891153,45.3798767,539.0243771,112Y09M
10014,臺東縣,10014020,成功鎮,10014020-008,信義里,120.16,2.35,81.39,45.60606057,8.787878781,36.81818179,418.9655136,112Y09M
10014,臺東縣,10014030,關山鎮,10014030-001,德高里,110.42,2.56,121.47,44.86055773,10.03984063,34.8207171,346.8253941,112Y09M
10014,臺東縣,10014030,關山鎮,10014030-002,豐泉里,97.7,2.61,685.87,50.99415199,18.71345027,32.28070172,172.4999989,112Y09M
10014,臺東縣,10014030,關山鎮,10014030-003,新福里,112.15,2.49,129.61,50.07541471,19.90950223,30.16591247,151.5151504,112Y09M
10014,臺東縣,10014030,關山鎮,10014030-004,中福里,97.49,2.56,5537.22,59.30018405,18.78453035,40.5156537,215.6862724,112Y09M
10014,臺東縣,10014030,關山鎮,10014030-005,里壠里,96.41,2.53,352.09,52.66723112,18.28958508,34.37764603,187.9629621,112Y09M
10014,臺東縣,10014030,關山鎮,10014030-006,電光里,128.29,2.63,28.24,47.68041225,11.85567007,35.82474218,302.1739065,112Y09M
10014,臺東縣,10014030,關山鎮,10014030-007,月眉里,123.55,2.34,71.37,41.94174749,10.09708736,31.84466013,315.3846093,112Y09M
10014,臺東縣,10014040,卑南鄉,10014040-001,嘉豐村,125.75,2.41,54.74,41.77897563,14.55525603,27.2237196,187.0370336,112Y09M
10014,臺東縣,10014040,卑南鄉,10014040-002,利吉村,123.26,2.26,34.95,55.33980565,9.385113238,45.95469241,489.6551555,112Y09M
10014,臺東縣,10014040,卑南鄉,10014040-003,富山村,110.42,2.12,70.05,41.0614524,10.3351955,30.7262569,297.2972893,112Y09M
10014,臺東縣,10014040,卑南鄉,10014040-004,富源村,132.39,2.06,17.99,57.89473657,6.698564561,51.196172,764.2856597,112Y09M
10014,臺東縣,10014040,卑南鄉,10014040-005,明峰村,117.63,2.41,57.11,48.27586201,11.29607609,36.97978593,327.3684176,112Y09M
10014,臺東縣,10014040,卑南鄉,10014040-006,初鹿村,106.18,2.59,132.53,44.21621617,11.78378377,32.4324324,275.2293553,112Y09M
10014,臺東縣,10014040,卑南鄉,10014040-007,美農村,121.8,2.22,88.6,40.55766788,7.604562728,32.95310515,433.3333261,112Y09M
10014,臺東縣,10014040,卑南鄉,10014040-008,賓朗村,107.05,2.51,164.14,41.98113205,9.257075466,32.72405658,353.5031825,112Y09M
10014,臺東縣,10014040,卑南鄉,10014040-009,泰安村,99.55,2.53,48.91,34.57286429,15.97989948,18.59296481,116.3522005,112Y09M
10014,臺東縣,10014040,卑南鄉,10014040-010,太平村,103.49,2.45,565.55,32.94117646,12.86764705,20.0735294,155.9999996,112Y09M
10014,臺東縣,10014040,卑南鄉,10014040-011,利嘉村,104.03,2.58,26.83,43.42403623,17.34693876,26.07709748,150.3267964,112Y09M
10014,臺東縣,10014040,卑南鄉,10014040-012,東興村,109.79,2.6,14.96,31.74603171,13.59126983,18.15476189,133.5766414,112Y09M
10014,臺東縣,10014040,卑南鄉,10014040-013,溫泉村,114.55,2.04,7.87,54.30463569,12.05298012,42.25165557,350.5494467,112Y09M
10014,臺東縣,10014050,鹿野鄉,10014050-001,瑞和村,107.58,2.72,38.32,37.82696169,8.450704208,29.37625749,347.6190393,112Y09M
10014,臺東縣,10014050,鹿野鄉,10014050-002,瑞豐村,117.65,2.37,144.52,46.12954179,7.424960494,38.7045813,521.2765847,112Y09M
10014,臺東縣,10014050,鹿野鄉,10014050-003,瑞源村,102.9,2.42,62.41,52.08681127,13.35559263,38.73121863,289.9999964,112Y09M
10014,臺東縣,10014050,鹿野鄉,10014050-004,永安村,116.86,2.41,110.42,40.71691173,11.02941175,29.68749997,269.1666644,112Y09M
10014,臺東縣,10014050,鹿野鄉,10014050-005,瑞隆村,107.35,2.38,72.18,45.01557625,9.657320857,35.3582554,366.1290264,112Y09M
10014,臺東縣,10014050,鹿野鄉,10014050-006,鹿野村,102.41,2.34,126.09,42.9882044,7.601572729,35.38663167,465.5172334,112Y09M
10014,臺東縣,10014050,鹿野鄉,10014050-007,龍田村,116.99,2.34,206.03,49.46808504,10.9042553,38.56382974,353.6585323,112Y09M
10014,臺東縣,10014060,池上鄉,10014060-001,福文村,111.58,2.41,142.99,47.79411759,13.35784312,34.43627447,257.7981628,112Y09M
10014,臺東縣,10014060,池上鄉,10014060-002,慶豐村,107.56,2.79,334.16,51.22448969,13.67346936,37.55102033,274.6268616,112Y09M
10014,臺東縣,10014060,池上鄉,10014060-003,大坡村,113.1,2.47,40.61,64.22018319,15.13761461,49.08256858,324.2424144,112Y09M
10014,臺東縣,10014060,池上鄉,10014060-004,大埔村,100,2.6,446.99,58.25771314,13.61161522,44.64609792,327.9999956,112Y09M
10014,臺東縣,10014060,池上鄉,10014060-005,福原村,89.38,2.53,1418.67,49.28522801,16.20149761,33.08373041,204.2016798,112Y09M
10014,臺東縣,10014060,池上鄉,10014060-006,錦園村,116.05,2.24,39.93,57.6576574,11.26126121,46.39639619,411.9999835,112Y09M
10014,臺東縣,10014060,池上鄉,10014060-007,新興村,118.25,2.4,88.24,49.99999992,12.21498369,37.78501623,309.3333292,112Y09M
10014,臺東縣,10014060,池上鄉,10014060-008,萬安村,104.71,2.43,75.48,56.05381141,14.79820621,41.2556052,278.7878703,112Y09M
10014,臺東縣,10014060,池上鄉,10014060-009,富興村,124.04,2.52,23.39,44.87632493,11.66077734,33.21554759,284.8484762,112Y09M
10014,臺東縣,10014060,池上鄉,10014060-010,振興村,115.63,2.43,32.38,46.36363622,12.42424239,33.93939384,273.170725,112Y09M
10014,臺東縣,10014070,東河鄉,10014070-001,北源村,160.2,1.97,27.65,45.00458291,8.065994493,36.93858842,457.9545403,112Y09M
10014,臺東縣,10014070,東河鄉,10014070-002,泰源村,108.67,2.41,20.52,46.77033487,10.645933,36.12440187,339.3258389,112Y09M
10014,臺東縣,10014070,東河鄉,10014070-003,東河村,120.75,2.37,100.27,45.24137925,9.517241366,35.72413788,375.3623134,112Y09M
10014,臺東縣,10014070,東河鄉,10014070-004,尚德村,133.96,1.98,8.87,48.50299372,7.784431091,40.71856263,523.0768828,112Y09M
10014,臺東縣,10014070,東河鄉,10014070-005,隆昌村,102.64,2.06,49.52,57.9411763,8.52941174,49.41176456,579.3103249,112Y09M
10014,臺東縣,10014070,東河鄉,10014070-006,興昌村,107.69,2.01,47.87,54.88372085,8.37209301,46.51162783,555.5555453,112Y09M
10014,臺東縣,10014070,東河鄉,10014070-007,都蘭村,108.68,2.32,78.09,49.3464052,11.63398692,37.71241828,324.1573015,112Y09M
10014,臺東縣,10014080,長濱鄉,10014080-001,樟原村,125,2.17,19.92,58.68421037,7.894736821,50.78947355,643.3333119,112Y09M
10014,臺東縣,10014080,長濱鄉,10014080-002,三間村,136.61,2.31,34.96,56.03557807,11.05463785,44.98094022,406.896547,112Y09M
10014,臺東縣,10014080,長濱鄉,10014080-003,忠勇村,151.35,2.42,25.85,43.81443288,9.53608245,34.27835043,359.4594497,112Y09M
10014,臺東縣,10014080,長濱鄉,10014080-004,長濱村,112.65,2.43,222.56,44.17971406,9.53029271,34.64942135,363.571426,112Y09M
10014,臺東縣,10014080,長濱鄉,10014080-005,竹湖村,119.95,2.36,51.48,52.49999991,8.999999985,43.49999993,483.3333244,112Y09M
10014,臺東縣,10014080,長濱鄉,10014080-006,寧埔村,136.88,2.16,33.86,52.32273832,9.046454757,43.27628357,478.3783719,112Y09M
10014,臺東縣,10014090,太麻里鄉,10014090-001,美和村,115.08,2.53,112.82,37.37957607,9.055876677,28.32369939,312.7659541,112Y09M
10014,臺東縣,10014090,太麻里鄉,10014090-002,三和村,117.02,2.29,135.4,40.36697238,7.339449524,33.02752286,449.9999859,112Y09M
10014,臺東縣,10014090,太麻里鄉,10014090-003,華源村,123.55,1.9,70.98,53.48258693,5.970149239,47.51243769,795.8333002,112Y09M
10014,臺東縣,10014090,太麻里鄉,10014090-004,北里村,143.92,1.97,62.59,48.44868724,11.45584723,36.99284001,322.9166599,112Y09M
10014,臺東縣,10014090,太麻里鄉,10014090-005,泰和村,103.35,2.11,433.14,44.47619043,11.52380951,32.95238092,285.9504109,112Y09M
10014,臺東縣,10014090,太麻里鄉,10014090-006,大王村,115.97,2.2,187.05,49.96254678,13.18352059,36.77902619,278.9772711,112Y09M
10014,臺東縣,10014090,太麻里鄉,10014090-007,香蘭村,112.83,2.3,93.75,47.61120256,14.16803952,33.44316304,236.0465089,112Y09M
10014,臺東縣,10014090,太麻里鄉,10014090-008,金崙村,105.53,2.27,91.25,37.62851265,15.49006168,22.13845098,142.9203533,112Y09M
10014,臺東縣,10014090,太麻里鄉,10014090-009,多良村,104.19,2.14,46.62,36.94779112,11.78045514,25.16733598,213.6363612,112Y09M
10014,臺東縣,10014100,大武鄉,10014100-001,大竹村,116.54,2.2,42.46,36.92810451,11.27450979,25.65359473,227.5362286,112Y09M
10014,臺東縣,10014100,大武鄉,10014100-002,大鳥村,117.33,2.37,65.91,34.83870964,14.6236559,20.21505374,138.2352931,112Y09M
10014,臺東縣,10014100,大武鄉,10014100-003,大武村,105.52,2.32,211.42,43.23790716,17.27541953,25.96248763,150.2857134,112Y09M
10014,臺東縣,10014100,大武鄉,10014100-004,尚武村,103.29,2.15,160.26,42.5851703,10.12024047,32.46492983,320.792076,112Y09M
10014,臺東縣,10014100,大武鄉,10014100-005,南興村,109.97,2.2,70.66,40.78341004,12.90322578,27.88018427,216.0714247,112Y09M
10014,臺東縣,10014110,綠島鄉,10014110-001,公館村,122.39,3.33,135.39,27.84810124,11.91983121,15.92827003,133.6283174,112Y09M
10014,臺東縣,10014110,綠島鄉,10014110-002,中寮村,110.52,3.37,937.29,29.86611737,12.66735323,17.19876414,135.7723566,112Y09M
10014,臺東縣,10014110,綠島鄉,10014110-003,南寮村,114.17,3.7,481.68,26.09271521,9.470198669,16.62251655,175.5244743,112Y09M
10014,臺東縣,10014120,海端鄉,10014120-001,廣原村,102.33,3.79,31.16,38.20549922,24.89146161,13.31403761,53.48837178,112Y09M
10014,臺東縣,10014120,海端鄉,10014120-002,霧鹿村,108.92,3.53,1.7,36.09958491,21.99170115,14.10788376,64.15094219,112Y09M
10014,臺東縣,10014120,海端鄉,10014120-003,利稻村,95.51,4.24,0.93,36.47058809,21.56862737,14.90196073,69.09090783,112Y09M
10014,臺東縣,10014120,海端鄉,10014120-004,海端村,111.67,3.85,43.48,33.97727269,18.97727271,14.99999998,79.04191569,112Y09M
10014,臺東縣,10014120,海端鄉,10014120-005,崁頂村,127.25,3.93,7.86,41.43356636,27.62237757,13.81118879,49.99999968,112Y09M
10014,臺東縣,10014120,海端鄉,10014120-006,加拿村,119.08,3.92,3.76,31.35593214,19.49152538,11.86440675,60.86956456,112Y09M
10014,臺東縣,10014130,延平鄉,10014130-001,武陵村,107.28,3.27,48.93,33.81555148,19.89150087,13.92405061,69.99999936,112Y09M
10014,臺東縣,10014130,延平鄉,10014130-002,永康村,110.05,3.23,11.15,35.49488042,23.54948797,11.94539245,50.72463695,112Y09M
10014,臺東縣,10014130,延平鄉,10014130-003,紅葉村,108.75,3.36,1.53,36.8852458,19.67213109,17.21311471,87.49999878,112Y09M
10014,臺東縣,10014130,延平鄉,10014130-004,鸞山村,112.84,3.24,26.56,36.47058816,19.6078431,16.86274506,85.99999914,112Y09M
10014,臺東縣,10014130,延平鄉,10014130-005,桃源村,109.61,3.4,16.47,33.51235227,20.7303974,12.78195487,61.65803077,112Y09M
10014,臺東縣,10014140,金峰鄉,10014140-001,新興村,100.58,3.22,125.37,37.72455082,23.55289416,14.17165666,60.16949102,112Y09M
10014,臺東縣,10014140,金峰鄉,10014140-002,正興村,91.73,3.22,3547.85,33.39517619,17.43970312,15.95547307,91.48936073,112Y09M
10014,臺東縣,10014140,金峰鄉,10014140-003,嘉蘭村,102.92,3.07,8.21,35.22123891,19.38053096,15.84070795,81.73515944,112Y09M
10014,臺東縣,10014140,金峰鄉,10014140-004,賓茂村,116.96,2.65,2611.19,37.40740727,15.5555555,21.85185177,140.4761871,112Y09M
10014,臺東縣,10014140,金峰鄉,10014140-005,歷坵村,95.63,2.99,2.06,36.14864853,18.24324318,17.90540534,98.14814633,112Y09M
10014,臺東縣,10014150,達仁鄉,10014150-001,台坂村,119.18,2.46,32.72,38.29365072,16.86507933,21.42857139,127.058822,112Y09M
10014,臺東縣,10014150,達仁鄉,10014150-002,土坂村,124.31,2.72,11.01,29.19418754,12.15323644,17.0409511,140.2173898,112Y09M
10014,臺東縣,10014150,達仁鄉,10014150-003,新化村,121.98,2.51,3.25,34.21926899,11.29568103,22.92358796,202.9411705,112Y09M
10014,臺東縣,10014150,達仁鄉,10014150-004,安朔村,120.77,2.03,11.47,39.64365247,14.25389752,25.38975495,178.1249972,112Y09M
10014,臺東縣,10014150,達仁鄉,10014150-005,森永村,120.69,2.03,26.64,40.14598525,12.04379558,28.10218968,233.3333263,112Y09M
10014,臺東縣,10014150,達仁鄉,10014150-006,南田村,103.09,2.37,18.67,24.15094331,10.18867921,13.9622641,137.037032,112Y09M
10014,臺東縣,10014160,蘭嶼鄉,10014160-001,東清村,99.76,2.91,92.38,32.74478328,21.0272873,11.71749598,55.72519063,112Y09M
10014,臺東縣,10014160,蘭嶼鄉,10014160-002,朗島村,95.64,2.77,101.3,29.17808215,16.57534244,12.60273971,76.03305722,112Y09M
10014,臺東縣,10014160,蘭嶼鄉,10014160-003,紅頭村,105.92,2.46,127.83,27.49999998,14.83333332,12.66666666,85.39325795,112Y09M
10014,臺東縣,10014160,蘭嶼鄉,10014160-004,椰油村,98.04,2.71,149.69,30.88552912,19.54643626,11.33909286,58.0110494,112Y09M
10014,臺東縣,10014010,臺東市,10014010-001,富岡里,112.44,2.39,163.84,40.75723828,10.91314031,29.84409798,273.4693864,112Y12M
10014,臺東縣,10014010,臺東市,10014010-003,岩灣里,98.86,2.01,888.39,26.37021715,7.032057907,19.33815925,274.999998,112Y12M
10014,臺東縣,10014010,臺東市,10014010-004,南王里,104.23,2.53,822.37,35.25913337,11.25743415,24.00169923,213.2075464,112Y12M
10014,臺東縣,10014010,臺東市,10014010-005,卑南里,95.64,2.43,2143.88,32.13409647,8.503679473,23.630417,277.884614,112Y12M
10014,臺東縣,10014010,臺東市,10014010-006,南榮里,107.11,2.66,619.76,37.97701148,11.86206896,26.11494252,220.1550379,112Y12M
10014,臺東縣,10014010,臺東市,10014010-007,新生里,94.62,2.39,7027.58,39.22337013,14.07196294,25.15140719,178.7341768,112Y12M
10014,臺東縣,10014010,臺東市,10014010-008,民生里,88.02,2.28,12199.5,48.88673763,13.11713455,35.76960308,272.6937259,112Y12M
10014,臺東縣,10014010,臺東市,10014010-009,寶桑里,101.92,2.41,771.91,47.47191007,15.63670411,31.83520596,203.5928132,112Y12M
10014,臺東縣,10014010,臺東市,10014010-010,馬蘭里,91.11,2.87,8914.97,72.34997192,44.25126189,28.09871002,63.49809878,112Y12M
10014,臺東縣,10014010,臺東市,10014010-011,中心里,95.5,2.88,12170.68,66.51043883,37.40945887,29.10097996,77.79043271,112Y12M
10014,臺東縣,10014010,臺東市,10014010-012,自強里,92.51,2.93,11120.54,67.05336424,43.34880122,23.70456302,54.68331842,112Y12M
10014,臺東縣,10014010,臺東市,10014010-013,民族里,91.24,3,9320.01,90.71545599,57.50955759,33.2058984,57.73979102,112Y12M
10014,臺東縣,10014010,臺東市,10014010-015,中華里,100.08,2.46,2106.25,43.65168537,13.98876404,29.66292133,212.0481919,112Y12M
10014,臺東縣,10014010,臺東市,10014010-017,建國里,104.22,2.37,963.57,48.42814368,13.02395209,35.40419159,271.8390789,112Y12M
10014,臺東縣,10014010,臺東市,10014010-020,中正里,98.92,2.19,7996.08,50.71477192,8.304969361,42.40980256,510.6557335,112Y12M
10014,臺東縣,10014010,臺東市,10014010-022,成功里,95.32,2.27,3940.66,43.06722686,12.11484593,30.95238093,255.491328,112Y12M
10014,臺東縣,10014010,臺東市,10014010-023,文化里,124.63,2.4,7063.08,68.51716576,39.37180421,29.14536156,74.02597389,112Y12M
10014,臺東縣,10014010,臺東市,10014010-024,中山里,91.15,2.52,11164.95,72.86274504,34.27450978,38.58823526,112.5858121,112Y12M
10014,臺東縣,10014010,臺東市,10014010-029,新園里,107.87,2.41,514.85,34.79511141,12.65276778,22.14234362,174.999999,112Y12M
10014,臺東縣,10014010,臺東市,10014010-030,豐田里,91.03,2.43,628.23,36.07562594,13.3367399,22.73888604,170.4980836,112Y12M
10014,臺東縣,10014010,臺東市,10014010-031,豐年里,104.09,2.36,1179.2,31.96179279,11.42542248,20.53637031,179.7427647,112Y12M
10014,臺東縣,10014010,臺東市,10014010-032,光明里,82.74,2.43,3628.79,41.11302846,23.12338222,17.98964624,77.79850732,112Y12M
10014,臺東縣,10014010,臺東市,10014010-033,豐樂里,103.82,2.92,773.2,45.35938587,20.23726447,25.12212141,124.1379306,112Y12M
10014,臺東縣,10014010,臺東市,10014010-034,永樂里,103.09,2.85,1019.25,42.43606413,21.23970524,21.1963589,99.79591816,112Y12M
10014,臺東縣,10014010,臺東市,10014010-035,康樂里,110.26,2.53,163.75,43.02120138,21.37809185,21.64310952,101.239669,112Y12M
10014,臺東縣,10014010,臺東市,10014010-036,東海里,88.14,2.6,5630.87,61.00829607,31.39757496,29.6107211,94.3089429,112Y12M
10014,臺東縣,10014010,臺東市,10014010-037,新興里,98.74,2.34,1270.08,49.14611001,17.07779885,32.06831117,187.7777767,112Y12M
10014,臺東縣,10014010,臺東市,10014010-038,豐榮里,95.23,2.39,9528.32,38.09714972,13.04696908,25.05018064,191.9999994,112Y12M
10014,臺東縣,10014010,臺東市,10014010-039,豐谷里,99.9,2.63,2114.99,37.4430823,13.41506129,24.02802101,179.1122711,112Y12M
10014,臺東縣,10014010,臺東市,10014010-040,豐里里,103.28,2.73,738.44,35.52083331,12.44791666,23.07291665,185.3556478,112Y12M
10014,臺東縣,10014010,臺東市,10014010-041,豐原里,118.26,2.8,195.43,45.43610543,16.22718051,29.20892492,179.9999989,112Y12M
10014,臺東縣,10014010,臺東市,10014010-042,建和里,105.28,2.53,287.44,46.66021293,15.97289447,30.68731846,192.121211,112Y12M
10014,臺東縣,10014010,臺東市,10014010-043,建興里,95,2.46,496.48,37.73965687,7.769929356,29.96972752,385.7142807,112Y12M
10014,臺東縣,10014010,臺東市,10014010-045,知本里,102,2.46,433.3,39.73333331,12.47999999,27.25333332,218.3760674,112Y12M
10014,臺東縣,10014010,臺東市,10014010-046,建農里,105.35,2.53,133.11,33.87565367,11.33062172,22.54503195,198.974358,112Y12M
10014,臺東縣,10014010,臺東市,10014010-047,仁和里,90.03,2.32,5305.05,41.78250203,13.32788225,28.45461978,213.4969319,112Y12M
10014,臺東縣,10014010,臺東市,10014010-048,豐安里,86.72,2.29,10047.42,33.18293682,11.27973749,21.90319933,194.1818175,112Y12M
10014,臺東縣,10014010,臺東市,10014010-049,豐盛里,95.06,2.49,3883.07,32.5372101,12.14953271,20.38767739,167.8062673,112Y12M
10014,臺東縣,10014020,成功鎮,10014020-001,博愛里,133.2,1.97,32.96,55.06493492,5.974025959,49.09090896,821.7390947,112Y12M
10014,臺東縣,10014020,成功鎮,10014020-002,忠孝里,97.55,2.15,24.24,49.61360116,9.737248826,39.87635233,409.523803,112Y12M
10014,臺東縣,10014020,成功鎮,10014020-003,三仙里,126.42,2.31,43.93,43.96378265,10.36217303,33.60160962,324.2718415,112Y12M
10014,臺東縣,10014020,成功鎮,10014020-004,三民里,103.74,2.57,270.99,41.826215,10.94747177,30.87874323,282.062779,112Y12M
10014,臺東縣,10014020,成功鎮,10014020-005,忠智里,103.78,2.75,5750.84,49.75711308,17.48785564,32.26925744,184.5238088,112Y12M
10014,臺東縣,10014020,成功鎮,10014020-006,忠仁里,105.37,2.58,289.61,45.61080415,13.99631675,31.6144874,225.877192,112Y12M
10014,臺東縣,10014020,成功鎮,10014020-007,和平里,124.62,2.08,58.25,54.22680401,8.041237097,46.18556692,574.3589596,112Y12M
10014,臺東縣,10014020,成功鎮,10014020-008,信義里,119.86,2.33,81.09,46.29488155,8.785332308,37.50954925,426.956518,112Y12M
10014,臺東縣,10014030,關山鎮,10014030-001,德高里,110.72,2.56,120.8,44.87179484,9.855769223,35.01602561,355.28455,112Y12M
10014,臺東縣,10014030,關山鎮,10014030-002,豐泉里,96.54,2.63,693.3,52.45327097,19.6261682,32.82710277,167.2619038,112Y12M
10014,臺東縣,10014030,關山鎮,10014030-003,新福里,110.76,2.49,130.13,49.55089813,19.76047901,29.79041912,150.7575746,112Y12M
10014,臺東縣,10014030,關山鎮,10014030-004,中福里,98.36,2.55,5434.8,61.10056914,19.35483867,41.74573047,215.6862724,112Y12M
10014,臺東縣,10014030,關山鎮,10014030-005,里壠里,95.96,2.52,350.53,53.6815068,18.40753423,35.27397257,191.6279061,112Y12M
10014,臺東縣,10014030,關山鎮,10014030-006,電光里,125.59,2.63,28.24,48.8311687,12.72727269,36.10389601,283.6734636,112Y12M
10014,臺東縣,10014030,關山鎮,10014030-007,月眉里,124.53,2.34,70.59,43.45238087,9.722222203,33.73015866,346.9387684,112Y12M
10014,臺東縣,10014040,卑南鄉,10014040-001,嘉豐村,125.54,2.4,54.22,40.43126674,13.74663069,26.68463605,194.1176433,112Y12M
10014,臺東縣,10014040,卑南鄉,10014040-002,利吉村,125.24,2.26,34.44,55.59210508,9.539473653,46.05263143,482.758604,112Y12M
10014,臺東縣,10014040,卑南鄉,10014040-003,富山村,111.81,2.08,69.63,40.61624638,9.803921541,30.81232484,314.2857053,112Y12M
10014,臺東縣,10014040,卑南鄉,10014040-004,富源村,134.29,2.08,17.88,59.22330068,7.281553363,51.94174732,713.3332858,112Y12M
10014,臺東縣,10014040,卑南鄉,10014040-005,明峰村,117.34,2.41,56.84,47.73809518,11.07142856,36.66666662,331.1827921,112Y12M
10014,臺東縣,10014040,卑南鄉,10014040-006,初鹿村,106.78,2.58,133.32,45.23809519,12.55411254,32.68398265,260.3448253,112Y12M
10014,臺東縣,10014040,卑南鄉,10014040-007,美農村,121.04,2.21,88.12,41.0485933,7.416879786,33.63171351,453.448268,112Y12M
10014,臺東縣,10014040,卑南鄉,10014040-008,賓朗村,107.63,2.51,163.33,42.70399045,9.291244783,33.41274566,359.6153823,112Y12M
10014,臺東縣,10014040,卑南鄉,10014040-009,泰安村,99.7,2.54,49.16,35.68548383,17.33870966,18.34677418,105.8139529,112Y12M
10014,臺東縣,10014040,卑南鄉,10014040-010,太平村,103.27,2.44,564.3,32.8424153,12.66568483,20.17673048,159.3023251,112Y12M
10014,臺東縣,10014040,卑南鄉,10014040-011,利嘉村,104.22,2.6,26.68,43.77142852,17.59999998,26.17142854,148.7012977,112Y12M
10014,臺東縣,10014040,卑南鄉,10014040-012,東興村,109.79,2.6,14.96,31.48514848,13.16831682,18.31683167,139.0977433,112Y12M
10014,臺東縣,10014040,卑南鄉,10014040-013,溫泉村,116.7,2.04,7.8,55.03355697,12.48322146,42.55033551,340.8602114,112Y12M
10014,臺東縣,10014050,鹿野鄉,10014050-001,瑞和村,108.28,2.73,37.98,36.89516122,8.064516113,28.8306451,357.4999911,112Y12M
10014,臺東縣,10014050,鹿野鄉,10014050-002,瑞豐村,116.75,2.36,143.58,45.18167449,6.63507108,38.54660341,580.9523671,112Y12M
10014,臺東縣,10014050,鹿野鄉,10014050-003,瑞源村,104.24,2.4,62.68,52.49999991,13.16666664,39.33333327,298.7341734,112Y12M
10014,臺東縣,10014050,鹿野鄉,10014050-004,永安村,116.76,2.4,110.06,40.51565374,10.40515653,30.11049721,289.3805284,112Y12M
10014,臺東縣,10014050,鹿野鄉,10014050-005,瑞隆村,108.3,2.39,72.02,45.83987434,9.890109875,35.94976446,363.4920577,112Y12M
10014,臺東縣,10014050,鹿野鄉,10014050-006,鹿野村,101.28,2.34,127.01,44.6052631,8.289473673,36.31578943,438.0952311,112Y12M
10014,臺東縣,10014050,鹿野鄉,10014050-007,龍田村,116.54,2.35,206.4,49.33686996,11.14058354,38.19628642,342.8571388,112Y12M
10014,臺東縣,10014060,池上鄉,10014060-001,福文村,111.6,2.41,142.75,48.45869291,13.68680639,34.77188652,254.0540518,112Y12M
10014,臺東縣,10014060,池上鄉,10014060-002,慶豐村,108.17,2.79,333.25,51.12474427,13.90593044,37.21881383,267.6470549,112Y12M
10014,臺東縣,10014060,池上鄉,10014060-003,大坡村,111.9,2.47,40.38,67.13614992,15.49295767,51.64319225,333.3333232,112Y12M
10014,臺東縣,10014060,池上鄉,10014060-004,大埔村,99.31,2.58,446.48,58.65209461,13.4790528,45.17304181,335.1351306,112Y12M
10014,臺東縣,10014060,池上鄉,10014060-005,福原村,89.44,2.54,1415.43,49.96572992,16.44962302,33.5161069,203.7499992,112Y12M
10014,臺東縣,10014060,池上鄉,10014060-006,錦園村,118.87,2.25,39.7,59.63302725,11.92660545,47.7064218,399.9999846,112Y12M
10014,臺東縣,10014060,池上鄉,10014060-007,新興村,119.42,2.41,87.66,50.49342097,12.00657893,38.48684204,320.5479408,112Y12M
10014,臺東縣,10014060,池上鄉,10014060-008,萬安村,103.55,2.41,74.61,55.65610835,14.47963794,41.1764704,284.3749911,112Y12M
10014,臺東縣,10014060,池上鄉,10014060-009,富興村,123.37,2.51,23.45,45.22968182,10.95406357,34.27561825,312.9032157,112Y12M
10014,臺東縣,10014060,池上鄉,10014060-010,振興村,115.18,2.42,32.31,46.06060592,11.81818178,34.24242414,289.7435823,112Y12M
10014,臺東縣,10014070,東河鄉,10014070-001,北源村,159.47,1.96,27.3,44.89795914,7.884972163,37.01298698,469.4117592,112Y12M
10014,臺東縣,10014070,東河鄉,10014070-002,泰源村,108.86,2.42,20.5,47.5330926,10.46931407,37.06377854,354.0229844,112Y12M
10014,臺東縣,10014070,東河鄉,10014070-003,東河村,121.59,2.32,100.65,44.99314123,9.465020563,35.52812066,375.3623134,112Y12M
10014,臺東縣,10014070,東河鄉,10014070-004,尚德村,135.24,1.99,8.83,49.6969694,7.272727229,42.42424217,583.3332847,112Y12M
10014,臺東縣,10014070,東河鄉,10014070-005,隆昌村,101.5,2.06,49.61,59.17159746,8.579881631,50.59171583,589.6551521,112Y12M
10014,臺東縣,10014070,東河鄉,10014070-006,興昌村,107.05,2.01,47.82,55.20995326,8.55365473,46.65629853,545.4545355,112Y12M
10014,臺東縣,10014070,東河鄉,10014070-007,都蘭村,108.84,2.32,77.51,49.30875573,11.05990783,38.2488479,345.8333313,112Y12M
10014,臺東縣,10014080,長濱鄉,10014080-001,樟原村,124.44,2.14,19.72,59.19999984,8.266666645,50.9333332,616.1290124,112Y12M
10014,臺東縣,10014080,長濱鄉,10014080-002,三間村,135.44,2.3,34.99,55.76679334,11.02661596,44.74017738,405.7471218,112Y12M
10014,臺東縣,10014080,長濱鄉,10014080-003,忠勇村,150.22,2.43,25.85,44.93506482,10.38961036,34.54545446,332.4999917,112Y12M
10014,臺東縣,10014080,長濱鄉,10014080-004,長濱村,112.06,2.42,221.72,45.0171821,9.690721643,35.32646046,364.5390045,112Y12M
10014,臺東縣,10014080,長濱鄉,10014080-005,竹湖村,119.95,2.35,51.48,51.9933554,8.63787374,43.35548166,501.9230673,112Y12M
10014,臺東縣,10014080,長濱鄉,10014080-006,寧埔村,137.09,2.15,33.7,53.46534647,8.910891078,44.55445539,499.9999931,112Y12M
10014,臺東縣,10014090,太麻里鄉,10014090-001,美和村,113.73,2.53,112.11,38.51417396,9.286412503,29.22776146,314.7368388,112Y12M
10014,臺東縣,10014090,太麻里鄉,10014090-002,三和村,115,2.27,133.19,40.32634023,7.226107209,33.10023302,458.0645014,112Y12M
10014,臺東縣,10014090,太麻里鄉,10014090-003,華源村,124.63,1.88,70.29,53.51758781,5.778894458,47.73869335,826.0869206,112Y12M
10014,臺東縣,10014090,太麻里鄉,10014090-004,北里村,141.31,1.97,62.89,49.52153098,11.96172246,37.55980852,313.9999937,112Y12M
10014,臺東縣,10014090,太麻里鄉,10014090-005,泰和村,103.79,2.1,430,46.35568509,11.66180757,34.69387752,297.4999975,112Y12M
10014,臺東縣,10014090,太麻里鄉,10014090-006,大王村,115.93,2.19,186.21,49.73703978,12.69722013,37.03981966,291.7159746,112Y12M
10014,臺東縣,10014090,太麻里鄉,10014090-007,香蘭村,111.74,2.32,94.38,48.59967043,14.49752881,34.10214162,235.2272701,112Y12M
10014,臺東縣,10014090,太麻里鄉,10014090-008,金崙村,105.54,2.28,90.97,37.21727208,14.73612062,22.48115146,152.5581388,112Y12M
10014,臺東縣,10014090,太麻里鄉,10014090-009,多良村,103.79,2.13,46.53,37.23118275,12.23118278,24.99999997,204.3956021,112Y12M
10014,臺東縣,10014100,大武鄉,10014100-001,大竹村,117.75,2.21,42.25,36.72131142,10.49180326,26.22950815,249.9999961,112Y12M
10014,臺東縣,10014100,大武鄉,10014100-002,大鳥村,118.56,2.35,65.59,35.21126757,14.51787647,20.69339109,142.5373124,112Y12M
10014,臺東縣,10014100,大武鄉,10014100-003,大武村,105.29,2.31,209.09,44.51158102,17.22054379,27.29103723,158.4795312,112Y12M
10014,臺東縣,10014100,大武鄉,10014100-004,尚武村,103,2.14,160.26,43.73737369,10.20202019,33.5353535,328.712868,112Y12M
10014,臺東縣,10014100,大武鄉,10014100-005,南興村,110.65,2.19,70.89,41.89814805,12.73148145,29.1666666,229.0909049,112Y12M
10014,臺東縣,10014110,綠島鄉,10014110-001,公館村,124.63,3.31,135.5,27.81875656,11.59114857,16.22760799,139.9999987,112Y12M
10014,臺東縣,10014110,綠島鄉,10014110-002,中寮村,110.48,3.35,940.26,30.81695964,13.23681488,17.58014476,132.812499,112Y12M
10014,臺東縣,10014110,綠島鄉,10014110-003,南寮村,113.64,3.69,479.41,26.75585282,9.765886281,16.98996654,173.9726015,112Y12M
10014,臺東縣,10014120,海端鄉,10014120-001,廣原村,100.42,3.83,31.39,38.61671464,25.07204607,13.54466857,54.0229882,112Y12M
10014,臺東縣,10014120,海端鄉,10014120-002,霧鹿村,111.39,3.59,1.73,35.22267192,21.05263149,14.17004043,67.30769101,112Y12M
10014,臺東縣,10014120,海端鄉,10014120-003,利稻村,97.18,4.26,0.93,37.40157466,22.04724401,15.35433065,69.6428559,112Y12M
10014,臺東縣,10014120,海端鄉,10014120-004,海端村,111.43,3.87,43.67,34.85193618,19.81776763,15.03416855,75.86206853,112Y12M
10014,臺東縣,10014120,海端鄉,10014120-005,崁頂村,126.45,3.97,7.98,42.46100513,28.07625645,14.38474868,51.23456758,112Y12M
10014,臺東縣,10014120,海端鄉,10014120-006,加拿村,117.42,3.92,3.79,31.64556955,19.62025312,12.02531643,61.29032192,112Y12M
10014,臺東縣,10014130,延平鄉,10014130-001,武陵村,106.46,3.27,48.6,34.12408753,20.25547442,13.86861311,68.46846785,112Y12M
10014,臺東縣,10014130,延平鄉,10014130-002,永康村,110.93,3.16,10.84,34.4947734,22.9965156,11.4982578,49.99999924,112Y12M
10014,臺東縣,10014130,延平鄉,10014130-003,紅葉村,106.17,3.39,1.53,35.40540531,18.10810806,17.29729725,95.52238663,112Y12M
10014,臺東縣,10014130,延平鄉,10014130-004,鸞山村,112.84,3.27,26.56,37.8217821,20.79207917,17.02970294,81.90476112,112Y12M
10014,臺東縣,10014130,延平鄉,10014130-005,桃源村,109.21,3.42,16.54,34.0128755,20.92274676,13.09012874,62.56410224,112Y12M
10014,臺東縣,10014140,金峰鄉,10014140-001,新興村,99.71,3.26,126.28,39.27855704,23.84769534,15.43086169,64.70588181,112Y12M
10014,臺東縣,10014140,金峰鄉,10014140-002,正興村,94.37,3.21,3577.46,33.76383758,17.71217709,16.05166049,90.62499906,112Y12M
10014,臺東縣,10014140,金峰鄉,10014140-003,嘉蘭村,102.65,3.06,8.21,35.70159855,19.27175842,16.42984013,85.25345583,112Y12M
10014,臺東縣,10014140,金峰鄉,10014140-004,賓茂村,118.02,2.68,2639.34,37.36263723,15.75091569,21.61172153,137.2092991,112Y12M
10014,臺東縣,10014140,金峰鄉,10014140-005,歷坵村,93.84,2.99,2.09,37.71043758,20.20202013,17.50841745,86.66666522,112Y12M
10014,臺東縣,10014150,達仁鄉,10014150-001,台坂村,116,2.49,32.96,39.00990091,17.02970294,21.98019798,129.0697659,112Y12M
10014,臺東縣,10014150,達仁鄉,10014150-002,土坂村,122.37,2.76,11.19,30.44619419,12.99212597,17.45406822,134.343433,112Y12M
10014,臺東縣,10014150,達仁鄉,10014150-003,新化村,122.65,2.52,3.24,33.88704308,10.96345511,22.92358796,209.0909028,112Y12M
10014,臺東縣,10014150,達仁鄉,10014150-004,安朔村,118.82,2.01,11.49,40.17857134,14.50892854,25.6696428,176.9230742,112Y12M
10014,臺東縣,10014150,達仁鄉,10014150-005,森永村,123.53,2.02,26.37,40.74074059,12.59259255,28.14814804,223.5294052,112Y12M
10014,臺東縣,10014150,達仁鄉,10014150-006,南田村,102.44,2.37,18.84,25.28301877,10.5660377,14.71698108,139.2857093,112Y12M
10014,臺東縣,10014160,蘭嶼鄉,10014160-001,東清村,99.03,2.88,92.16,32.74336281,20.7562349,11.98712791,57.75193776,112Y12M
10014,臺東縣,10014160,蘭嶼鄉,10014160-002,朗島村,94.44,2.73,101.52,29.09836062,16.66666664,12.43169397,74.59016332,112Y12M
10014,臺東縣,10014160,蘭嶼鄉,10014160-003,紅頭村,105.27,2.44,126.91,27.32606871,14.58507962,12.74098909,87.35632134,112Y12M
10014,臺東縣,10014160,蘭嶼鄉,10014160-004,椰油村,98.68,2.68,148.7,30.72747011,19.21824102,11.50922909,59.88700531,112Y12M
10014,臺東縣,10014010,臺東市,10014010-001,富岡里,112.46,2.36,164.68,41.71779139,11.09871723,30.61907416,275.8793956,113Y06M
10014,臺東縣,10014010,臺東市,10014010-003,岩灣里,98.4,2.01,902.93,27.25409835,7.479508193,19.77459015,264.3835598,113Y06M
10014,臺東縣,10014010,臺東市,10014010-004,南王里,103.24,2.51,826.25,36.18561088,11.36653895,24.81907193,218.3520591,113Y06M
10014,臺東縣,10014010,臺東市,10014010-005,卑南里,95.33,2.4,2162.46,32.79022402,8.676171076,24.11405294,277.934271,113Y06M
10014,臺東縣,10014010,臺東市,10014010-006,南榮里,106.91,2.65,618.31,38.29099305,11.77829099,26.51270207,225.0980383,113Y06M
10014,臺東縣,10014010,臺東市,10014010-007,新生里,93.83,2.38,7006,40.95513747,15.08683067,25.86830679,171.4628293,113Y06M
10014,臺東縣,10014010,臺東市,10014010-008,民生里,89.53,2.23,11989.3,49.35770749,12.89525691,36.46245057,282.7586196,113Y06M
10014,臺東縣,10014010,臺東市,10014010-009,寶桑里,98.99,2.41,771.42,49.05303026,16.09848483,32.95454542,204.7058811,113Y06M
10014,臺東縣,10014010,臺東市,10014010-010,馬蘭里,92.43,2.86,8848.25,72.21908522,43.98644831,28.23263691,64.18485229,113Y06M
10014,臺東縣,10014010,臺東市,10014010-011,中心里,94.32,2.87,12248.54,67.43295016,37.80332055,29.62962962,78.37837829,113Y06M
10014,臺東縣,10014010,臺東市,10014010-012,自強里,92.01,2.9,11130.84,69.56862742,44.54901959,25.01960783,56.16197178,113Y06M
10014,臺東縣,10014010,臺東市,10014010-013,民族里,90.5,3.02,9314.67,90.39825418,57.6104746,32.78777958,56.91287873,113Y06M
10014,臺東縣,10014010,臺東市,10014010-015,中華里,100.95,2.43,2090.6,43.55203617,13.57466063,29.97737555,220.8333324,113Y06M
10014,臺東縣,10014010,臺東市,10014010-017,建國里,102.35,2.37,961.63,49.13338353,13.48907309,35.64431045,264.2458086,113Y06M
10014,臺東縣,10014010,臺東市,10014010-020,中正里,97.26,2.16,8071.92,52.14431583,8.509189919,43.63512591,512.7999959,113Y06M
10014,臺東縣,10014010,臺東市,10014010-022,成功里,93.86,2.24,3900.16,43.40425529,11.70212765,31.70212764,270.9090893,113Y06M
10014,臺東縣,10014010,臺東市,10014010-023,文化里,122.54,2.38,6983.48,69.33927241,39.42093538,29.91833702,75.89453846,113Y06M
10014,臺東縣,10014010,臺東市,10014010-024,中山里,91.53,2.5,10992.71,71.94928679,33.67670362,38.27258317,113.6470586,113Y06M
10014,臺東縣,10014010,臺東市,10014010-029,新園里,108.65,2.39,509.91,34.17630055,11.77745664,22.39884391,190.1840479,113Y06M
10014,臺東縣,10014010,臺東市,10014010-030,豐田里,91.12,2.41,629.88,36.08562689,12.69113149,23.3944954,184.3373487,113Y06M
10014,臺東縣,10014010,臺東市,10014010-031,豐年里,102.64,2.34,1184.78,32.87923416,11.26656848,21.61266568,191.8300647,113Y06M
10014,臺東縣,10014010,臺東市,10014010-032,光明里,82.26,2.4,3578.87,41.67764601,23.01273605,18.66490996,81.10687007,113Y06M
10014,臺東縣,10014010,臺東市,10014010-033,豐樂里,102.6,2.9,781.36,46.38386645,20.72322669,25.66063976,123.8255029,113Y06M
10014,臺東縣,10014010,臺東市,10014010-034,永樂里,102.22,2.82,1014.9,43.69784803,21.43170838,22.26613965,103.8934424,113Y06M
10014,臺東縣,10014010,臺東市,10014010-035,康樂里,109.01,2.51,168.91,43.8415159,22.30835485,21.53316105,96.52509615,113Y06M
10014,臺東縣,10014010,臺東市,10014010-036,東海里,90.43,2.59,5592.93,61.57317855,30.94777561,30.62540295,98.95833313,113Y06M
10014,臺東縣,10014010,臺東市,10014010-037,新興里,97.97,2.34,1263.62,48.95238091,17.04761903,31.90476187,187.1508369,113Y06M
10014,臺東縣,10014010,臺東市,10014010-038,豐榮里,95.11,2.38,9506.16,38.61066234,13.28756058,25.32310177,190.577507,113Y06M
10014,臺東縣,10014010,臺東市,10014010-039,豐谷里,99.13,2.6,2099.36,38.61209963,13.59430604,25.01779359,184.0314131,113Y06M
10014,臺東縣,10014010,臺東市,10014010-040,豐里里,103.37,2.71,735.88,36.68950973,12.96784396,23.72166578,182.9268285,113Y06M
10014,臺東縣,10014010,臺東市,10014010-041,豐原里,115.85,2.77,192.98,46.43226469,15.3050672,31.12719749,203.378377,113Y06M
10014,臺東縣,10014010,臺東市,10014010-042,建和里,104.38,2.5,283.07,47.1400394,15.18737671,31.95266269,210.389609,113Y06M
10014,臺東縣,10014010,臺東市,10014010-043,建興里,94.96,2.43,492.85,37.28470108,6.585612962,30.69908811,466.153839,113Y06M
10014,臺東縣,10014010,臺東市,10014010-045,知本里,102.63,2.45,433.3,39.73333331,12.63999999,27.09333332,214.3459907,113Y06M
10014,臺東縣,10014010,臺東市,10014010-046,建農里,106.64,2.54,133,35.25264393,12.04465334,23.20799059,192.6829259,113Y06M
10014,臺東縣,10014010,臺東市,10014010-047,仁和里,88.76,2.33,5315.76,44.13106593,14.22646204,29.90460389,210.204081,113Y06M
10014,臺東縣,10014010,臺東市,10014010-048,豐安里,85.57,2.26,10347.58,33.97435896,11.93910256,22.0352564,184.5637578,113Y06M
10014,臺東縣,10014010,臺東市,10014010-049,豐盛里,95,2.5,3913.49,32.93145021,12.05649328,20.87495693,173.1428566,113Y06M
10014,臺東縣,10014020,成功鎮,10014020-001,博愛里,131.89,1.94,32.52,56.2334216,5.039787785,51.19363382,1015.78942,113Y06M
10014,臺東縣,10014020,成功鎮,10014020-002,忠孝里,98.15,2.13,24.11,50.23400928,9.98439936,40.24960992,403.1249937,113Y06M
10014,臺東縣,10014020,成功鎮,10014020-003,三仙里,129.1,2.3,43.75,44.81707313,10.36585365,34.45121948,332.3529379,113Y06M
10014,臺東縣,10014020,成功鎮,10014020-004,三民里,104,2.55,267.89,42.51497004,10.72854291,31.78642713,296.2790684,113Y06M
10014,臺東縣,10014020,成功鎮,10014020-005,忠智里,103.8,2.73,5713.54,48.88888885,16.59722221,32.29166664,194.5606686,113Y06M
10014,臺東縣,10014020,成功鎮,10014020-006,忠仁里,105.84,2.57,288.27,47.28633809,14.28571428,33.00062381,231.0043658,113Y06M
10014,臺東縣,10014020,成功鎮,10014020-007,和平里,123.87,2.06,57.71,56.32911381,7.805907157,48.52320665,621.6216048,113Y06M
10014,臺東縣,10014020,成功鎮,10014020-008,信義里,120.14,2.3,81.01,47.72200769,8.803088796,38.91891889,442.1052593,113Y06M
10014,臺東縣,10014030,關山鎮,10014030-001,德高里,111.28,2.53,120.13,45.5870445,10.04048582,35.54655868,354.0322552,113Y06M
10014,臺東縣,10014030,關山鎮,10014030-002,豐泉里,95.8,2.6,692.77,53.77358484,19.45754715,34.3160377,176.3636353,113Y06M
10014,臺東縣,10014030,關山鎮,10014030-003,新福里,112.96,2.42,128.44,49.16792731,19.0620272,30.10590011,157.9365067,113Y06M
10014,臺東縣,10014030,關山鎮,10014030-004,中福里,98.57,2.5,5338.78,63.52941164,19.01960781,44.50980383,234.0206161,113Y06M
10014,臺東縣,10014030,關山鎮,10014030-005,里壠里,95.97,2.54,350.92,56.66957275,19.61639057,37.05318218,188.888888,113Y06M
10014,臺東縣,10014030,關山鎮,10014030-006,電光里,125.69,2.6,28.14,49.08616175,12.79373365,36.2924281,283.6734636,113Y06M
10014,臺東縣,10014030,關山鎮,10014030-007,月眉里,125.47,2.39,70.88,47.86150703,12.42362523,35.4378818,285.245897,113Y06M
10014,臺東縣,10014040,卑南鄉,10014040-001,嘉豐村,124.35,2.41,53.7,42.54143635,13.81215466,28.72928169,207.9999958,113Y06M
10014,臺東縣,10014040,卑南鄉,10014040-002,利吉村,124.52,2.22,34,58.84353721,9.183673438,49.65986378,540.7407207,113Y06M
10014,臺東縣,10014040,卑南鄉,10014040-003,富山村,118.34,2.07,69.35,41.24293774,9.322033872,31.92090386,342.424232,113Y06M
10014,臺東縣,10014040,卑南鄉,10014040-004,富源村,129.79,2.08,17.66,60.3960393,6.435643532,53.96039577,838.461474,113Y06M
10014,臺東縣,10014040,卑南鄉,10014040-005,明峰村,115.07,2.36,55.55,49.01719896,10.56511055,38.4520884,363.9534841,113Y06M
10014,臺東縣,10014040,卑南鄉,10014040-006,初鹿村,106.3,2.56,133.42,45.3463203,12.33766232,33.00865797,267.5438573,113Y06M
10014,臺東縣,10014040,卑南鄉,10014040-007,美農村,124.39,2.2,88.2,42.45161285,7.612903216,34.83870963,457.6271109,113Y06M
10014,臺東縣,10014040,卑南鄉,10014040-008,賓朗村,108.78,2.48,160.39,41.74698793,8.132530116,33.61445781,413.3333303,113Y06M
10014,臺東縣,10014040,卑南鄉,10014040-009,泰安村,98.69,2.51,49.71,34.88602573,16.65014865,18.23587709,109.5238089,113Y06M
10014,臺東縣,10014040,卑南鄉,10014040-010,太平村,103.65,2.42,558.36,33.30843912,12.65870052,20.6497386,163.1268432,113Y06M
10014,臺東縣,10014040,卑南鄉,10014040-011,利嘉村,104.27,2.6,26.38,44.14831976,16.80185398,27.34646579,162.7586196,113Y06M
10014,臺東縣,10014040,卑南鄉,10014040-012,東興村,110.49,2.63,15.15,31.86274507,13.33333332,18.52941175,138.9705872,113Y06M
10014,臺東縣,10014040,卑南鄉,10014040-013,溫泉村,115.44,2.08,7.92,58.1646423,14.30499323,43.85964906,306.6037707,113Y06M
10014,臺東縣,10014050,鹿野鄉,10014050-001,瑞和村,107.12,2.68,37.43,36.53061217,6.734693864,29.79591831,442.424229,113Y06M
10014,臺東縣,10014050,鹿野鄉,10014050-002,瑞豐村,117.86,2.32,142.95,45.93301428,6.698564583,39.2344497,585.7142718,113Y06M
10014,臺東縣,10014050,鹿野鄉,10014050-003,瑞源村,103.56,2.39,62.61,53.61344529,14.62184871,38.99159657,266.6666636,113Y06M
10014,臺東縣,10014050,鹿野鄉,10014050-004,永安村,117.92,2.38,108.77,41.33083408,10.0281162,31.30271787,312.1495298,113Y06M
10014,臺東縣,10014050,鹿野鄉,10014050-005,瑞隆村,108.64,2.32,71.17,46.41148318,9.569377975,36.8421052,384.9999936,113Y06M
10014,臺東縣,10014050,鹿野鄉,10014050-006,鹿野村,101.3,2.32,124.93,45.68733147,8.625336916,37.06199456,429.6874933,113Y06M
10014,臺東縣,10014050,鹿野鄉,10014050-007,龍田村,116.24,2.31,202.55,48.92183282,10.1078167,38.81401612,383.9999949,113Y06M
10014,臺東縣,10014060,池上鄉,10014060-001,福文村,109.97,2.39,142.4,48.82280044,13.75464682,35.06815361,254.9549527,113Y06M
10014,臺東縣,10014060,池上鄉,10014060-002,慶豐村,108.05,2.77,326.49,52.74261592,13.9240506,38.81856532,278.7878746,113Y06M
10014,臺東縣,10014060,池上鄉,10014060-003,大坡村,112.73,2.47,39.82,67.14285682,13.80952374,53.33333308,386.2068832,113Y06M
10014,臺東縣,10014060,池上鄉,10014060-004,大埔村,100,2.52,435.71,58.58208944,12.8731343,45.70895514,355.0724586,113Y06M
10014,臺東縣,10014060,池上鄉,10014060-005,福原村,90.42,2.52,1401.85,50.17325014,16.42411641,33.74913373,205.4852312,113Y06M
10014,臺東縣,10014060,池上鄉,10014060-006,錦園村,120.78,2.25,38.78,59.62441287,12.67605628,46.94835659,370.3703567,113Y06M
10014,臺東縣,10014060,池上鄉,10014060-007,新興村,120.15,2.37,85.84,52.38095229,11.56462583,40.81632646,352.9411713,113Y06M
10014,臺東縣,10014060,池上鄉,10014060-008,萬安村,104.79,2.34,74.18,58.33333306,16.66666659,41.66666647,249.9999931,113Y06M
10014,臺東縣,10014060,池上鄉,10014060-009,富興村,122.65,2.5,22.99,50.9363294,11.23595501,39.70037438,353.3333216,113Y06M
10014,臺東縣,10014060,池上鄉,10014060-010,振興村,112.61,2.38,31.64,46.58385079,12.1118012,34.47204958,284.6153773,113Y06M
10014,臺東縣,10014070,東河鄉,10014070-001,北源村,160.13,1.93,27.14,46.78638937,7.750472582,39.03591679,503.6585304,113Y06M
10014,臺東縣,10014070,東河鄉,10014070-002,泰源村,109.29,2.41,20.33,48.11205841,10.47503044,37.63702797,359.3023214,113Y06M
10014,臺東縣,10014070,東河鄉,10014070-003,東河村,119.33,2.34,99.41,43.60385138,8.390646481,35.2132049,419.6721243,113Y06M
10014,臺東縣,10014070,東河鄉,10014070-004,尚德村,138.24,1.94,8.69,47.27272699,6.060606024,41.21212096,679.999932,113Y06M
10014,臺東縣,10014070,東河鄉,10014070-005,隆昌村,103.41,2.06,49.52,64.22018329,10.70336388,53.51681941,499.9999857,113Y06M
10014,臺東縣,10014070,東河鄉,10014070-006,興昌村,105.94,2.03,48.16,55.33230285,9.119010805,46.21329205,506.7796524,113Y06M
10014,臺東縣,10014070,東河鄉,10014070-007,都蘭村,108.73,2.3,77.62,50.29781598,11.18464592,39.11317006,349.7041399,113Y06M
10014,臺東縣,10014080,長濱鄉,10014080-001,樟原村,128.63,2.09,19.26,59.28961732,6.010928945,53.27868838,886.3635961,113Y06M
10014,臺東縣,10014080,長濱鄉,10014080-002,三間村,133.02,2.3,34.76,56.94087396,10.92544986,46.01542411,421.1764656,113Y06M
10014,臺東縣,10014080,長濱鄉,10014080-003,忠勇村,149.33,2.44,25.99,45.33678745,10.88082899,34.45595846,316.6666591,113Y06M
10014,臺東縣,10014080,長濱鄉,10014080-004,長濱村,110.94,2.4,220.77,44.79669191,9.717436244,35.07925566,360.9929052,113Y06M
10014,臺東縣,10014080,長濱鄉,10014080-005,竹湖村,123.94,2.3,50.53,52.46179957,8.488964332,43.97283524,517.9999896,113Y06M
10014,臺東縣,10014080,長濱鄉,10014080-006,寧埔村,135.52,2.13,33.16,53.26633159,7.663316573,45.60301502,595.0819575,113Y06M
10014,臺東縣,10014090,太麻里鄉,10014090-001,美和村,113.57,2.52,112.03,39.64497038,9.664694271,29.9802761,310.2040785,113Y06M
10014,臺東縣,10014090,太麻里鄉,10014090-002,三和村,112.68,2.29,133.63,42.45283009,7.78301885,34.66981124,445.454532,113Y06M
10014,臺東縣,10014090,太麻里鄉,10014090-003,華源村,125.94,1.85,69.14,53.70843976,5.370843976,48.33759578,899.9999571,113Y06M
10014,臺東縣,10014090,太麻里鄉,10014090-004,北里村,142.13,1.96,61.89,50.36674804,12.46943762,37.89731042,303.9215627,113Y06M
10014,臺東縣,10014090,太麻里鄉,10014090-005,泰和村,102.45,2.07,425.44,48.25870642,12.13930347,36.11940295,297.5409812,113Y06M
10014,臺東縣,10014090,太麻里鄉,10014090-006,大王村,115.49,2.18,185.84,50.68181814,12.72727272,37.95454543,298.2142839,113Y06M
10014,臺東縣,10014090,太麻里鄉,10014090-007,香蘭村,111.24,2.28,92.39,48.15436234,13.590604,34.56375833,254.3209845,113Y06M
10014,臺東縣,10014090,太麻里鄉,10014090-008,金崙村,105.74,2.28,91.15,37.77472525,15.1098901,22.66483515,149.9999993,113Y06M
10014,臺東縣,10014090,太麻里鄉,10014090-009,多良村,103.43,2.07,45.89,37.19346044,11.85286102,25.34059942,213.793101,113Y06M
10014,臺東縣,10014100,大武鄉,10014100-001,大竹村,115.94,2.22,42.56,38.61386132,11.3861386,27.22772273,239.1304313,113Y06M
10014,臺東縣,10014100,大武鄉,10014100-002,大鳥村,119.86,2.33,64.59,35.05494502,14.17582416,20.87912086,147.2868206,113Y06M
10014,臺東縣,10014100,大武鄉,10014100-003,大武村,104.3,2.3,207.49,45.9016393,17.41803277,28.48360653,163.5294108,113Y06M
10014,臺東縣,10014100,大武鄉,10014100-004,尚武村,107.36,2.14,158.57,44.41025636,10.97435896,33.4358974,304.6728943,113Y06M
10014,臺東縣,10014100,大武鄉,10014100-005,南興村,111.66,2.15,69.27,42.95942711,13.3651551,29.59427201,221.4285675,113Y06M
10014,臺東縣,10014110,綠島鄉,10014110-001,公館村,126.07,3.31,135.61,26.85475441,10.44932078,16.40543363,156.9999984,113Y06M
10014,臺東縣,10014110,綠島鄉,10014110-002,中寮村,109.92,3.32,943.98,30.79299688,12.66735323,18.12564365,143.0894297,113Y06M
10014,臺東縣,10014110,綠島鄉,10014110-003,南寮村,113.9,3.68,478.9,27.21774192,9.81182795,17.40591397,177.3972591,113Y06M
10014,臺東縣,10014120,海端鄉,10014120-001,廣原村,100.63,3.82,31.03,36.83453232,23.74100716,13.09352516,55.15151482,113Y06M
10014,臺東縣,10014120,海端鄉,10014120-002,霧鹿村,108.43,3.8,1.8,38.95582314,22.48995975,16.46586339,73.21428441,113Y06M
10014,臺東縣,10014120,海端鄉,10014120-003,利稻村,97.73,4.09,0.93,34.36293423,19.30501923,15.057915,77.99999844,113Y06M
10014,臺東縣,10014120,海端鄉,10014120-004,海端村,111.33,3.85,44.04,34.76297964,19.97742661,14.78555303,74.01129902,113Y06M
10014,臺東縣,10014120,海端鄉,10014120-005,崁頂村,122.68,3.92,7.92,40.75993084,26.07944728,14.68048357,56.29139036,113Y06M
10014,臺東縣,10014120,海端鄉,10014120-006,加拿村,119.16,3.93,3.82,32.70042187,20.25316451,12.44725736,61.45833269,113Y06M
10014,臺東縣,10014130,延平鄉,10014130-001,武陵村,105.28,3.26,48.86,32.43727593,18.99641574,13.44086019,70.75471631,113Y06M
10014,臺東縣,10014130,延平鄉,10014130-002,永康村,106.77,3.23,11.15,35.03401349,23.12925162,11.90476186,51.47058748,113Y06M
10014,臺東縣,10014130,延平鄉,10014130-003,紅葉村,110.42,3.41,1.54,35.38873985,18.76675598,16.62198387,88.57142731,113Y06M
10014,臺東縣,10014130,延平鄉,10014130-004,鸞山村,109.42,3.23,26.29,37.79999992,20.59999996,17.19999997,83.49514482,113Y06M
10014,臺東縣,10014130,延平鄉,10014130-005,桃源村,108.49,3.36,16.27,32.75675672,19.67567565,13.08108107,66.48351612,113Y06M
10014,臺東縣,10014140,金峰鄉,10014140-001,新興村,98.55,3.22,124.46,38.94523319,22.51521294,16.43002025,72.97297232,113Y06M
10014,臺東縣,10014140,金峰鄉,10014140-002,正興村,95.73,3.21,3621.87,36.68528857,18.99441337,17.6908752,93.13725399,113Y06M
10014,臺東縣,10014140,金峰鄉,10014140-003,嘉蘭村,101.86,3.04,8.15,35.5992844,18.87298746,16.72629694,88.625592,113Y06M
10014,臺東縣,10014140,金峰鄉,10014140-004,賓茂村,124.24,2.62,2604.15,35.03649622,12.77372258,22.26277364,174.2857093,113Y06M
10014,臺東縣,10014140,金峰鄉,10014140-005,歷坵村,92.38,2.89,2.06,36.48648636,18.24324318,18.24324318,99.99999815,113Y06M
10014,臺東縣,10014150,達仁鄉,10014150-001,台坂村,114.29,2.47,33.1,40.43824693,18.52589638,21.91235055,118.2795686,113Y06M
10014,臺東縣,10014150,達仁鄉,10014150-002,土坂村,121.11,2.78,11.2,32.49001327,13.84820238,18.64181089,134.6153833,113Y06M
10014,臺東縣,10014150,達仁鄉,10014150-003,新化村,120.33,2.51,3.23,33.66666655,10.66666663,22.99999992,215.6249933,113Y06M
10014,臺東縣,10014150,達仁鄉,10014150-004,安朔村,112.67,1.99,11.36,39.23766807,13.90134526,25.33632281,182.2580616,113Y06M
10014,臺東縣,10014150,達仁鄉,10014150-005,森永村,127.67,1.98,25.12,43.65079348,12.30158725,31.34920622,254.8387015,113Y06M
10014,臺東縣,10014150,達仁鄉,10014150-006,南田村,98.14,2.4,18.1,24.12451352,8.560311251,15.56420227,181.8181736,113Y06M
10014,臺東縣,10014160,蘭嶼鄉,10014160-001,東清村,99.63,2.84,91.44,32.12267955,19.85472153,12.26795802,61.78861764,113Y06M
10014,臺東縣,10014160,蘭嶼鄉,10014160-002,朗島村,93.85,2.73,101.62,29.7668038,17.00960217,12.75720163,74.9999994,113Y06M
10014,臺東縣,10014160,蘭嶼鄉,10014160-003,紅頭村,108.15,2.41,125.91,27.71186438,14.23728812,13.47457626,94.64285658,113Y06M
10014,臺東縣,10014160,蘭嶼鄉,10014160-004,椰油村,100.34,2.62,145.49,29.45054942,17.80219778,11.64835164,65.43209836,113Y06M
10014,臺東縣,10014010,臺東市,10014010-001,富岡里,112.15,2.35,162.93,41.95369845,10.84133257,31.11236588,286.9791652,113Y12M
10014,臺東縣,10014010,臺東市,10014010-003,岩灣里,99.37,1.98,917.47,27.34611502,7.46720484,19.87891018,266.2162144,113Y12M
10014,臺東縣,10014010,臺東市,10014010-004,南王里,101.26,2.44,828.05,37.77395787,11.68886978,26.08508809,223.1617639,113Y12M
10014,臺東縣,10014010,臺東市,10014010-005,卑南里,95.9,2.35,2188.33,32.43677237,8.269771173,24.16700119,292.2330083,113Y12M
10014,臺東縣,10014010,臺東市,10014010-006,南榮里,108.47,2.58,619.96,38.91716796,12.2165664,26.70060156,218.5606052,113Y12M
10014,臺東縣,10014010,臺東市,10014010-007,新生里,93.84,2.35,7076.13,41.69967589,15.19625495,26.50342095,174.4075825,113Y12M
10014,臺東縣,10014010,臺東市,10014010-008,民生里,89.92,2.17,11953.61,49.72677593,12.27024341,37.45653252,305.2631567,113Y12M
10014,臺東縣,10014010,臺東市,10014010-009,寶桑里,98.1,2.38,766.03,50.14409217,17.00288183,33.14121034,194.9152531,113Y12M
10014,臺東縣,10014010,臺東市,10014010-010,馬蘭里,94.78,2.83,8662.58,72.80092588,43.86574072,28.93518517,65.9630606,113Y12M
10014,臺東縣,10014010,臺東市,10014010-011,中心里,93.06,2.82,12133.31,69.61253806,38.92033085,30.69220721,78.85906031,113Y12M
10014,臺東縣,10014010,臺東市,10014010-012,自強里,93.06,2.85,11177.18,71.75632909,45.2927215,26.46360758,58.42794755,113Y12M
10014,臺東縣,10014010,臺東市,10014010-013,民族里,89.37,2.98,9223.92,93.18054774,59.41866961,33.76187813,56.8203198,113Y12M
10014,臺東縣,10014010,臺東市,10014010-015,中華里,100.4,2.38,2074.95,45.02014966,13.81692573,31.20322393,225.8333324,113Y12M
10014,臺東縣,10014010,臺東市,10014010-017,建國里,102.6,2.31,947.05,49.12012238,13.00688599,36.11323639,277.6470572,113Y12M
10014,臺東縣,10014010,臺東市,10014010-020,中正里,96.77,2.12,8144.15,51.64761261,8.944182913,42.7034297,477.4436054,113Y12M
10014,臺東縣,10014010,臺東市,10014010-022,成功里,92.94,2.21,3848.08,44.98546508,12.20930232,32.77616277,268.4523794,113Y12M
10014,臺東縣,10014010,臺東市,10014010-023,文化里,121.53,2.36,6931.43,72.16730033,41.29277563,30.87452469,74.76979728,113Y12M
10014,臺東縣,10014010,臺東市,10014010-024,中山里,93.65,2.39,10663.44,71.97712412,32.10784311,39.86928101,124.1730277,113Y12M
10014,臺東縣,10014010,臺東市,10014010-029,新園里,107.25,2.39,509.91,34.27331885,11.06290672,23.21041213,209.8039202,113Y12M
10014,臺東縣,10014010,臺東市,10014010-030,豐田里,91.72,2.39,633.65,37.25089421,13.43893714,23.81195706,177.1863111,113Y12M
10014,臺東縣,10014010,臺東市,10014010-031,豐年里,102.62,2.33,1193.97,33.22344321,11.61172161,21.6117216,186.1198732,113Y12M
10014,臺東縣,10014010,臺東市,10014010-032,光明里,81.1,2.37,3624.35,42.10526314,23.18399303,18.92127011,81.61350829,113Y12M
10014,臺東縣,10014010,臺東市,10014010-033,豐樂里,102.01,2.87,782.85,46.86629523,20.89136489,25.97493034,124.3333329,113Y12M
10014,臺東縣,10014010,臺東市,10014010-034,永樂里,101.8,2.75,1008.39,44.36056836,21.84724688,22.51332148,103.0487803,113Y12M
10014,臺東縣,10014010,臺東市,10014010-035,康樂里,106.36,2.47,170.53,42.76037253,21.42252327,21.33784926,99.60474269,113Y12M
10014,臺東縣,10014010,臺東市,10014010-036,東海里,91.14,2.56,5537.14,62.36910991,30.49738218,31.87172773,104.5064375,113Y12M
10014,臺東縣,10014010,臺東市,10014010-037,新興里,100.52,2.29,1250.69,51.17187495,17.08984373,34.08203122,199.4285703,113Y12M
10014,臺東縣,10014010,臺東市,10014010-038,豐榮里,94.85,2.33,9439.69,38.93192008,12.71911944,26.21280064,206.0897429,113Y12M
10014,臺東縣,10014010,臺東市,10014010-039,豐谷里,98.93,2.59,2107.98,38.93428063,13.53463587,25.39964475,187.6640415,113Y12M
10014,臺東縣,10014010,臺東市,10014010-040,豐里里,103.73,2.69,743.55,37.38856841,13.37178814,24.01678027,179.6078424,113Y12M
10014,臺東縣,10014010,臺東市,10014010-041,豐原里,115.43,2.64,186.43,47.41379305,13.68534481,33.72844824,246.456691,113Y12M
10014,臺東縣,10014010,臺東市,10014010-042,建和里,105.76,2.48,284.59,47.63779523,15.64960628,31.98818894,204.4025144,113Y12M
10014,臺東縣,10014010,臺東市,10014010-043,建興里,95.38,2.35,492.48,38.44580773,6.952965228,31.4928425,452.9411698,113Y12M
10014,臺東縣,10014010,臺東市,10014010-045,知本里,102.63,2.39,433.3,40.18191544,12.09202782,28.08988763,232.3008839,113Y12M
10014,臺東縣,10014010,臺東市,10014010-046,建農里,106.28,2.54,132.77,36.21813869,12.38885595,23.82928274,192.3444967,113Y12M
10014,臺東縣,10014010,臺東市,10014010-047,仁和里,88.29,2.28,5314.23,45.53833262,14.78843736,30.74989525,207.9320107,113Y12M
10014,臺東縣,10014010,臺東市,10014010-048,豐安里,84.9,2.23,10418.75,35.43845534,12.1078037,23.33065164,192.6910293,113Y12M
10014,臺東縣,10014010,臺東市,10014010-049,豐盛里,93.9,2.47,3903.35,33.22949116,11.97646244,21.25302872,177.4566469,113Y12M
10014,臺東縣,10014020,成功鎮,10014020-001,博愛里,132.55,1.92,32.74,54.83028706,4.960835496,49.86945157,1005.263105,113Y12M
10014,臺東縣,10014020,成功鎮,10014020-002,忠孝里,100,2.11,23.79,51.99999992,10.71999998,41.27999993,385.0746211,113Y12M
10014,臺東縣,10014020,成功鎮,10014020-003,三仙里,127.56,2.29,43.6,44.7502548,9.887869511,34.86238529,352.577316,113Y12M
10014,臺東縣,10014020,成功鎮,10014020-004,三民里,103.64,2.48,267.8,44.33771484,11.37512638,32.96258846,289.7777765,113Y12M
10014,臺東縣,10014020,成功鎮,10014020-005,忠智里,102.18,2.66,5673.56,50.45936392,16.67844522,33.7809187,202.542372,113Y12M
10014,臺東縣,10014020,成功鎮,10014020-006,忠仁里,105.43,2.55,286.2,49.48979589,14.54081632,34.94897957,240.3508761,113Y12M
10014,臺東縣,10014020,成功鎮,10014020-007,和平里,124.32,2.03,57.47,57.69230757,8.119658102,49.57264947,610.5262997,113Y12M
10014,臺東縣,10014020,成功鎮,10014020-008,信義里,120.07,2.27,80.33,47.97191884,8.970358807,39.00156003,434.7826049,113Y12M
10014,臺東縣,10014030,關山鎮,10014030-001,德高里,112.32,2.51,118.59,46.57308006,10.40462427,36.16845579,347.6190449,113Y12M
10014,臺東縣,10014030,關山鎮,10014030-002,豐泉里,95.48,2.56,688.52,54.46960661,19.42789032,35.04171629,180.3680971,113Y12M
10014,臺東縣,10014030,關山鎮,10014030-003,新福里,112.77,2.39,128.05,50.53598767,19.14241957,31.3935681,163.9999987,113Y12M
10014,臺東縣,10014030,關山鎮,10014030-004,中福里,97.86,2.5,5319.58,68.21862334,20.04048579,48.17813755,240.404038,113Y12M
10014,臺東縣,10014030,關山鎮,10014030-005,里壠里,94.96,2.5,347.21,57.06713776,19.43462896,37.6325088,193.6363628,113Y12M
10014,臺東縣,10014030,關山鎮,10014030-006,電光里,129.55,2.54,27.95,51.60427794,14.43850264,37.1657753,257.4074026,113Y12M
10014,臺東縣,10014030,關山鎮,10014030-007,月眉里,128.39,2.39,70.68,52.10084023,13.44537812,38.6554621,287.4999955,113Y12M
10014,臺東縣,10014040,卑南鄉,10014040-001,嘉豐村,125.56,2.37,52.34,39.72222211,11.66666663,28.05555548,240.4761848,113Y12M
10014,臺東縣,10014040,卑南鄉,10014040-002,利吉村,118.96,2.22,33.64,62.10526294,10.87719294,51.22807,470.9677267,113Y12M
10014,臺東縣,10014040,卑南鄉,10014040-003,富山村,118.34,2.07,69.35,41.64305937,9.631728018,32.01133135,332.3529314,113Y12M
10014,臺東縣,10014040,卑南鄉,10014040-004,富源村,128.87,2.06,17.72,60.89108881,5.445544527,55.44554428,1018.181726,113Y12M
10014,臺東縣,10014040,卑南鄉,10014040-005,明峰村,115.96,2.35,55.78,49.08200728,10.89351284,38.18849445,350.5617938,113Y12M
10014,臺東縣,10014040,卑南鄉,10014040-006,初鹿村,105.62,2.48,130.94,45.31422266,11.68687981,33.62734285,287.7358463,113Y12M
10014,臺東縣,10014040,卑南鄉,10014040-007,美農村,123.05,2.17,88.92,44.73341997,8.45253575,36.28088422,429.2307626,113Y12M
10014,臺東縣,10014040,卑南鄉,10014040-008,賓朗村,108.38,2.45,159.37,42.64795604,8.114704083,34.53325196,425.5639066,113Y12M
10014,臺東縣,10014040,卑南鄉,10014040-009,泰安村,98.98,2.49,50.07,36.82634727,17.46506984,19.36127743,110.8571422,113Y12M
10014,臺東縣,10014040,卑南鄉,10014040-010,太平村,102.69,2.4,554.76,34.05139832,12.50944822,21.54195011,172.2054375,113Y12M
10014,臺東縣,10014040,卑南鄉,10014040-011,利嘉村,102.93,2.58,26.43,46.07268459,16.99882765,29.07385694,171.0344816,113Y12M
10014,臺東縣,10014040,卑南鄉,10014040-012,東興村,110.59,2.62,15.23,34.12698409,14.18650792,19.94047617,140.5594396,113Y12M
10014,臺東縣,10014040,卑南鄉,10014040-013,溫泉村,113.97,2.04,7.97,57.19999992,13.86666665,43.33333328,312.499997,113Y12M
10014,臺東縣,10014050,鹿野鄉,10014050-001,瑞和村,108.41,2.61,37.43,36.80981588,6.543967267,30.26584861,462.4999855,113Y12M
10014,臺東縣,10014050,鹿野鄉,10014050-002,瑞豐村,117.94,2.27,138.58,44.93464045,4.901960776,40.03267967,816.6666394,113Y12M
10014,臺東縣,10014050,鹿野鄉,10014050-003,瑞源村,103.36,2.32,62.27,54.06779652,15.08474574,38.98305078,258.4269634,113Y12M
10014,臺東縣,10014050,鹿野鄉,10014050-004,永安村,118.94,2.36,107.54,40.66037732,9.150943388,31.50943393,344.3298934,113Y12M
10014,臺東縣,10014050,鹿野鄉,10014050-005,瑞隆村,109.7,2.29,70.39,45.98070732,8.842443716,37.13826361,419.9999924,113Y12M
10014,臺東縣,10014050,鹿野鄉,10014050-006,鹿野村,100.19,2.3,124.47,48.14305358,9.628610716,38.51444286,399.9999943,113Y12M
10014,臺東縣,10014050,鹿野鄉,10014050-007,龍田村,118.15,2.26,202.73,50.88676664,10.77762618,40.10914046,372.151894,113Y12M
10014,臺東縣,10014060,池上鄉,10014060-001,福文村,110.97,2.4,141.33,49.93710686,14.33962262,35.59748423,248.2456119,113Y12M
10014,臺東縣,10014060,池上鄉,10014060-002,慶豐村,110.75,2.76,318.37,53.81263605,13.50762524,40.30501081,298.387092,113Y12M
10014,臺東縣,10014060,池上鄉,10014060-003,大坡村,112.73,2.45,39.82,72.05882318,15.19607836,56.86274482,374.1935363,113Y12M
10014,臺東縣,10014060,池上鄉,10014060-004,大埔村,97.64,2.49,429.56,59.61904751,13.14285712,46.47619039,353.6231833,113Y12M
10014,臺東縣,10014060,池上鄉,10014060-005,福原村,90.69,2.46,1403.79,50.48543686,15.95006934,34.53536752,216.5217382,113Y12M
10014,臺東縣,10014060,池上鄉,10014060-006,錦園村,116.67,2.24,38.56,58.68544573,11.73708915,46.94835659,399.999984,113Y12M
10014,臺東縣,10014060,池上鄉,10014060-007,新興村,119.41,2.34,85.55,51.35593212,11.52542371,39.83050841,345.5882302,113Y12M
10014,臺東縣,10014060,池上鄉,10014060-008,萬安村,105.52,2.31,72.66,56.54205581,16.35514011,40.1869157,245.7142787,113Y12M
10014,臺東縣,10014060,池上鄉,10014060-009,富興村,121.55,2.49,22.88,53.05343491,12.5954198,40.45801511,321.2121115,113Y12M
10014,臺東縣,10014060,池上鄉,10014060-010,振興村,113.57,2.41,31.64,45.6790122,12.65432095,33.02469126,260.9756034,113Y12M
10014,臺東縣,10014070,東河鄉,10014070-001,北源村,161.95,1.9,27.2,46.51600749,7.627118637,38.88888885,509.8765369,113Y12M
10014,臺東縣,10014070,東河鄉,10014070-002,泰源村,111.09,2.39,20.37,49.63144957,10.56511055,39.06633902,369.7674376,113Y12M
10014,臺東縣,10014070,東河鄉,10014070-003,東河村,119.79,2.29,98.36,45.28832624,9.001406457,36.28691978,403.1249937,113Y12M
10014,臺東縣,10014070,東河鄉,10014070-004,尚德村,138.46,1.95,8.87,48.50299372,7.784431091,40.71856263,523.0768828,113Y12M
10014,臺東縣,10014070,東河鄉,10014070-005,隆昌村,101.91,2.03,48.78,66.8769714,11.35646684,55.52050456,488.8888753,113Y12M
10014,臺東縣,10014070,東河鄉,10014070-006,興昌村,106.89,2.01,47.49,55.0860719,8.450704212,46.63536769,551.8518416,113Y12M
10014,臺東縣,10014070,東河鄉,10014070-007,都蘭村,107.29,2.26,76.8,51.4150943,11.25336926,40.16172504,356.8862254,113Y12M
10014,臺東縣,10014080,長濱鄉,10014080-001,樟原村,126.88,2.05,18.96,59.88857922,6.406685219,53.481894,834.7825724,113Y12M
10014,臺東縣,10014080,長濱鄉,10014080-002,三間村,132.3,2.27,34.19,54.5688545,10.03861003,44.53024447,443.5897379,113Y12M
10014,臺東縣,10014080,長濱鄉,10014080-003,忠勇村,145.61,2.39,25.94,46.98162717,11.02362202,35.95800515,326.1904684,113Y12M
10014,臺東縣,10014080,長濱鄉,10014080-004,長濱村,108.98,2.37,220.03,45.72025049,10.22964509,35.4906054,346.9387732,113Y12M
10014,臺東縣,10014080,長濱鄉,10014080-005,竹湖村,123.87,2.27,50.13,53.09278341,7.560137444,45.53264597,602.2727136,113Y12M
10014,臺東縣,10014080,長濱鄉,10014080-006,寧埔村,133.78,2.1,33.1,53.40050371,7.178841301,46.22166241,643.8596378,113Y12M
10014,臺東縣,10014090,太麻里鄉,10014090-001,美和村,113.83,2.48,111.32,40.13944219,10.35856573,29.78087646,287.4999972,113Y12M
10014,臺東縣,10014090,太麻里鄉,10014090-002,三和村,115.11,2.22,132.3,43.06220085,7.416267925,35.64593293,480.6451458,113Y12M
10014,臺東縣,10014090,太麻里鄉,10014090-003,華源村,124.16,1.87,69.37,53.04568514,6.091370543,46.9543146,770.8333012,113Y12M
10014,臺東縣,10014090,太麻里鄉,10014090-004,北里村,145.16,1.92,61.18,52.38095225,11.52882203,40.85213022,354.3478184,113Y12M
10014,臺東縣,10014090,太麻里鄉,10014090-005,泰和村,103.41,2.03,426.29,48.70517923,12.15139441,36.55378482,300.8196697,113Y12M
10014,臺東縣,10014090,太麻里鄉,10014090-006,大王村,114.94,2.17,184.16,50.57295642,12.22307104,38.34988538,313.749998,113Y12M
10014,臺東縣,10014090,太麻里鄉,10014090-007,香蘭村,115.87,2.23,89.67,48.526863,12.65164643,35.87521658,283.56164,113Y12M
10014,臺東縣,10014090,太麻里鄉,10014090-008,金崙村,104.04,2.27,91.79,37.78990448,14.87039562,22.91950885,154.1284397,113Y12M
10014,臺東縣,10014090,太麻里鄉,10014090-009,多良村,103.62,2.07,46.12,38.25136607,11.74863386,26.5027322,225.5813927,113Y12M
10014,臺東縣,10014100,大武鄉,10014100-001,大竹村,117.63,2.16,41.9,40.16949146,11.35593218,28.81355927,253.7313395,113Y12M
10014,臺東縣,10014100,大武鄉,10014100-002,大鳥村,119.24,2.32,64.07,35.89743586,14.71571905,21.18171681,143.9393928,113Y12M
10014,臺東縣,10014100,大武鄉,10014100-003,大武村,105.22,2.29,206.03,47.44525542,17.72679873,29.71845669,167.6470578,113Y12M
10014,臺東縣,10014100,大武鄉,10014100-004,尚武村,106.91,2.1,158.46,47.02194352,11.38975965,35.63218387,312.8440338,113Y12M
10014,臺東縣,10014100,大武鄉,10014100-005,南興村,112.81,2.17,69.15,43.40527568,13.66906472,29.73621096,217.5438558,113Y12M
10014,臺東縣,10014110,綠島鄉,10014110-001,公館村,123.02,3.29,135.28,28.01268496,10.35940802,17.65327694,170.4081615,113Y12M
10014,臺東縣,10014110,綠島鄉,10014110-002,中寮村,104.23,3.33,932.09,32.27848098,12.8691983,19.40928268,150.8196709,113Y12M
10014,臺東縣,10014110,綠島鄉,10014110-003,南寮村,119.43,3.64,485.73,26.81638043,9.577278726,17.23910171,179.9999988,113Y12M
10014,臺東縣,10014120,海端鄉,10014120-001,廣原村,101.72,3.75,30.67,37.02623901,22.88629734,14.13994167,61.7834391,113Y12M
10014,臺東縣,10014120,海端鄉,10014120-002,霧鹿村,102.89,3.82,1.82,38.18897623,21.65354322,16.53543301,76.36363498,113Y12M
10014,臺東縣,10014120,海端鄉,10014120-003,利稻村,96.13,4.18,0.95,33.45864649,18.79699241,14.66165408,77.99999844,113Y12M
10014,臺東縣,10014120,海端鄉,10014120-004,海端村,109.95,3.88,44.37,36.24009056,20.15855037,16.08154019,79.77528045,113Y12M
10014,臺東縣,10014120,海端鄉,10014120-005,崁頂村,121.74,3.94,7.92,43.40949026,26.88927939,16.52021087,61.4379081,113Y12M
10014,臺東縣,10014120,海端鄉,10014120-006,加拿村,117.47,3.87,3.85,32.84518822,20.08368197,12.76150625,63.541666,113Y12M
10014,臺東縣,10014130,延平鄉,10014130-001,武陵村,106.15,3.24,48.79,33.93829395,19.78221412,14.15607983,71.55963237,113Y12M
10014,臺東縣,10014130,延平鄉,10014130-002,永康村,104.06,3.32,11.29,35.35353523,22.55892248,12.79461275,56.71641706,113Y12M
10014,臺東縣,10014130,延平鄉,10014130-003,紅葉村,104.88,3.36,1.54,38.08219168,18.90410954,19.17808214,101.4492739,113Y12M
10014,臺東縣,10014130,延平鄉,10014130-004,鸞山村,110.4,3.26,26.25,40.40816318,22.44897955,17.95918364,79.99999927,113Y12M
10014,臺東縣,10014130,延平鄉,10014130-005,桃源村,109.04,3.33,16.23,34.76347631,20.68206818,14.08140813,68.08510602,113Y12M
10014,臺東縣,10014140,金峰鄉,10014140-001,新興村,98.53,3.15,122.65,38.60369602,21.3552361,17.24845992,80.76922999,113Y12M
10014,臺東縣,10014140,金峰鄉,10014140-002,正興村,96.76,3.21,3592.26,39.99999992,20.57692304,19.42307689,94.39252248,113Y12M
10014,臺東縣,10014140,金峰鄉,10014140-003,嘉蘭村,100.8,3.01,8.11,36.34719707,18.89692584,17.45027123,92.34449717,113Y12M
10014,臺東縣,10014140,金峰鄉,10014140-004,賓茂村,124.24,2.62,2604.15,33.5740071,11.55234653,22.02166057,190.624994,113Y12M
10014,臺東縣,10014140,金峰鄉,10014140-005,歷坵村,92.42,2.92,2.07,39.04109576,19.52054788,19.52054788,99.99999825,113Y12M
10014,臺東縣,10014150,達仁鄉,10014150-001,台坂村,114.77,2.44,32.77,40.72580637,17.33870964,23.38709673,134.8837194,113Y12M
10014,臺東縣,10014150,達仁鄉,10014150-002,土坂村,123.28,2.77,11.34,33.02509903,14.53104357,18.49405546,127.2727261,113Y12M
10014,臺東縣,10014150,達仁鄉,10014150-003,新化村,113.98,2.54,3.2,34.45945934,10.47297294,23.98648641,229.0322507,113Y12M
10014,臺東縣,10014150,達仁鄉,10014150-004,安朔村,113.99,1.96,11.2,38.46153837,11.9909502,26.47058818,220.7547128,113Y12M
10014,臺東縣,10014150,達仁鄉,10014150-005,森永村,124.84,1.96,24.49,44.67213096,13.52459011,31.14754086,230.3030233,113Y12M
10014,臺東縣,10014150,達仁鄉,10014150-006,南田村,95.98,2.58,19.35,27.7153557,11.23595501,16.47940069,146.6666618,113Y12M
10014,臺東縣,10014160,蘭嶼鄉,10014160-001,東清村,99.02,2.81,90.93,32.35772355,19.59349592,12.76422763,65.14522795,113Y12M
10014,臺東縣,10014160,蘭嶼鄉,10014160-002,朗島村,93.93,2.74,102.91,30.69577076,18.00818551,12.68758525,70.45454492,113Y12M
10014,臺東縣,10014160,蘭嶼鄉,10014160-003,紅頭村,107.48,2.41,125.16,28.47341335,14.40823326,14.06518009,97.61904704,113Y12M
10014,臺東縣,10014160,蘭嶼鄉,10014160-004,椰油村,99.83,2.61,147.34,30.0981461,17.99345691,12.10468919,67.27272687,113Y12M
