COUNTY_ID,COUNTY,TOWN_ID,TOWN,V_ID,VILLAGE,A15A19_E1314_CNT,A15A19_E1112_CNT,A15A19_E2122_CNT,A15A19_E3_4_5_CNT,A15A19_E6_7_CNT,A15A19_E8_9_CNT,A15A19_E1_2_CNT,A15A19_E03_CNT,A15A19_E04_CNT,A20A24_E1314_CNT,A20A24_E1112_CNT,A20A24_E2122_CNT,A20A24_E3_4_5_CNT,A20A24_E6_7_CNT,A20A24_E8_9_CNT,A20A24_E1_2_CNT,A20A24_E03_CNT,A20A24_E04_CNT,A25A29_E1314_CNT,A25A29_E1112_CNT,A25A29_E2122_CNT,A25A29_E3_4_5_CNT,A25A29_E6_7_CNT,A25A29_E8_9_CNT,A25A29_E1_2_CNT,A25A29_E03_CNT,A25A29_E04_CNT,A30A34_E1314_CNT,A30A34_E1112_CNT,A30A34_E2122_CNT,A30A34_E3_4_5_CNT,A30A34_E6_7_CNT,A30A34_E8_9_CNT,A30A34_E1_2_CNT,A30A34_E03_CNT,A30A34_E04_CNT,A35A39_E1314_CNT,A35A39_E1112_CNT,A35A39_E2122_CNT,A35A39_E3_4_5_CNT,A35A39_E6_7_CNT,A35A39_E8_9_CNT,A35A39_E1_2_CNT,A35A39_E03_CNT,A35A39_E04_CNT,A40A44_E1314_CNT,A40A44_E1112_CNT,A40A44_E2122_CNT,A40A44_E3_4_5_CNT,A40A44_E6_7_CNT,A40A44_E8_9_CNT,A40A44_E1_2_CNT,A40A44_E03_CNT,A40A44_E04_CNT,A45A49_E1314_CNT,A45A49_E1112_CNT,A45A49_E2122_CNT,A45A49_E3_4_5_CNT,A45A49_E6_7_CNT,A45A49_E8_9_CNT,A45A49_E1_2_CNT,A45A49_E03_CNT,A45A49_E04_CNT,A50A54_E1314_CNT,A50A54_E1112_CNT,A50A54_E2122_CNT,A50A54_E3_4_5_CNT,A50A54_E6_7_CNT,A50A54_E8_9_CNT,A50A54_E1_2_CNT,A50A54_E03_CNT,A50A54_E04_CNT,A55A59_E1314_CNT,A55A59_E1112_CNT,A55A59_E2122_CNT,A55A59_E3_4_5_CNT,A55A59_E6_7_CNT,A55A59_E8_9_CNT,A55A59_E1_2_CNT,A55A59_E03_CNT,A55A59_E04_CNT,A60A64_E1314_CNT,A60A64_E1112_CNT,A60A64_E2122_CNT,A60A64_E3_4_5_CNT,A60A64_E6_7_CNT,A60A64_E8_9_CNT,A60A64_E1_2_CNT,A60A64_E03_CNT,A60A64_E04_CNT,A65UP_E1314_CNT,A65UP_E1112_CNT,A65UP_E2122_CNT,A65UP_E3_4_5_CNT,A65UP_E6_7_CNT,A65UP_E8_9_CNT,A65UP_E1_2_CNT,A65UP_E03_CNT,A65UP_E04_CNT,INFO_TIME
縣市代碼,縣市名稱,鄉鎮市區代碼,鄉鎮市區名稱,村里代碼,村里名稱,15-19歲博士人口數,15-19歲碩士人口數,15-19歲大學院校人口數,15-19歲專科人口數,15-19歲高中職人口數,15-19歲國中初職人口數,15-19歲小學人口數,15-19歲自修人口數,15-19歲不識字人口數,20-24歲博士人口數,20-24歲碩士人口數,20-24歲大學院校人口數,20-24歲專科人口數,20-24歲高中職人口數,20-24歲國中初職人口數,20-24歲小學人口數,20-24歲自修人口數,20-24歲不識字人口數,25-29歲博士人口數,25-29歲碩士人口數,25-29歲大學院校人口數,25-29歲專科人口數,25-29歲高中職人口數,25-29歲國中初職人口數,25-29歲小學人口數,25-29歲自修人口數,25-29歲不識字人口數,30-34歲博士人口數,30-34歲碩士人口數,30-34歲大學院校人口數,30-34歲專科人口數,30-34歲高中職人口數,30-34歲國中初職人口數,30-34歲小學人口數,30-34歲自修人口數,30-34歲不識字人口數,35-39歲博士人口數,35-39歲碩士人口數,35-39歲大學院校人口數,35-39歲專科人口數,35-39歲高中職人口數,35-39歲國中初職人口數,35-39歲小學人口數,35-39歲自修人口數,35-39歲不識字人口數,40-44歲博士人口數,40-44歲碩士人口數,40-44歲大學院校人口數,40-44歲專科人口數,40-44歲高中職人口數,40-44歲國中初職人口數,40-44歲小學人口數,40-44歲自修人口數,40-44歲不識字人口數,45-49歲博士人口數,45-49歲碩士人口數,45-49歲大學院校人口數,45-49歲專科人口數,45-49歲高中職人口數,45-49歲國中初職人口數,45-49歲小學人口數,45-49歲自修人口數,45-49歲不識字人口數,50-54歲博士人口數,50-54歲碩士人口數,50-54歲大學院校人口數,50-54歲專科人口數,50-54歲高中職人口數,50-54歲國中初職人口數,50-54歲小學人口數,50-54歲自修人口數,50-54歲不識字人口數,55-59歲博士人口數,55-59歲碩士人口數,55-59歲大學院校人口數,55-59歲專科人口數,55-59歲高中職人口數,55-59歲國中初職人口數,55-59歲小學人口數,55-59歲自修人口數,55-59歲不識字人口數,60-64歲博士人口數,60-64歲碩士人口數,60-64歲大學院校人口數,60-64歲專科人口數,60-64歲高中職人口數,60-64歲國中初職人口數,60-64歲小學人口數,60-64歲自修人口數,60-64歲不識字人口數,65歲以上博士人口數,65歲以上碩士人口數,65歲以上大學院校人口數,65歲以上專科人口數,65歲以上高中職人口數,65歲以上國中初職人口數,65歲以上小學人口數,65歲以上自修人口數,65歲以上不識字人口數,資料時間
10014,臺東縣,10014100,大武鄉,10014100-001,大竹村,0,0,2,6,30,3,0,0,0,0,1,16,4,18,3,0,0,0,0,0,16,4,25,8,3,0,0,0,2,17,7,33,13,3,0,1,0,0,15,9,32,11,2,0,0,0,1,8,10,22,16,4,0,0,0,1,1,1,18,17,17,0,0,0,0,0,4,15,35,28,0,0,0,0,1,1,16,28,53,0,0,0,0,2,2,3,6,49,0,1,0,0,2,4,6,6,97,1,6,104Y
10014,臺東縣,10014100,大武鄉,10014100-003,大武村,0,0,10,15,67,6,1,0,0,0,2,55,13,38,3,0,0,0,0,10,49,5,37,6,0,0,0,0,9,24,18,66,19,3,0,0,0,10,19,22,59,20,1,0,0,2,5,13,18,66,30,4,0,0,0,1,11,8,37,32,17,0,0,0,2,8,13,53,52,30,0,0,0,1,7,7,34,39,42,0,0,0,0,3,2,28,19,73,0,2,0,0,6,5,23,33,132,0,17,104Y
10014,臺東縣,10014100,大武鄉,10014100-002,大鳥村,0,0,4,27,47,8,0,0,0,0,0,37,9,53,11,0,0,0,0,0,19,9,60,14,0,0,0,0,0,28,8,46,24,6,0,0,0,0,5,11,36,28,6,0,0,0,2,4,9,47,29,5,0,0,1,1,1,8,19,69,13,0,0,0,0,3,1,26,64,28,0,1,0,0,2,1,30,39,43,0,0,0,0,4,2,9,13,60,0,1,1,1,2,4,7,7,117,0,1,104Y
10014,臺東縣,10014100,大武鄉,10014100-004,尚武村,0,0,13,17,47,6,2,0,0,0,4,50,7,38,4,0,0,0,0,2,41,8,50,9,2,0,0,0,4,25,19,48,16,5,0,0,0,5,20,26,70,32,1,0,0,1,1,15,13,62,42,4,0,0,1,3,8,15,63,61,13,0,0,1,1,5,10,47,61,25,0,1,0,0,5,10,37,70,49,0,2,0,1,5,2,18,15,87,0,2,0,2,5,5,15,21,170,4,41,104Y
10014,臺東縣,10014100,大武鄉,10014100-005,南興村,0,0,4,8,14,2,0,0,0,0,0,13,6,17,1,0,0,0,0,0,23,4,16,1,0,0,1,0,2,7,10,20,7,2,0,0,0,3,12,10,23,15,0,0,0,0,3,4,5,27,11,1,0,0,0,0,1,2,22,15,6,0,1,0,0,1,6,27,25,11,0,0,0,1,3,6,13,18,25,0,0,0,0,3,2,15,10,20,0,0,0,0,3,3,4,8,56,4,11,104Y
10014,臺東縣,10014090,太麻里鄉,10014090-002,三和村,0,0,14,8,23,4,0,0,0,0,1,23,5,9,2,0,0,0,0,2,16,1,11,5,2,0,0,0,2,15,5,23,14,1,0,0,0,0,5,10,24,13,3,0,0,0,1,3,11,21,14,0,0,0,0,2,2,8,34,16,2,0,0,0,0,2,3,21,29,7,0,0,0,0,2,1,12,23,24,0,0,0,0,1,0,3,10,27,0,1,0,0,0,0,2,8,98,0,22,104Y
10014,臺東縣,10014090,太麻里鄉,10014090-006,大王村,0,0,15,17,60,9,0,0,0,0,2,62,20,46,4,0,0,0,0,4,57,13,61,9,0,0,0,1,11,37,28,67,22,4,0,0,1,4,27,17,58,28,1,0,0,0,6,18,19,77,33,3,0,0,0,2,9,14,77,39,12,0,0,0,3,7,15,57,56,20,0,1,0,1,10,7,56,45,60,0,7,0,4,3,4,33,27,110,1,4,0,0,8,7,25,27,230,6,46,104Y
10014,臺東縣,10014090,太麻里鄉,10014090-004,北里村,0,0,3,8,25,2,0,0,0,0,1,13,14,21,1,0,0,0,0,2,9,4,18,2,0,0,0,0,1,8,4,21,11,0,0,0,0,1,4,4,23,13,2,0,0,0,1,4,2,24,10,3,0,0,0,0,2,1,10,16,5,0,0,0,0,1,1,17,26,5,0,0,0,0,0,4,20,19,17,0,0,0,0,0,1,13,10,37,0,1,0,0,3,0,6,5,83,3,16,104Y
10014,臺東縣,10014090,太麻里鄉,10014090-009,多良村,0,0,3,11,33,5,0,0,0,0,1,16,14,44,7,0,0,0,0,0,10,3,43,3,0,0,1,0,0,10,5,42,18,1,0,1,0,0,2,11,23,38,2,0,1,1,2,1,4,34,52,6,0,0,0,0,1,4,18,29,26,0,1,0,2,1,2,17,29,43,1,1,0,0,1,4,14,16,56,0,1,0,0,0,2,11,4,54,1,2,0,0,1,2,8,12,98,1,12,104Y
10014,臺東縣,10014090,太麻里鄉,10014090-008,金崙村,0,0,8,30,68,13,2,0,0,0,1,44,18,70,2,0,0,0,0,0,26,16,69,10,0,0,0,0,1,22,13,66,28,1,0,0,0,2,10,21,85,50,3,0,0,0,1,8,11,71,62,7,0,0,1,0,3,12,80,61,23,0,1,0,1,8,5,55,74,50,0,1,0,0,2,1,40,36,77,2,2,0,0,1,4,15,19,72,0,1,0,0,6,1,23,33,166,5,10,104Y
10014,臺東縣,10014090,太麻里鄉,10014090-001,美和村,0,0,10,17,73,14,0,0,0,0,1,44,16,33,5,1,0,0,1,4,33,7,38,5,1,0,0,0,3,20,15,60,17,0,0,0,0,2,16,18,56,30,4,0,0,1,4,6,18,48,34,3,0,2,0,1,2,10,48,47,7,0,0,0,0,1,9,39,64,18,0,0,0,1,1,4,20,30,40,0,0,1,0,2,0,17,8,80,0,1,0,0,0,1,6,17,190,0,16,104Y
10014,臺東縣,10014090,太麻里鄉,10014090-007,香蘭村,0,0,3,5,24,1,0,0,0,0,0,20,6,23,1,0,0,0,0,1,24,7,24,3,0,0,0,1,1,8,9,43,10,0,0,1,0,2,4,7,24,14,0,0,0,0,1,6,5,24,16,3,0,0,0,3,4,7,38,22,0,0,0,0,1,0,6,25,41,16,0,0,0,0,0,0,17,25,29,0,2,0,0,1,1,6,12,36,0,1,0,0,0,1,4,14,138,2,33,104Y
10014,臺東縣,10014090,太麻里鄉,10014090-005,泰和村,0,0,19,20,59,3,1,0,0,0,2,66,13,32,3,0,0,0,1,8,69,11,24,4,0,0,0,0,11,44,15,38,12,3,0,0,0,8,20,24,48,25,0,0,0,0,3,12,25,60,24,1,0,0,0,1,6,11,61,41,6,0,0,0,3,5,5,68,56,9,0,1,0,1,6,8,35,31,38,0,3,0,2,3,7,19,20,59,2,2,0,1,9,1,26,29,193,3,39,104Y
10014,臺東縣,10014090,太麻里鄉,10014090-003,華源村,0,0,8,3,21,1,0,0,0,0,1,19,4,11,3,0,0,0,0,1,10,5,11,0,0,0,0,0,3,9,4,16,2,1,0,0,0,2,5,9,31,8,1,0,0,0,1,8,5,30,13,2,0,0,0,1,2,6,23,31,3,0,0,0,0,1,4,13,29,3,0,1,0,0,0,4,7,8,22,0,1,0,0,2,2,3,5,32,0,2,0,0,0,3,9,10,119,1,47,104Y
10014,臺東縣,10014020,成功鎮,10014020-003,三仙里,0,0,8,8,56,6,2,0,0,0,0,32,4,45,8,0,0,0,0,2,37,3,43,6,1,0,0,0,5,16,11,51,34,22,0,0,0,1,8,9,51,55,23,0,0,0,1,9,4,27,66,14,0,0,1,1,2,4,19,59,40,0,0,0,0,0,5,21,48,66,0,3,0,0,1,4,22,32,82,1,4,0,0,0,0,16,16,88,0,0,0,1,0,3,4,13,226,1,13,104Y
10014,臺東縣,10014020,成功鎮,10014020-004,三民里,0,0,38,26,131,22,1,0,0,0,5,94,22,75,9,0,0,0,1,6,85,26,78,15,0,0,0,0,5,66,31,92,32,9,0,0,0,9,36,40,98,68,26,0,2,1,5,14,20,71,90,11,0,1,0,4,12,31,71,109,29,1,1,0,1,4,14,69,101,85,0,1,0,0,10,11,41,55,121,1,8,0,0,5,6,30,36,152,0,11,0,0,4,4,22,29,406,1,19,104Y
10014,臺東縣,10014020,成功鎮,10014020-007,和平里,0,0,5,2,18,1,1,0,0,0,2,26,5,23,3,0,0,0,0,0,13,5,22,1,0,0,0,0,1,7,5,31,6,1,0,0,1,2,3,4,33,18,5,0,0,0,0,3,3,15,26,3,0,1,0,2,4,2,21,27,13,0,0,0,0,0,2,24,32,33,0,1,0,0,3,2,12,22,44,0,0,0,0,0,0,13,10,50,0,0,0,0,1,0,6,16,167,1,7,104Y
10014,臺東縣,10014020,成功鎮,10014020-006,忠仁里,0,0,30,17,92,17,0,0,0,0,2,99,14,54,4,0,0,0,0,6,81,16,40,5,2,0,0,0,10,48,39,79,30,6,0,0,0,8,31,42,78,43,20,0,1,0,6,10,15,85,73,11,0,0,0,4,11,26,77,78,21,0,1,1,2,7,15,69,73,35,0,2,0,1,7,11,64,71,65,0,1,0,1,5,8,27,44,113,1,2,0,2,7,14,31,61,288,3,20,104Y
10014,臺東縣,10014020,成功鎮,10014020-002,忠孝里,0,0,13,3,20,3,2,0,0,0,0,28,6,39,3,0,0,0,0,0,25,6,28,10,0,0,0,0,0,15,10,31,19,6,0,0,0,1,7,10,34,22,2,0,0,0,0,3,3,23,33,0,0,1,0,2,2,6,32,45,13,0,0,0,2,2,1,28,48,35,0,0,0,0,4,1,17,31,35,0,0,0,0,2,0,11,19,60,0,1,0,0,1,2,9,17,203,2,4,104Y
10014,臺東縣,10014020,成功鎮,10014020-005,忠智里,0,0,26,19,89,15,0,0,0,0,4,90,10,31,4,0,0,0,0,13,77,11,23,6,1,0,0,1,10,42,26,53,21,3,0,0,2,16,37,35,65,29,9,0,0,1,3,16,24,68,54,5,0,0,0,4,11,23,84,29,6,0,0,0,2,8,17,65,59,23,0,1,0,0,10,15,50,59,38,0,1,0,1,5,6,27,44,74,0,1,0,1,8,4,33,46,279,1,16,104Y
10014,臺東縣,10014020,成功鎮,10014020-008,信義里,0,0,15,7,45,7,0,0,0,0,3,49,10,39,4,0,0,0,0,3,35,7,48,16,1,0,0,0,1,22,19,60,35,13,0,0,0,1,11,24,56,42,16,0,0,0,6,9,16,38,76,22,0,1,0,3,4,9,50,85,45,0,0,1,1,4,11,38,70,79,0,0,0,1,8,9,31,51,83,0,0,0,1,5,5,25,20,115,0,0,0,0,5,3,25,20,357,2,9,104Y
10014,臺東縣,10014020,成功鎮,10014020-001,博愛里,0,0,5,0,20,2,0,0,0,0,0,12,4,20,1,0,0,0,0,0,6,5,12,0,0,0,0,0,0,10,5,20,10,7,0,0,1,0,3,8,15,15,2,0,0,0,0,2,2,16,19,1,0,0,0,1,0,5,17,38,6,0,0,0,2,2,4,21,37,14,0,0,0,0,1,3,14,24,29,0,1,0,0,2,0,4,7,39,0,0,0,0,1,2,8,7,159,0,1,104Y
10014,臺東縣,10014060,池上鄉,10014060-003,大坡村,0,0,2,3,8,1,0,0,0,0,0,14,0,9,1,0,0,0,0,0,6,3,5,1,0,0,0,0,1,5,2,17,1,0,0,0,0,1,3,3,9,8,0,0,0,0,0,2,1,8,6,0,0,1,0,0,1,2,8,5,5,0,0,0,0,0,0,8,23,5,0,1,0,0,0,0,12,19,7,0,0,0,0,0,1,5,10,22,0,0,0,0,2,1,4,5,51,0,13,104Y
10014,臺東縣,10014060,池上鄉,10014060-004,大埔村,0,0,10,7,26,6,1,0,0,0,0,36,9,20,1,0,0,0,0,1,21,5,13,1,0,0,0,1,4,16,11,23,8,0,0,0,1,4,13,18,25,12,0,0,0,0,2,9,7,29,23,4,0,0,0,4,10,3,23,20,3,0,0,1,2,2,7,24,32,6,0,1,0,1,3,2,16,23,20,0,2,0,0,3,7,17,14,41,0,1,0,0,5,5,11,15,123,2,16,104Y
10014,臺東縣,10014060,池上鄉,10014060-010,振興村,0,0,3,6,21,3,1,0,0,0,0,12,2,21,2,0,0,0,0,0,5,2,13,1,0,0,0,0,2,4,2,22,4,6,0,0,0,2,2,1,19,9,0,0,0,0,2,2,3,12,18,4,0,0,0,1,1,3,10,16,12,0,0,0,0,1,2,9,12,13,0,1,0,0,0,0,5,11,19,0,2,0,0,1,1,2,1,27,0,0,0,0,1,1,2,5,63,1,20,104Y
10014,臺東縣,10014060,池上鄉,10014060-009,富興村,0,0,3,4,15,4,0,0,0,1,0,7,3,11,1,0,0,0,0,2,6,1,9,1,0,0,0,0,1,3,5,21,1,0,0,0,0,0,4,2,19,7,2,0,0,1,0,0,1,20,11,0,0,0,0,0,2,4,15,14,4,0,0,0,0,1,2,12,19,12,0,0,0,0,0,2,13,9,16,0,1,0,1,1,1,6,5,15,0,3,0,0,1,1,1,13,54,2,11,104Y
10014,臺東縣,10014060,池上鄉,10014060-007,新興村,0,0,9,9,29,5,3,0,0,0,2,30,10,24,2,0,0,0,0,1,24,3,24,5,2,0,0,1,1,13,5,32,8,0,0,0,1,4,6,7,31,22,4,0,0,0,4,3,10,42,21,2,0,1,0,1,2,11,43,19,3,0,0,0,0,4,2,30,20,9,0,0,0,1,1,4,28,29,22,0,1,0,1,1,3,13,9,50,0,1,0,0,1,2,12,17,138,0,31,104Y
10014,臺東縣,10014060,池上鄉,10014060-008,萬安村,0,0,5,1,11,1,0,0,0,0,0,14,1,7,0,0,0,0,0,1,9,2,6,2,0,1,0,0,0,8,1,13,1,1,0,0,0,1,1,9,10,3,0,0,1,0,0,1,3,14,4,2,0,0,0,0,0,4,20,7,0,0,1,0,0,1,3,15,18,6,0,1,0,0,0,2,4,4,1,0,0,0,0,1,0,6,10,17,1,0,0,0,0,0,3,9,67,0,11,104Y
10014,臺東縣,10014060,池上鄉,10014060-001,福文村,0,0,7,23,60,7,1,0,0,0,1,35,6,32,2,0,0,0,0,3,28,6,22,3,0,0,0,1,1,10,5,48,5,4,0,0,0,0,14,14,61,10,6,0,0,0,4,10,14,50,39,6,0,0,0,4,8,2,54,35,12,0,1,0,1,5,8,51,46,4,0,2,0,0,1,3,27,38,30,0,0,0,0,5,1,12,12,59,1,1,0,0,2,5,23,20,183,3,34,104Y
10014,臺東縣,10014060,池上鄉,10014060-005,福原村,0,0,27,18,69,10,2,0,0,0,3,90,17,28,1,0,0,0,0,12,71,11,43,9,1,0,0,1,16,57,27,50,6,4,0,0,1,5,32,28,68,17,5,0,0,0,12,32,30,79,21,3,0,0,0,3,16,20,88,37,6,0,0,0,3,7,27,82,46,8,1,0,0,2,17,19,73,44,27,0,2,0,1,7,9,53,31,63,0,1,0,1,12,15,46,73,219,12,37,104Y
10014,臺東縣,10014060,池上鄉,10014060-002,慶豐村,0,0,2,9,34,1,2,0,0,0,1,19,3,18,4,0,0,0,0,2,13,7,16,2,0,0,0,0,1,12,6,25,5,0,0,0,0,1,9,11,27,12,0,0,0,0,3,3,7,32,12,1,0,0,0,4,2,8,35,18,2,0,0,0,0,1,1,39,29,3,0,1,0,1,0,4,13,20,12,0,0,0,0,1,1,6,13,36,0,0,0,0,0,4,7,19,111,0,17,104Y
10014,臺東縣,10014060,池上鄉,10014060-006,錦園村,0,0,8,2,8,2,0,0,1,0,1,12,0,2,0,0,0,1,0,1,12,2,5,0,0,0,0,0,1,8,3,5,3,0,0,0,0,1,3,3,9,4,0,0,0,0,0,1,4,21,3,1,0,0,0,1,0,1,22,8,0,0,0,0,1,2,3,19,15,1,0,0,0,1,1,2,12,13,10,0,0,0,0,1,2,10,3,15,1,0,0,0,0,3,5,16,59,2,8,104Y
10014,臺東縣,10014040,卑南鄉,10014040-010,太平村,0,0,29,30,139,21,1,0,2,0,5,128,28,123,6,1,0,0,1,11,83,32,125,16,1,0,0,0,12,63,39,111,30,6,0,0,1,11,37,49,116,49,11,0,0,0,8,35,34,139,79,6,0,0,0,14,21,33,141,73,12,0,0,0,7,22,23,111,103,33,0,2,0,2,16,14,87,66,75,1,2,2,1,7,9,45,25,127,1,9,0,0,16,15,36,37,188,28,58,104Y
10014,臺東縣,10014040,卑南鄉,10014040-002,利吉村,0,0,2,2,12,3,0,0,0,0,0,13,4,11,0,0,0,0,0,2,8,4,17,1,0,0,0,0,0,6,4,20,4,1,0,0,0,1,1,4,14,7,0,0,0,0,0,2,6,6,6,2,0,0,0,1,3,4,8,12,4,0,0,0,1,1,3,13,17,11,0,0,0,1,1,1,15,18,17,0,1,0,1,2,1,10,5,25,0,0,0,0,1,3,3,5,68,4,14,104Y
10014,臺東縣,10014040,卑南鄉,10014040-011,利嘉村,0,0,11,15,56,9,0,0,0,0,1,40,12,52,7,0,0,0,0,10,35,11,42,6,1,0,0,0,9,23,7,33,11,0,0,0,1,3,10,14,24,27,1,0,0,0,2,12,12,42,21,1,0,0,0,3,3,16,50,18,3,0,0,0,4,7,8,46,34,7,0,0,0,2,6,10,37,31,22,0,0,1,0,10,7,21,23,33,0,1,0,1,3,9,27,15,97,2,3,104Y
10014,臺東縣,10014040,卑南鄉,10014040-005,明峰村,0,0,11,10,47,7,0,0,0,0,1,34,6,32,3,0,0,0,0,7,39,10,31,2,0,0,0,2,10,21,12,37,12,1,0,0,0,4,11,12,49,12,2,0,0,0,3,10,13,57,21,5,0,0,0,3,2,7,46,30,10,0,1,0,0,4,6,42,44,19,0,0,0,1,4,3,27,24,26,0,2,0,2,3,6,29,14,60,0,3,0,1,7,5,29,24,148,14,39,104Y
10014,臺東縣,10014040,卑南鄉,10014040-012,東興村,0,0,10,12,52,11,0,0,0,0,0,51,16,43,2,0,0,0,0,1,24,9,48,7,1,0,0,0,1,21,17,58,20,3,0,0,0,1,16,20,42,24,8,0,0,0,1,12,8,59,28,6,0,1,0,2,6,14,50,43,25,0,1,0,2,2,4,28,43,46,0,0,0,0,1,2,21,23,44,0,2,0,0,2,0,14,8,51,0,3,0,0,3,6,9,11,111,0,7,104Y
10014,臺東縣,10014040,卑南鄉,10014040-006,初鹿村,0,0,23,10,60,10,0,0,0,0,5,50,11,28,2,0,0,0,0,4,19,8,47,8,0,0,0,0,0,28,15,45,18,9,0,0,0,5,14,17,52,37,7,0,0,0,5,8,8,58,22,4,0,0,0,4,8,12,49,39,4,0,0,0,1,6,7,40,43,15,1,0,0,1,7,8,33,39,28,1,4,0,2,3,4,34,9,61,1,5,0,0,5,8,22,9,153,9,46,104Y
10014,臺東縣,10014040,卑南鄉,10014040-007,美農村,0,0,7,11,59,3,2,0,0,0,1,37,8,23,3,0,0,0,0,3,26,7,19,7,0,0,0,0,6,16,4,21,16,2,0,0,0,4,8,9,47,19,2,0,0,1,0,11,2,55,23,2,0,0,0,2,5,9,45,40,4,0,0,1,5,4,10,48,31,16,0,0,3,1,2,5,28,27,18,0,0,0,0,2,4,20,8,38,0,2,0,2,4,2,22,18,146,3,46,104Y
10014,臺東縣,10014040,卑南鄉,10014040-009,泰安村,0,0,10,12,66,6,0,0,0,0,5,41,9,53,5,0,0,0,0,1,18,5,59,15,1,0,0,0,3,12,8,47,12,1,0,0,0,1,5,14,57,30,1,0,0,0,4,5,12,50,37,4,0,0,0,0,10,6,44,39,18,0,0,0,5,3,9,35,47,25,0,0,0,2,2,3,30,27,25,0,4,0,1,0,2,6,9,45,0,2,1,0,5,2,13,11,100,1,16,104Y
10014,臺東縣,10014040,卑南鄉,10014040-003,富山村,0,0,2,4,25,3,0,0,0,0,0,24,9,15,2,0,0,0,0,3,6,0,14,4,1,0,0,1,1,3,6,15,11,1,0,0,1,2,6,10,16,12,1,0,0,0,3,1,1,11,21,6,0,0,0,2,3,3,14,25,7,0,0,0,0,3,1,19,22,11,0,1,0,2,1,3,13,10,15,0,1,0,0,1,1,4,3,24,0,3,0,0,2,2,5,3,56,13,22,104Y
10014,臺東縣,10014040,卑南鄉,10014040-004,富源村,0,0,4,4,7,1,0,0,0,0,0,13,2,3,0,0,0,0,0,1,8,3,8,0,0,0,0,0,3,7,4,5,3,0,0,1,0,2,2,2,10,2,0,0,1,0,0,0,2,13,8,0,0,0,0,0,0,3,15,14,0,0,0,0,0,1,3,11,13,3,0,0,0,1,1,0,14,16,9,0,0,0,1,0,3,9,10,19,0,1,0,0,0,1,4,4,41,14,30,104Y
10014,臺東縣,10014040,卑南鄉,10014040-013,溫泉村,0,0,9,6,43,9,1,0,0,0,2,55,5,22,3,0,0,0,0,3,30,7,23,3,1,0,0,0,1,17,9,37,9,5,0,0,0,1,13,8,42,16,4,0,0,0,3,10,15,49,27,1,0,0,1,6,3,7,45,35,5,0,0,0,4,6,12,49,48,12,0,0,0,0,5,9,41,30,18,0,2,0,0,2,4,24,12,59,0,1,0,2,9,3,23,35,150,4,39,104Y
10014,臺東縣,10014040,卑南鄉,10014040-001,嘉豐村,0,0,4,2,28,2,0,0,0,0,0,9,3,19,2,0,0,0,0,1,5,2,29,9,1,0,0,0,0,4,5,19,11,3,0,0,0,0,2,4,12,19,4,0,0,0,0,1,0,5,21,6,0,0,0,0,0,1,14,28,9,0,0,0,0,2,0,12,21,18,0,1,0,1,0,1,8,10,29,0,0,0,0,0,1,2,3,28,0,2,0,0,0,0,0,4,76,6,8,104Y
10014,臺東縣,10014040,卑南鄉,10014040-008,賓朗村,0,0,28,29,112,13,1,0,0,0,2,84,26,51,1,0,0,0,0,9,68,19,69,6,1,0,0,0,17,45,20,63,18,2,0,0,1,12,27,29,81,21,4,0,1,0,9,25,25,93,40,5,0,0,0,6,25,23,96,58,9,0,0,0,1,20,10,105,81,19,0,0,0,1,9,12,75,59,44,0,1,0,2,13,13,42,26,74,2,1,1,1,12,15,52,40,258,29,38,104Y
10014,臺東縣,10014130,延平鄉,10014130-002,永康村,0,0,1,2,22,6,0,0,0,0,0,9,3,11,3,0,0,0,0,1,10,4,5,1,0,0,0,0,2,6,5,8,4,1,0,0,1,1,3,2,20,7,1,0,0,0,0,5,2,12,16,1,0,0,0,2,0,0,8,25,5,0,0,0,0,0,1,6,9,9,0,0,0,1,1,0,8,3,7,0,0,0,1,0,1,2,1,4,0,0,0,0,0,0,1,2,26,0,1,104Y
10014,臺東縣,10014130,延平鄉,10014130-001,武陵村,0,0,8,16,25,1,1,0,0,0,0,21,10,14,2,0,0,0,0,0,12,5,20,5,0,0,0,0,3,13,4,21,19,0,0,0,0,3,12,8,30,19,2,0,0,0,2,9,4,26,31,7,0,0,0,1,1,1,13,19,15,0,0,0,1,5,3,14,10,35,0,1,0,0,1,5,7,5,18,0,1,0,0,2,0,6,4,26,0,0,0,0,0,3,4,6,43,0,0,104Y
10014,臺東縣,10014130,延平鄉,10014130-003,紅葉村,0,0,5,6,19,1,0,0,0,0,1,17,7,17,0,0,0,0,0,5,10,2,9,3,0,0,0,0,6,6,3,24,11,3,0,0,0,1,2,10,38,10,2,0,0,0,0,0,4,17,12,2,0,0,0,0,3,2,4,17,13,0,0,0,1,1,1,5,12,12,0,0,0,0,1,1,5,11,19,0,0,0,0,0,0,7,3,16,0,0,0,0,0,2,2,1,34,0,3,104Y
10014,臺東縣,10014130,延平鄉,10014130-005,桃源村,0,0,9,22,54,9,0,0,0,0,1,42,9,35,5,0,0,0,0,1,32,10,43,12,2,0,0,0,2,16,18,45,19,2,0,0,0,6,13,6,43,27,5,0,1,0,6,14,7,50,27,13,0,0,0,4,7,12,33,26,21,0,1,1,2,7,11,28,27,22,0,0,0,4,6,8,25,17,23,0,0,0,0,2,3,12,3,40,0,0,0,0,2,3,6,5,60,0,3,104Y
10014,臺東縣,10014130,延平鄉,10014130-004,鸞山村,0,0,4,7,41,8,0,0,0,0,0,23,3,25,2,0,0,0,0,1,13,2,18,8,0,0,0,0,3,8,6,23,12,0,0,0,0,1,11,9,24,20,4,0,0,0,1,1,5,29,21,4,0,0,0,1,2,4,19,24,8,0,0,0,3,1,1,11,34,11,0,0,0,0,2,2,7,4,24,0,1,0,1,0,2,8,6,26,0,1,0,0,2,0,4,3,56,0,5,104Y
10014,臺東縣,10014070,東河鄉,10014070-001,北源村,0,0,7,7,44,7,0,0,0,0,1,29,6,29,5,0,0,0,0,2,29,11,31,14,1,0,0,0,2,20,12,88,28,2,0,0,0,3,14,15,75,56,6,0,0,0,1,4,14,57,54,6,0,2,0,1,3,9,55,72,17,0,2,0,0,3,7,57,64,34,1,0,0,0,5,4,30,45,71,1,1,0,0,1,1,23,23,100,1,2,0,1,2,5,11,17,306,5,30,104Y
10014,臺東縣,10014070,東河鄉,10014070-004,尚德村,0,0,1,1,14,3,1,0,0,0,0,3,2,5,1,0,0,0,0,1,3,1,5,2,0,0,0,0,0,4,0,13,5,1,0,0,0,0,1,6,9,7,1,0,0,0,0,3,3,7,6,1,0,0,0,1,5,4,9,10,3,0,0,0,0,2,2,10,10,3,0,0,1,0,1,0,4,13,13,0,1,0,0,1,3,4,5,16,1,0,0,0,0,0,3,4,45,4,5,104Y
10014,臺東縣,10014070,東河鄉,10014070-003,東河村,0,0,4,9,36,3,2,0,0,0,0,29,6,10,0,0,0,0,0,2,26,4,17,6,0,0,0,0,3,15,14,42,7,1,0,0,0,1,7,11,54,15,0,0,0,0,2,8,19,59,31,0,0,0,0,4,5,7,48,31,4,0,1,0,3,3,6,32,51,5,0,0,0,1,4,7,19,29,15,0,0,0,0,4,3,11,41,29,0,1,0,0,2,3,7,26,174,0,11,104Y
10014,臺東縣,10014070,東河鄉,10014070-002,泰源村,0,0,12,15,50,1,1,0,0,0,0,36,6,27,3,1,0,0,0,3,23,4,39,15,0,0,0,1,4,18,8,54,29,6,0,0,0,3,10,7,52,32,3,0,0,0,0,0,8,48,35,19,0,1,0,2,7,8,46,30,20,1,1,0,0,7,4,25,39,53,0,1,0,1,1,7,12,33,68,0,1,0,1,0,2,9,15,70,0,1,0,0,5,2,12,17,207,3,17,104Y
10014,臺東縣,10014070,東河鄉,10014070-007,都蘭村,0,0,23,6,72,15,0,0,0,0,1,73,13,47,3,0,0,0,0,10,44,11,63,10,0,0,0,1,5,39,16,90,23,2,0,0,0,8,27,25,85,39,1,0,0,2,7,15,18,64,55,3,0,0,1,4,10,14,83,64,16,0,1,1,5,13,21,74,111,15,0,0,2,1,13,10,56,76,54,2,0,0,2,11,9,38,40,105,0,1,2,3,8,6,28,65,322,6,34,104Y
10014,臺東縣,10014070,東河鄉,10014070-005,隆昌村,0,0,1,1,15,1,0,0,0,0,0,15,3,10,1,0,0,0,0,2,14,3,9,2,0,0,0,0,3,3,2,14,2,1,0,0,1,1,2,1,18,4,0,0,0,0,0,6,7,25,9,1,0,0,0,2,5,8,24,9,1,0,1,0,1,3,6,17,26,2,0,0,0,0,6,3,10,26,14,0,0,0,1,3,0,7,6,38,0,0,0,0,1,1,6,14,118,1,12,104Y
10014,臺東縣,10014070,東河鄉,10014070-006,興昌村,0,0,6,4,24,2,0,0,0,0,0,24,6,13,0,0,0,0,1,2,14,6,10,2,0,0,0,1,3,7,5,15,10,2,0,0,0,3,13,11,34,17,5,0,0,0,2,8,5,48,21,1,0,0,0,9,5,7,25,33,5,0,0,1,0,7,3,22,42,13,0,1,0,2,4,6,26,28,29,0,1,1,2,2,3,11,12,66,0,2,0,0,4,4,18,18,209,1,18,104Y
10014,臺東縣,10014140,金峰鄉,10014140-002,正興村,0,0,6,17,25,6,0,0,0,0,2,29,9,19,1,0,0,0,0,0,24,6,14,1,1,0,0,0,1,14,5,24,4,2,0,0,0,3,13,6,24,3,0,0,0,0,1,6,6,22,7,2,0,0,0,2,5,4,33,22,3,0,0,1,0,7,3,25,25,4,0,0,0,0,8,3,18,26,13,0,0,0,1,1,3,6,3,17,0,0,0,1,6,1,4,4,47,1,0,104Y
10014,臺東縣,10014140,金峰鄉,10014140-001,新興村,0,0,6,10,20,3,0,0,0,0,1,27,6,19,1,0,0,0,0,0,14,14,19,6,0,0,0,0,1,8,2,27,8,0,0,1,1,2,5,7,26,3,2,0,0,0,4,7,7,18,9,0,0,0,0,0,6,9,15,20,1,0,0,0,4,1,5,12,21,9,0,0,0,1,0,1,11,9,30,0,0,0,0,1,0,3,2,21,0,0,0,0,1,0,5,0,29,0,0,104Y
10014,臺東縣,10014140,金峰鄉,10014140-003,嘉蘭村,0,0,8,29,72,13,0,0,0,0,1,39,18,57,2,0,0,0,0,1,38,13,49,7,0,0,0,0,0,17,15,58,19,6,0,0,0,1,9,18,48,29,5,0,0,0,2,9,22,53,37,7,0,0,0,0,7,8,35,50,21,0,0,0,2,4,5,40,37,36,0,0,0,2,1,3,19,18,60,0,1,0,0,3,2,6,8,50,0,0,0,0,3,2,9,4,98,0,0,104Y
10014,臺東縣,10014140,金峰鄉,10014140-004,賓茂村,0,0,2,7,12,2,0,0,0,0,0,9,4,15,2,0,0,0,0,1,7,1,19,2,0,0,0,0,1,3,1,13,6,0,0,0,0,1,3,4,15,9,0,0,0,0,2,1,5,9,8,1,0,0,0,1,4,1,10,10,5,0,0,0,0,1,6,14,19,6,0,0,0,1,3,1,13,8,6,0,0,0,0,3,1,6,4,10,0,0,0,0,2,0,3,3,35,0,0,104Y
10014,臺東縣,10014140,金峰鄉,10014140-005,歷坵村,0,0,0,2,17,4,0,0,0,0,0,9,5,10,0,0,0,0,0,2,6,1,12,2,0,0,0,0,2,3,2,14,4,1,0,0,0,0,0,6,15,5,0,0,0,0,0,4,2,18,11,0,0,0,0,0,0,2,6,14,5,0,0,0,0,0,0,15,18,13,0,0,0,0,0,2,10,11,6,0,0,0,0,1,1,1,3,14,0,0,0,0,0,0,2,1,37,0,0,104Y
10014,臺東縣,10014080,長濱鄉,10014080-002,三間村,0,0,8,3,51,4,0,0,0,0,0,26,0,24,1,0,0,0,0,1,18,7,23,4,0,0,0,0,2,17,14,32,15,0,0,0,1,2,12,8,43,35,8,0,0,0,6,6,8,38,33,8,0,0,0,2,4,10,40,50,24,0,0,0,0,1,7,27,53,56,0,1,1,0,10,4,18,40,43,0,1,0,1,3,2,10,10,72,0,0,0,1,4,4,17,18,294,5,12,104Y
10014,臺東縣,10014080,長濱鄉,10014080-005,竹湖村,0,0,7,1,18,5,0,0,0,0,0,17,2,22,2,0,0,0,0,0,12,6,29,3,0,0,0,0,0,20,2,39,6,1,0,0,0,5,2,6,42,32,6,0,0,0,1,3,5,23,29,4,0,0,0,2,4,2,23,40,13,0,0,0,2,1,7,26,53,19,0,1,0,0,2,2,12,33,54,0,0,0,1,0,1,8,13,56,0,2,0,0,2,1,9,15,182,0,8,104Y
10014,臺東縣,10014080,長濱鄉,10014080-003,忠勇村,0,0,3,4,17,1,0,0,0,0,0,15,2,22,3,0,0,0,0,2,6,3,9,3,0,0,0,0,1,6,2,17,8,0,0,0,0,3,2,3,21,22,1,0,0,0,0,2,4,17,27,2,0,0,0,2,3,1,20,27,7,0,0,0,0,3,2,12,25,18,0,0,0,0,2,2,16,15,18,0,1,0,0,2,0,2,6,36,0,0,0,1,1,2,2,10,115,0,5,104Y
10014,臺東縣,10014080,長濱鄉,10014080-004,長濱村,0,0,14,10,74,9,0,0,0,0,2,75,14,43,7,0,0,0,0,2,48,6,51,8,1,0,0,0,9,32,22,58,23,6,0,0,1,4,17,10,52,53,5,0,0,0,4,10,15,63,62,3,0,1,1,1,11,16,64,90,23,0,2,2,3,11,14,67,104,28,0,1,0,3,11,13,53,56,64,0,2,0,0,5,1,22,19,107,0,0,0,1,5,11,33,36,371,5,11,104Y
10014,臺東縣,10014080,長濱鄉,10014080-006,寧埔村,0,0,5,6,23,2,0,0,0,0,0,35,5,35,2,0,0,0,0,2,29,5,39,5,2,0,0,0,2,13,8,49,30,0,0,0,0,1,12,4,31,45,4,0,0,0,0,6,11,26,45,5,0,0,0,1,3,7,37,81,13,0,0,1,3,3,3,35,59,44,0,0,0,0,3,0,16,39,68,0,0,0,0,2,2,12,11,99,0,1,0,0,2,2,19,25,255,1,3,104Y
10014,臺東縣,10014080,長濱鄉,10014080-001,樟原村,0,0,3,8,29,5,0,0,0,0,1,15,5,28,2,0,0,0,0,1,7,3,12,1,0,0,0,0,0,5,4,10,6,4,0,0,0,1,1,1,16,22,4,0,0,0,0,5,2,20,31,0,0,0,0,0,3,3,20,37,7,0,0,1,1,2,0,19,30,15,0,0,0,2,3,2,6,15,22,0,1,0,1,2,1,1,4,43,0,1,0,0,1,1,7,11,174,0,3,104Y
10014,臺東縣,10014120,海端鄉,10014120-006,加拿村,0,0,7,13,39,6,1,0,0,0,0,13,10,22,1,0,0,0,0,4,14,4,32,8,1,0,0,0,1,10,10,19,12,0,0,0,0,1,3,6,21,11,7,0,0,0,0,4,3,22,16,13,0,0,0,1,0,5,11,18,19,0,1,0,2,0,1,7,16,27,0,0,0,0,2,1,6,11,21,0,0,0,0,0,2,3,3,23,0,0,0,0,0,0,1,2,34,1,0,104Y
10014,臺東縣,10014120,海端鄉,10014120-003,利稻村,0,0,4,6,16,3,0,0,0,0,0,13,2,14,0,0,0,0,0,0,9,1,19,3,0,0,0,0,0,5,4,14,4,0,0,0,0,1,3,3,12,2,2,0,0,0,3,4,5,6,4,9,0,0,0,0,0,3,8,9,5,0,0,0,0,0,0,3,6,2,0,0,0,0,0,1,7,2,5,0,0,0,0,0,0,3,1,11,0,0,0,0,1,1,1,2,16,0,0,104Y
10014,臺東縣,10014120,海端鄉,10014120-005,崁頂村,0,0,6,17,31,6,1,0,0,0,1,21,7,21,1,0,0,0,0,1,21,11,28,6,1,0,1,0,2,17,4,28,9,3,0,0,0,2,10,8,20,12,1,0,0,0,1,7,6,18,19,2,0,0,0,1,1,5,14,24,8,0,0,0,0,2,3,21,29,9,0,1,0,0,4,2,6,12,26,0,0,0,0,4,0,5,3,23,0,1,0,0,2,1,6,1,37,0,1,104Y
10014,臺東縣,10014120,海端鄉,10014120-004,海端村,0,0,9,20,59,11,0,0,0,0,0,43,12,40,0,0,0,0,0,2,35,8,44,9,0,0,0,0,3,20,11,62,10,3,0,0,0,3,10,13,54,27,4,0,0,0,3,4,12,48,35,7,0,0,0,0,5,4,27,25,16,0,1,0,1,5,3,25,17,24,0,0,0,1,1,3,10,19,41,0,0,0,0,6,5,9,6,44,0,0,0,1,1,3,7,2,72,0,2,104Y
10014,臺東縣,10014120,海端鄉,10014120-001,廣原村,0,0,2,20,35,4,0,0,0,0,1,35,13,37,3,0,0,0,0,1,19,8,36,15,0,0,0,0,2,25,10,38,16,3,0,0,0,0,9,12,36,20,4,0,0,1,1,2,6,36,20,10,0,0,0,3,4,5,22,27,16,0,0,0,0,4,7,17,20,38,0,0,0,0,0,1,13,12,26,0,0,0,0,0,0,2,3,35,1,0,0,0,0,0,7,4,56,0,2,104Y
10014,臺東縣,10014120,海端鄉,10014120-002,霧鹿村,0,0,2,5,15,2,0,0,0,0,0,13,1,14,1,0,0,0,0,3,8,3,13,3,0,0,0,0,0,7,0,16,6,1,0,0,0,0,2,3,17,9,1,0,0,0,0,1,2,11,10,1,0,0,0,0,0,0,13,8,4,0,0,0,0,0,0,3,9,9,0,0,0,0,1,1,3,4,14,0,0,0,0,0,1,3,1,7,0,0,0,0,1,1,5,1,33,0,1,104Y
10014,臺東縣,10014050,鹿野鄉,10014050-004,永安村,0,0,15,11,70,7,0,0,0,0,1,49,13,41,0,0,0,0,0,4,51,13,37,7,0,0,0,0,4,16,19,56,22,2,0,2,0,3,15,18,57,37,2,1,0,1,3,13,7,54,38,6,0,0,1,2,13,18,55,49,9,0,0,1,3,8,19,64,66,21,0,0,1,1,10,4,44,40,35,1,2,0,2,5,6,26,9,66,0,0,0,1,7,5,17,20,176,2,32,104Y
10014,臺東縣,10014050,鹿野鄉,10014050-006,鹿野村,0,0,17,13,48,2,0,0,0,0,1,49,3,23,2,0,0,0,0,0,25,8,31,5,0,0,0,2,6,16,11,25,8,5,0,1,0,4,8,11,32,16,5,0,0,0,2,9,7,43,16,0,0,0,0,4,10,9,48,47,9,0,2,1,1,4,12,41,41,8,0,1,0,0,3,8,24,37,25,0,2,0,0,4,7,21,17,54,0,0,0,0,5,6,32,25,149,8,18,104Y
10014,臺東縣,10014050,鹿野鄉,10014050-001,瑞和村,0,0,5,4,42,3,0,0,0,0,3,18,4,26,2,1,0,0,0,1,16,2,20,1,0,0,0,0,0,11,4,26,14,2,0,0,0,2,5,8,24,15,2,0,0,0,0,3,4,25,19,0,0,0,0,1,0,2,39,27,6,0,0,0,0,1,1,21,25,16,0,1,0,1,4,2,12,15,15,0,1,0,0,3,2,15,5,31,0,0,0,1,0,2,5,11,97,2,11,104Y
10014,臺東縣,10014050,鹿野鄉,10014050-005,瑞隆村,0,0,4,8,31,5,2,0,0,0,1,19,13,21,4,0,0,0,0,6,19,5,22,8,0,0,0,0,1,11,5,27,11,5,0,1,0,6,8,9,29,25,3,0,1,0,3,6,8,39,18,3,0,0,0,0,3,5,37,32,8,0,0,0,0,5,4,17,33,14,0,1,0,0,1,3,32,28,23,0,2,0,0,1,6,20,11,43,0,3,0,1,2,3,9,18,157,4,15,104Y
10014,臺東縣,10014050,鹿野鄉,10014050-003,瑞源村,0,0,9,7,44,4,1,0,0,0,3,38,8,35,5,0,0,0,0,10,22,5,19,7,0,0,0,1,3,16,13,22,13,0,0,0,0,2,8,5,44,15,0,0,2,0,2,6,7,40,17,1,0,0,0,0,2,5,33,22,9,0,0,0,1,7,4,32,34,16,0,0,0,2,0,1,18,15,32,0,1,0,1,2,4,14,11,51,0,1,0,0,6,1,15,20,117,7,15,104Y
10014,臺東縣,10014050,鹿野鄉,10014050-002,瑞豐村,0,0,8,10,31,6,0,0,0,0,2,34,4,13,0,0,0,0,0,1,26,5,22,2,0,0,0,0,3,16,12,24,13,4,0,0,0,3,5,13,31,16,4,1,0,0,3,4,11,40,27,2,1,0,0,1,4,5,44,28,5,0,1,0,0,5,9,31,37,6,0,1,0,0,7,4,23,20,23,0,2,0,1,5,0,11,6,40,1,5,0,1,2,3,9,20,132,4,50,104Y
10014,臺東縣,10014050,鹿野鄉,10014050-007,龍田村,0,0,6,11,34,5,0,0,0,0,5,46,3,18,1,0,0,0,0,6,22,10,19,3,0,0,1,1,8,27,9,49,8,0,0,0,0,3,14,9,46,5,5,0,0,0,8,7,9,46,14,2,0,0,0,3,10,12,48,39,2,0,0,1,3,1,6,33,46,13,0,0,0,0,7,9,38,17,25,0,1,0,2,5,8,14,7,58,0,3,0,0,7,3,14,24,167,0,44,104Y
10014,臺東縣,10014150,達仁鄉,10014150-002,土村,0,0,3,16,43,8,1,0,0,0,1,28,14,34,3,0,0,0,0,1,23,5,39,3,0,0,0,0,0,10,8,24,14,6,0,0,0,2,9,14,32,26,20,0,0,0,4,4,11,19,34,21,0,0,0,1,2,5,13,38,34,0,1,0,0,1,2,16,21,40,0,0,0,0,2,4,6,12,47,0,0,0,0,0,2,11,4,37,0,0,0,0,0,1,6,0,72,4,1,104Y
10014,臺東縣,10014150,達仁鄉,10014150-001,台村,0,0,2,8,30,1,1,0,0,0,1,18,8,22,4,0,0,0,0,1,12,2,31,12,1,0,0,0,1,10,3,18,11,5,0,0,0,0,4,5,20,12,7,0,0,0,1,1,3,10,15,15,0,0,0,0,0,1,8,24,19,0,1,0,0,2,5,13,32,30,0,0,0,0,2,4,12,19,33,0,0,0,2,0,2,6,6,27,0,0,0,0,2,2,4,6,67,5,0,104Y
10014,臺東縣,10014150,達仁鄉,10014150-004,安朔村,0,0,2,6,22,4,0,0,0,0,0,22,5,26,2,0,0,0,0,2,21,3,19,3,0,0,0,0,2,11,12,27,10,3,0,0,0,4,10,9,19,8,6,0,0,2,3,4,5,17,19,6,0,0,0,0,4,5,28,21,6,0,2,0,1,2,4,16,33,8,0,0,0,1,5,1,18,30,31,0,1,2,0,5,3,8,6,32,0,1,0,0,1,4,4,6,52,5,0,104Y
10014,臺東縣,10014150,達仁鄉,10014150-006,南田村,0,0,3,2,11,2,0,0,0,0,0,14,5,12,0,0,0,0,0,3,14,4,9,1,0,0,0,0,3,5,0,13,5,1,0,1,0,1,3,3,10,17,5,0,1,0,1,2,0,11,8,2,0,0,0,0,3,3,15,12,5,0,0,0,1,3,3,8,6,11,0,0,0,1,5,5,8,10,11,0,1,0,0,0,1,6,3,11,0,0,0,0,0,0,2,1,20,4,0,104Y
10014,臺東縣,10014150,達仁鄉,10014150-005,森永村,0,0,3,0,6,3,0,0,0,0,0,12,5,14,1,0,0,0,0,1,6,6,16,3,0,0,0,0,1,7,6,9,8,1,0,0,0,0,9,3,17,7,2,0,0,0,0,5,3,9,14,2,0,0,0,2,3,4,14,14,4,0,0,0,1,2,6,22,11,5,0,0,0,1,1,4,12,8,17,0,1,0,0,1,1,2,3,18,0,0,0,0,2,1,5,3,48,0,3,104Y
10014,臺東縣,10014150,達仁鄉,10014150-003,新化村,0,0,0,6,10,5,0,0,0,0,0,7,2,13,0,0,0,0,0,1,4,1,12,1,1,0,0,0,1,2,3,15,3,3,0,0,0,0,0,2,20,6,3,0,0,0,0,0,4,10,16,2,0,0,0,0,0,0,10,17,1,0,1,0,0,1,3,13,17,9,0,0,0,0,2,0,10,6,11,0,0,0,0,1,0,5,2,16,0,0,0,0,0,1,4,2,43,2,0,104Y
10014,臺東縣,10014110,綠島鄉,10014110-002,中寮村,0,0,13,14,48,7,0,0,0,0,3,39,14,30,2,0,0,0,0,19,41,7,34,4,1,0,0,1,15,48,16,38,6,1,0,0,2,5,13,21,42,13,0,0,1,0,3,18,17,56,20,2,0,0,1,11,6,15,42,16,4,0,0,0,1,8,12,41,34,13,0,0,0,4,5,4,36,19,24,0,0,0,0,2,2,10,3,44,0,0,0,0,4,2,5,6,97,0,3,104Y
10014,臺東縣,10014110,綠島鄉,10014110-001,公館村,0,0,10,8,42,11,1,0,0,0,1,40,4,14,1,0,0,0,0,9,42,11,26,4,0,0,0,0,13,32,10,36,5,1,0,0,0,7,30,21,48,15,1,0,0,1,2,10,13,38,17,2,0,0,0,1,9,14,34,15,1,0,0,0,3,3,3,26,18,11,0,0,0,3,3,5,13,20,22,0,2,0,0,5,0,14,7,29,0,0,0,2,1,1,6,4,77,0,4,104Y
10014,臺東縣,10014110,綠島鄉,10014110-003,南寮村,0,0,14,17,49,6,0,0,0,0,5,63,16,31,2,0,0,0,0,12,84,21,49,3,0,0,0,1,12,37,23,58,8,0,0,0,1,9,32,26,83,17,1,0,0,1,3,17,23,75,25,0,1,0,0,6,13,20,65,28,6,0,0,0,4,3,15,37,30,13,0,3,1,4,6,14,32,21,35,0,2,0,0,3,4,14,7,50,0,1,0,0,5,3,14,14,126,1,0,104Y
10014,臺東縣,10014010,臺東市,10014010-021,大同里,0,0,11,10,45,3,0,0,0,0,1,38,6,19,5,0,0,0,0,5,23,2,16,2,0,0,0,0,7,24,7,22,4,1,0,0,3,8,21,14,31,8,1,0,1,0,3,7,13,27,18,2,0,0,0,2,8,8,38,13,0,0,0,0,1,5,10,31,13,1,0,1,0,1,2,5,31,15,9,0,1,0,1,4,5,27,10,19,0,1,0,2,6,10,32,20,85,0,7,104Y
10014,臺東縣,10014010,臺東市,10014010-024,中山里,0,0,12,5,29,5,1,0,0,1,5,29,1,7,1,0,0,0,0,9,36,2,10,1,0,0,0,1,9,40,11,10,3,1,0,0,1,8,31,22,16,7,0,0,0,1,3,16,11,32,8,4,0,0,0,3,17,14,32,4,0,0,0,0,3,9,7,33,6,1,0,0,0,2,5,15,39,11,3,0,0,0,0,11,12,32,5,13,0,0,0,0,9,9,52,34,78,1,10,104Y
10014,臺東縣,10014010,臺東市,10014010-011,中心里,0,0,66,36,196,41,1,0,0,0,13,215,27,41,7,0,0,0,2,40,127,19,42,4,1,0,0,2,41,101,28,62,8,3,0,0,7,48,77,62,98,19,7,0,0,5,33,56,58,90,21,8,0,0,5,39,55,54,107,30,5,0,0,4,29,39,60,121,42,10,0,1,4,19,34,37,106,36,21,0,0,0,4,34,43,82,24,58,0,1,1,3,56,36,102,42,180,2,24,104Y
10014,臺東縣,10014010,臺東市,10014010-020,中正里,0,0,5,2,30,5,1,0,0,0,0,44,4,14,1,0,0,0,0,3,32,7,7,0,0,0,0,1,11,41,7,18,4,1,0,0,0,9,20,15,18,3,2,0,0,0,8,9,8,25,7,1,0,0,0,7,10,13,32,5,1,0,0,0,3,9,15,27,11,3,0,0,0,3,16,9,42,8,4,0,0,0,0,8,9,44,7,25,0,0,0,6,18,11,40,43,71,0,11,104Y
10014,臺東縣,10014010,臺東市,10014010-015,中華里,0,0,24,14,67,13,1,0,0,0,4,81,12,35,3,0,0,0,1,8,54,20,45,9,0,0,0,0,5,38,28,55,15,3,0,0,0,6,20,23,77,27,5,0,0,0,6,15,23,79,25,4,0,0,0,8,6,15,81,31,7,0,1,0,6,8,25,61,51,5,0,0,0,3,6,10,65,36,17,0,1,1,1,6,4,43,23,66,2,0,0,0,9,13,34,36,174,7,26,104Y
10014,臺東縣,10014010,臺東市,10014010-019,仁愛里,0,0,6,8,22,6,0,0,0,0,1,36,5,14,0,0,0,0,1,5,33,6,17,1,0,0,0,0,6,18,12,28,7,0,0,0,0,2,17,5,21,7,2,0,0,0,0,7,8,28,10,0,0,0,0,1,3,10,25,11,0,0,0,0,1,3,6,43,14,1,0,1,0,5,3,7,42,22,11,0,1,0,0,5,8,23,7,19,0,0,0,2,4,6,23,16,68,4,14,104Y
10014,臺東縣,10014010,臺東市,10014010-023,文化里,0,0,13,4,33,8,0,0,0,0,3,29,4,11,2,0,0,0,1,13,37,3,14,2,0,0,0,0,10,30,12,26,5,3,0,0,1,14,29,21,31,5,1,0,0,0,11,15,21,33,7,4,0,0,1,6,6,11,22,14,3,0,0,1,2,11,8,35,29,2,0,0,0,0,8,8,33,15,6,0,0,1,3,7,9,32,6,16,0,0,0,0,10,5,18,23,53,1,7,104Y
10014,臺東縣,10014010,臺東市,10014010-014,四維里,0,0,6,6,30,6,0,0,0,0,1,23,3,16,1,0,0,0,0,4,25,5,23,5,0,0,0,0,1,8,3,18,7,1,0,0,0,2,6,11,30,7,1,0,0,0,5,9,6,18,9,1,0,0,0,2,3,7,23,24,3,0,0,0,1,5,5,28,30,6,0,0,0,0,2,4,19,7,13,0,0,0,0,1,2,6,2,20,0,1,0,1,2,5,15,12,69,1,13,104Y
10014,臺東縣,10014010,臺東市,10014010-008,民生里,0,0,46,16,123,16,1,0,0,0,13,169,19,44,4,0,0,0,0,49,145,9,54,7,0,0,0,5,40,107,38,69,10,2,0,0,2,23,69,63,92,24,10,0,0,0,20,35,45,108,27,9,0,0,2,20,37,43,120,39,9,0,2,2,13,23,39,144,55,6,0,0,1,16,30,53,153,50,30,0,3,1,6,49,52,117,40,53,0,0,1,3,47,41,131,65,218,4,31,104Y
10014,臺東縣,10014010,臺東市,10014010-013,民族里,0,0,28,15,101,11,0,0,1,0,6,92,12,23,1,0,0,0,0,22,46,12,15,2,1,0,0,1,19,52,20,28,8,2,0,0,2,24,39,42,30,6,5,0,0,2,21,36,37,62,4,0,0,0,0,26,30,28,55,15,2,0,0,1,7,22,19,63,7,3,0,0,0,4,19,22,36,12,8,0,1,0,4,13,17,33,10,21,0,0,1,5,23,28,63,37,74,1,10,104Y
10014,臺東縣,10014010,臺東市,10014010-018,民權里,0,0,11,8,33,2,0,0,0,0,1,50,8,23,2,0,0,0,0,6,35,2,21,3,0,0,0,0,9,47,22,19,3,1,0,0,1,6,20,20,23,9,3,0,0,0,3,10,8,25,10,2,0,0,0,4,10,8,36,11,2,0,0,1,3,8,5,33,18,1,0,0,0,4,11,14,36,17,4,0,1,1,0,7,6,18,6,25,0,0,1,0,14,17,30,19,67,2,10,104Y
10014,臺東縣,10014010,臺東市,10014010-034,永樂里,0,0,42,38,149,25,2,0,0,0,9,110,23,51,3,0,0,0,1,16,65,14,50,4,0,0,0,2,13,52,29,44,6,3,0,0,0,32,26,37,70,20,3,0,0,5,25,37,51,79,26,4,0,0,3,29,20,36,80,42,3,0,0,6,4,28,10,87,52,16,0,0,3,7,22,12,52,49,23,0,2,3,3,4,14,32,12,55,0,3,0,1,13,14,29,28,141,3,29,104Y
10014,臺東縣,10014010,臺東市,10014010-032,光明里,0,0,56,30,201,27,0,0,0,0,9,168,12,48,4,0,0,0,0,18,95,16,38,2,1,0,0,0,25,76,30,72,10,3,0,0,0,39,69,57,88,17,8,0,0,4,36,63,83,109,26,3,0,0,5,28,64,67,141,33,4,0,0,2,20,35,39,105,46,9,0,0,1,7,22,27,80,26,19,0,0,0,1,15,16,64,24,36,0,2,2,6,23,24,65,32,122,7,21,104Y
10014,臺東縣,10014010,臺東市,10014010-022,成功里,0,0,10,11,33,9,1,0,0,0,4,44,13,18,2,0,0,0,0,6,23,4,25,0,1,0,0,0,5,13,11,20,3,2,0,0,0,4,17,12,26,11,2,0,0,0,0,6,17,30,16,0,0,0,0,5,7,8,37,20,3,0,0,0,1,4,6,35,27,2,0,1,0,2,1,7,28,18,15,0,0,0,0,2,3,16,6,28,0,0,0,0,4,5,24,28,92,4,19,104Y
10014,臺東縣,10014010,臺東市,10014010-012,自強里,0,0,89,34,232,31,4,0,0,0,25,250,31,57,2,0,0,0,1,51,186,27,67,4,1,0,0,5,68,144,49,81,6,5,0,0,3,38,88,63,97,21,1,0,0,2,43,77,67,138,22,2,0,0,2,29,71,80,165,42,4,0,0,1,26,41,73,155,50,6,0,0,4,25,52,62,197,43,26,0,0,5,8,52,43,128,38,75,0,1,2,12,65,57,138,86,236,7,37,104Y
10014,臺東縣,10014010,臺東市,10014010-005,卑南里,0,0,66,25,120,18,0,0,0,0,9,159,24,36,0,0,0,0,0,31,115,17,39,5,0,0,0,1,32,91,34,67,12,2,0,0,2,27,61,70,64,18,5,0,0,2,44,48,55,98,33,1,0,0,7,41,55,63,86,36,7,0,0,4,25,36,35,134,34,10,0,1,4,7,23,25,90,33,31,0,1,1,7,20,19,74,22,63,0,3,0,5,20,16,76,37,199,3,29,104Y
10014,臺東縣,10014010,臺東市,10014010-003,岩灣里,0,0,38,19,95,16,1,0,0,0,3,98,22,42,2,0,0,0,1,14,65,14,46,4,0,0,0,0,20,58,23,48,24,2,0,0,2,20,35,43,63,35,4,0,0,0,16,24,43,89,45,6,0,0,0,25,31,40,80,40,9,0,1,0,11,19,26,80,51,14,0,0,2,7,13,22,57,27,29,0,1,1,4,14,14,34,20,37,0,4,1,1,8,8,36,43,163,3,30,104Y
10014,臺東縣,10014010,臺東市,10014010-036,東海里,0,0,39,27,144,27,1,0,0,0,9,138,28,41,4,0,0,0,2,32,135,21,50,3,0,0,0,1,46,122,51,72,13,1,0,0,7,33,82,55,87,25,3,0,1,6,26,44,48,85,26,6,0,0,2,19,39,35,105,34,8,0,0,2,9,35,50,128,50,10,0,0,2,9,36,40,140,39,32,0,1,2,6,21,26,83,18,63,0,1,0,7,38,38,72,45,206,4,28,104Y
10014,臺東縣,10014010,臺東市,10014010-045,知本里,0,0,21,16,73,11,1,0,0,0,2,71,16,37,2,0,0,0,0,4,41,12,38,6,0,0,0,1,5,28,14,53,13,2,0,0,0,4,10,14,52,11,4,0,1,0,3,11,12,61,21,3,0,0,1,2,10,21,75,26,3,0,0,0,1,4,7,63,57,14,0,1,0,1,4,4,42,40,25,1,0,0,1,3,8,22,13,51,0,1,0,0,6,5,13,19,141,1,20,104Y
10014,臺東縣,10014010,臺東市,10014010-004,南王里,0,0,42,27,141,28,2,0,1,0,10,140,31,63,1,0,0,0,0,17,99,13,86,7,1,0,0,2,19,83,24,71,15,3,0,0,5,17,41,32,98,22,4,0,0,1,15,25,39,87,33,8,0,1,1,9,33,41,109,54,9,0,1,0,11,23,31,117,72,23,0,1,0,5,10,26,85,66,50,0,1,0,1,11,18,53,15,99,0,4,0,2,17,23,61,54,247,2,24,104Y
10014,臺東縣,10014010,臺東市,10014010-006,南榮里,0,0,38,27,149,21,0,0,0,0,5,115,19,87,4,0,0,0,1,26,88,21,59,15,0,0,0,1,16,75,20,70,22,4,0,0,0,20,46,49,88,30,11,0,1,1,23,36,44,98,57,4,0,0,2,14,27,30,87,87,17,0,0,2,6,15,31,93,91,29,0,0,2,5,16,16,64,54,48,0,0,2,3,12,9,56,21,84,1,3,0,3,13,24,58,52,272,11,33,104Y
10014,臺東縣,10014010,臺東市,10014010-042,建和里,0,0,13,9,57,13,0,0,0,0,6,64,14,52,4,0,0,0,0,5,60,13,45,5,0,0,0,0,6,21,9,46,10,1,0,0,0,4,8,19,58,12,1,0,0,1,1,10,14,52,26,3,0,0,0,4,7,11,71,45,4,1,0,0,2,4,12,53,54,16,0,1,0,2,6,5,37,48,36,0,1,1,0,3,6,11,22,63,1,0,0,1,6,7,19,22,197,3,20,104Y
10014,臺東縣,10014010,臺東市,10014010-017,建國里,0,0,8,9,64,6,0,0,0,0,4,46,7,30,2,1,0,0,0,7,40,6,40,7,0,0,0,0,5,20,18,45,13,3,0,0,0,5,15,14,51,27,2,0,0,1,3,6,23,59,36,2,1,0,0,3,4,16,55,45,6,0,0,0,0,9,7,55,43,12,0,0,0,0,1,13,46,36,26,1,0,0,2,6,1,31,16,55,1,3,0,0,4,9,20,28,162,4,32,104Y
10014,臺東縣,10014010,臺東市,10014010-044,建業里,0,0,14,11,68,13,1,0,0,0,3,55,7,46,2,0,0,0,0,3,39,4,42,5,0,0,0,0,7,16,7,38,5,0,0,0,0,4,13,16,50,23,4,0,0,0,3,10,9,50,21,0,0,1,0,4,13,17,74,41,4,0,0,1,4,5,8,46,49,9,0,0,1,2,2,6,34,32,26,0,2,0,0,5,4,19,17,59,0,1,0,0,4,10,20,24,172,9,11,104Y
10014,臺東縣,10014010,臺東市,10014010-046,建農里,0,0,11,24,124,12,1,0,0,0,1,77,18,97,13,0,0,0,0,3,40,9,71,15,0,0,0,0,2,32,19,79,40,4,0,1,1,7,15,24,81,43,15,0,0,1,5,15,20,91,89,11,0,0,2,2,9,13,81,91,12,0,0,0,2,7,8,50,61,31,0,1,1,0,2,9,39,39,58,0,6,1,0,2,6,20,12,93,1,4,0,3,6,2,31,18,169,9,26,104Y
10014,臺東縣,10014010,臺東市,10014010-043,建興里,0,0,14,11,41,6,1,0,0,0,4,53,9,26,4,0,0,0,1,6,37,3,16,4,1,0,0,0,9,17,9,22,3,1,0,0,0,2,11,15,40,9,1,0,0,0,6,9,11,41,11,2,0,0,0,2,8,14,46,16,3,0,0,1,0,4,10,47,33,9,0,1,0,0,5,5,26,31,19,0,1,0,0,3,7,13,4,35,0,0,1,2,9,3,17,27,116,0,20,104Y
10014,臺東縣,10014010,臺東市,10014010-010,馬蘭里,0,0,73,34,192,42,0,0,0,0,14,163,29,66,2,0,0,0,1,42,104,13,42,4,0,0,0,2,33,74,39,51,10,3,0,0,1,32,70,47,85,17,6,0,0,0,24,64,56,98,19,4,0,2,0,27,29,45,112,34,4,0,0,1,10,32,42,129,39,8,0,1,1,9,24,25,100,28,20,0,1,0,4,30,25,80,20,39,1,0,0,4,39,43,90,57,177,4,15,104Y
10014,臺東縣,10014010,臺東市,10014010-035,康樂里,0,0,19,15,68,19,0,0,0,0,1,69,14,33,2,0,0,0,0,1,49,11,36,3,1,0,0,1,4,33,19,53,11,3,0,0,0,2,8,19,71,20,3,0,0,0,3,18,20,74,17,2,0,0,0,6,10,21,69,35,2,0,0,0,6,7,12,56,43,8,0,1,0,1,7,10,40,29,21,0,2,1,2,2,5,16,9,51,1,5,0,0,6,2,20,14,113,2,34,104Y
10014,臺東縣,10014010,臺東市,10014010-016,強國里,0,0,10,2,26,6,0,0,0,0,1,32,5,13,2,0,0,0,1,6,35,9,13,3,0,0,0,1,6,15,5,17,3,3,0,0,0,4,6,8,25,10,0,0,0,0,3,5,7,16,8,2,0,0,0,2,5,5,30,17,2,0,0,0,0,2,6,28,20,5,0,0,0,0,7,6,33,16,8,0,0,0,0,1,5,14,15,26,0,0,0,0,5,6,14,14,59,2,9,104Y
10014,臺東縣,10014010,臺東市,10014010-001,富岡里,0,0,16,12,49,9,2,0,0,0,3,52,6,45,3,0,0,0,0,1,27,6,65,8,1,0,0,0,3,20,13,67,26,1,0,0,0,2,13,27,62,37,5,0,1,0,1,7,6,56,37,4,0,1,0,3,7,8,46,60,8,0,0,0,1,5,8,49,64,23,0,3,0,0,4,3,32,46,45,0,3,0,0,1,4,17,22,98,1,3,0,0,1,1,18,25,213,7,30,104Y
10014,臺東縣,10014010,臺東市,10014010-002,富豐里,0,0,9,8,37,8,0,0,0,0,1,28,7,29,1,0,0,0,0,0,24,3,37,2,1,0,0,0,5,22,23,27,9,1,0,0,1,2,7,16,26,22,1,0,0,0,1,11,6,32,25,3,0,0,0,0,4,4,40,37,8,0,1,0,1,4,4,22,39,10,0,0,0,0,1,2,27,25,18,0,1,0,1,1,2,6,4,25,0,2,1,0,1,2,9,11,120,1,13,104Y
10014,臺東縣,10014010,臺東市,10014010-025,復國里,0,0,8,5,28,5,0,0,0,0,3,19,8,25,1,0,0,0,0,6,14,7,18,2,1,0,0,0,4,8,3,17,1,2,0,0,1,7,9,10,17,4,3,0,0,0,2,6,9,21,18,3,0,0,0,2,3,1,32,21,4,0,0,0,2,3,2,40,24,7,0,0,0,2,2,3,21,18,13,0,0,1,0,0,2,20,6,19,0,0,0,0,4,5,11,17,72,2,10,104Y
10014,臺東縣,10014010,臺東市,10014010-027,復興里,0,0,3,4,16,4,0,0,0,0,1,23,2,10,1,0,0,0,0,4,11,5,13,2,0,0,0,0,4,8,6,30,5,1,0,0,0,0,6,5,16,6,2,0,0,0,0,1,8,13,5,1,1,1,0,1,1,4,13,10,1,0,0,0,1,1,6,22,14,3,0,0,0,0,3,4,22,13,4,0,0,0,0,1,3,12,6,12,0,0,0,2,2,6,16,14,41,3,5,104Y
10014,臺東縣,10014010,臺東市,10014010-007,新生里,0,0,109,48,294,46,2,0,0,1,28,398,57,118,8,0,0,0,4,66,307,47,143,10,0,0,1,8,77,266,75,190,24,9,0,0,4,76,134,95,169,46,14,0,0,3,58,91,118,207,69,16,0,0,6,58,86,125,264,112,11,1,1,3,41,76,93,292,128,25,0,0,1,35,81,96,264,103,56,1,2,2,16,73,59,186,59,169,1,4,1,9,61,71,168,108,412,9,50,104Y
10014,臺東縣,10014010,臺東市,10014010-029,新園里,0,0,24,27,98,5,0,0,0,0,3,66,17,58,4,0,0,0,0,3,26,5,58,10,1,0,0,0,2,27,12,67,15,2,0,0,0,6,24,14,68,20,12,0,1,0,3,10,10,81,55,9,0,0,0,2,3,10,58,51,25,0,1,0,3,8,6,56,57,31,0,0,0,0,4,2,30,35,47,0,0,0,0,2,5,16,10,91,0,2,0,0,4,1,24,16,167,3,32,104Y
10014,臺東縣,10014010,臺東市,10014010-037,新興里,0,0,14,9,35,7,0,0,0,0,1,52,18,22,1,0,0,0,1,8,25,4,22,1,0,0,0,1,8,29,11,22,6,2,0,0,1,7,19,15,23,13,1,0,0,0,3,8,21,32,15,6,0,0,2,4,8,19,61,14,5,0,0,0,3,11,16,46,27,3,0,0,0,2,8,7,41,24,14,0,0,0,0,3,11,20,11,32,0,1,0,3,15,7,41,24,122,1,13,104Y
10014,臺東縣,10014010,臺東市,10014010-026,興國里,0,0,24,7,42,6,0,0,0,0,3,51,1,7,2,0,0,0,0,6,27,6,5,1,0,0,0,0,15,18,11,13,3,1,0,0,1,9,20,24,30,10,1,0,0,1,4,12,14,39,9,1,0,0,1,4,12,12,50,12,1,0,0,0,1,6,10,39,14,3,0,0,0,1,7,7,24,9,3,0,0,0,0,6,3,21,2,19,0,1,0,2,6,6,29,25,66,2,12,104Y
10014,臺東縣,10014010,臺東市,10014010-030,豐田里,0,0,26,27,99,18,0,0,0,0,6,91,23,71,6,0,0,0,0,11,78,22,65,11,2,0,0,0,6,39,21,82,16,3,0,0,2,2,29,32,81,23,2,0,0,1,2,15,29,114,49,7,0,0,0,6,16,25,90,48,5,0,0,0,3,10,13,69,76,20,0,0,0,0,5,11,50,50,48,1,2,0,1,8,3,19,20,96,0,3,0,0,3,5,28,29,217,5,38,104Y
10014,臺東縣,10014010,臺東市,10014010-031,豐年里,0,0,35,34,152,18,2,0,0,0,9,125,29,108,12,0,0,0,0,20,90,28,79,11,1,0,0,0,12,71,48,89,15,5,0,0,0,21,32,37,118,43,2,0,1,0,18,39,32,112,55,8,0,1,1,11,20,34,142,80,12,0,0,0,3,18,24,97,84,25,1,1,0,0,11,15,89,58,49,0,2,0,1,11,11,46,24,98,0,2,0,1,10,11,52,50,257,4,31,104Y
10014,臺東縣,10014010,臺東市,10014010-039,豐谷里,0,0,92,51,285,46,0,0,1,0,21,295,52,117,10,0,0,0,1,42,228,38,146,22,2,0,1,4,45,130,60,143,34,6,0,1,3,30,63,89,180,69,10,0,1,0,23,43,76,200,89,11,0,2,2,19,51,57,227,112,17,0,1,0,18,33,46,213,171,32,0,0,1,2,33,41,156,118,54,0,1,0,2,29,40,109,45,150,0,1,0,2,38,36,102,69,431,8,33,104Y
10014,臺東縣,10014010,臺東市,10014010-040,豐里里,0,0,38,39,123,16,1,0,0,0,4,115,33,72,8,0,0,0,1,13,91,11,59,11,3,0,0,1,16,49,30,91,27,4,0,0,0,9,26,25,81,40,3,0,0,0,10,19,24,89,46,10,0,0,1,15,15,24,109,75,5,0,1,0,10,11,18,91,79,26,0,0,1,4,11,13,62,67,44,0,0,0,2,2,9,38,25,89,1,2,0,1,6,8,27,41,242,3,54,104Y
10014,臺東縣,10014010,臺東市,10014010-041,豐原里,0,0,16,12,58,4,0,0,0,0,3,69,12,37,1,0,0,0,0,7,46,10,31,6,1,0,0,0,5,19,10,51,14,4,0,0,0,8,8,7,42,24,5,0,0,1,1,8,9,40,20,2,0,0,1,3,2,17,64,29,7,0,1,2,5,4,8,58,44,7,0,2,0,1,0,0,33,48,23,0,0,0,0,2,0,16,18,45,1,1,0,1,0,4,12,19,163,6,30,104Y
10014,臺東縣,10014010,臺東市,10014010-038,豐榮里,0,0,141,93,407,63,1,0,0,1,35,433,95,162,8,1,0,0,4,93,345,68,171,13,0,0,0,3,75,283,110,212,48,5,0,1,4,76,172,149,268,93,14,0,0,9,70,123,128,328,88,9,0,1,6,62,130,141,323,119,14,0,1,7,39,70,113,342,130,37,1,3,2,21,71,104,280,149,105,1,2,0,12,61,64,183,67,195,0,7,1,14,54,47,127,109,532,12,73,104Y
10014,臺東縣,10014010,臺東市,10014010-033,豐樂里,0,0,17,22,80,16,0,0,0,0,6,82,25,38,4,0,0,0,0,15,58,18,41,3,1,0,0,0,16,39,22,40,9,2,0,0,1,10,21,20,60,16,1,0,0,2,7,15,21,56,25,2,0,0,0,4,10,19,57,31,3,0,0,2,6,9,20,72,39,5,0,0,1,1,8,8,63,35,20,0,0,0,5,7,6,44,18,43,0,1,1,2,2,3,29,22,135,9,16,104Y
10014,臺東縣,10014010,臺東市,10014010-009,寶桑里,0,0,16,8,40,8,1,0,0,0,1,35,11,16,1,0,0,0,0,5,28,4,14,1,0,0,0,1,5,24,14,39,6,2,0,0,1,1,11,15,35,12,3,0,0,0,4,11,9,36,18,2,0,0,0,1,6,13,29,26,0,0,1,1,4,3,4,33,36,6,0,0,0,3,1,4,27,23,11,0,1,0,0,3,3,25,16,43,0,0,0,1,3,6,17,22,90,1,13,104Y
10014,臺東縣,10014010,臺東市,10014010-028,鐵花里,0,0,4,1,22,3,0,0,0,0,1,14,1,7,0,0,0,0,0,4,17,1,8,1,0,0,0,0,11,8,3,3,1,0,0,0,2,3,12,3,11,6,1,0,0,1,1,6,9,17,3,0,0,0,0,3,5,7,16,4,1,0,0,0,1,2,1,21,10,1,0,0,0,3,4,7,19,6,2,0,0,0,0,4,5,14,7,6,0,0,0,0,5,3,30,13,42,1,5,104Y
10014,臺東縣,10014030,關山鎮,10014030-004,中福里,0,0,7,3,27,3,0,0,0,0,1,47,4,11,0,0,0,0,0,9,33,4,14,3,0,0,0,0,4,30,9,26,6,0,0,0,0,8,22,9,22,4,2,0,0,1,2,9,13,16,4,1,0,0,0,4,11,12,27,4,4,0,0,1,1,12,9,35,9,3,0,0,0,2,11,6,53,18,12,0,0,0,1,8,4,30,11,19,0,0,0,0,8,9,31,41,81,4,16,104Y
10014,臺東縣,10014030,關山鎮,10014030-007,月眉里,0,0,9,7,29,7,1,0,0,0,1,22,7,25,0,0,0,0,0,3,24,5,21,5,0,0,0,0,1,12,8,22,5,0,0,0,0,1,6,4,21,12,1,0,1,0,3,7,4,27,24,4,0,0,0,3,3,2,33,23,9,0,1,0,1,4,6,29,28,16,0,2,0,1,0,2,22,19,24,0,0,0,1,4,2,12,6,32,0,1,0,0,0,2,9,9,103,1,29,104Y
10014,臺東縣,10014030,關山鎮,10014030-005,里里,0,0,29,16,80,14,0,0,0,0,3,84,9,39,4,0,0,0,0,9,70,4,38,7,1,0,0,3,11,48,19,55,8,2,0,0,2,11,37,26,46,15,3,0,0,0,7,15,19,63,19,4,0,0,0,4,17,14,86,29,5,0,0,0,4,12,19,71,46,18,0,0,1,4,12,9,68,42,28,0,0,0,1,20,8,44,18,56,0,2,0,1,15,15,44,41,181,3,35,104Y
10014,臺東縣,10014030,關山鎮,10014030-003,新福里,0,0,15,15,36,9,0,0,0,0,2,42,10,28,1,0,0,0,0,2,26,1,26,5,0,0,0,0,1,24,9,30,3,1,0,0,0,2,6,13,26,11,6,0,0,1,2,8,8,34,17,4,0,0,0,2,5,14,34,34,7,0,0,0,0,4,10,30,30,19,0,1,0,0,3,3,29,20,27,0,2,0,1,1,1,13,12,34,0,0,0,0,3,2,11,16,106,2,22,104Y
10014,臺東縣,10014030,關山鎮,10014030-006,電光里,0,0,4,9,26,1,1,0,0,0,0,18,5,11,1,0,0,0,0,4,9,4,16,7,0,0,1,0,1,8,1,28,4,0,0,0,0,1,0,5,15,12,2,0,0,0,1,1,7,19,24,6,0,0,0,0,3,0,23,25,3,0,0,0,0,1,3,10,27,14,0,0,0,0,0,2,8,13,16,0,0,0,0,0,0,7,5,47,0,0,1,0,2,2,5,13,92,1,6,104Y
10014,臺東縣,10014030,關山鎮,10014030-001,德高里,0,0,29,16,86,17,0,0,0,0,1,80,14,43,8,0,0,0,0,5,47,5,33,6,2,0,0,0,8,38,14,57,4,1,0,0,0,0,20,8,50,22,6,0,0,0,3,11,11,76,39,5,0,0,0,0,7,12,73,52,13,0,1,0,1,7,9,62,58,19,0,0,0,1,2,5,39,43,42,1,1,0,0,1,2,14,17,79,1,4,0,0,2,3,20,34,316,4,32,104Y
10014,臺東縣,10014030,關山鎮,10014030-002,豐泉里,0,0,23,5,77,9,0,0,0,0,4,61,6,16,1,0,0,0,0,9,47,3,28,1,1,0,0,0,6,39,19,31,7,0,0,0,1,5,24,10,31,12,3,0,0,0,8,17,8,37,17,4,0,0,0,5,9,15,70,14,6,0,0,0,2,8,13,43,21,10,0,0,0,2,7,15,51,27,22,0,0,0,0,7,8,24,14,40,0,1,0,0,3,13,17,33,111,1,17,104Y
10014,臺東縣,10014160,蘭嶼鄉,10014160-001,東清村,0,0,20,7,86,10,0,0,0,0,1,58,8,44,2,0,0,0,0,1,45,8,53,10,0,0,0,1,6,26,15,72,30,2,0,0,0,5,17,15,69,36,3,0,0,0,5,22,5,71,29,4,0,0,0,2,7,9,36,48,5,0,0,0,1,6,2,21,54,14,0,0,0,0,3,2,10,28,54,0,0,0,1,1,2,6,7,37,0,0,0,0,0,1,1,1,86,0,4,104Y
10014,臺東縣,10014160,蘭嶼鄉,10014160-003,紅頭村,0,0,16,4,71,9,0,0,0,0,0,53,5,33,3,2,0,0,0,5,63,9,36,4,1,0,0,0,10,47,14,60,9,4,0,0,0,7,23,13,60,35,1,0,0,0,5,16,9,80,21,2,0,0,1,4,15,13,56,38,3,0,0,0,0,16,11,42,28,5,0,0,0,3,10,7,38,45,6,0,1,0,2,2,5,24,10,39,0,0,0,0,1,3,11,0,91,0,3,104Y
10014,臺東縣,10014160,蘭嶼鄉,10014160-002,朗島村,0,0,13,6,62,7,0,0,0,0,0,51,11,39,3,0,0,0,0,3,39,7,43,1,1,0,0,0,6,13,4,59,10,0,0,0,0,4,5,5,32,30,0,0,0,1,2,6,3,23,23,0,0,0,0,1,2,4,17,36,1,0,0,0,0,3,3,13,33,0,0,0,0,0,2,1,4,17,24,0,1,0,0,0,0,3,2,33,0,0,0,0,0,0,1,0,60,0,0,104Y
10014,臺東縣,10014160,蘭嶼鄉,10014160-004,椰油村,0,0,7,12,46,9,0,0,0,0,2,55,9,20,2,0,0,0,0,5,38,8,38,4,0,0,0,0,15,21,7,66,23,3,0,0,0,11,18,10,58,29,1,0,0,0,9,10,11,35,21,0,0,0,0,3,15,8,32,19,2,0,0,1,3,2,4,37,21,2,0,0,0,2,3,2,20,31,10,0,0,0,1,0,3,11,10,36,0,0,0,0,1,1,3,6,61,0,3,104Y
10014,臺東縣,10014100,大武鄉,10014100-001,大竹村,0,0,3,6,28,6,0,0,0,0,0,16,5,22,3,0,0,0,0,1,19,4,27,6,3,0,0,0,0,19,5,38,12,2,0,0,0,3,18,11,38,9,3,0,1,0,1,11,9,24,14,4,0,0,0,1,0,3,17,18,20,0,0,0,0,1,3,13,34,29,0,0,0,0,1,1,13,30,46,0,0,0,0,1,1,7,10,45,0,1,0,0,2,5,7,6,101,1,6,105Y
10014,臺東縣,10014100,大武鄉,10014100-003,大武村,0,0,14,13,52,12,0,0,0,0,4,44,15,32,3,0,0,0,0,8,48,8,48,2,0,0,0,0,9,23,12,59,21,3,0,0,0,14,17,17,53,23,2,0,0,1,3,12,26,67,28,3,0,0,0,2,12,7,43,28,11,0,0,0,2,10,12,43,52,26,0,0,0,1,5,11,35,40,41,0,0,0,0,2,2,28,21,68,0,1,0,0,7,5,25,34,140,0,15,105Y
10014,臺東縣,10014100,大武鄉,10014100-002,大鳥村,0,0,4,26,44,9,0,0,0,0,1,28,15,50,8,0,0,0,0,0,29,8,59,12,0,0,0,0,1,20,9,41,25,3,0,0,0,0,9,11,42,28,8,0,0,0,1,8,9,40,26,5,0,0,1,2,6,9,22,59,11,0,0,0,0,3,1,19,74,31,0,0,0,0,1,2,35,41,35,0,1,0,0,5,2,10,17,58,0,2,1,1,2,5,8,7,117,0,1,105Y
10014,臺東縣,10014100,大武鄉,10014100-004,尚武村,0,0,13,14,40,6,0,0,0,0,4,48,13,40,5,0,0,0,0,3,37,5,46,9,2,0,0,0,4,26,14,46,15,4,0,0,0,4,23,30,71,28,1,0,0,0,2,15,15,59,32,3,0,0,2,3,9,13,63,64,14,0,0,1,0,5,10,40,60,22,1,0,0,1,7,11,44,68,43,1,2,0,1,5,2,18,19,80,0,2,0,1,5,6,17,22,176,5,42,105Y
10014,臺東縣,10014100,大武鄉,10014100-005,南興村,0,0,2,10,14,2,0,0,0,0,0,13,4,15,1,0,0,0,0,0,28,7,12,0,0,0,0,0,2,2,10,19,6,1,0,1,0,3,11,6,16,14,0,0,0,0,2,8,6,31,12,1,0,0,0,0,2,3,20,15,3,0,1,0,0,1,3,29,22,11,0,0,0,1,2,8,11,22,23,0,1,0,0,4,3,16,11,16,0,0,0,0,3,3,6,9,55,4,10,105Y
10014,臺東縣,10014090,太麻里鄉,10014090-002,三和村,0,0,13,8,20,4,1,0,0,0,1,22,5,11,2,0,0,0,0,2,18,1,10,3,1,0,0,0,2,14,5,20,15,2,0,0,0,1,6,8,23,12,3,0,0,0,1,6,9,19,15,0,0,0,0,2,1,9,38,13,2,0,0,0,0,2,4,15,28,7,0,0,0,0,2,2,19,24,16,0,0,0,0,1,0,2,12,30,0,1,0,0,0,0,3,11,102,0,20,105Y
10014,臺東縣,10014090,太麻里鄉,10014090-006,大王村,0,0,11,15,58,11,0,0,0,0,4,64,17,39,5,0,0,0,0,4,64,16,63,6,0,0,0,1,9,35,21,59,22,2,0,0,1,2,25,17,63,25,1,0,0,0,9,20,18,69,35,3,0,0,0,2,10,16,90,32,8,0,0,0,1,9,18,58,51,19,0,1,0,1,8,7,54,48,52,0,4,0,3,5,5,39,31,92,1,5,0,0,9,8,29,28,245,6,46,105Y
10014,臺東縣,10014090,太麻里鄉,10014090-004,北里村,0,0,2,7,24,5,0,0,0,0,1,14,12,18,2,0,0,0,0,3,4,2,21,1,0,0,0,0,1,7,4,15,11,0,0,0,0,1,6,5,22,12,2,0,0,0,1,3,2,27,14,2,0,0,0,1,3,0,15,15,4,0,0,0,0,2,2,12,21,4,0,0,0,0,0,4,24,23,16,0,0,0,0,0,1,11,10,32,0,1,0,0,3,0,9,6,86,3,12,105Y
10014,臺東縣,10014090,太麻里鄉,10014090-009,多良村,0,0,3,9,40,4,0,0,0,0,1,13,10,41,6,0,0,0,0,0,12,6,40,4,0,0,0,0,0,11,4,42,17,1,0,1,0,1,1,13,32,35,2,0,1,1,2,3,4,31,48,4,0,1,0,0,1,4,20,29,21,0,1,0,3,1,0,19,32,34,0,1,0,0,0,6,16,16,53,1,1,0,0,0,2,10,6,55,0,0,0,0,1,2,8,12,103,2,11,105Y
10014,臺東縣,10014090,太麻里鄉,10014090-008,金崙村,0,0,8,32,72,13,2,0,0,0,1,48,23,67,2,0,0,0,0,1,31,12,64,9,1,0,0,0,1,24,15,71,19,1,0,0,0,2,12,21,81,44,4,0,0,0,1,7,10,74,62,3,0,0,1,0,6,12,72,57,20,0,1,0,1,7,7,70,78,43,0,1,0,0,3,2,48,41,71,2,2,0,0,2,2,16,23,67,0,1,0,0,5,2,25,32,178,3,10,105Y
10014,臺東縣,10014090,太麻里鄉,10014090-001,美和村,0,0,9,15,74,6,0,0,0,0,1,46,16,39,7,1,0,0,1,3,36,11,33,6,1,0,0,0,5,24,14,55,11,0,0,0,0,1,17,19,55,29,3,0,0,1,4,7,17,53,29,5,0,1,0,1,3,14,48,48,5,0,1,0,0,1,11,42,61,16,0,0,0,1,0,4,25,37,31,0,0,0,0,3,0,17,12,77,0,1,0,0,0,1,9,16,192,0,14,105Y
10014,臺東縣,10014090,太麻里鄉,10014090-007,香蘭村,0,0,7,2,26,2,0,0,0,0,0,19,6,17,1,0,0,0,0,1,24,6,25,3,0,0,0,1,1,11,9,40,6,0,0,1,0,1,8,7,29,16,0,0,0,0,2,2,4,21,13,2,0,0,0,4,6,6,31,23,1,0,0,0,1,1,5,33,36,13,0,0,0,1,0,2,19,35,25,0,1,0,0,0,1,9,14,32,0,2,0,0,1,0,4,15,150,2,29,105Y
10014,臺東縣,10014090,太麻里鄉,10014090-005,泰和村,0,0,19,23,54,5,0,0,0,0,3,72,19,26,2,0,0,0,0,6,59,11,25,5,0,0,0,1,9,45,15,34,9,2,0,0,0,5,19,20,43,17,0,0,0,0,4,18,22,54,22,1,0,0,0,1,7,19,67,35,5,0,0,0,1,6,5,64,52,8,0,1,0,1,7,8,35,40,31,0,3,0,3,3,7,22,20,48,1,1,0,0,8,2,27,28,203,4,34,105Y
10014,臺東縣,10014090,太麻里鄉,10014090-003,華源村,0,0,6,3,17,3,0,0,0,0,0,22,3,11,4,0,0,0,0,2,10,5,8,0,0,0,0,0,1,9,2,20,4,1,0,0,0,1,6,8,26,5,1,0,0,0,3,8,5,35,14,2,0,0,0,0,4,5,23,25,1,0,0,0,0,0,3,18,35,4,0,1,0,0,0,4,7,8,20,0,0,0,0,2,3,3,7,28,0,2,0,0,0,3,10,10,121,1,44,105Y
10014,臺東縣,10014020,成功鎮,10014020-003,三仙里,0,0,10,5,54,7,3,0,0,0,0,33,7,49,7,0,0,0,0,2,31,5,39,8,0,0,0,0,3,20,6,52,24,12,0,0,0,1,10,12,48,44,28,0,0,0,2,9,5,29,72,10,0,0,0,2,2,5,20,58,37,0,0,0,1,1,4,20,53,58,0,3,0,0,2,4,22,37,81,1,3,0,0,0,2,20,14,83,0,0,0,1,0,2,5,17,231,1,12,105Y
10014,臺東縣,10014020,成功鎮,10014020-004,三民里,0,0,23,29,125,21,0,0,0,0,2,104,24,74,7,0,0,0,0,9,98,22,78,12,0,0,0,1,8,68,23,90,38,3,0,0,0,6,36,44,104,51,27,0,1,1,6,19,16,73,92,11,0,1,0,3,11,35,73,97,27,0,1,0,2,7,16,62,103,67,0,0,0,0,9,11,51,63,112,1,7,0,0,3,8,32,40,152,0,11,0,0,6,4,27,33,411,0,20,105Y
10014,臺東縣,10014020,成功鎮,10014020-007,和平里,0,0,6,1,20,2,0,0,0,0,2,26,3,16,0,0,0,0,0,1,15,7,25,2,0,0,0,0,1,8,4,29,6,1,0,0,1,1,3,4,32,10,5,0,0,0,1,5,2,16,26,2,0,1,0,3,4,1,17,24,13,0,0,0,0,2,1,25,34,27,0,0,0,0,2,2,16,23,39,0,1,0,0,1,1,10,11,53,0,0,0,0,1,0,6,16,159,1,7,105Y
10014,臺東縣,10014020,成功鎮,10014020-006,忠仁里,0,0,22,17,99,11,0,0,0,0,2,102,15,52,5,0,0,0,0,4,69,11,38,5,1,0,0,0,7,55,35,76,27,6,0,0,0,9,34,40,72,39,15,0,0,0,8,10,18,81,64,13,0,1,0,3,11,28,81,75,14,0,0,1,2,8,14,70,79,36,0,3,0,3,5,13,70,78,61,0,1,0,1,6,9,28,45,109,0,2,0,3,7,13,33,63,287,4,18,105Y
10014,臺東縣,10014020,成功鎮,10014020-002,忠孝里,0,0,4,2,20,3,0,0,0,0,0,28,9,36,0,0,0,0,0,1,26,5,24,9,0,0,0,0,0,18,10,34,17,5,0,0,0,0,8,10,31,21,1,0,0,0,0,6,6,22,30,1,0,1,0,1,2,4,31,39,10,0,0,0,1,1,3,30,48,30,0,0,0,0,4,0,21,35,31,0,0,0,0,1,1,10,18,52,0,0,0,0,1,2,12,19,203,2,5,105Y
10014,臺東縣,10014020,成功鎮,10014020-005,忠智里,0,0,27,14,89,8,1,0,0,0,3,85,15,37,4,0,0,0,1,13,77,9,25,6,1,0,0,1,12,49,20,48,18,3,0,0,2,9,35,36,65,30,6,0,0,0,10,15,28,67,51,6,0,0,1,3,17,21,82,33,5,0,0,0,1,11,18,67,61,18,0,0,0,1,9,19,53,60,31,0,2,0,1,4,5,28,42,68,0,1,0,1,8,6,34,50,285,1,15,105Y
10014,臺東縣,10014020,成功鎮,10014020-008,信義里,0,0,16,6,41,6,2,0,0,0,2,46,7,44,2,0,0,0,0,4,44,6,45,13,2,0,0,0,2,20,17,48,33,7,0,0,0,1,14,27,57,36,20,0,0,0,3,9,15,47,67,18,0,1,0,4,8,10,51,75,44,0,0,1,2,3,14,36,80,73,0,0,0,1,8,7,32,63,85,0,1,0,0,8,7,29,24,101,0,0,0,1,4,3,26,17,356,2,5,105Y
10014,臺東縣,10014020,成功鎮,10014020-001,博愛里,0,0,4,1,20,1,0,0,0,0,0,12,2,21,1,0,0,0,0,0,7,5,11,0,0,0,0,0,0,11,4,18,8,4,0,0,1,1,2,4,14,15,4,0,0,0,1,1,5,15,18,1,0,0,0,0,1,4,19,36,5,0,0,0,1,2,2,20,40,12,0,0,0,0,1,6,13,27,23,0,1,0,0,1,0,5,11,41,0,0,0,0,2,2,8,8,157,0,1,105Y
10014,臺東縣,10014060,池上鄉,10014060-003,大坡村,0,0,3,2,6,3,0,0,0,0,0,13,1,6,1,0,0,0,0,0,7,2,8,1,0,0,0,0,1,4,1,14,1,0,0,0,0,1,3,4,7,6,0,0,0,0,0,1,1,10,7,0,0,1,0,0,2,2,7,5,5,0,0,0,0,0,1,9,19,3,0,0,0,0,0,0,11,21,8,0,1,0,0,0,0,7,13,17,0,0,0,0,2,0,6,6,55,0,12,105Y
10014,臺東縣,10014060,池上鄉,10014060-004,大埔村,0,0,8,4,28,4,1,0,0,0,0,31,11,15,3,0,0,0,0,1,26,5,18,0,0,0,0,2,7,13,8,15,10,0,0,0,1,2,13,16,30,12,0,0,0,0,3,7,9,22,22,3,0,0,0,2,11,5,25,17,4,0,0,0,3,5,4,28,28,5,0,1,1,0,2,2,17,27,14,0,2,0,1,4,6,19,15,34,0,1,0,0,4,6,13,17,128,2,15,105Y
10014,臺東縣,10014060,池上鄉,10014060-010,振興村,0,0,3,6,21,2,0,0,0,0,0,14,2,20,2,0,0,0,0,0,3,1,14,2,0,0,0,0,2,5,2,14,3,4,0,0,0,2,3,1,25,6,1,0,0,0,2,1,3,14,12,4,0,0,0,2,2,1,12,20,8,0,0,0,0,0,4,8,13,13,0,1,0,0,1,0,6,8,17,0,0,0,0,1,1,3,3,33,0,2,0,0,1,1,1,4,65,1,20,105Y
10014,臺東縣,10014060,池上鄉,10014060-009,富興村,0,0,1,2,15,3,0,0,0,0,0,10,5,12,1,0,0,0,1,2,6,1,12,0,0,0,0,0,1,4,5,14,2,0,0,0,0,0,2,2,23,5,0,0,0,1,0,3,1,17,12,2,0,0,0,0,0,3,17,15,2,0,0,0,1,2,4,14,17,10,0,0,0,0,1,2,15,10,15,0,1,0,0,1,1,8,7,14,0,2,0,1,1,1,0,14,59,2,12,105Y
10014,臺東縣,10014060,池上鄉,10014060-007,新興村,0,0,11,10,33,3,0,0,0,0,1,28,11,22,1,0,0,0,0,2,29,3,21,3,1,0,0,1,2,13,4,30,8,1,0,0,1,4,9,5,25,17,2,0,0,0,4,1,13,35,23,4,0,1,0,2,1,8,56,18,2,0,0,0,0,4,2,27,25,7,0,0,0,1,0,5,26,27,18,0,0,0,1,0,4,15,11,34,0,2,0,0,3,2,14,19,147,0,29,105Y
10014,臺東縣,10014060,池上鄉,10014060-008,萬安村,0,0,2,0,11,3,0,0,0,0,0,15,3,7,0,0,0,0,0,1,10,2,4,0,0,1,0,0,0,5,1,10,2,0,0,0,0,1,3,7,10,1,1,0,0,0,0,1,3,14,5,2,0,1,0,0,1,3,17,5,0,0,0,0,0,1,2,18,15,4,0,2,0,0,0,2,4,8,3,0,0,0,0,0,0,5,9,12,1,0,0,0,1,0,4,10,67,0,11,105Y
10014,臺東縣,10014060,池上鄉,10014060-001,福文村,0,0,11,22,62,3,0,0,1,0,1,33,10,35,3,0,0,0,0,2,24,6,21,2,0,0,0,1,1,13,3,34,7,3,0,0,0,0,14,13,61,7,8,0,0,0,3,11,15,54,35,6,0,0,0,4,8,5,57,36,10,0,1,0,0,4,9,50,44,7,0,1,0,1,3,2,38,38,21,0,1,0,0,5,2,13,13,56,1,1,0,0,2,5,23,21,181,3,30,105Y
10014,臺東縣,10014060,池上鄉,10014060-005,福原村,0,0,20,19,65,8,1,0,0,0,4,91,16,30,1,1,0,0,0,11,73,12,45,8,1,0,0,1,18,51,22,45,5,2,0,0,1,7,35,29,65,15,4,0,0,0,13,31,29,78,21,5,0,0,0,4,22,24,82,35,7,0,0,0,1,9,25,87,42,6,1,0,0,2,14,22,77,48,23,0,1,0,1,8,9,56,28,58,0,2,0,1,12,16,51,77,223,12,37,105Y
10014,臺東縣,10014060,池上鄉,10014060-002,慶豐村,0,0,9,7,18,4,0,0,0,0,2,19,8,18,2,0,0,0,0,2,16,4,16,3,0,0,0,0,1,13,4,20,5,0,0,0,0,1,6,9,28,12,0,0,0,0,3,5,10,33,11,1,0,0,0,3,2,8,31,18,2,0,0,0,1,1,4,37,28,3,0,1,0,1,0,4,16,19,9,0,0,0,0,1,1,9,14,28,0,0,0,0,0,4,7,20,116,0,14,105Y
10014,臺東縣,10014060,池上鄉,10014060-006,錦園村,0,0,2,2,10,4,0,0,2,0,1,14,1,2,0,0,0,1,0,0,13,2,3,0,0,0,0,0,3,10,2,8,2,0,0,0,0,1,4,4,8,5,0,0,0,0,0,2,4,20,3,1,0,0,0,0,0,1,21,4,0,0,0,0,1,2,4,20,16,1,0,0,0,1,1,1,15,14,4,0,0,0,0,1,2,11,5,20,0,0,0,0,0,3,6,13,57,3,7,105Y
10014,臺東縣,10014040,卑南鄉,10014040-010,太平村,0,0,38,40,127,18,3,0,0,0,6,136,24,120,9,0,0,0,0,14,80,35,124,14,2,0,0,0,9,73,35,118,29,4,0,0,1,12,35,46,108,42,9,0,0,1,8,41,45,148,71,10,0,0,0,15,23,34,142,76,10,0,0,0,7,22,26,113,100,30,0,2,0,2,19,18,95,66,63,0,2,2,2,8,8,50,40,120,2,7,0,0,16,15,44,37,205,28,58,105Y
10014,臺東縣,10014040,卑南鄉,10014040-002,利吉村,0,0,2,4,13,0,0,0,0,0,0,11,1,11,0,0,0,0,0,2,11,6,16,2,0,0,0,0,1,4,2,20,4,1,0,0,0,1,2,5,18,3,0,0,0,0,0,2,4,8,8,2,0,0,0,2,2,5,7,9,3,0,0,0,1,1,5,13,17,11,0,0,0,1,2,2,15,19,20,0,1,0,1,1,0,11,9,17,0,0,0,0,2,3,3,3,74,4,12,105Y
10014,臺東縣,10014040,卑南鄉,10014040-011,利嘉村,0,0,14,13,53,5,0,0,0,0,1,44,12,49,3,0,0,0,0,7,37,7,43,8,1,0,0,0,10,28,7,40,10,0,0,0,0,4,8,14,27,23,1,0,0,1,1,11,12,34,27,0,0,0,0,4,6,19,46,18,3,0,0,0,3,10,7,52,34,5,0,0,0,0,6,9,41,28,16,0,0,0,2,11,7,24,25,32,0,1,0,0,6,11,26,18,102,1,3,105Y
10014,臺東縣,10014040,卑南鄉,10014040-005,明峰村,0,0,10,6,35,5,0,0,0,0,0,40,7,33,2,0,0,0,0,6,33,11,33,1,0,0,0,1,8,27,9,35,11,0,0,0,1,5,7,14,52,10,2,0,0,0,4,13,11,55,20,4,0,0,0,3,3,11,49,24,5,0,0,0,0,6,4,44,47,20,0,1,0,1,4,3,21,26,21,0,2,0,1,2,7,31,18,53,0,2,0,2,6,6,33,24,151,14,31,105Y
10014,臺東縣,10014040,卑南鄉,10014040-012,東興村,0,0,7,11,54,9,0,0,0,0,0,57,17,36,2,0,0,0,0,1,28,10,44,5,1,0,0,0,2,12,13,60,19,2,0,0,0,2,21,23,45,21,8,0,0,0,2,9,6,54,28,6,0,1,0,2,9,11,49,39,20,0,1,0,3,2,7,35,50,36,0,0,0,0,0,2,20,23,54,0,2,0,0,0,0,16,10,41,0,3,0,0,4,5,9,13,117,0,6,105Y
10014,臺東縣,10014040,卑南鄉,10014040-006,初鹿村,0,0,14,10,60,11,0,0,0,0,5,55,12,24,2,0,0,0,0,4,26,8,44,3,0,0,0,0,0,28,11,38,12,5,0,0,0,3,17,17,51,32,9,0,0,0,6,7,10,51,23,5,0,0,0,5,8,12,59,42,3,0,0,0,3,6,10,40,42,14,1,0,0,1,8,7,30,42,20,1,2,1,1,3,5,38,9,61,1,4,0,0,6,7,24,13,150,9,43,105Y
10014,臺東縣,10014040,卑南鄉,10014040-007,美農村,0,0,14,9,53,4,3,0,0,0,2,36,8,20,3,0,0,0,0,4,29,8,22,6,1,0,0,0,4,18,3,19,14,1,0,0,0,5,9,10,38,19,1,0,0,0,0,12,1,56,18,2,0,0,1,2,8,7,49,32,4,0,0,0,3,4,12,46,34,13,0,0,4,1,2,5,31,34,17,0,0,0,0,2,5,26,11,34,0,2,0,2,6,2,24,18,145,3,43,105Y
10014,臺東縣,10014040,卑南鄉,10014040-009,泰安村,0,0,10,12,70,10,0,0,0,0,3,41,9,45,6,0,0,0,0,4,19,8,58,12,1,0,0,0,2,10,5,46,16,0,0,0,0,1,5,14,55,27,2,0,0,0,2,7,12,49,30,2,0,0,0,3,8,9,50,45,12,0,0,0,4,3,10,41,40,21,0,0,0,2,3,2,32,32,33,0,4,0,1,0,3,8,11,37,0,1,1,0,5,3,14,7,106,1,12,105Y
10014,臺東縣,10014040,卑南鄉,10014040-003,富山村,0,0,4,2,27,2,0,0,1,0,0,17,10,10,3,0,0,0,0,2,15,0,12,2,1,0,0,0,2,1,3,15,7,0,0,0,2,2,8,11,17,11,1,0,0,0,2,0,1,12,21,6,0,0,0,3,3,2,12,24,6,0,0,0,0,2,3,20,22,10,0,1,0,2,1,2,14,10,12,0,1,0,0,1,0,3,5,26,0,3,0,0,2,3,4,4,60,12,20,105Y
10014,臺東縣,10014040,卑南鄉,10014040-004,富源村,0,0,3,3,9,3,0,0,0,0,0,14,4,4,0,0,0,0,0,1,8,3,7,0,0,0,0,0,3,7,3,4,3,0,0,0,0,2,3,4,7,2,0,0,2,0,1,0,2,16,4,0,0,0,0,0,0,4,16,15,0,0,0,0,0,1,3,11,13,3,0,0,0,1,1,1,14,13,8,0,0,0,0,0,1,8,8,14,0,0,0,1,0,3,5,8,47,13,31,105Y
10014,臺東縣,10014040,卑南鄉,10014040-013,溫泉村,0,0,6,10,38,3,0,0,1,0,3,50,7,21,2,1,0,0,1,2,31,8,19,2,0,0,0,0,2,15,5,27,10,4,0,0,0,1,13,14,44,14,7,0,0,0,4,11,12,40,24,1,0,0,2,7,3,5,53,35,4,0,0,0,3,6,15,45,42,5,0,0,0,1,5,7,42,35,23,0,1,0,0,4,7,30,17,48,0,2,0,3,10,3,21,36,160,4,34,105Y
10014,臺東縣,10014040,卑南鄉,10014040-001,嘉豐村,0,0,7,3,25,1,0,0,0,0,0,8,3,19,1,0,0,0,0,0,5,3,27,8,0,0,0,0,1,5,4,23,13,2,0,0,0,0,1,3,13,11,5,0,0,0,0,1,1,5,21,2,0,0,0,0,1,1,12,27,10,0,0,0,0,2,0,14,20,19,0,1,0,1,0,1,9,12,22,0,0,0,0,0,1,1,5,31,0,1,0,0,0,0,1,3,75,5,9,105Y
10014,臺東縣,10014040,卑南鄉,10014040-008,賓朗村,0,0,30,26,101,10,2,0,0,0,6,90,24,54,2,0,0,0,0,10,72,20,63,4,1,0,0,0,16,45,19,55,12,3,0,0,1,12,30,29,79,20,6,0,0,1,8,20,26,94,41,2,0,1,0,10,26,20,93,54,10,0,0,0,1,22,17,110,78,15,0,0,0,1,12,10,78,62,34,0,0,0,2,10,12,45,31,71,2,0,1,1,15,18,55,42,270,29,37,105Y
10014,臺東縣,10014130,延平鄉,10014130-002,永康村,0,0,3,2,24,1,0,0,0,0,0,10,2,11,0,0,0,0,0,0,10,3,6,2,0,0,0,0,3,5,6,10,3,1,0,0,1,2,3,2,17,7,1,0,0,0,0,3,3,16,15,0,0,0,0,1,2,0,10,22,5,0,0,0,1,1,1,7,11,10,0,0,0,0,1,0,8,4,7,0,0,0,2,0,1,3,1,4,0,0,0,0,0,1,1,2,23,0,1,105Y
10014,臺東縣,10014130,延平鄉,10014130-001,武陵村,0,0,2,16,25,3,0,0,1,0,0,26,10,16,1,0,0,0,0,0,15,5,18,6,0,0,0,0,3,14,3,23,14,0,0,0,0,2,9,6,25,19,1,0,0,0,3,12,7,27,30,7,0,0,0,1,2,2,17,17,10,0,0,0,1,5,3,11,16,29,0,0,0,0,1,3,9,6,20,0,1,0,0,2,1,5,4,27,0,0,0,0,0,2,6,6,42,0,0,105Y
10014,臺東縣,10014130,延平鄉,10014130-003,紅葉村,0,0,1,5,21,2,0,0,0,0,1,18,9,15,0,0,0,0,0,6,12,1,12,3,0,0,0,0,4,6,1,21,9,3,0,0,0,3,3,7,33,9,2,0,0,0,0,0,7,22,13,1,0,0,0,0,2,2,7,18,9,0,0,0,1,1,1,3,12,12,0,0,0,0,1,1,6,13,17,0,0,0,0,0,0,8,2,18,0,0,0,0,0,2,3,2,35,0,2,105Y
10014,臺東縣,10014130,延平鄉,10014130-005,桃源村,0,0,12,22,47,5,1,0,0,0,1,42,15,33,1,0,0,0,0,2,31,9,36,10,2,0,0,0,2,19,20,40,16,2,0,0,0,3,12,8,43,30,4,0,1,0,8,15,6,48,21,12,0,0,0,5,6,10,35,30,15,0,1,0,1,7,11,30,23,20,0,0,0,5,9,10,24,17,28,0,0,0,0,2,2,11,3,38,0,0,0,0,2,4,8,5,60,0,2,105Y
10014,臺東縣,10014130,延平鄉,10014130-004,鸞山村,0,0,6,6,43,6,1,0,0,0,0,18,5,25,2,0,0,0,0,0,13,2,16,6,0,0,0,0,3,9,5,22,9,0,0,0,0,2,10,7,23,20,4,0,0,0,1,3,6,28,16,4,0,0,0,1,1,3,18,25,6,0,0,0,0,3,2,11,29,11,0,0,0,2,2,2,8,12,20,0,1,0,1,0,1,6,6,26,0,0,0,0,1,0,6,2,57,0,5,105Y
10014,臺東縣,10014070,東河鄉,10014070-001,北源村,0,0,11,6,35,8,0,0,0,0,0,30,6,30,5,0,0,0,0,4,25,8,27,11,1,0,0,0,2,22,11,75,24,1,0,0,0,1,15,15,81,43,7,0,0,0,1,5,19,63,58,6,0,1,0,1,4,8,54,65,11,0,3,1,0,3,8,58,68,30,0,0,0,0,2,5,31,52,65,2,1,0,0,3,1,27,26,97,1,1,0,1,2,4,16,18,302,4,28,105Y
10014,臺東縣,10014070,東河鄉,10014070-004,尚德村,0,0,3,2,15,2,0,0,0,0,0,3,3,3,1,0,0,0,0,0,3,1,7,2,0,0,0,0,0,3,0,11,4,1,0,0,0,0,2,5,8,7,1,0,0,0,0,3,3,10,7,1,0,0,0,1,5,4,9,9,2,0,0,0,0,1,2,10,11,3,0,0,0,0,2,1,5,10,10,0,1,0,0,1,3,3,7,14,0,0,0,0,0,0,4,7,46,5,4,105Y
10014,臺東縣,10014070,東河鄉,10014070-003,東河村,0,0,9,6,29,5,1,0,0,0,0,26,11,14,0,0,0,0,0,2,24,3,13,5,0,0,0,0,2,18,10,31,5,1,0,0,0,1,11,10,58,13,0,0,0,0,2,7,14,51,31,0,0,0,0,3,7,14,59,29,3,0,0,0,5,2,6,27,45,3,0,1,0,0,4,7,23,29,14,0,0,0,0,4,1,15,31,26,0,1,0,0,3,4,10,42,169,0,10,105Y
10014,臺東縣,10014070,東河鄉,10014070-002,泰源村,0,0,9,12,48,3,1,0,0,0,1,34,8,23,0,1,0,0,0,2,27,6,36,15,0,0,0,1,3,15,7,57,24,5,0,0,0,4,11,5,45,24,1,0,0,0,0,4,9,46,37,18,0,1,0,2,5,8,45,32,21,0,1,0,0,7,5,28,37,43,1,1,0,1,2,8,12,34,67,0,1,0,1,0,2,9,19,66,0,1,0,0,5,2,13,18,212,3,15,105Y
10014,臺東縣,10014070,東河鄉,10014070-007,都蘭村,0,0,18,10,73,7,0,0,0,0,1,70,12,50,1,0,0,0,0,8,55,12,61,5,0,0,0,1,6,32,17,79,20,1,0,0,0,10,29,20,83,44,2,0,0,0,9,16,22,63,52,2,0,0,3,5,11,15,80,58,11,0,1,0,4,14,17,79,93,18,0,0,3,1,12,15,57,91,42,2,0,0,1,11,11,39,41,98,0,1,2,4,9,5,32,71,317,5,35,105Y
10014,臺東縣,10014070,東河鄉,10014070-005,隆昌村,0,0,5,3,11,0,0,0,1,0,1,14,2,8,1,0,0,0,0,1,12,4,9,0,0,0,0,0,4,8,4,14,3,1,0,0,1,1,2,1,20,1,0,0,0,0,0,6,6,26,10,1,0,0,0,2,7,6,26,7,1,0,0,0,1,3,8,18,26,1,0,1,0,0,6,2,12,24,7,0,0,0,2,2,1,8,11,39,0,0,0,0,2,1,4,14,120,0,11,105Y
10014,臺東縣,10014070,東河鄉,10014070-006,興昌村,0,0,4,5,23,3,1,0,0,0,0,27,4,15,0,0,0,0,1,1,16,4,6,1,0,0,0,1,3,10,4,17,7,1,0,0,0,3,6,10,27,18,5,0,0,0,4,14,9,47,22,1,0,0,0,10,5,5,32,30,5,0,0,1,1,9,4,25,43,10,0,1,0,2,3,6,24,31,20,0,0,2,2,2,3,14,13,56,0,3,0,0,5,6,17,17,214,0,18,105Y
10014,臺東縣,10014140,金峰鄉,10014140-002,正興村,0,0,4,15,29,1,0,0,0,0,1,29,11,17,1,0,0,0,0,2,25,11,14,1,1,0,0,0,1,12,5,19,3,3,0,0,0,3,12,5,26,5,0,0,0,0,2,7,7,25,6,1,0,0,0,2,4,5,33,17,3,0,0,1,0,6,3,23,26,5,0,0,0,0,9,1,23,27,11,0,0,0,1,1,3,8,6,19,0,0,0,1,5,2,5,5,49,1,0,105Y
10014,臺東縣,10014140,金峰鄉,10014140-001,新興村,0,0,5,10,18,2,0,0,0,0,1,29,10,19,1,0,0,0,0,0,16,9,17,4,0,0,0,0,1,9,4,25,11,0,0,0,1,2,6,5,29,3,2,0,1,0,3,8,5,20,7,0,0,0,0,1,5,8,16,19,1,0,0,0,4,4,5,13,22,4,0,0,0,1,0,2,12,12,30,0,0,0,0,1,1,3,2,19,0,0,0,0,1,0,7,0,34,0,0,105Y
10014,臺東縣,10014140,金峰鄉,10014140-003,嘉蘭村,0,0,11,25,82,7,1,0,0,0,1,39,26,51,5,0,0,0,0,2,41,12,53,6,0,0,0,0,0,19,12,58,19,3,0,0,0,2,8,20,41,25,4,0,0,0,2,10,18,54,33,5,0,0,0,0,7,16,33,51,15,0,0,0,0,6,4,43,41,37,0,0,0,3,0,3,22,15,48,0,1,0,0,2,1,8,16,51,0,0,0,0,4,3,12,4,100,0,0,105Y
10014,臺東縣,10014140,金峰鄉,10014140-004,賓茂村,0,0,2,7,12,3,0,0,0,0,0,7,8,11,2,0,0,0,0,1,8,2,22,1,0,0,0,0,1,5,0,13,5,0,0,0,0,1,2,4,19,9,0,0,0,0,2,2,5,9,6,1,0,0,0,1,3,1,11,10,4,0,0,0,0,2,5,14,18,6,0,0,0,1,2,0,15,9,6,0,0,0,0,4,1,7,5,6,0,0,0,0,1,0,4,3,38,0,0,105Y
10014,臺東縣,10014140,金峰鄉,10014140-005,歷坵村,0,0,0,4,12,4,0,0,0,0,0,8,4,14,0,0,0,0,0,1,5,2,12,2,0,0,0,0,2,3,2,13,3,1,0,0,0,0,1,5,15,5,1,0,0,0,0,4,2,17,10,0,0,0,0,0,0,4,8,14,3,0,0,0,0,0,0,10,18,13,0,0,0,0,0,2,12,12,8,0,0,0,0,0,1,2,3,14,0,0,0,0,1,0,3,2,37,0,0,105Y
10014,臺東縣,10014080,長濱鄉,10014080-002,三間村,0,0,6,6,40,7,0,0,0,0,0,23,2,32,1,0,0,0,0,0,16,5,20,1,0,0,0,0,1,18,9,30,17,0,0,0,1,4,12,10,42,30,4,0,0,0,5,6,8,38,35,7,0,0,0,2,5,11,39,48,17,0,0,0,0,1,7,27,57,53,0,1,1,1,5,5,17,37,43,0,1,0,1,7,1,13,15,59,0,0,0,0,4,4,19,16,297,5,12,105Y
10014,臺東縣,10014080,長濱鄉,10014080-005,竹湖村,0,0,7,1,21,3,0,0,0,0,1,16,1,17,1,0,0,0,0,0,16,7,24,5,0,0,0,0,0,16,1,28,7,1,0,0,0,4,8,5,49,24,5,0,0,0,2,3,3,26,32,2,0,0,0,3,3,3,25,38,9,0,0,0,3,4,6,26,48,21,0,1,0,0,2,3,10,38,48,0,0,0,1,0,1,12,18,51,0,2,0,0,2,1,9,16,187,0,7,105Y
10014,臺東縣,10014080,長濱鄉,10014080-003,忠勇村,0,0,4,5,21,0,0,0,0,0,1,11,1,15,1,0,0,0,0,1,8,2,10,3,0,0,0,0,1,5,3,17,8,0,0,0,0,3,2,3,21,16,0,0,0,0,0,3,4,16,31,1,0,0,0,2,3,1,21,25,5,0,0,0,0,4,2,10,22,18,0,0,0,0,1,1,17,20,13,0,0,0,0,3,1,3,6,34,0,1,0,1,1,2,3,11,107,0,5,105Y
10014,臺東縣,10014080,長濱鄉,10014080-004,長濱村,0,0,15,11,68,6,0,0,0,0,2,69,15,50,5,0,0,0,0,5,53,6,44,10,1,0,0,0,5,36,23,61,19,4,0,0,1,5,21,11,59,45,6,0,0,0,2,11,12,57,58,5,0,1,0,3,10,17,60,85,19,0,2,3,5,15,16,69,102,28,0,0,0,3,8,11,57,65,55,0,1,0,0,9,3,29,27,99,0,1,0,2,5,10,32,41,371,5,10,105Y
10014,臺東縣,10014080,長濱鄉,10014080-006,寧埔村,0,0,6,7,13,3,0,0,0,0,2,30,5,35,2,0,0,0,0,2,27,6,32,3,2,0,0,0,1,14,6,50,25,0,0,0,0,1,12,5,26,38,1,0,0,0,1,7,9,29,41,5,0,0,0,1,4,3,41,68,9,0,0,1,3,2,5,35,74,38,0,0,0,0,1,2,19,43,57,0,0,0,0,2,1,15,12,93,0,1,0,0,2,3,18,26,259,1,3,105Y
10014,臺東縣,10014080,長濱鄉,10014080-001,樟原村,0,0,4,10,23,3,0,0,0,0,1,11,6,25,2,0,0,0,0,1,5,1,18,1,0,0,0,0,0,7,3,9,4,3,0,0,0,1,2,1,15,18,2,0,0,0,0,2,3,17,32,2,0,0,0,0,5,3,19,32,2,0,0,1,1,2,0,17,37,11,0,0,0,1,2,1,10,18,22,0,1,0,2,4,2,1,5,39,0,1,0,0,1,1,7,11,169,0,3,105Y
10014,臺東縣,10014120,海端鄉,10014120-006,加拿村,0,0,7,6,38,4,2,0,0,0,0,17,17,22,2,0,0,0,0,3,11,6,26,2,0,0,0,0,2,13,5,19,15,1,0,0,0,0,4,7,23,11,4,0,0,0,0,4,2,21,17,9,0,0,0,1,0,4,14,11,18,0,1,0,2,0,3,8,21,28,0,0,0,0,2,0,4,11,19,0,0,0,0,0,3,4,2,21,0,0,0,0,0,0,1,1,38,1,0,105Y
10014,臺東縣,10014120,海端鄉,10014120-003,利稻村,0,0,1,10,13,5,0,0,0,0,0,12,3,12,0,0,0,0,0,0,10,2,19,3,0,0,0,0,0,7,5,13,2,0,0,0,0,0,3,4,14,4,0,0,0,0,4,5,5,5,4,7,0,0,0,0,0,4,8,7,9,0,0,0,0,0,0,4,7,0,0,0,0,0,0,1,6,1,5,0,0,0,0,0,0,3,3,12,0,0,0,0,1,1,2,2,16,0,0,105Y
10014,臺東縣,10014120,海端鄉,10014120-005,崁頂村,0,0,7,17,31,2,0,0,0,0,1,27,8,16,0,0,0,0,0,1,15,9,24,6,0,0,1,0,3,22,3,34,7,1,0,0,0,2,8,6,23,11,1,0,0,0,1,9,8,14,19,2,0,0,0,1,1,5,15,19,4,0,0,0,0,2,2,18,36,10,0,0,0,0,4,2,12,13,24,0,1,0,0,3,0,7,5,23,0,1,0,0,2,1,6,1,39,0,1,105Y
10014,臺東縣,10014120,海端鄉,10014120-004,海端村,0,0,12,23,58,9,2,0,0,0,1,36,14,38,1,0,0,0,0,2,32,6,47,5,0,0,0,0,4,24,11,48,13,2,0,0,0,2,12,13,58,19,5,0,0,0,5,4,12,51,36,3,0,0,0,0,3,5,30,28,15,0,1,0,1,6,2,25,23,27,0,0,0,1,2,4,12,17,34,0,0,0,0,6,5,9,7,40,0,0,0,1,1,3,8,2,77,0,2,105Y
10014,臺東縣,10014120,海端鄉,10014120-001,廣原村,0,0,5,17,41,4,1,0,0,0,1,33,14,28,1,0,0,0,0,1,21,9,43,11,0,0,0,0,2,19,8,33,19,2,0,0,0,1,10,11,46,16,4,0,0,1,1,3,9,27,22,5,0,0,0,3,6,6,31,27,16,1,0,0,0,3,4,16,20,28,0,0,0,0,1,4,12,12,32,0,0,0,0,0,0,7,6,29,0,0,0,0,0,0,6,4,62,1,1,105Y
10014,臺東縣,10014120,海端鄉,10014120-002,霧鹿村,0,0,1,4,16,1,0,0,0,0,0,10,2,14,0,0,0,0,0,3,8,2,13,1,0,0,0,0,0,10,1,14,7,0,0,0,0,0,2,1,18,10,2,0,0,0,0,1,3,10,9,0,0,0,0,0,0,1,13,7,4,0,0,0,0,0,0,6,9,9,0,0,0,0,1,1,3,4,9,0,0,0,0,0,0,2,3,10,0,0,0,0,1,2,4,1,29,0,1,105Y
10014,臺東縣,10014050,鹿野鄉,10014050-004,永安村,0,0,13,13,70,6,1,0,0,0,1,45,17,38,2,0,0,0,0,3,58,11,39,5,0,0,0,0,5,15,14,48,19,2,0,2,0,2,17,24,57,28,3,1,0,0,4,12,6,56,36,5,0,0,0,3,14,19,57,47,8,0,0,2,2,13,12,61,69,20,0,0,1,1,9,12,37,45,28,0,1,0,1,6,3,37,11,55,1,1,0,2,8,6,17,22,184,1,28,105Y
10014,臺東縣,10014050,鹿野鄉,10014050-006,鹿野村,0,0,10,10,47,5,0,0,0,0,1,44,6,28,2,0,0,0,0,1,34,6,25,3,0,0,0,1,4,14,5,24,10,3,0,0,1,4,9,13,35,13,6,0,0,0,4,7,9,41,17,1,0,0,0,3,9,8,47,39,5,0,1,1,2,4,12,41,47,7,0,0,0,0,4,9,27,36,18,0,3,0,0,5,4,22,19,52,0,0,0,1,5,9,33,27,151,8,18,105Y
10014,臺東縣,10014050,鹿野鄉,10014050-001,瑞和村,0,0,6,4,38,1,1,0,0,0,3,20,5,30,1,1,0,0,0,1,17,2,22,2,0,0,0,0,0,12,3,22,13,0,0,0,0,0,5,7,26,16,3,0,0,0,2,3,5,26,18,1,0,0,0,1,1,3,33,23,2,0,0,0,0,1,2,24,28,17,0,1,0,0,3,2,16,14,13,0,1,0,1,4,3,16,6,30,0,0,0,1,0,2,6,14,98,1,10,105Y
10014,臺東縣,10014050,鹿野鄉,10014050-005,瑞隆村,0,0,9,7,36,3,0,0,0,0,1,20,13,25,4,0,0,0,0,5,19,5,19,5,0,0,0,0,2,14,7,21,9,3,0,0,0,6,10,9,34,20,3,0,2,0,3,6,9,34,24,4,0,0,0,0,3,4,31,29,6,0,0,0,0,4,5,28,31,14,0,1,0,0,1,3,26,32,21,0,1,0,0,2,6,23,12,38,0,2,0,1,1,4,12,19,154,3,14,105Y
10014,臺東縣,10014050,鹿野鄉,10014050-003,瑞源村,0,0,4,6,47,5,0,0,0,1,2,36,8,28,5,0,0,0,0,9,28,7,24,5,0,0,0,1,5,14,5,21,14,0,0,0,0,2,10,11,35,12,0,0,2,0,1,4,6,44,17,0,0,0,0,1,4,9,30,21,9,0,0,0,1,5,3,35,33,11,0,0,0,0,1,2,16,19,33,0,1,0,2,1,5,18,10,44,0,1,0,0,6,1,17,19,124,7,16,105Y
10014,臺東縣,10014050,鹿野鄉,10014050-002,瑞豐村,0,0,10,9,31,3,1,0,0,0,2,33,7,15,0,0,0,0,0,3,23,5,19,3,0,0,0,0,3,19,7,26,12,3,0,0,0,3,5,17,22,15,4,1,0,0,4,5,11,37,25,2,1,0,0,1,4,7,40,27,3,0,1,0,0,4,7,40,36,4,0,1,0,0,6,5,29,24,17,0,2,0,1,6,2,14,10,40,1,4,0,1,3,3,11,23,130,4,46,105Y
10014,臺東縣,10014050,鹿野鄉,10014050-007,龍田村,0,0,5,14,35,8,1,0,0,0,2,40,2,20,0,0,0,0,0,7,29,12,18,3,0,0,0,0,10,21,8,38,8,1,0,0,0,4,15,9,49,5,4,0,0,0,5,12,8,40,11,3,0,0,0,6,11,12,52,27,2,0,0,1,3,2,6,35,47,11,0,0,0,0,7,11,40,29,21,0,1,0,0,7,7,20,3,53,0,1,0,2,7,4,16,26,171,0,43,105Y
10014,臺東縣,10014150,達仁鄉,10014150-002,土村,0,0,6,16,38,4,0,0,0,0,0,26,10,31,7,0,0,0,0,2,20,7,35,2,0,0,0,0,1,15,8,24,10,4,0,0,0,1,10,12,32,25,15,0,0,1,1,7,14,24,31,24,0,0,0,3,2,8,12,37,31,0,1,0,0,1,3,16,23,38,0,0,0,0,3,3,8,16,39,0,0,0,0,0,3,9,5,44,0,0,0,0,0,1,7,0,70,2,1,105Y
10014,臺東縣,10014150,達仁鄉,10014150-001,台村,0,0,2,5,25,2,1,0,0,0,0,15,8,23,4,0,0,0,0,2,14,4,28,8,0,0,0,0,0,11,4,23,11,3,0,0,0,2,6,5,21,13,8,0,0,0,1,1,4,10,14,10,0,0,0,0,0,1,10,23,20,0,1,0,0,1,4,12,28,26,0,0,0,0,2,4,15,19,28,0,0,0,1,0,2,8,10,28,0,0,0,1,2,2,6,5,68,5,0,105Y
10014,臺東縣,10014150,達仁鄉,10014150-004,安朔村,0,0,5,6,15,2,0,0,0,0,0,21,8,25,0,0,0,0,0,0,22,6,22,3,0,0,0,0,2,13,8,22,9,3,0,0,0,4,7,10,22,6,6,0,0,0,3,6,4,17,17,5,0,0,2,0,3,6,22,20,5,0,2,0,1,2,4,23,30,6,0,0,0,1,4,2,14,29,29,0,1,1,0,6,3,11,9,34,0,1,1,0,1,6,5,6,52,3,0,105Y
10014,臺東縣,10014150,達仁鄉,10014150-006,南田村,0,0,2,3,7,2,1,0,0,0,0,14,5,9,0,0,0,0,0,2,12,4,10,0,0,0,0,0,4,7,0,12,3,0,0,1,0,0,5,3,12,13,5,0,0,0,1,0,0,9,13,2,0,1,0,0,4,0,14,13,5,0,0,0,1,2,4,9,5,11,0,0,1,0,4,3,7,11,11,0,1,0,0,2,3,8,3,11,0,0,0,0,0,0,2,1,20,3,0,105Y
10014,臺東縣,10014150,達仁鄉,10014150-005,森永村,0,0,3,1,7,3,0,0,0,0,2,8,5,8,1,0,0,0,0,2,10,4,14,2,0,0,0,0,0,6,5,10,7,1,0,0,0,1,7,4,17,9,2,0,0,0,0,6,3,9,11,1,0,0,0,1,3,3,14,14,4,0,0,0,2,1,4,19,11,6,0,0,0,1,2,3,17,8,12,0,0,0,0,1,2,1,4,21,0,1,0,0,2,1,6,3,47,0,3,105Y
10014,臺東縣,10014150,達仁鄉,10014150-003,新化村,0,0,0,6,11,3,1,0,0,0,0,5,3,13,1,0,0,0,0,1,5,1,14,0,0,0,0,0,1,5,2,11,4,2,0,0,0,0,0,1,16,6,5,0,0,0,0,1,6,11,12,2,0,0,0,0,0,2,11,18,1,0,1,0,0,0,3,12,17,9,0,0,0,0,3,1,11,7,8,0,0,0,0,1,0,6,2,13,0,0,0,0,0,1,4,3,45,2,0,105Y
10014,臺東縣,10014110,綠島鄉,10014110-002,中寮村,0,0,19,14,36,9,0,0,0,0,6,42,13,23,1,0,0,0,0,18,39,7,36,2,1,0,0,0,15,41,15,37,6,2,0,0,3,7,18,17,45,12,0,0,1,0,5,13,16,50,17,2,0,0,0,11,7,18,42,12,2,0,0,0,4,10,13,41,28,11,0,0,0,4,7,5,38,20,22,0,0,0,0,1,2,12,6,42,0,0,0,0,5,3,5,6,100,0,3,105Y
10014,臺東縣,10014110,綠島鄉,10014110-001,公館村,0,0,12,8,41,8,1,0,0,0,2,32,7,15,1,0,0,0,0,10,40,10,21,3,0,0,0,0,13,39,10,28,5,1,0,0,0,15,27,16,36,14,0,0,0,0,3,14,18,50,18,2,0,0,1,2,10,14,32,13,1,0,0,0,2,4,6,24,20,8,0,0,0,4,2,5,12,21,24,0,1,0,0,6,0,12,7,27,0,1,0,2,1,1,11,5,80,0,3,105Y
10014,臺東縣,10014110,綠島鄉,10014110-003,南寮村,0,0,16,16,51,9,2,0,0,0,6,57,17,31,1,0,0,0,0,13,81,19,42,2,0,0,0,1,6,53,21,51,9,0,0,0,2,11,23,26,74,12,1,0,0,0,5,17,22,73,27,0,1,0,1,2,18,22,68,26,5,0,0,0,7,3,15,43,29,7,0,2,1,4,4,10,27,19,29,0,2,0,0,5,6,21,13,42,0,2,0,0,4,5,16,14,134,1,0,105Y
10014,臺東縣,10014010,臺東市,10014010-021,大同里,0,0,12,8,39,3,0,0,0,0,2,35,7,21,5,0,0,0,0,4,22,2,19,3,0,0,0,0,7,23,9,21,3,0,0,0,3,7,18,13,27,6,1,0,1,0,6,12,10,21,16,3,0,1,0,3,8,7,28,14,0,0,0,0,1,4,9,33,12,1,0,1,0,0,4,5,38,17,5,0,1,0,1,4,4,25,10,20,0,1,0,2,6,12,33,20,84,0,6,105Y
10014,臺東縣,10014010,臺東市,10014010-024,中山里,0,0,10,6,28,2,0,0,0,1,4,36,1,4,0,1,0,0,0,12,32,3,10,1,0,0,0,1,6,41,9,12,2,1,0,0,1,11,29,19,13,5,0,0,0,1,3,20,13,33,8,4,0,0,0,3,14,11,32,3,0,0,0,0,4,9,8,30,8,1,0,0,0,2,7,13,39,9,3,0,0,0,0,9,13,32,6,8,0,0,0,0,9,11,54,34,75,0,7,105Y
10014,臺東縣,10014010,臺東市,10014010-011,中心里,0,0,71,34,195,27,1,0,0,0,15,219,32,42,5,0,0,0,1,36,130,19,44,5,1,0,0,3,41,109,24,57,5,1,0,0,5,48,81,53,86,17,9,0,0,6,43,68,55,92,16,7,0,0,7,40,61,60,104,30,5,0,0,1,30,33,60,124,36,10,0,1,7,19,47,39,110,44,17,0,0,0,9,31,38,82,24,52,0,2,1,4,62,41,109,44,179,2,23,105Y
10014,臺東縣,10014010,臺東市,10014010-020,中正里,0,0,9,2,34,6,0,0,0,0,0,39,3,14,0,0,0,0,0,4,37,4,6,0,0,0,0,0,11,32,8,14,4,0,0,0,1,7,24,13,19,4,2,0,0,0,6,10,7,24,5,3,0,0,0,9,11,15,32,6,1,0,0,0,3,8,11,26,8,1,0,0,0,3,13,12,39,10,5,0,0,0,1,9,8,47,5,17,0,0,0,5,18,13,50,44,74,0,10,105Y
10014,臺東縣,10014010,臺東市,10014010-015,中華里,0,0,26,10,67,6,0,0,0,0,6,78,18,27,3,0,0,0,2,9,51,13,42,5,0,0,0,0,4,48,25,45,10,2,0,0,0,8,19,27,75,21,3,0,0,0,3,18,23,77,22,8,0,0,0,8,10,17,79,29,5,0,2,0,10,6,20,66,46,6,0,0,0,3,5,18,65,39,13,0,0,1,1,8,4,47,26,56,1,1,0,0,9,14,36,36,178,6,26,105Y
10014,臺東縣,10014010,臺東市,10014010-019,仁愛里,0,0,6,7,19,3,0,0,0,0,2,34,8,13,0,0,0,0,1,6,33,3,19,1,0,0,0,0,5,17,12,28,5,0,0,0,0,1,14,8,15,7,2,0,0,0,2,10,8,28,8,0,0,0,0,1,7,7,30,13,0,0,0,0,1,2,8,37,15,2,0,1,0,3,3,10,36,17,9,0,0,0,2,4,6,36,12,17,0,1,0,1,5,9,27,15,69,4,12,105Y
10014,臺東縣,10014010,臺東市,10014010-023,文化里,0,0,7,5,36,9,1,0,0,0,3,31,6,13,1,0,0,0,1,13,34,3,12,2,0,0,0,1,4,34,8,30,8,1,0,0,1,13,32,19,30,8,3,0,0,0,14,17,17,36,11,4,0,0,1,5,8,17,26,12,3,0,0,1,1,8,5,37,24,4,0,0,0,1,8,8,28,21,3,0,0,1,2,6,8,36,7,14,0,0,0,0,8,7,24,24,55,1,6,105Y
10014,臺東縣,10014010,臺東市,10014010-014,四維里,0,0,8,4,27,3,0,0,0,0,0,25,6,17,2,0,0,0,0,2,23,5,21,5,0,0,0,0,4,10,4,16,7,0,0,0,0,2,8,9,32,8,2,0,0,0,5,10,4,19,11,0,0,0,0,3,2,6,23,25,4,0,0,0,1,4,7,26,28,4,0,0,0,0,3,6,20,14,10,0,0,0,0,2,0,10,1,19,0,0,0,1,2,7,13,13,72,1,13,105Y
10014,臺東縣,10014010,臺東市,10014010-008,民生里,0,0,40,14,129,9,1,0,0,0,11,157,21,46,4,0,0,0,0,49,151,11,49,3,0,0,0,3,46,116,31,65,11,1,0,0,1,21,78,56,84,21,5,0,0,1,25,42,49,107,22,13,0,0,2,23,37,41,115,38,5,0,1,1,14,26,43,146,49,8,0,0,2,16,34,49,143,50,18,0,2,0,7,41,51,129,44,53,0,1,1,3,57,50,152,68,213,4,30,105Y
10014,臺東縣,10014010,臺東市,10014010-013,民族里,0,0,29,12,102,17,1,0,0,0,10,85,9,19,1,0,0,0,0,18,56,12,21,0,1,0,0,1,18,49,17,21,7,1,0,0,1,23,39,30,35,7,4,0,0,3,25,41,45,56,6,1,0,0,0,23,28,30,59,15,2,0,0,0,10,19,16,61,6,1,0,0,1,4,17,21,38,13,8,0,0,0,4,14,19,32,13,15,0,1,1,5,28,29,69,37,83,1,11,105Y
10014,臺東縣,10014010,臺東市,10014010-018,民權里,0,0,14,7,29,3,0,0,0,0,1,41,9,24,2,0,0,0,0,3,40,3,16,4,0,0,0,0,10,50,15,24,0,0,0,0,1,8,28,20,20,11,4,0,0,0,3,10,8,26,9,0,0,0,0,3,9,10,33,9,3,0,0,1,1,10,5,34,18,0,0,0,0,6,12,14,33,17,6,0,1,1,1,9,7,26,7,23,0,0,1,0,15,17,29,19,67,2,8,105Y
10014,臺東縣,10014010,臺東市,10014010-034,永樂里,0,0,53,29,148,22,4,0,0,0,11,108,33,46,1,0,0,0,1,19,68,13,48,6,0,0,0,2,19,53,25,44,4,3,0,0,0,27,36,36,72,18,2,0,0,5,25,38,54,82,23,5,0,0,2,29,21,37,70,32,3,0,0,5,12,25,14,100,54,13,0,0,1,6,26,12,59,60,22,0,2,4,5,7,17,35,11,50,0,1,1,1,10,13,31,30,142,3,26,105Y
10014,臺東縣,10014010,臺東市,10014010-032,光明里,0,0,64,35,189,32,1,0,0,0,11,173,15,54,3,0,0,0,0,19,96,14,39,3,0,0,0,0,25,86,21,62,10,2,0,0,0,40,75,54,77,14,8,0,0,2,40,63,69,100,21,2,0,0,7,29,62,80,144,29,3,0,0,2,21,47,45,97,48,7,0,0,1,8,23,27,88,24,18,0,0,1,1,13,15,62,21,30,0,1,1,7,20,25,72,41,126,7,19,105Y
10014,臺東縣,10014010,臺東市,10014010-022,成功里,0,0,8,15,36,5,0,0,0,0,4,46,13,14,2,0,0,0,0,4,24,3,26,0,0,0,0,0,5,18,8,18,2,1,0,0,0,5,16,9,20,9,2,0,0,0,1,6,18,31,13,0,0,0,0,4,9,14,38,19,1,0,0,0,2,5,6,35,24,2,0,1,0,1,1,8,27,20,13,0,0,0,1,2,4,16,7,25,0,0,0,0,4,5,28,31,94,4,15,105Y
10014,臺東縣,10014010,臺東市,10014010-012,自強里,0,0,67,35,225,30,2,0,0,0,17,248,29,56,2,0,0,0,0,54,210,25,62,4,1,0,0,4,64,152,41,83,8,3,0,0,5,45,102,49,94,16,3,0,0,2,42,75,72,121,18,1,0,0,2,32,70,71,165,43,4,0,1,1,27,47,75,153,39,5,0,0,4,23,45,63,199,47,21,0,0,4,10,58,48,146,38,57,0,0,1,13,69,61,154,86,249,7,36,105Y
10014,臺東縣,10014010,臺東市,10014010-005,卑南里,0,0,66,28,120,16,0,0,0,0,11,160,26,32,1,0,0,0,1,36,120,18,39,4,0,0,0,0,26,93,31,60,12,1,0,0,1,32,58,62,67,20,5,0,0,2,46,54,52,95,27,1,0,0,8,43,53,57,74,36,5,0,0,4,28,40,44,129,35,7,0,1,4,9,24,29,97,34,23,0,1,2,7,19,17,82,18,58,0,1,0,5,24,19,83,40,205,3,29,105Y
10014,臺東縣,10014010,臺東市,10014010-003,岩灣里,0,0,31,21,96,13,1,0,0,0,2,105,21,44,3,0,0,0,1,15,70,15,47,2,0,0,0,0,22,65,22,50,15,1,0,0,0,21,42,43,64,28,3,0,0,2,25,30,31,74,48,5,0,0,0,23,26,46,92,44,6,0,1,1,15,22,27,72,51,14,0,0,1,8,15,26,60,27,22,0,2,1,4,13,13,43,24,35,0,4,1,2,11,12,40,39,165,2,24,105Y
10014,臺東縣,10014010,臺東市,10014010-036,東海里,0,0,56,27,128,12,2,0,0,1,7,128,33,42,5,0,0,0,2,23,124,25,46,2,0,0,0,2,39,134,40,62,11,1,0,0,6,37,81,52,83,23,2,0,1,5,29,50,44,83,27,6,0,0,4,23,37,39,105,26,5,0,0,2,8,36,45,118,51,11,0,0,2,7,38,38,136,43,26,0,1,1,8,20,31,88,20,57,0,1,0,7,42,41,81,47,220,4,25,105Y
10014,臺東縣,10014010,臺東市,10014010-045,知本里,0,0,21,10,59,12,0,0,0,0,1,76,21,42,3,0,0,0,0,7,42,8,39,5,0,0,0,1,4,29,18,52,9,0,0,0,0,4,12,13,54,13,3,0,1,0,5,10,15,56,16,3,0,0,1,2,11,15,71,20,4,0,0,0,1,7,13,72,51,11,0,1,0,1,4,4,44,45,22,0,0,0,1,3,6,25,18,52,1,1,0,0,5,7,16,22,144,1,15,105Y
10014,臺東縣,10014010,臺東市,10014010-004,南王里,0,0,36,25,133,19,1,0,3,0,9,142,33,65,1,1,0,0,0,16,108,20,69,5,1,0,0,2,16,88,22,71,15,2,0,0,3,18,51,31,97,18,5,0,0,3,16,22,35,88,30,7,0,1,1,8,36,47,102,42,7,0,0,0,13,24,31,122,75,24,0,2,0,5,13,28,86,73,38,0,1,0,1,10,18,55,19,83,0,3,0,3,19,24,75,56,254,2,21,105Y
10014,臺東縣,10014010,臺東市,10014010-006,南榮里,0,0,29,30,153,16,3,0,0,0,4,126,23,78,2,0,0,0,1,25,82,19,62,10,0,0,0,1,22,75,18,69,24,3,0,0,0,22,48,42,79,27,11,0,1,1,25,38,46,101,47,6,0,0,2,17,27,33,94,85,12,0,0,2,9,22,30,87,85,25,0,0,1,4,14,14,69,68,45,0,0,3,2,16,10,55,23,79,0,3,0,4,18,23,73,51,268,10,31,105Y
10014,臺東縣,10014010,臺東市,10014010-042,建和里,0,0,11,8,58,11,1,0,1,0,4,57,18,47,5,0,0,0,0,5,68,11,50,5,0,0,0,0,5,25,10,43,6,0,0,0,0,6,12,15,57,11,1,0,0,0,2,6,14,45,19,2,0,0,0,3,11,9,72,42,2,1,0,0,3,5,14,50,60,15,0,1,0,2,4,6,47,48,29,0,1,1,0,4,4,14,27,58,1,0,0,0,6,9,21,23,199,3,17,105Y
10014,臺東縣,10014010,臺東市,10014010-017,建國里,0,0,13,11,54,3,0,0,0,0,2,44,11,31,1,1,0,0,0,10,45,7,36,7,0,0,0,0,3,22,18,43,14,4,0,0,0,5,13,12,50,26,4,0,0,1,2,7,15,52,29,3,1,0,0,3,5,23,59,44,4,0,0,0,2,7,5,56,43,11,0,0,0,1,5,15,44,40,25,1,0,0,2,6,2,37,17,40,1,3,0,0,4,8,23,30,171,4,30,105Y
10014,臺東縣,10014010,臺東市,10014010-044,建業里,0,0,12,6,78,10,0,0,0,0,4,53,11,41,5,0,0,0,0,4,40,6,48,1,0,0,0,0,6,20,4,32,9,0,0,0,0,5,14,16,49,20,3,0,0,0,4,9,12,48,23,2,0,1,0,5,10,15,68,34,3,0,0,0,3,6,12,55,46,6,0,0,2,3,4,5,38,38,19,0,2,0,0,4,5,23,17,55,0,1,0,0,3,9,21,25,169,7,12,105Y
10014,臺東縣,10014010,臺東市,10014010-046,建農里,0,0,21,23,102,17,2,0,1,1,3,67,20,105,9,0,0,0,0,3,51,9,61,14,0,0,0,0,3,26,18,82,35,3,0,0,1,7,17,22,84,36,15,0,0,1,8,19,15,85,79,12,0,0,2,3,9,20,93,98,10,0,0,0,2,6,8,62,66,26,0,0,1,0,3,6,38,47,52,0,3,2,0,3,10,25,17,78,1,5,0,3,5,2,30,20,186,8,24,105Y
10014,臺東縣,10014010,臺東市,10014010-043,建興里,0,0,12,9,49,6,0,0,0,0,3,52,11,23,3,0,0,0,1,9,42,5,19,3,0,0,0,1,5,18,10,23,4,2,0,0,0,6,13,15,35,5,3,0,0,0,5,9,16,37,9,3,0,0,0,2,10,13,47,16,3,0,0,0,1,3,13,53,30,8,0,0,1,0,4,4,26,35,18,0,2,0,0,4,5,15,5,26,0,0,1,2,12,4,19,26,120,0,19,105Y
10014,臺東縣,10014010,臺東市,10014010-010,馬蘭里,0,0,64,37,178,33,2,0,0,0,14,181,28,68,2,0,0,0,0,44,112,14,40,1,0,0,0,3,30,83,31,45,8,3,0,0,1,36,64,47,79,9,6,0,0,0,22,68,49,91,28,5,0,1,0,30,40,47,108,28,4,0,1,0,11,36,47,125,40,10,0,1,1,12,19,26,95,29,11,0,0,2,5,30,25,93,22,40,1,1,0,4,39,45,100,57,184,4,16,105Y
10014,臺東縣,10014010,臺東市,10014010-035,康樂里,0,0,15,14,65,11,1,0,0,0,0,70,20,31,2,0,0,0,0,1,56,10,31,3,0,0,0,0,6,30,15,48,7,3,0,0,1,4,12,22,67,17,3,0,0,0,4,18,19,71,19,1,0,0,0,7,13,22,77,26,5,0,0,0,7,7,15,50,45,6,0,1,0,1,5,12,52,33,18,0,2,1,3,3,5,20,16,47,1,4,0,0,7,3,20,15,119,2,29,105Y
10014,臺東縣,10014010,臺東市,10014010-016,強國里,0,0,8,4,24,4,1,0,0,0,3,32,3,16,1,0,0,0,1,5,31,9,14,5,0,0,0,1,7,18,7,15,2,2,0,0,0,5,6,7,25,7,1,0,0,0,2,6,8,20,10,1,0,0,0,2,4,5,23,15,2,0,0,0,1,3,4,25,17,4,0,0,0,0,6,6,37,16,5,0,0,0,0,3,8,15,17,22,0,0,0,0,6,7,14,16,59,2,8,105Y
10014,臺東縣,10014010,臺東市,10014010-001,富岡里,0,0,15,16,44,8,2,0,0,0,2,52,7,44,4,0,0,0,0,3,31,7,56,5,1,0,0,0,2,19,6,70,27,0,0,0,0,1,15,33,67,32,6,0,0,0,2,8,6,65,36,4,0,1,0,3,8,10,47,55,5,0,0,0,1,3,8,45,60,19,0,2,0,0,5,4,39,54,37,0,4,0,0,1,3,20,26,93,1,3,0,0,1,1,18,26,216,6,28,105Y
10014,臺東縣,10014010,臺東市,10014010-002,富豐里,0,0,6,9,36,6,0,0,0,0,0,31,5,17,1,0,0,0,0,1,24,5,45,2,1,0,0,0,4,30,16,26,9,1,0,0,1,7,10,12,26,18,1,0,0,0,2,6,10,33,24,2,0,0,0,0,6,5,33,37,5,0,1,0,0,4,4,25,36,12,0,0,0,1,3,0,30,32,17,0,0,0,0,1,4,10,7,21,0,2,1,1,1,2,8,11,121,1,13,105Y
10014,臺東縣,10014010,臺東市,10014010-025,復國里,0,0,8,6,24,2,0,0,0,0,3,15,8,21,2,0,0,0,0,5,20,5,21,1,1,0,0,0,5,6,5,16,1,2,0,0,1,6,8,6,18,3,2,0,0,0,4,5,11,19,16,2,0,0,0,2,4,2,34,18,5,0,0,0,2,3,2,41,26,5,0,0,0,2,4,3,18,19,12,0,0,1,0,0,1,25,7,21,0,0,0,0,4,3,15,16,70,2,9,105Y
10014,臺東縣,10014010,臺東市,10014010-027,復興里,0,0,3,3,17,0,0,0,0,0,4,15,4,8,0,0,0,0,0,4,15,5,11,3,0,0,0,0,4,9,4,21,5,0,0,0,0,0,8,7,19,5,3,0,0,0,0,0,6,17,7,1,1,1,0,2,2,6,13,8,1,0,0,0,1,1,5,22,17,1,0,0,0,0,3,3,22,15,5,0,0,0,0,1,2,13,8,11,0,0,0,2,2,7,16,14,45,2,3,105Y
10014,臺東縣,10014010,臺東市,10014010-007,新生里,0,0,107,41,308,29,2,0,0,0,33,381,63,114,6,0,0,0,5,72,308,41,137,8,0,0,1,7,67,254,66,171,22,7,0,0,3,81,160,88,162,39,13,0,0,5,65,93,117,205,75,19,0,0,6,62,88,129,263,90,12,1,1,3,48,83,84,276,142,20,0,0,1,34,85,93,293,103,53,0,1,2,18,69,68,191,62,137,2,4,2,11,75,77,194,113,429,8,48,105Y
10014,臺東縣,10014010,臺東市,10014010-029,新園里,0,0,19,21,90,15,2,0,0,0,1,71,26,61,3,0,0,0,0,5,35,6,49,7,1,0,0,0,2,34,10,65,13,1,0,0,0,3,21,18,61,20,7,0,1,0,5,15,4,81,50,12,0,0,0,4,7,13,66,49,20,0,1,0,2,9,7,59,64,28,0,0,0,0,3,4,33,38,45,0,0,0,0,2,4,22,12,81,0,1,0,0,5,3,23,17,173,2,30,105Y
10014,臺東縣,10014010,臺東市,10014010-037,新興里,0,0,10,6,36,9,2,0,0,0,2,52,18,18,1,0,0,0,1,8,30,4,23,1,0,0,0,1,4,31,8,21,5,1,0,0,1,8,20,17,27,11,2,0,0,0,5,6,19,23,14,5,0,0,1,3,8,18,59,12,5,0,0,1,1,12,16,52,27,2,0,0,0,2,7,10,37,24,12,0,0,0,1,5,10,24,12,28,0,1,0,3,14,8,43,25,119,1,10,105Y
10014,臺東縣,10014010,臺東市,10014010-026,興國里,0,0,14,4,42,10,1,0,0,0,4,48,4,8,1,0,0,0,0,6,42,4,8,1,0,0,0,0,11,20,12,10,2,1,0,0,1,11,16,21,28,9,2,0,0,1,4,18,13,30,8,1,0,0,0,4,10,12,49,12,1,0,0,1,3,7,9,42,14,1,0,0,0,2,6,8,20,8,5,0,0,0,0,5,4,25,5,15,0,1,0,2,7,7,33,24,67,2,12,105Y
10014,臺東縣,10014010,臺東市,10014010-030,豐田里,0,0,27,30,105,11,0,0,0,0,3,85,22,70,4,0,0,0,0,14,78,23,59,10,1,0,0,0,5,48,21,70,12,4,0,0,1,3,29,21,84,26,0,0,0,1,2,22,31,102,44,3,0,0,1,7,20,26,95,44,7,0,0,0,3,8,13,77,78,16,0,0,0,0,5,12,53,53,47,1,2,0,1,6,4,28,25,79,0,3,0,0,5,6,29,33,219,4,34,105Y
10014,臺東縣,10014010,臺東市,10014010-031,豐年里,0,0,31,32,134,18,1,0,0,0,8,143,35,114,11,0,0,0,0,21,92,27,82,11,1,0,0,0,17,90,42,94,11,3,0,0,0,18,34,40,108,42,4,0,1,0,25,38,31,114,54,8,0,0,2,8,22,39,150,69,7,0,0,0,8,21,28,96,83,23,0,0,0,0,8,19,97,69,42,1,2,0,1,14,8,62,28,85,0,2,0,1,12,16,50,49,258,4,29,105Y
10014,臺東縣,10014010,臺東市,10014010-039,豐谷里,0,0,81,51,264,42,2,0,0,0,19,297,52,117,8,0,0,0,1,47,245,37,142,22,0,0,0,4,45,150,47,135,35,4,0,2,5,30,66,93,178,54,11,0,1,0,21,53,87,200,80,7,0,2,2,26,44,57,231,114,17,0,1,0,20,46,56,203,160,25,0,0,0,4,25,36,175,119,54,0,1,2,3,33,44,129,59,125,0,1,0,3,40,40,117,77,437,8,31,105Y
10014,臺東縣,10014010,臺東市,10014010-040,豐里里,0,0,32,34,122,10,0,0,0,0,3,133,41,70,5,0,0,0,1,12,95,11,60,10,3,0,0,0,18,48,27,77,18,3,0,0,1,11,33,26,81,48,1,0,0,0,10,25,25,97,35,10,0,0,1,13,16,24,103,73,5,0,0,0,10,12,21,97,88,20,0,1,1,7,11,17,69,65,41,0,0,0,1,3,8,45,28,69,1,1,0,2,8,10,31,45,260,3,50,105Y
10014,臺東縣,10014010,臺東市,10014010-041,豐原里,0,0,17,12,41,6,0,0,0,0,3,76,13,33,1,0,0,0,0,7,45,11,36,7,0,0,0,1,4,18,10,53,10,2,0,0,0,9,8,4,37,27,6,0,0,0,2,10,11,37,18,3,0,0,1,3,6,17,65,29,6,0,1,3,5,4,9,57,47,5,0,1,0,1,1,0,43,47,16,0,1,0,0,2,0,14,22,43,0,1,0,1,0,3,17,22,171,7,24,105Y
10014,臺東縣,10014010,臺東市,10014010-038,豐榮里,0,0,134,85,394,65,3,0,0,0,39,430,112,161,8,0,0,0,2,93,379,58,157,11,0,0,0,3,86,270,103,197,38,3,0,1,7,80,193,149,243,78,9,0,0,10,74,135,134,330,90,13,0,1,7,65,131,139,310,119,11,0,1,7,46,76,123,351,127,32,1,2,0,22,72,114,289,147,91,0,4,2,12,67,75,202,88,179,1,6,1,17,64,57,148,113,538,12,67,105Y
10014,臺東縣,10014010,臺東市,10014010-033,豐樂里,0,0,20,17,74,20,1,0,0,0,3,77,26,41,2,0,0,0,0,11,49,20,40,6,1,0,0,0,16,47,19,39,4,2,0,0,1,14,24,24,48,14,1,0,0,3,9,15,11,56,24,3,0,0,0,1,9,27,58,25,3,0,0,2,8,11,17,70,37,5,0,0,1,1,8,9,64,34,19,0,0,0,5,7,7,45,21,37,0,1,1,2,3,5,33,23,135,8,14,105Y
10014,臺東縣,10014010,臺東市,10014010-009,寶桑里,0,0,9,12,39,4,0,0,0,0,0,40,13,21,1,0,0,0,0,4,26,3,16,0,0,0,0,1,6,23,11,34,7,1,0,0,1,1,19,16,34,6,2,0,0,0,3,12,10,39,19,1,0,0,0,0,8,17,29,26,0,0,1,1,3,5,4,34,32,5,0,0,0,4,0,3,22,30,9,0,1,0,0,4,3,23,15,35,0,0,0,1,3,6,21,22,94,1,10,105Y
10014,臺東縣,10014010,臺東市,10014010-028,鐵花里,0,0,6,1,18,3,0,0,0,0,1,11,2,8,0,0,0,0,0,2,12,1,6,1,0,0,0,0,7,9,2,6,0,0,0,0,0,3,7,4,11,3,1,0,0,3,2,8,8,16,6,0,0,0,0,2,7,8,19,4,0,0,0,0,1,3,2,16,8,1,0,0,0,3,2,6,20,9,2,0,0,0,0,5,5,14,3,5,0,0,0,0,5,4,31,17,40,1,5,105Y
10014,臺東縣,10014030,關山鎮,10014030-004,中福里,0,0,8,3,27,9,1,0,0,0,3,45,4,9,0,0,0,0,0,5,37,4,15,2,0,0,0,0,7,34,7,22,4,0,0,0,0,7,18,11,25,7,2,0,0,1,4,13,10,15,7,1,0,0,0,4,14,16,23,6,2,0,0,1,0,10,8,33,10,3,0,0,0,1,9,6,53,13,8,0,0,0,2,8,3,34,16,21,0,0,0,0,8,8,37,40,77,4,16,105Y
10014,臺東縣,10014030,關山鎮,10014030-007,月眉里,0,0,10,9,34,3,0,0,0,0,0,20,6,16,0,0,0,0,0,3,26,4,26,4,0,0,0,0,1,12,8,21,5,0,0,0,0,0,6,5,21,9,0,0,1,0,4,5,5,27,25,4,0,0,0,2,4,1,28,19,7,0,1,0,1,4,5,29,22,15,0,2,0,1,0,4,27,22,22,0,0,0,1,3,0,14,9,31,0,1,0,0,2,4,8,11,107,1,27,105Y
10014,臺東縣,10014030,關山鎮,10014030-005,里里,0,0,30,19,67,13,0,0,1,0,3,83,9,35,4,0,0,0,0,7,69,3,42,5,0,0,0,3,15,46,18,56,9,3,0,0,2,10,38,21,35,9,3,0,0,0,7,24,26,69,17,4,0,0,0,5,13,12,86,25,4,0,0,0,6,15,20,63,45,16,0,0,0,2,13,12,68,46,22,0,0,1,1,14,10,54,19,52,0,1,0,2,20,16,53,38,185,3,33,105Y
10014,臺東縣,10014030,關山鎮,10014030-003,新福里,0,0,13,13,34,4,0,0,0,0,4,44,11,28,0,0,0,0,0,2,27,5,26,5,0,0,0,0,1,25,7,25,3,1,0,0,0,2,9,15,24,8,3,0,0,1,3,10,5,36,16,5,0,0,0,1,5,14,35,30,8,0,0,0,1,3,12,34,35,20,0,1,0,0,4,2,30,14,20,0,1,0,1,2,2,15,18,29,0,1,0,0,3,2,12,16,110,2,22,105Y
10014,臺東縣,10014030,關山鎮,10014030-006,電光里,0,0,7,7,18,7,1,0,0,0,0,19,7,14,0,0,0,0,0,3,7,2,15,5,0,0,1,0,2,9,2,19,6,0,0,0,0,1,2,3,22,9,2,0,0,0,1,1,4,17,24,6,0,0,0,0,1,3,23,24,4,0,0,0,0,3,2,9,23,13,0,0,0,0,0,2,9,20,13,0,0,0,0,0,1,7,5,44,0,0,1,0,2,1,6,13,89,1,6,105Y
10014,臺東縣,10014030,關山鎮,10014030-001,德高里,0,0,19,13,92,9,1,0,0,0,2,89,17,35,5,0,0,0,0,5,46,6,44,9,2,0,0,0,7,37,10,44,1,0,0,0,0,1,22,9,56,22,7,0,0,0,3,9,10,73,34,2,0,0,0,1,9,15,76,50,14,0,0,0,0,9,8,61,61,18,0,1,0,2,3,7,48,47,32,1,1,0,0,1,3,13,16,69,1,4,0,0,3,3,21,38,318,4,32,105Y
10014,臺東縣,10014030,關山鎮,10014030-002,豐泉里,0,0,21,7,67,7,0,0,0,0,2,64,7,24,0,0,0,0,0,11,39,3,25,2,1,0,0,0,7,42,15,29,7,0,0,0,1,3,30,11,29,11,2,0,0,0,11,16,7,34,13,4,0,0,0,6,14,15,63,15,5,0,0,0,2,7,12,41,20,9,0,0,0,1,7,10,62,26,14,0,0,0,1,8,9,27,16,41,0,0,0,0,4,14,19,33,110,1,18,105Y
10014,臺東縣,10014160,蘭嶼鄉,10014160-001,東清村,0,0,15,6,90,8,1,0,0,0,0,64,9,47,1,0,0,0,0,6,45,7,50,7,0,0,0,0,5,31,11,68,23,1,0,0,1,3,21,19,71,42,3,0,0,0,7,20,6,72,26,4,0,0,0,0,10,8,48,40,5,0,0,0,2,8,3,21,57,14,0,0,0,0,3,2,10,32,38,0,0,0,1,1,2,9,11,49,0,0,0,0,1,1,1,3,89,0,4,105Y
10014,臺東縣,10014160,蘭嶼鄉,10014160-003,紅頭村,0,0,21,6,68,6,1,0,0,0,1,59,7,35,3,1,0,0,0,9,56,10,38,3,2,0,0,0,10,53,9,57,6,0,0,0,0,7,25,15,63,29,4,0,0,0,6,20,11,68,24,2,0,0,1,5,16,14,70,34,3,0,0,0,2,19,12,47,30,5,0,0,0,2,7,8,43,52,3,0,1,0,4,2,4,25,10,34,0,0,0,0,1,3,11,1,89,0,3,105Y
10014,臺東縣,10014160,蘭嶼鄉,10014160-002,朗島村,0,0,9,6,57,8,0,0,0,0,0,45,11,37,2,0,0,0,0,1,52,6,41,3,1,0,0,0,9,16,4,64,5,0,0,0,0,3,8,7,36,27,1,0,0,0,1,6,4,24,27,0,0,0,0,1,4,3,17,29,1,0,0,0,0,3,4,14,33,0,0,0,0,0,2,2,4,24,17,0,0,0,0,0,0,3,3,35,0,1,0,0,0,0,1,0,58,0,0,105Y
10014,臺東縣,10014160,蘭嶼鄉,10014160-004,椰油村,0,0,5,8,52,4,1,0,0,0,1,47,9,29,2,0,0,0,0,6,49,9,24,4,0,0,0,0,10,19,8,62,17,0,0,0,0,11,22,12,65,30,2,0,0,0,8,7,9,38,23,0,0,0,0,5,14,9,29,19,0,0,0,1,3,3,3,34,21,2,0,0,0,2,3,2,30,31,7,0,0,0,0,0,4,11,13,37,0,0,0,0,0,1,3,6,60,0,3,105Y
10014,臺東縣,10014100,大武鄉,10014100-001,大竹村,0,0,2,10,23,7,0,0,0,0,0,17,4,22,1,0,0,0,0,1,17,4,28,6,1,0,0,0,0,19,5,34,10,4,0,0,0,3,18,11,39,10,4,0,1,0,1,9,11,27,9,4,0,0,0,1,3,6,14,16,14,0,0,0,0,1,1,14,34,26,0,0,0,0,0,2,14,28,42,0,0,0,0,2,2,8,14,51,0,0,0,0,2,6,6,6,101,1,6,106Y
10014,臺東縣,10014100,大武鄉,10014100-003,大武村,0,0,16,11,48,4,0,0,0,0,3,45,15,30,2,0,0,0,0,10,46,6,43,3,0,0,0,0,9,33,7,51,13,2,0,0,0,11,17,17,49,27,1,0,0,0,5,15,25,64,21,2,0,0,1,2,11,9,51,29,10,0,0,0,3,11,10,47,45,21,0,0,0,2,3,10,35,49,38,0,0,0,0,3,3,29,21,60,0,1,0,0,7,4,28,32,143,0,13,106Y
10014,臺東縣,10014100,大武鄉,10014100-002,大鳥村,0,0,3,25,49,7,2,0,0,0,1,24,14,49,9,0,0,0,0,0,36,6,56,11,0,0,0,0,1,16,8,43,20,2,0,0,0,0,10,9,40,26,8,0,0,0,1,10,10,43,28,3,0,0,0,1,6,7,27,51,10,0,0,1,1,4,4,17,71,27,0,0,0,0,1,2,36,43,27,0,1,0,0,6,2,12,23,60,0,2,1,1,2,5,9,6,116,0,1,106Y
10014,臺東縣,10014100,大武鄉,10014100-004,尚武村,0,0,10,11,42,6,1,0,0,0,3,45,13,45,4,0,0,0,0,7,38,7,37,6,1,0,0,0,3,27,14,47,16,4,0,0,0,5,27,27,58,22,1,0,0,0,4,19,20,66,29,2,0,0,2,4,7,9,60,62,8,0,0,1,1,6,11,47,56,18,0,0,0,1,6,13,41,64,36,1,2,0,0,5,4,23,28,67,0,2,0,2,7,6,20,24,192,4,40,106Y
10014,臺東縣,10014100,大武鄉,10014100-005,南興村,0,0,5,14,14,4,0,0,0,0,1,9,5,12,1,0,0,0,0,0,20,6,13,0,0,0,0,0,0,11,6,16,6,2,0,1,0,5,9,9,20,10,0,0,0,0,5,8,7,26,15,1,0,0,0,0,1,3,23,12,2,0,1,0,0,2,1,24,22,10,0,0,0,1,1,8,18,22,24,0,0,0,0,5,5,15,15,19,0,1,0,0,3,3,8,11,55,4,9,106Y
10014,臺東縣,10014090,太麻里鄉,10014090-002,三和村,0,0,4,4,16,2,1,0,0,0,0,32,10,9,1,0,0,0,0,3,15,2,9,2,0,0,0,0,1,18,3,14,15,3,0,0,0,1,6,9,25,12,3,0,0,0,2,5,10,18,12,0,0,0,0,3,4,7,36,14,2,0,0,0,0,1,5,14,29,6,0,0,0,0,3,2,20,21,12,0,0,0,0,0,0,7,16,25,0,1,0,0,1,0,3,12,102,0,18,106Y
10014,臺東縣,10014090,太麻里鄉,10014090-006,大王村,0,0,12,17,66,10,0,0,0,0,3,61,15,32,5,0,0,0,0,4,65,16,63,5,0,0,0,1,9,37,14,54,17,2,0,0,1,4,29,18,62,26,1,0,0,0,7,25,17,73,29,2,0,0,1,4,11,12,81,30,7,0,0,0,2,10,18,61,51,16,0,0,0,1,8,6,59,48,41,0,4,0,2,6,7,39,36,75,1,6,0,1,10,9,31,29,264,6,44,106Y
10014,臺東縣,10014090,太麻里鄉,10014090-004,北里村,0,0,4,7,19,4,0,0,0,0,1,12,9,26,2,0,0,0,0,2,10,6,19,1,0,0,0,0,2,6,4,13,10,1,0,0,0,1,8,5,27,9,1,0,0,0,1,4,2,23,15,2,0,0,0,1,4,1,15,13,5,0,0,0,0,3,2,12,22,4,0,0,0,1,1,3,23,23,10,0,0,0,0,0,4,16,15,28,0,0,0,0,5,0,6,7,83,2,12,106Y
10014,臺東縣,10014090,太麻里鄉,10014090-009,多良村,0,0,4,8,40,3,0,0,0,0,0,15,11,49,2,0,0,0,0,2,12,8,35,6,0,0,0,0,0,14,3,42,15,0,0,1,0,0,4,13,40,32,1,0,1,1,2,1,5,26,44,3,0,1,0,0,1,3,26,28,19,0,0,0,3,0,1,19,33,29,0,0,0,0,2,4,14,19,48,1,1,0,0,0,3,12,7,60,0,1,0,0,1,2,9,13,108,2,11,106Y
10014,臺東縣,10014090,太麻里鄉,10014090-008,金崙村,0,0,9,30,70,9,1,0,0,0,1,47,31,64,2,0,0,0,0,3,34,9,72,6,0,0,0,0,1,25,16,63,12,1,0,0,0,1,15,19,85,38,2,0,0,0,2,9,12,75,62,3,0,0,1,0,7,7,75,52,17,0,1,0,0,9,8,71,69,38,0,0,0,1,5,2,42,56,64,1,2,0,0,2,2,21,22,71,1,1,0,0,6,3,26,35,178,3,9,106Y
10014,臺東縣,10014090,太麻里鄉,10014090-001,美和村,0,0,14,13,64,4,0,0,0,0,1,42,14,38,7,1,0,0,0,3,42,10,36,4,0,0,0,0,5,25,15,45,11,1,0,0,0,2,18,14,61,24,2,0,0,0,3,7,19,51,28,4,0,1,1,2,3,17,55,51,4,0,1,0,0,3,9,34,53,15,0,0,0,1,0,5,31,49,27,0,0,0,0,2,1,17,16,64,0,1,0,0,1,1,10,16,208,0,13,106Y
10014,臺東縣,10014090,太麻里鄉,10014090-007,香蘭村,0,0,6,1,22,6,0,0,0,0,0,23,6,20,1,0,0,0,0,1,19,3,26,2,0,0,0,1,1,18,9,30,6,0,0,1,0,2,8,9,34,13,0,0,0,0,0,1,4,23,13,2,0,0,0,3,6,8,30,22,1,0,0,0,3,2,5,36,33,12,0,0,0,2,0,1,17,38,21,0,1,0,0,0,0,13,19,33,0,2,0,0,1,1,4,16,146,2,24,106Y
10014,臺東縣,10014090,太麻里鄉,10014090-005,泰和村,0,0,21,20,42,1,1,0,0,0,2,69,20,30,2,0,0,0,0,5,68,10,22,5,0,0,0,1,8,45,16,30,7,1,0,0,0,7,24,15,41,13,1,0,0,0,6,14,27,56,20,0,0,0,0,2,11,17,67,32,2,0,0,0,0,3,10,56,48,8,0,1,0,2,7,8,48,42,25,0,4,0,2,5,6,24,17,42,1,1,0,1,7,5,25,33,211,4,34,106Y
10014,臺東縣,10014090,太麻里鄉,10014090-003,華源村,0,0,1,4,24,2,0,0,0,0,1,25,2,10,4,0,0,0,0,1,9,4,9,0,0,0,0,0,1,10,3,17,5,0,0,0,0,0,6,6,22,3,2,0,0,0,4,9,6,34,14,1,0,0,0,1,4,4,23,17,2,0,0,0,0,1,5,20,40,2,0,1,0,0,0,3,8,7,16,0,0,0,0,2,3,4,9,27,0,2,0,0,0,4,10,13,125,1,42,106Y
10014,臺東縣,10014020,成功鎮,10014020-003,三仙里,0,0,15,5,51,7,1,0,0,0,0,30,6,53,9,1,0,0,0,2,32,5,43,8,0,0,0,0,3,19,2,44,21,4,0,0,0,2,9,12,50,34,30,0,0,0,1,9,6,32,75,11,0,0,0,3,6,6,28,61,30,0,0,0,1,0,3,16,50,57,0,1,0,1,1,4,19,46,75,1,3,0,0,1,3,24,17,78,0,2,0,1,0,2,6,19,236,1,11,106Y
10014,臺東縣,10014020,成功鎮,10014020-004,三民里,0,0,28,26,121,14,0,0,0,0,5,107,25,71,5,0,0,0,0,10,100,16,86,14,0,0,0,1,7,76,30,74,31,2,0,0,0,7,36,39,114,48,22,0,0,0,6,28,20,71,83,18,0,1,2,5,13,33,72,93,23,0,2,0,2,9,15,64,106,54,0,0,0,0,8,10,59,75,102,0,4,0,0,6,10,33,40,141,1,11,0,0,6,5,30,43,419,0,23,106Y
10014,臺東縣,10014020,成功鎮,10014020-007,和平里,0,0,4,1,18,3,0,0,0,0,3,29,1,12,0,0,0,0,0,1,19,6,24,1,0,0,0,0,1,8,6,25,4,0,0,0,1,1,5,5,28,12,4,0,0,0,1,6,3,21,24,4,0,1,0,3,3,2,14,23,11,0,0,0,0,3,0,22,34,22,0,0,0,0,2,2,16,25,39,0,1,0,0,1,1,10,14,49,0,0,0,0,1,0,8,17,163,1,7,106Y
10014,臺東縣,10014020,成功鎮,10014020-006,忠仁里,0,0,24,19,92,9,2,0,0,0,2,82,17,54,6,0,0,0,0,5,81,9,35,5,0,0,0,0,8,51,30,66,17,6,0,0,0,8,38,38,69,39,13,0,0,0,9,14,23,82,51,10,0,1,0,3,14,25,86,70,11,0,0,0,3,8,16,64,76,27,0,1,0,2,8,15,68,82,57,0,3,0,1,5,10,31,46,99,0,0,0,3,7,12,36,67,299,4,17,106Y
10014,臺東縣,10014020,成功鎮,10014020-002,忠孝里,0,0,2,2,22,2,0,0,0,0,0,27,6,35,0,0,0,0,0,1,24,6,23,9,0,0,0,0,0,17,7,35,14,1,0,0,0,0,13,9,32,22,5,0,0,0,0,5,7,18,29,1,0,0,0,1,4,5,31,36,7,0,1,0,0,1,4,33,46,21,0,0,0,0,4,0,22,38,31,0,0,0,0,0,1,11,24,47,0,0,0,0,2,2,14,18,204,1,4,106Y
10014,臺東縣,10014020,成功鎮,10014020-005,忠智里,0,0,23,14,83,7,2,0,0,0,4,86,19,36,4,0,0,0,0,13,82,9,27,3,1,0,0,2,13,50,16,48,19,1,0,0,2,7,37,39,61,24,5,0,0,0,9,22,26,61,46,4,0,0,1,2,18,22,84,40,5,0,0,0,2,9,16,72,52,14,0,0,0,2,9,20,63,66,29,0,2,0,0,5,4,28,43,59,0,0,0,2,8,7,42,59,282,2,15,106Y
10014,臺東縣,10014020,成功鎮,10014020-008,信義里,0,0,12,5,43,10,0,0,0,0,1,50,7,42,2,0,0,0,0,4,51,4,42,8,1,0,0,0,3,23,16,40,27,0,0,0,0,0,15,22,52,25,23,0,0,0,3,12,18,49,66,15,0,0,0,3,9,8,50,71,31,0,1,1,3,3,15,35,80,70,0,0,0,2,9,11,36,69,71,0,1,0,0,9,8,31,24,110,0,0,0,1,4,2,27,27,347,2,5,106Y
10014,臺東縣,10014020,成功鎮,10014020-001,博愛里,0,0,0,1,17,2,0,0,0,0,0,14,2,17,0,0,0,0,0,0,7,3,14,0,0,0,0,0,0,12,4,15,5,1,0,0,1,1,4,5,17,12,6,0,0,0,1,1,4,12,22,1,0,0,0,0,1,3,18,32,3,0,0,0,1,1,5,21,36,10,0,0,0,0,2,6,13,32,23,0,1,0,0,0,0,8,11,41,0,0,0,0,2,2,8,11,155,0,1,106Y
10014,臺東縣,10014060,池上鄉,10014060-003,大坡村,0,0,2,2,8,2,0,0,0,0,0,13,1,7,0,0,0,0,0,0,8,1,7,2,0,0,0,0,1,5,2,11,1,0,0,0,0,1,2,4,10,3,0,0,0,0,0,4,1,11,8,0,0,1,0,0,2,2,4,6,3,0,0,0,0,0,0,12,13,4,0,0,0,0,0,1,10,27,9,0,1,0,0,0,0,10,14,15,0,0,0,0,2,0,7,7,56,0,11,106Y
10014,臺東縣,10014060,池上鄉,10014060-004,大埔村,0,0,9,3,27,3,0,0,0,0,1,33,9,16,3,0,0,0,0,2,27,6,14,1,0,0,0,1,6,10,5,16,8,0,0,0,2,2,16,16,25,13,0,0,0,0,5,7,5,20,16,2,0,0,0,1,12,8,25,24,3,0,0,0,3,3,2,29,23,4,0,1,1,0,1,4,19,30,14,0,1,0,1,5,4,22,16,26,0,2,0,0,4,8,15,20,133,2,14,106Y
10014,臺東縣,10014060,池上鄉,10014060-010,振興村,0,0,2,4,17,4,0,0,0,0,0,14,4,21,1,0,0,0,0,1,5,2,15,3,0,0,0,0,1,6,0,14,1,3,0,0,0,4,4,1,21,4,1,0,0,0,1,0,5,17,11,4,0,0,0,3,3,1,12,20,7,0,0,0,0,0,3,12,15,13,0,1,0,0,1,2,6,8,13,0,0,0,0,1,0,4,5,33,0,2,0,0,1,2,1,3,68,1,18,106Y
10014,臺東縣,10014060,池上鄉,10014060-009,富興村,0,0,2,3,17,3,0,0,0,0,0,12,3,12,1,0,0,0,0,1,7,0,11,0,0,0,0,0,2,2,3,13,2,0,0,0,0,1,2,4,22,1,0,0,0,1,0,3,1,16,17,2,0,0,0,0,0,3,17,15,2,0,0,0,1,2,4,15,12,6,0,0,0,0,1,3,12,12,17,0,1,0,0,1,1,10,7,12,0,1,0,1,1,1,1,16,58,2,12,106Y
10014,臺東縣,10014060,池上鄉,10014060-007,新興村,0,0,7,10,29,5,0,0,0,0,0,26,13,21,0,0,0,0,0,3,36,2,22,5,1,0,0,0,2,17,5,24,5,1,0,0,2,4,8,6,25,14,2,0,0,0,3,2,10,38,26,3,0,0,0,2,1,12,56,15,3,0,1,0,0,3,4,31,25,4,0,0,0,1,1,4,28,24,18,0,0,0,1,0,4,19,17,30,0,1,0,0,3,2,15,18,147,0,27,106Y
10014,臺東縣,10014060,池上鄉,10014060-008,萬安村,0,0,1,1,15,0,1,0,0,0,0,11,4,8,0,0,0,0,0,2,9,2,4,0,0,1,0,0,0,4,0,8,0,0,0,0,0,0,5,7,11,2,1,0,0,0,1,1,3,12,2,1,0,1,0,0,2,3,17,6,1,0,0,0,0,1,2,15,14,3,0,1,0,0,0,2,11,9,4,0,1,0,0,0,0,3,10,10,1,0,0,0,1,0,5,11,63,0,11,106Y
10014,臺東縣,10014060,池上鄉,10014060-001,福文村,0,0,12,21,49,3,1,0,0,0,1,31,14,32,3,0,0,0,0,2,29,6,27,1,0,0,0,0,0,15,1,28,3,2,0,0,1,0,11,10,61,5,3,0,0,0,1,16,17,49,34,10,0,0,0,4,6,5,58,34,8,0,0,0,1,5,7,50,41,8,0,2,0,2,3,5,35,41,13,0,1,0,0,5,3,21,15,56,0,0,0,0,2,5,23,25,179,4,26,106Y
10014,臺東縣,10014060,池上鄉,10014060-005,福原村,0,0,20,23,67,10,0,0,0,0,5,83,18,32,1,1,0,0,0,8,83,12,40,6,1,0,0,0,18,48,14,40,7,1,0,0,2,11,40,35,61,12,5,0,0,0,12,34,23,69,20,5,0,0,0,8,24,29,84,27,5,0,0,0,1,7,23,86,41,6,1,0,0,1,13,22,77,48,21,0,0,0,0,9,13,66,34,49,0,2,0,1,14,15,53,77,220,11,35,106Y
10014,臺東縣,10014060,池上鄉,10014060-002,慶豐村,0,0,6,9,18,5,0,0,0,0,1,22,8,19,0,0,0,0,0,3,17,3,17,3,0,0,0,0,2,12,3,13,4,0,0,0,0,1,7,6,27,10,0,0,0,0,4,6,11,30,11,1,0,0,0,3,0,7,31,17,1,0,0,0,1,2,4,37,25,2,0,0,0,1,1,4,21,26,7,0,1,0,0,1,2,8,11,25,0,0,0,0,0,4,8,23,115,0,14,106Y
10014,臺東縣,10014060,池上鄉,10014060-006,錦園村,0,0,1,2,13,5,0,0,0,0,0,14,1,2,0,0,0,0,0,1,14,1,3,0,0,0,0,0,1,8,3,6,1,0,0,0,0,0,3,2,7,6,0,0,0,0,1,2,5,18,1,0,0,0,0,0,1,0,19,6,1,0,0,0,2,2,3,24,14,1,0,0,0,1,1,2,17,15,2,0,0,0,0,1,0,11,8,17,0,0,0,0,0,5,7,13,57,3,7,106Y
10014,臺東縣,10014040,卑南鄉,10014040-010,太平村,0,0,39,33,123,20,3,0,0,0,12,125,31,100,6,0,0,0,1,11,98,29,126,8,1,0,0,0,14,69,28,108,32,1,0,0,0,9,38,53,113,35,10,0,0,1,12,37,37,139,68,9,0,0,0,13,30,39,148,79,10,0,0,0,11,21,25,118,84,25,0,2,0,4,21,23,102,79,54,0,1,1,1,7,9,60,42,99,2,5,1,1,17,18,48,47,227,25,59,106Y
10014,臺東縣,10014040,卑南鄉,10014040-002,利吉村,0,0,2,2,13,1,0,0,0,0,0,9,2,12,0,0,0,0,0,1,14,6,17,1,0,0,0,0,2,2,3,17,5,0,0,0,0,1,4,5,21,3,1,0,0,0,0,2,4,9,6,1,0,0,0,2,1,4,7,9,1,0,0,0,1,1,6,12,17,11,0,0,0,1,2,3,17,22,19,0,0,0,1,2,0,13,12,17,0,1,0,0,2,3,6,3,75,4,11,106Y
10014,臺東縣,10014040,卑南鄉,10014040-011,利嘉村,0,0,9,12,53,4,0,0,0,0,1,50,16,45,4,0,0,0,0,5,41,7,41,8,1,0,0,0,10,33,8,45,10,0,0,0,0,6,9,11,26,18,0,0,0,1,3,8,13,33,27,1,0,0,0,3,12,20,46,21,2,0,0,0,4,10,6,57,31,4,0,0,0,0,6,9,47,33,13,0,0,0,2,11,9,24,26,31,0,0,0,0,7,11,27,20,106,1,4,106Y
10014,臺東縣,10014040,卑南鄉,10014040-005,明峰村,0,0,11,3,35,5,1,0,0,0,1,37,12,37,3,0,0,0,0,6,32,11,32,1,0,0,0,0,3,32,7,36,10,0,0,0,1,7,14,17,42,12,2,0,0,0,4,11,14,58,15,3,0,0,0,4,8,9,47,22,3,0,0,0,0,7,4,45,41,19,0,1,0,1,4,2,29,37,21,0,0,0,0,2,6,32,18,35,0,3,0,3,6,7,35,24,160,13,31,106Y
10014,臺東縣,10014040,卑南鄉,10014040-012,東興村,0,0,7,10,48,4,0,0,0,0,0,54,18,44,2,0,0,0,0,0,36,9,46,3,1,0,0,0,2,11,10,54,19,1,0,0,0,3,21,25,45,22,6,0,0,0,2,9,10,40,25,5,0,1,0,2,12,10,60,33,18,0,0,0,2,0,8,43,50,32,0,1,0,1,3,3,23,36,50,0,2,0,0,0,3,15,12,41,0,2,0,0,5,5,10,13,115,0,7,106Y
10014,臺東縣,10014040,卑南鄉,10014040-006,初鹿村,0,0,10,8,71,7,0,0,0,0,2,57,12,25,2,0,0,0,0,7,30,9,39,3,0,0,0,0,0,25,9,36,9,3,0,0,0,3,20,13,48,25,9,0,0,0,5,8,15,47,26,6,0,0,0,5,7,10,61,34,2,0,0,0,6,9,10,44,43,10,0,0,0,1,4,7,27,45,22,2,2,1,2,5,4,38,12,50,0,3,0,0,7,8,28,14,157,10,39,106Y
10014,臺東縣,10014040,卑南鄉,10014040-007,美農村,0,0,11,10,58,2,2,0,0,0,1,37,7,25,2,1,0,0,0,6,28,10,25,6,1,0,0,0,3,22,2,15,13,1,0,0,0,6,13,9,38,17,2,0,0,0,0,9,3,54,17,2,0,0,1,2,11,7,52,27,1,0,0,0,3,4,12,52,33,12,0,0,2,0,3,4,36,32,14,0,0,0,0,2,6,31,13,34,0,2,0,2,6,2,25,18,141,3,40,106Y
10014,臺東縣,10014040,卑南鄉,10014040-009,泰安村,0,0,12,13,60,8,0,0,0,0,3,41,9,49,4,0,0,0,0,6,31,8,60,12,1,0,0,0,2,13,4,36,16,0,0,0,0,2,5,12,56,22,2,0,0,0,2,6,11,50,30,2,0,0,0,2,6,11,52,42,9,0,0,0,3,7,12,42,44,17,0,0,0,4,3,4,29,33,31,0,4,0,1,0,2,12,13,35,0,0,1,0,5,4,12,9,106,1,11,106Y
10014,臺東縣,10014040,卑南鄉,10014040-003,富山村,0,0,2,1,24,3,0,0,0,0,0,17,8,14,2,0,0,0,0,2,13,3,12,0,0,0,0,0,3,3,4,15,8,1,0,0,2,1,6,8,16,9,1,0,0,0,3,3,3,12,17,3,0,0,0,3,0,2,15,24,7,0,0,0,1,4,4,19,26,11,0,1,0,1,2,1,17,11,11,0,1,0,1,0,1,5,4,27,0,2,0,0,3,3,3,6,60,12,18,106Y
10014,臺東縣,10014040,卑南鄉,10014040-004,富源村,0,0,2,2,8,2,0,0,0,0,0,18,5,5,0,0,0,0,0,1,7,2,7,0,0,0,0,0,2,6,3,6,2,0,0,0,0,3,3,6,6,1,0,0,2,0,1,0,1,13,3,0,0,0,0,0,0,5,17,14,0,0,0,0,0,1,2,13,14,1,0,0,0,1,1,2,13,12,6,0,0,0,0,0,1,10,9,16,0,0,0,1,0,3,7,9,48,12,30,106Y
10014,臺東縣,10014040,卑南鄉,10014040-013,溫泉村,0,0,6,11,36,5,0,0,0,0,3,42,7,23,0,1,0,0,1,3,40,4,17,3,0,0,0,0,1,18,7,17,7,2,0,0,0,2,14,11,43,13,7,0,0,0,3,11,12,40,24,2,0,0,1,6,4,6,48,28,2,0,0,1,6,6,12,48,44,6,0,0,0,2,5,8,46,40,20,0,0,0,0,4,9,29,15,41,0,3,0,3,9,3,24,38,163,4,33,106Y
10014,臺東縣,10014040,卑南鄉,10014040-001,嘉豐村,0,0,2,2,29,1,0,0,0,0,0,13,3,19,1,0,0,0,0,1,5,2,22,3,0,0,0,0,3,6,5,23,16,1,0,0,0,0,2,2,17,8,5,0,0,0,1,1,2,10,16,2,0,0,0,0,1,1,6,30,8,0,0,0,0,0,2,16,19,15,0,1,0,1,2,0,11,15,18,0,0,0,0,0,2,0,5,31,0,0,0,0,0,0,2,3,76,5,9,106Y
10014,臺東縣,10014040,卑南鄉,10014040-008,賓朗村,0,0,28,26,86,14,1,0,0,0,5,98,28,56,2,0,0,0,0,7,81,21,56,3,1,0,0,0,14,53,14,49,10,3,0,0,1,11,29,27,82,19,6,0,0,1,11,21,28,85,37,0,0,1,0,10,26,20,95,51,8,0,0,0,2,17,17,112,77,17,0,0,0,3,12,9,84,57,26,0,0,0,1,13,10,54,41,63,1,0,1,4,17,22,58,46,280,29,34,106Y
10014,臺東縣,10014130,延平鄉,10014130-002,永康村,0,0,3,1,15,5,0,0,0,0,0,10,4,17,0,0,0,0,0,1,6,2,8,2,0,0,0,0,3,10,4,14,2,1,0,0,1,3,5,5,14,4,0,0,0,0,0,2,2,18,12,0,0,0,0,0,3,1,12,21,4,0,0,0,2,1,1,7,14,10,0,0,0,0,1,0,7,5,6,0,0,0,2,0,1,4,2,5,0,0,0,0,0,1,2,1,22,0,1,106Y
10014,臺東縣,10014130,延平鄉,10014130-001,武陵村,0,0,2,16,24,6,0,0,0,0,0,26,10,15,1,0,0,0,0,0,20,5,19,5,0,0,0,0,3,11,3,21,10,0,0,0,0,3,12,4,22,25,1,0,0,0,3,15,7,26,22,4,0,0,0,1,2,3,19,20,12,0,0,0,1,5,2,15,18,21,0,0,0,0,1,2,6,8,20,0,1,0,0,2,3,7,2,25,0,0,0,0,0,1,7,7,45,0,0,106Y
10014,臺東縣,10014130,延平鄉,10014130-003,紅葉村,0,0,1,5,19,6,0,0,0,0,0,13,6,20,0,0,0,0,0,7,17,3,11,2,0,0,0,0,4,4,2,14,7,2,0,0,0,4,4,7,27,11,2,0,0,0,0,0,8,29,15,2,0,0,0,0,0,3,10,18,6,0,0,0,1,2,1,4,11,13,0,0,0,0,1,1,7,12,15,0,0,0,0,0,0,9,2,19,0,0,0,0,0,2,3,2,35,0,2,106Y
10014,臺東縣,10014130,延平鄉,10014130-005,桃源村,0,0,11,28,49,9,0,0,0,0,1,42,19,27,2,0,0,0,0,4,29,8,38,8,1,0,0,0,2,27,15,39,14,1,0,0,0,2,11,13,40,28,4,0,0,0,10,16,7,47,20,11,0,1,0,4,7,9,39,30,13,0,1,0,2,6,10,31,22,23,0,0,0,6,8,13,25,20,21,0,0,0,0,3,4,14,5,35,0,0,0,0,3,4,9,5,65,0,0,106Y
10014,臺東縣,10014130,延平鄉,10014130-004,鸞山村,0,0,7,6,45,6,1,0,0,0,1,20,6,26,1,0,0,0,0,0,13,3,17,3,0,0,0,0,3,12,5,18,10,0,0,0,0,4,8,7,26,19,2,0,0,0,0,7,5,29,15,4,0,0,0,1,2,4,22,23,6,0,0,0,0,3,2,15,28,11,0,0,0,2,2,3,7,16,17,0,1,0,1,0,1,7,6,25,0,0,0,0,1,0,6,3,61,0,5,106Y
10014,臺東縣,10014070,東河鄉,10014070-001,北源村,0,0,11,6,29,5,0,0,0,0,1,33,8,27,4,0,0,0,0,4,28,7,24,11,0,0,0,0,1,21,7,54,20,2,0,0,0,2,18,14,83,41,7,0,0,0,2,10,15,70,61,3,0,1,0,1,6,14,49,67,10,0,1,1,0,1,7,51,58,27,0,2,0,0,4,6,43,63,59,1,1,0,0,3,1,26,30,89,1,1,0,1,2,4,19,21,306,3,25,106Y
10014,臺東縣,10014070,東河鄉,10014070-004,尚德村,0,0,3,1,11,1,0,0,0,0,0,3,3,8,1,0,0,0,0,0,2,0,6,0,0,0,0,0,1,0,1,10,6,0,0,0,0,0,4,5,12,5,1,0,0,0,0,2,3,7,8,1,0,0,0,0,3,3,8,10,1,0,0,0,1,3,1,10,6,4,0,0,0,0,2,2,6,13,7,0,1,0,0,0,3,3,7,12,0,0,0,0,0,0,4,7,41,5,3,106Y
10014,臺東縣,10014070,東河鄉,10014070-003,東河村,0,0,9,6,31,2,3,0,0,0,1,27,12,15,0,0,0,0,0,1,25,6,10,2,0,0,0,0,3,19,7,23,7,0,0,0,0,2,10,12,55,9,1,0,0,1,1,6,11,53,30,0,0,0,0,3,8,15,63,21,3,0,0,0,5,3,9,37,47,3,0,1,0,0,5,5,25,32,9,0,0,0,0,5,3,15,28,26,0,0,0,0,5,3,12,48,165,0,9,106Y
10014,臺東縣,10014070,東河鄉,10014070-002,泰源村,0,0,5,14,39,5,0,0,0,0,3,31,8,23,2,1,0,0,0,2,24,6,33,11,0,0,0,1,4,12,4,43,21,5,0,0,0,4,11,4,43,25,1,0,0,0,0,3,7,44,38,10,0,0,0,2,5,9,51,28,22,0,2,0,0,5,4,30,36,34,1,1,0,1,4,9,14,37,61,0,1,0,1,0,0,10,22,65,0,1,0,0,4,3,15,20,216,2,15,106Y
10014,臺東縣,10014070,東河鄉,10014070-007,都蘭村,0,0,14,8,74,12,1,0,0,0,2,68,10,46,1,0,0,0,0,3,64,15,52,3,0,0,0,0,8,36,12,67,17,1,0,0,2,8,31,22,87,37,2,0,0,0,8,20,20,66,48,2,0,0,2,7,7,20,83,61,8,0,0,0,3,13,16,82,81,17,0,1,3,1,16,17,58,100,30,2,0,0,2,13,11,45,45,92,0,1,2,4,8,5,33,74,318,4,31,106Y
10014,臺東縣,10014070,東河鄉,10014070-005,隆昌村,0,0,4,3,12,0,0,0,0,0,2,13,4,8,1,0,0,0,0,1,12,3,11,0,0,0,0,0,4,9,5,12,3,1,0,0,0,1,5,1,18,2,0,0,0,0,0,5,3,29,5,1,0,0,0,1,9,8,24,9,1,0,0,0,2,2,9,20,19,1,0,1,0,0,5,0,16,29,5,0,0,0,2,2,4,12,13,36,0,0,0,0,3,1,4,14,119,0,11,106Y
10014,臺東縣,10014070,東河鄉,10014070-006,興昌村,0,0,2,6,20,6,0,0,0,0,1,25,4,22,0,0,0,0,0,0,20,3,7,1,0,0,0,1,4,8,4,16,4,0,0,0,1,2,12,6,26,18,4,0,0,0,4,13,11,33,19,2,0,1,0,7,3,7,43,30,4,0,0,1,5,8,4,21,37,9,0,0,0,1,5,6,28,35,17,0,1,1,3,3,5,17,14,55,0,3,1,0,5,5,18,18,211,0,18,106Y
10014,臺東縣,10014140,金峰鄉,10014140-002,正興村,0,0,6,17,28,6,0,0,0,0,0,24,12,13,0,0,0,0,0,4,25,12,19,2,1,0,0,0,2,16,6,14,2,3,0,0,0,3,12,5,23,6,0,0,0,0,3,7,6,26,6,1,0,0,0,2,4,5,29,13,2,0,0,0,0,7,3,29,27,4,0,0,1,0,7,1,21,28,11,0,0,0,1,4,3,10,8,14,0,0,0,1,5,1,5,5,52,1,0,106Y
10014,臺東縣,10014140,金峰鄉,10014140-001,新興村,0,0,6,8,23,3,0,0,0,0,1,25,11,16,2,0,0,0,0,1,19,7,15,3,0,0,0,0,1,14,10,25,9,0,0,0,0,2,4,4,29,5,1,0,1,1,4,5,7,19,4,1,0,0,0,1,7,9,18,16,0,0,0,0,4,6,5,10,29,3,0,0,0,1,0,1,14,11,29,0,0,0,1,1,1,4,4,19,0,0,0,0,1,1,8,0,38,0,0,106Y
10014,臺東縣,10014140,金峰鄉,10014140-003,嘉蘭村,0,0,8,24,77,6,0,0,0,0,0,40,30,62,2,0,0,0,0,3,51,12,51,7,0,0,0,0,0,15,8,53,14,2,0,0,0,1,14,20,43,25,4,0,0,0,3,11,21,46,34,4,0,0,0,1,7,17,39,46,13,0,0,0,0,4,4,42,44,34,0,0,0,2,3,4,27,22,44,0,1,0,1,2,1,10,18,54,0,0,0,0,2,3,14,4,103,0,0,106Y
10014,臺東縣,10014140,金峰鄉,10014140-004,賓茂村,0,0,3,7,14,1,0,0,0,0,0,9,8,12,2,0,0,0,0,1,9,3,22,0,0,0,0,0,1,5,0,12,3,0,0,0,0,1,2,3,19,10,0,0,0,0,1,2,4,11,7,1,0,0,0,2,2,2,7,9,2,0,0,0,0,5,5,15,18,6,0,0,0,0,1,1,12,11,6,0,0,0,2,3,1,9,7,6,0,0,0,0,2,0,4,3,39,0,0,106Y
10014,臺東縣,10014140,金峰鄉,10014140-005,歷坵村,0,0,1,3,15,4,0,0,0,0,0,5,6,17,0,0,0,0,0,1,8,1,13,1,0,0,0,0,2,6,1,14,1,1,0,0,0,0,2,7,12,8,1,0,0,0,0,4,2,15,6,0,0,0,0,0,1,2,10,15,1,0,0,0,0,0,2,8,19,14,0,0,0,0,0,2,15,11,8,0,0,0,0,0,1,2,6,14,0,0,0,0,1,0,3,2,37,0,0,106Y
10014,臺東縣,10014080,長濱鄉,10014080-002,三間村,0,0,5,6,32,4,0,0,0,0,0,22,4,34,2,0,0,0,0,0,17,5,17,1,1,0,0,0,1,19,8,20,10,0,0,0,0,3,10,11,49,22,1,0,0,1,6,6,7,33,45,8,0,0,0,3,6,8,41,37,16,0,0,0,0,1,7,28,64,46,0,1,1,0,4,4,19,31,42,0,1,0,2,9,3,14,27,51,0,0,0,0,4,4,18,15,297,5,12,106Y
10014,臺東縣,10014080,長濱鄉,10014080-005,竹湖村,0,0,5,0,21,6,0,0,0,0,1,22,1,11,2,0,0,0,0,1,16,6,22,5,0,0,0,0,0,18,2,20,7,0,0,0,0,1,12,4,46,18,1,0,0,0,3,3,4,28,26,6,0,0,0,2,2,5,23,41,6,0,0,0,4,7,6,28,49,21,0,1,0,1,0,3,19,41,36,0,0,0,1,1,1,10,24,58,0,1,0,0,2,2,10,16,188,0,6,106Y
10014,臺東縣,10014080,長濱鄉,10014080-003,忠勇村,0,0,1,4,16,2,0,0,0,0,0,13,3,17,1,0,0,0,0,2,8,1,11,2,0,0,0,0,0,4,4,11,5,0,0,0,0,2,4,2,23,13,0,0,0,0,2,1,2,9,35,1,0,0,1,1,2,4,24,20,4,0,0,0,0,3,1,15,26,15,0,0,0,1,2,2,17,23,16,0,0,0,0,4,1,4,7,27,0,1,0,1,1,2,4,12,108,0,5,106Y
10014,臺東縣,10014080,長濱鄉,10014080-004,長濱村,0,0,13,10,58,5,0,0,0,0,0,65,14,52,3,0,0,0,0,6,60,5,42,12,1,0,0,0,5,41,15,56,17,3,0,0,1,6,21,16,61,30,4,0,1,0,4,14,14,54,62,9,0,0,1,4,11,15,59,82,12,0,3,1,5,15,16,68,99,29,0,0,0,3,5,13,57,78,32,0,1,0,0,12,4,37,28,98,0,1,0,2,4,10,34,42,382,5,8,106Y
10014,臺東縣,10014080,長濱鄉,10014080-006,寧埔村,0,0,3,5,21,2,0,0,0,0,1,29,5,24,1,0,0,0,0,2,32,8,32,1,2,0,0,0,1,14,4,39,14,0,0,0,0,3,10,8,30,42,0,0,0,0,1,9,11,22,36,6,0,0,0,1,4,5,45,57,7,0,0,1,3,0,6,37,81,30,0,0,0,0,2,0,24,53,47,0,0,0,0,3,2,16,14,90,0,1,0,0,2,3,21,26,257,1,2,106Y
10014,臺東縣,10014080,長濱鄉,10014080-001,樟原村,0,0,3,7,19,2,0,0,0,0,1,16,6,23,3,0,0,0,0,1,4,2,17,1,0,0,0,0,0,8,4,9,3,1,0,0,0,1,2,1,17,14,3,0,0,0,0,1,3,9,27,3,0,0,0,0,5,3,27,32,0,0,0,0,0,2,0,15,38,13,0,0,1,1,2,2,15,20,17,0,1,0,3,5,1,2,12,35,0,1,0,0,2,0,7,12,166,0,3,106Y
10014,臺東縣,10014120,海端鄉,10014120-006,加拿村,0,0,5,6,31,6,0,0,0,0,1,16,14,24,2,0,0,0,0,3,13,5,26,1,0,0,0,0,3,8,3,21,13,1,0,0,0,1,8,9,21,7,2,0,0,0,0,2,2,22,15,9,0,0,0,1,2,3,15,12,17,0,0,0,0,0,2,7,22,23,0,0,0,2,2,1,6,10,23,0,0,0,0,0,2,4,4,23,0,0,0,0,0,1,2,1,37,1,0,106Y
10014,臺東縣,10014120,海端鄉,10014120-003,利稻村,0,0,3,12,9,4,0,0,0,0,0,10,5,15,0,0,0,0,0,0,11,2,17,1,0,0,0,0,0,9,5,12,4,0,0,0,0,0,2,3,17,5,0,0,0,0,4,3,5,5,4,5,0,0,0,0,2,4,6,4,10,0,0,0,0,0,1,5,10,0,0,0,0,0,0,0,6,2,4,0,0,0,0,0,1,4,3,12,0,0,0,0,1,1,2,2,16,0,0,106Y
10014,臺東縣,10014120,海端鄉,10014120-005,崁頂村,0,0,5,12,32,6,0,0,0,0,1,27,14,16,0,0,0,0,0,2,21,6,25,5,0,0,1,0,1,19,6,28,11,0,0,0,0,4,8,7,22,7,2,0,0,0,1,10,4,12,20,2,0,0,0,1,3,6,17,19,2,0,0,0,0,3,2,16,33,9,0,0,0,0,1,3,15,19,20,0,1,0,0,5,0,7,5,24,0,0,0,0,3,1,7,1,42,0,1,106Y
10014,臺東縣,10014120,海端鄉,10014120-004,海端村,0,0,14,21,59,8,0,0,0,0,1,29,16,37,3,0,0,0,0,2,41,7,46,3,0,0,0,0,3,26,5,51,15,1,0,0,0,4,16,15,57,15,5,0,0,0,5,5,13,54,33,2,0,0,0,0,3,8,29,26,14,0,1,0,1,5,4,23,25,23,0,0,0,1,5,4,16,19,30,0,0,0,0,5,4,11,7,41,0,0,0,1,2,5,8,2,78,0,2,106Y
10014,臺東縣,10014120,海端鄉,10014120-001,廣原村,0,0,9,20,43,5,0,0,0,0,0,26,15,23,1,0,0,0,0,3,26,6,43,7,0,0,0,0,1,17,7,24,19,1,0,0,0,1,12,14,47,16,3,0,0,0,1,6,8,32,19,6,0,0,0,2,5,5,33,26,13,1,0,0,1,2,4,14,22,24,0,0,0,0,2,5,12,13,30,0,0,0,0,0,0,9,5,29,0,0,0,0,0,0,5,6,62,1,1,106Y
10014,臺東縣,10014120,海端鄉,10014120-002,霧鹿村,0,0,0,4,18,1,0,0,0,0,0,7,3,12,0,0,0,0,0,3,11,1,11,1,0,0,0,0,0,7,2,11,5,0,0,0,0,0,5,1,19,11,2,0,0,0,0,0,2,8,8,0,0,0,0,0,1,2,9,6,2,0,0,0,0,1,0,10,11,8,0,0,0,0,1,1,4,5,6,0,0,0,0,0,0,1,2,13,0,0,0,0,1,2,5,2,28,0,1,106Y
10014,臺東縣,10014050,鹿野鄉,10014050-004,永安村,0,0,9,17,70,5,1,0,0,0,1,45,14,38,2,0,0,0,0,3,59,9,38,4,0,0,0,0,4,24,16,48,15,1,0,2,0,3,19,23,50,25,3,1,0,0,5,12,7,51,37,5,0,0,0,4,13,17,59,48,5,0,0,2,2,14,13,61,63,17,0,0,1,1,6,13,39,53,27,0,0,0,1,8,5,39,18,43,1,2,0,2,8,4,19,24,192,1,27,106Y
10014,臺東縣,10014050,鹿野鄉,10014050-006,鹿野村,0,0,8,10,44,8,0,0,0,0,2,45,9,27,2,0,0,0,0,2,40,9,26,1,0,0,0,1,3,14,6,26,12,2,0,0,1,4,10,12,37,9,4,0,0,0,6,7,10,40,18,2,0,0,0,3,10,9,41,30,4,0,0,0,2,6,12,47,48,6,0,1,1,1,3,9,26,39,16,0,2,0,0,5,7,25,19,49,0,1,0,1,5,8,37,28,148,8,18,106Y
10014,臺東縣,10014050,鹿野鄉,10014050-001,瑞和村,0,0,4,3,29,3,0,0,0,0,1,23,6,32,1,0,0,0,0,3,20,1,27,1,0,0,0,0,0,10,2,17,9,0,0,0,0,0,8,7,26,15,4,0,0,0,2,4,5,24,14,1,0,0,0,1,2,3,34,22,3,0,0,0,0,0,1,27,30,14,0,1,0,0,3,1,18,19,17,0,0,0,1,5,2,13,5,23,0,1,0,1,0,3,10,15,99,1,9,106Y
10014,臺東縣,10014050,鹿野鄉,10014050-005,瑞隆村,0,0,7,8,37,5,0,0,0,0,0,21,12,23,3,0,0,0,0,4,20,7,18,5,0,0,0,0,2,16,7,25,11,2,0,0,0,4,7,6,33,17,4,0,1,0,5,8,8,28,22,2,0,1,0,0,4,7,39,25,7,0,0,0,0,4,6,30,29,12,0,0,0,0,1,1,23,37,17,0,2,0,0,2,6,25,19,38,0,1,0,1,1,5,14,16,153,3,15,106Y
10014,臺東縣,10014050,鹿野鄉,10014050-003,瑞源村,0,0,5,2,41,2,0,0,0,1,1,34,10,31,4,0,0,0,0,7,30,6,27,3,0,0,0,1,7,16,4,24,13,0,0,0,0,5,10,9,29,8,0,0,1,0,1,5,6,45,21,0,0,1,0,1,5,9,26,18,4,0,0,0,1,5,1,34,31,13,0,0,0,0,1,3,25,24,26,0,1,0,3,1,4,18,9,44,0,1,0,0,6,3,19,21,121,7,16,106Y
10014,臺東縣,10014050,鹿野鄉,10014050-002,瑞豐村,0,0,10,6,41,4,0,0,0,0,1,33,8,12,0,0,0,0,0,5,25,6,13,2,0,0,0,0,3,19,5,29,9,1,0,0,0,3,7,17,16,13,5,1,0,0,5,3,13,40,23,3,1,0,0,0,6,11,39,22,2,0,1,0,0,2,4,41,41,5,0,1,0,0,6,8,28,24,13,0,1,0,0,5,0,22,11,34,1,2,0,2,5,3,11,22,133,3,49,106Y
10014,臺東縣,10014050,鹿野鄉,10014050-007,龍田村,0,0,3,16,40,7,0,0,0,0,2,36,4,18,0,0,0,0,0,7,34,11,18,2,0,0,0,0,10,15,4,29,5,1,0,0,0,5,19,13,47,9,4,0,0,0,7,12,6,38,8,4,0,0,0,4,13,9,58,24,1,0,0,1,3,4,9,31,47,9,0,0,0,1,7,12,43,29,23,0,0,0,0,9,5,22,8,41,0,1,0,2,7,4,19,25,170,0,38,106Y
10014,臺東縣,10014150,達仁鄉,10014150-002,土村,0,0,8,17,30,1,0,0,0,0,0,25,17,34,8,0,0,0,0,2,27,6,39,2,0,0,0,0,2,15,9,24,10,4,0,0,0,1,7,12,33,19,12,0,0,0,0,9,16,24,37,21,0,0,1,3,4,7,11,32,30,0,1,0,1,0,4,17,29,34,0,0,0,0,4,4,9,17,41,0,0,0,0,0,3,10,9,36,0,0,0,0,0,1,7,0,80,1,1,106Y
10014,臺東縣,10014150,達仁鄉,10014150-001,台村,0,0,5,4,22,3,0,0,0,0,0,12,10,21,6,0,0,0,0,2,16,5,23,5,0,0,0,0,1,11,3,28,13,3,0,0,0,2,5,3,20,12,8,0,0,1,0,2,4,13,10,6,0,0,0,0,0,2,11,21,19,0,1,0,1,0,1,8,27,24,0,0,0,0,1,6,16,21,31,0,0,0,0,1,3,8,12,23,0,0,0,2,2,2,5,5,74,4,0,106Y
10014,臺東縣,10014150,達仁鄉,10014150-004,安朔村,0,0,4,8,13,1,0,0,0,0,0,13,9,19,0,0,0,0,0,0,29,6,17,1,0,0,0,0,2,13,7,24,6,0,0,0,0,4,7,8,23,9,5,0,0,0,4,6,6,14,16,7,0,0,2,0,5,6,21,19,5,0,2,0,1,2,2,25,26,5,0,0,0,1,3,4,9,31,23,0,1,1,0,6,3,13,11,31,0,1,1,0,2,5,9,6,53,3,0,106Y
10014,臺東縣,10014150,達仁鄉,10014150-006,南田村,0,0,2,5,8,3,0,0,0,0,0,13,2,10,1,0,0,0,0,2,14,4,10,0,0,0,0,0,4,7,0,11,1,0,0,1,0,0,6,2,12,12,4,0,0,0,0,0,1,8,13,2,0,1,0,1,4,0,11,10,4,0,0,0,1,2,4,11,7,8,0,0,1,0,3,3,7,13,12,0,1,0,0,1,3,7,2,11,0,0,0,0,0,0,3,2,19,3,0,106Y
10014,臺東縣,10014150,達仁鄉,10014150-005,森永村,0,0,2,1,12,1,0,0,0,0,2,9,3,7,0,0,0,0,0,1,14,6,15,1,0,0,0,0,1,5,4,9,5,1,0,0,0,2,8,6,18,10,1,0,0,0,1,4,1,10,12,2,0,0,0,1,3,2,12,9,3,0,0,0,2,2,4,18,14,3,0,0,0,1,3,3,17,10,12,0,0,0,0,1,3,5,9,20,0,1,0,0,2,1,6,3,47,0,2,106Y
10014,臺東縣,10014150,達仁鄉,10014150-003,新化村,0,0,0,6,14,3,0,0,0,0,0,2,4,10,2,0,0,0,0,1,6,3,14,0,0,0,0,0,0,5,1,11,3,1,0,0,0,2,0,2,11,4,5,0,0,0,0,2,5,14,13,1,0,0,0,0,1,3,11,16,3,0,1,0,0,0,5,9,16,9,0,0,0,0,3,1,14,11,5,0,0,0,0,0,0,8,2,14,0,0,0,0,1,1,5,3,47,2,0,106Y
10014,臺東縣,10014110,綠島鄉,10014110-002,中寮村,0,0,13,9,34,5,0,0,0,0,3,46,16,23,3,0,0,0,1,15,51,8,35,4,1,0,0,0,15,38,13,35,7,0,0,0,2,13,23,14,46,10,2,0,1,1,5,14,18,49,19,2,0,0,0,9,11,16,43,9,0,0,0,0,8,11,10,38,26,9,0,0,0,4,8,7,41,25,22,0,0,0,0,1,1,18,8,38,0,0,0,0,5,3,7,6,106,0,3,106Y
10014,臺東縣,10014110,綠島鄉,10014110-001,公館村,0,0,8,9,41,3,0,0,0,0,1,45,13,22,1,0,0,0,0,11,49,11,16,4,0,0,0,0,12,42,8,33,3,1,0,0,1,13,37,17,42,13,2,0,0,1,4,20,26,51,18,2,0,0,1,5,10,19,36,16,1,0,0,0,2,6,6,23,15,6,0,0,0,2,5,4,17,21,23,0,0,0,0,7,2,10,12,25,0,2,0,2,1,1,14,6,83,0,2,106Y
10014,臺東縣,10014110,綠島鄉,10014110-003,南寮村,0,0,13,18,62,3,0,0,0,0,5,74,18,26,2,0,0,0,0,13,82,15,40,1,0,0,0,1,10,59,20,48,8,0,0,0,1,6,23,32,79,13,1,0,0,0,8,18,18,75,23,0,0,0,1,1,20,27,68,31,3,1,0,0,5,10,17,49,23,5,0,2,1,5,3,13,39,31,26,0,1,0,1,5,6,22,13,45,0,2,0,0,4,6,19,16,137,1,1,106Y
10014,臺東縣,10014010,臺東市,10014010-021,大同里,0,0,11,9,30,5,0,0,0,0,2,33,8,22,5,0,0,0,0,4,24,4,23,2,0,0,0,1,5,24,5,20,1,0,0,0,1,6,17,11,23,5,1,0,1,2,8,12,13,19,14,2,0,1,0,3,6,8,29,18,0,0,0,0,3,4,9,35,12,0,0,1,0,0,6,3,38,14,6,0,1,0,2,3,4,27,13,13,0,1,0,2,6,13,36,21,86,0,5,106Y
10014,臺東縣,10014010,臺東市,10014010-024,中山里,0,0,9,4,25,4,0,0,0,0,4,31,5,3,1,1,0,0,1,10,33,3,7,1,0,0,0,1,9,40,4,10,2,1,0,0,1,16,36,18,12,2,0,0,0,1,5,19,9,21,9,2,0,0,0,4,9,6,34,3,1,0,0,0,4,13,11,29,5,0,0,0,0,1,5,13,38,10,1,0,0,0,0,8,11,30,7,9,0,0,0,0,12,11,58,32,71,0,5,106Y
10014,臺東縣,10014010,臺東市,10014010-011,中心里,0,0,62,21,180,29,1,0,0,0,16,217,40,35,2,0,0,0,0,36,152,16,39,4,1,0,0,3,38,103,12,48,10,1,0,0,6,45,92,52,82,10,8,0,0,6,57,66,59,87,23,5,0,0,5,38,54,49,91,23,4,0,0,3,33,44,61,120,28,9,0,0,7,20,46,43,112,45,17,0,1,0,12,28,35,86,28,39,0,2,1,6,70,49,115,40,178,2,22,106Y
10014,臺東縣,10014010,臺東市,10014010-020,中正里,0,0,11,4,29,3,0,0,0,0,0,38,5,11,2,0,0,0,0,3,35,4,5,0,0,0,0,0,11,24,7,14,3,0,0,0,1,6,31,11,13,4,1,0,0,0,6,14,7,25,3,3,0,0,0,8,10,15,28,8,1,0,0,0,5,11,13,27,7,1,0,0,0,5,12,9,35,10,2,0,0,0,1,10,6,45,3,11,0,0,0,5,18,17,55,46,78,0,9,106Y
10014,臺東縣,10014010,臺東市,10014010-015,中華里,0,0,15,6,58,8,1,0,0,0,6,71,20,28,1,0,0,0,1,11,67,13,39,6,0,0,0,2,5,41,25,47,10,0,0,0,0,9,25,28,68,17,5,0,0,1,5,21,26,80,20,6,0,0,0,9,11,21,73,28,4,0,1,1,9,9,15,70,49,7,0,1,0,5,5,21,71,36,9,0,0,0,1,6,7,54,29,47,1,1,1,0,12,14,40,38,190,7,22,106Y
10014,臺東縣,10014010,臺東市,10014010-019,仁愛里,0,0,6,5,18,3,1,0,0,0,2,28,9,12,0,0,0,0,1,5,36,4,15,0,0,0,0,0,3,23,12,21,6,0,0,0,0,3,11,8,24,5,2,0,0,0,3,12,7,26,9,1,0,0,0,0,5,8,28,7,1,0,0,0,3,3,8,39,18,1,0,0,0,2,3,10,39,14,7,0,1,0,3,5,6,30,16,14,0,1,0,1,4,11,34,16,72,4,12,106Y
10014,臺東縣,10014010,臺東市,10014010-023,文化里,0,0,8,6,29,10,2,0,0,0,2,23,7,12,0,0,0,0,1,7,28,4,15,3,0,0,0,1,7,41,8,20,6,0,0,0,1,12,37,16,32,7,4,0,0,0,15,14,18,29,8,2,0,0,1,7,11,16,31,14,2,0,0,0,3,5,5,31,21,5,0,0,0,1,10,7,30,16,4,0,0,1,0,4,10,36,11,9,0,0,0,1,8,8,25,26,59,1,6,106Y
10014,臺東縣,10014010,臺東市,10014010-014,四維里,0,0,9,2,23,3,0,0,0,0,1,21,5,21,0,0,0,0,0,2,25,7,21,3,0,0,0,0,2,15,4,22,6,0,0,0,0,4,6,9,28,6,4,0,0,0,4,9,4,16,11,1,0,0,0,3,7,5,24,19,3,0,0,0,1,5,6,25,29,4,0,0,0,1,3,6,26,17,7,0,0,0,0,2,1,7,4,16,0,0,0,1,2,7,17,15,76,0,12,106Y
10014,臺東縣,10014010,臺東市,10014010-008,民生里,0,0,47,10,112,14,2,0,0,0,11,152,26,47,2,0,0,0,1,47,140,10,41,3,0,0,0,3,48,126,22,61,9,0,0,0,3,27,91,58,72,19,4,0,0,1,24,45,55,96,24,11,0,0,2,23,32,44,123,38,9,0,1,1,17,35,41,137,41,5,0,0,2,17,29,44,139,48,11,0,1,0,11,33,51,140,44,48,0,1,1,3,65,55,161,75,214,3,29,106Y
10014,臺東縣,10014010,臺東市,10014010-013,民族里,0,0,28,12,98,17,0,0,0,0,7,85,12,18,1,0,0,0,0,22,58,9,15,0,0,0,0,1,19,53,16,18,8,2,0,0,1,24,41,28,34,7,4,0,0,3,20,32,48,50,4,2,0,0,2,20,28,32,58,12,1,0,0,0,12,25,18,64,10,1,0,0,1,6,15,20,44,14,8,0,0,1,4,12,19,32,10,9,0,1,1,7,32,31,71,39,83,1,11,106Y
10014,臺東縣,10014010,臺東市,10014010-018,民權里,0,0,10,5,30,6,0,0,0,0,2,44,10,20,1,0,0,0,0,4,40,6,17,5,0,0,0,0,11,48,11,24,0,0,0,0,1,10,37,18,19,10,2,0,0,0,5,9,10,21,6,2,0,0,0,1,11,7,36,14,3,0,0,1,4,9,8,28,14,0,0,0,0,5,9,12,28,18,4,0,1,1,2,9,7,33,8,13,0,0,1,0,15,19,31,17,73,2,7,106Y
10014,臺東縣,10014010,臺東市,10014010-034,永樂里,0,0,51,27,143,16,4,0,0,0,10,116,30,48,1,0,0,0,0,21,81,16,41,5,0,0,0,1,17,46,18,47,5,0,0,0,3,29,43,32,65,14,5,0,0,4,21,35,52,79,22,5,0,0,3,33,31,37,82,30,2,0,0,5,16,25,18,87,54,11,0,0,1,7,29,11,73,57,17,0,1,4,4,10,19,37,16,46,0,2,2,2,9,16,36,31,144,3,26,106Y
10014,臺東縣,10014010,臺東市,10014010-032,光明里,0,0,54,36,185,18,1,0,0,0,17,176,22,48,2,0,0,0,0,19,101,11,36,5,0,0,0,0,25,83,21,46,7,1,0,0,0,39,71,53,85,15,7,0,0,1,35,57,60,92,19,6,0,0,6,36,68,77,140,28,1,0,0,3,30,47,54,103,47,7,0,0,2,6,21,28,85,27,16,0,0,1,3,17,16,73,17,24,0,0,1,7,22,27,75,47,127,7,17,106Y
10014,臺東縣,10014010,臺東市,10014010-022,成功里,0,0,5,12,33,8,0,0,0,0,4,41,14,8,3,0,0,0,0,5,24,5,22,1,0,0,0,0,5,18,5,21,0,1,0,0,0,5,14,9,20,8,2,0,0,0,1,8,17,27,13,0,0,0,0,4,7,15,39,18,2,0,0,0,2,6,6,37,21,2,0,1,0,1,1,8,27,20,7,0,0,0,1,2,6,18,9,27,0,0,0,0,3,5,28,30,91,3,13,106Y
10014,臺東縣,10014010,臺東市,10014010-012,自強里,0,0,58,33,214,35,2,0,0,0,12,236,31,62,1,0,0,0,0,49,216,23,55,5,0,0,0,4,63,160,36,71,6,4,0,0,7,50,123,56,91,13,4,0,0,2,52,82,65,103,18,1,0,0,2,35,60,74,163,39,5,0,1,0,30,53,66,149,40,4,0,0,4,24,45,69,183,44,14,0,0,3,9,51,53,162,39,51,0,0,2,15,79,65,170,91,250,7,34,106Y
10014,臺東縣,10014010,臺東市,10014010-005,卑南里,0,0,57,28,126,11,0,0,0,0,17,167,29,37,1,1,0,0,1,37,132,20,34,3,0,0,0,0,24,96,25,50,9,1,0,0,2,36,75,60,63,19,4,0,0,1,43,52,58,87,24,1,0,0,9,47,57,49,86,37,3,0,0,3,34,37,45,118,31,8,0,0,5,14,21,35,106,36,20,0,2,2,6,19,16,83,18,48,0,1,0,5,28,23,99,45,213,2,25,106Y
10014,臺東縣,10014010,臺東市,10014010-003,岩灣里,0,0,30,22,87,15,1,0,0,0,4,110,25,49,2,0,0,0,0,15,84,10,40,1,0,0,0,0,22,65,18,57,12,0,0,0,1,18,49,37,51,31,1,0,0,1,26,31,36,81,44,6,0,0,0,26,25,50,98,39,5,0,1,1,15,26,27,69,57,14,0,0,0,9,14,28,71,31,18,0,1,2,7,15,16,52,25,31,0,5,1,4,15,13,46,42,171,2,25,106Y
10014,臺東縣,10014010,臺東市,10014010-036,東海里,0,0,41,20,110,21,1,0,0,1,5,140,34,53,5,0,0,0,2,25,122,20,38,2,1,0,0,2,36,142,26,59,6,1,0,0,4,43,72,54,80,28,3,0,1,4,22,57,50,79,21,5,0,0,5,28,46,31,102,30,3,0,0,2,9,35,41,113,48,12,0,0,1,10,35,47,132,49,19,0,1,0,3,27,31,101,21,52,0,1,1,11,44,46,86,45,215,4,22,106Y
10014,臺東縣,10014010,臺東市,10014010-045,知本里,0,0,11,10,63,6,1,0,0,0,1,72,22,39,4,0,0,0,0,8,46,12,40,6,0,0,0,0,3,30,12,50,7,0,0,0,1,4,15,14,52,16,3,0,1,0,5,13,11,54,12,2,0,0,1,3,11,16,75,22,5,0,0,0,1,9,16,75,45,9,0,0,0,1,4,4,51,48,14,0,1,0,1,3,6,23,25,50,1,1,0,0,7,8,24,23,149,1,15,106Y
10014,臺東縣,10014010,臺東市,10014010-004,南王里,0,0,37,28,141,16,0,0,0,0,6,123,32,65,1,0,0,0,0,21,131,22,73,4,1,0,0,0,14,84,15,73,16,3,0,0,6,19,56,32,83,17,5,0,0,1,15,23,38,96,27,5,0,1,3,11,30,44,106,36,5,0,0,0,15,24,35,119,80,19,0,1,0,3,18,23,100,64,33,0,1,0,1,11,22,55,30,75,0,2,0,4,20,25,82,53,258,2,22,106Y
10014,臺東縣,10014010,臺東市,10014010-006,南榮里,0,0,31,25,142,19,2,0,0,0,7,132,35,90,5,0,0,0,1,19,82,21,64,9,0,0,0,1,27,74,12,60,22,2,0,0,0,20,56,34,73,24,11,0,1,2,28,37,50,100,42,6,0,0,2,23,35,36,102,65,9,0,0,2,9,22,27,81,95,23,0,0,1,5,15,17,68,76,29,0,0,3,2,17,10,61,22,67,0,3,0,4,21,26,77,57,269,9,28,106Y
10014,臺東縣,10014010,臺東市,10014010-042,建和里,0,0,13,9,56,10,1,0,0,0,0,54,17,49,4,0,0,0,0,9,75,9,54,5,0,0,0,0,6,29,9,32,5,0,0,0,0,4,15,20,55,10,1,0,0,0,3,4,10,45,18,1,0,0,0,2,11,14,66,36,3,1,0,0,3,6,12,55,56,14,0,1,0,3,5,7,49,52,19,0,1,1,0,3,3,23,31,53,1,0,0,0,7,10,22,24,202,3,15,106Y
10014,臺東縣,10014010,臺東市,10014010-017,建國里,0,0,19,12,52,4,0,0,0,0,1,37,12,35,2,0,0,0,0,11,48,6,32,8,0,0,0,0,4,25,10,43,8,2,0,0,0,3,14,15,34,25,2,0,0,0,4,8,16,61,29,4,1,0,1,3,7,21,55,34,2,0,0,0,1,6,6,60,46,10,0,0,0,2,6,12,47,45,20,1,0,0,0,5,5,44,16,35,0,1,0,0,4,8,24,31,176,4,29,106Y
10014,臺東縣,10014010,臺東市,10014010-044,建業里,0,0,18,10,68,8,0,0,0,0,3,50,10,40,5,0,0,0,0,5,44,4,44,0,0,0,0,0,3,25,6,37,9,0,0,0,0,6,14,12,45,19,3,0,0,0,4,10,11,46,19,2,0,1,0,5,11,18,68,30,3,0,0,0,2,6,12,56,44,6,0,0,1,4,3,5,40,42,14,0,1,1,0,4,5,24,15,44,0,2,0,0,4,10,23,27,180,6,11,106Y
10014,臺東縣,10014010,臺東市,10014010-046,建農里,0,0,28,26,99,18,2,0,0,0,2,67,17,96,8,0,0,0,1,6,58,11,67,14,0,0,0,1,4,29,19,73,23,1,0,0,0,4,18,18,79,40,13,0,0,2,11,23,19,85,67,10,0,0,2,3,9,18,104,91,11,0,0,0,5,7,9,61,75,24,0,0,1,0,5,7,37,56,44,0,2,2,0,3,11,32,23,77,1,5,0,3,6,3,28,19,197,8,22,106Y
10014,臺東縣,10014010,臺東市,10014010-043,建興里,0,0,10,6,47,5,0,0,0,0,6,49,14,21,4,0,0,0,1,9,43,4,22,2,0,0,0,0,4,22,8,19,6,1,0,0,0,8,13,18,30,4,4,0,0,0,3,9,13,38,12,4,0,0,0,3,10,15,42,17,4,0,0,0,2,8,12,44,27,6,0,0,1,0,4,6,36,34,16,0,2,0,0,3,4,14,14,18,0,0,1,2,13,5,21,23,124,0,17,106Y
10014,臺東縣,10014010,臺東市,10014010-010,馬蘭里,0,0,54,32,163,26,5,0,0,0,10,182,36,55,1,0,0,0,0,35,115,18,38,1,0,0,0,1,42,87,17,44,4,2,0,0,1,39,75,55,71,9,6,0,0,0,23,53,46,86,19,3,0,0,1,28,51,46,103,27,5,0,2,0,10,36,40,132,40,8,0,0,1,13,21,32,93,27,12,0,1,2,5,33,29,94,27,29,1,1,0,4,44,47,111,58,189,4,16,106Y
10014,臺東縣,10014010,臺東市,10014010-035,康樂里,0,0,15,12,67,10,1,0,0,0,0,79,14,34,1,0,0,0,0,2,52,11,31,3,0,0,0,0,4,32,12,39,4,1,0,0,1,3,13,23,62,19,3,0,0,0,5,13,21,62,16,1,0,0,0,5,14,22,73,25,5,0,0,0,8,11,16,63,44,5,0,1,0,1,3,15,46,30,16,0,1,0,3,6,5,29,21,39,1,4,1,0,6,4,21,17,121,2,29,106Y
10014,臺東縣,10014010,臺東市,10014010-016,強國里,0,0,8,3,16,4,0,0,0,0,2,30,2,13,0,0,0,0,1,3,34,7,15,3,0,0,0,2,10,18,5,17,1,1,0,0,0,4,9,8,20,8,3,0,0,0,2,8,7,18,8,2,0,0,0,1,3,6,23,12,1,0,0,0,1,3,4,26,15,1,0,0,0,0,7,4,31,20,8,0,0,0,0,3,9,21,16,17,0,0,0,0,6,8,12,18,63,2,7,106Y
10014,臺東縣,10014010,臺東市,10014010-001,富岡里,0,0,11,15,44,4,3,0,0,0,3,55,14,42,2,0,0,0,0,6,36,7,51,5,1,0,0,0,0,19,4,57,21,0,0,0,0,5,10,26,79,33,4,0,0,0,2,10,11,66,35,5,0,1,0,2,8,11,50,57,4,0,0,0,2,3,8,46,55,14,0,2,0,0,6,5,41,58,35,0,3,0,0,2,1,25,27,81,1,5,0,0,1,2,21,30,228,5,28,106Y
10014,臺東縣,10014010,臺東市,10014010-002,富豐里,0,0,7,9,37,7,0,0,0,0,0,29,5,20,1,0,0,0,0,1,28,8,33,1,0,0,0,0,6,29,11,33,8,2,0,0,0,6,13,14,26,19,1,0,0,0,2,4,10,29,25,2,0,0,1,0,9,4,36,33,4,0,1,0,0,4,5,26,35,8,0,0,0,1,2,0,26,36,17,0,0,0,0,2,5,14,10,17,0,1,1,1,1,2,8,12,117,1,13,106Y
10014,臺東縣,10014010,臺東市,10014010-025,復國里,0,0,5,6,21,2,0,0,0,0,1,21,9,20,1,0,0,0,0,7,20,5,18,1,1,0,0,0,4,9,4,13,2,1,0,0,0,6,5,4,20,4,3,0,0,1,2,8,13,16,14,2,0,0,0,3,4,3,31,13,5,0,0,0,1,3,1,39,25,5,0,0,0,3,4,3,22,17,8,0,0,0,1,1,2,24,12,17,0,0,0,0,5,2,16,17,73,2,8,106Y
10014,臺東縣,10014010,臺東市,10014010-027,復興里,0,0,3,3,9,2,0,0,0,0,3,10,5,7,0,0,0,0,0,5,15,4,11,4,0,0,0,0,2,11,3,16,2,1,0,0,0,1,5,5,23,3,2,0,0,0,0,1,5,15,7,2,1,1,0,1,2,9,11,7,1,0,0,0,2,0,2,23,14,0,0,0,0,0,3,3,21,13,2,0,0,0,0,2,2,10,9,8,0,0,0,1,1,6,20,13,48,2,3,106Y
10014,臺東縣,10014010,臺東市,10014010-007,新生里,0,0,80,44,296,42,2,0,0,0,36,379,57,113,5,0,0,0,4,71,327,50,142,8,0,0,0,4,75,266,52,145,16,5,0,1,7,74,183,94,176,34,11,0,0,6,68,103,105,198,72,20,0,0,5,66,88,128,234,87,11,1,1,5,55,84,93,284,125,15,0,0,2,34,83,88,286,115,42,0,0,1,18,80,71,210,76,113,2,5,3,16,89,92,215,118,442,8,44,106Y
10014,臺東縣,10014010,臺東市,10014010-029,新園里,0,0,16,22,87,14,2,0,0,0,1,73,27,71,4,0,0,0,0,4,48,9,48,4,1,0,0,0,2,31,11,59,11,0,0,0,0,4,25,18,58,19,5,0,0,0,4,18,5,76,34,13,0,1,0,4,8,13,73,60,16,0,0,0,3,9,8,59,64,25,0,1,0,0,4,5,38,39,38,0,0,0,0,2,4,24,16,71,0,0,0,0,4,2,25,20,189,1,30,106Y
10014,臺東縣,10014010,臺東市,10014010-037,新興里,0,0,12,4,34,5,0,0,0,0,2,47,14,19,1,1,0,0,1,8,33,7,26,2,0,0,0,1,2,31,7,23,4,0,0,0,1,8,21,20,27,10,3,0,0,0,5,7,15,17,13,4,0,0,1,3,9,20,52,13,5,0,0,1,2,10,15,52,24,4,0,0,0,3,8,10,42,28,8,0,0,0,1,5,11,30,11,25,0,1,0,3,15,7,41,21,115,1,11,106Y
10014,臺東縣,10014010,臺東市,10014010-026,興國里,0,0,16,2,39,4,0,0,0,0,5,52,6,11,1,0,0,0,0,6,45,3,8,1,0,0,0,0,11,18,11,7,2,0,0,0,2,12,14,17,22,8,0,0,0,1,5,20,14,29,7,1,0,0,0,3,11,12,51,11,0,0,0,1,3,9,8,42,9,1,0,0,0,2,8,7,23,12,4,0,0,0,0,6,6,20,5,11,0,1,0,2,7,7,41,25,73,2,11,106Y
10014,臺東縣,10014010,臺東市,10014010-030,豐田里,0,0,27,31,99,9,0,0,0,0,3,84,19,68,4,0,0,0,0,14,74,23,63,9,1,0,0,0,4,62,18,62,11,4,0,0,0,7,34,24,84,26,0,0,0,3,2,20,28,94,41,2,0,0,1,6,23,29,97,41,6,0,0,0,2,10,11,80,69,11,0,0,0,3,6,12,57,55,41,0,2,0,0,3,7,34,36,69,1,1,0,1,8,6,30,32,227,2,33,106Y
10014,臺東縣,10014010,臺東市,10014010-031,豐年里,0,0,26,29,136,18,0,0,0,0,8,146,43,117,7,0,0,0,1,20,108,30,110,14,1,0,0,1,20,100,40,89,10,1,0,0,0,15,38,51,117,37,5,0,1,1,25,37,27,109,50,6,0,0,1,15,29,42,156,62,7,0,0,1,7,24,27,104,80,19,0,0,0,0,10,22,99,76,43,1,2,0,2,14,12,74,35,67,1,2,1,1,10,14,55,53,270,4,26,106Y
10014,臺東縣,10014010,臺東市,10014010-039,豐谷里,0,0,78,52,261,35,3,0,0,0,11,295,54,119,10,0,0,0,1,47,245,36,134,20,0,0,0,2,42,162,52,135,31,4,0,1,7,38,86,84,166,42,12,0,1,0,20,51,85,181,79,7,0,1,4,26,43,67,214,103,16,0,1,2,21,42,61,226,143,19,0,1,0,6,30,34,184,135,50,0,1,2,4,31,43,138,72,114,0,1,0,3,48,45,125,74,445,8,32,106Y
10014,臺東縣,10014010,臺東市,10014010-040,豐里里,0,0,27,30,119,10,1,0,0,0,5,138,45,79,3,0,0,0,1,14,98,14,63,8,3,0,0,0,13,56,26,75,15,1,0,0,0,13,31,26,74,42,3,0,0,0,9,23,24,93,38,6,0,0,0,13,24,26,100,69,7,0,0,2,12,12,25,97,85,16,0,1,0,9,11,17,73,68,29,0,0,1,4,5,9,49,29,67,1,1,0,2,8,12,39,48,258,3,43,106Y
10014,臺東縣,10014010,臺東市,10014010-041,豐原里,0,0,18,10,39,5,0,0,0,0,5,65,13,34,1,0,0,0,0,6,56,10,35,4,0,0,0,1,8,22,10,43,10,2,0,0,0,8,10,5,43,29,6,0,0,0,3,8,8,34,16,3,0,0,1,1,6,14,66,28,3,0,0,3,6,4,12,60,43,7,0,1,0,2,3,2,47,57,11,0,2,0,0,1,0,19,23,36,0,0,0,1,1,3,20,23,175,7,21,106Y
10014,臺東縣,10014010,臺東市,10014010-038,豐榮里,0,0,124,88,393,55,5,0,0,0,35,429,110,155,10,0,0,0,3,84,393,54,162,11,0,0,0,3,86,280,84,180,31,3,0,1,10,90,219,136,244,69,8,0,0,10,78,138,141,321,94,12,0,1,8,61,126,141,323,107,13,0,0,7,49,87,135,331,131,28,1,2,3,25,72,112,319,143,69,0,5,2,14,55,81,229,107,161,1,4,1,17,76,63,165,129,561,8,62,106Y
10014,臺東縣,10014010,臺東市,10014010-033,豐樂里,0,0,21,18,74,13,0,0,0,0,5,64,23,38,2,0,0,0,0,12,60,23,38,6,1,0,0,0,16,45,15,41,3,1,0,0,0,17,26,25,41,15,2,0,0,2,6,18,17,58,20,3,0,0,1,4,11,22,57,27,2,0,0,0,6,11,18,60,36,3,0,0,3,2,7,10,66,36,15,0,0,1,4,7,6,52,22,33,0,1,1,3,4,6,44,24,137,7,13,106Y
10014,臺東縣,10014010,臺東市,10014010-009,寶桑里,0,0,6,12,44,1,0,0,0,0,0,44,15,25,0,0,0,0,0,5,26,2,12,1,0,0,0,0,6,23,10,27,4,0,0,0,2,1,21,10,35,7,3,0,0,0,1,11,16,36,21,0,0,0,0,1,10,14,35,28,1,0,1,1,3,4,8,33,24,4,0,0,0,4,2,2,24,37,8,0,0,0,0,3,3,23,15,28,0,1,0,1,3,7,24,23,95,1,9,106Y
10014,臺東縣,10014010,臺東市,10014010-028,鐵花里,0,0,6,3,19,0,0,0,0,0,1,12,1,7,0,0,0,0,0,2,12,1,6,1,0,0,0,0,5,13,2,6,0,0,0,0,0,3,5,2,8,2,1,0,0,3,2,8,8,11,5,0,0,0,0,1,9,9,19,3,0,0,0,0,1,4,2,14,10,1,0,0,0,1,1,5,21,5,1,0,0,0,2,6,7,11,8,3,0,0,0,0,5,4,35,17,43,1,4,106Y
10014,臺東縣,10014030,關山鎮,10014030-004,中福里,0,0,7,7,32,5,0,0,0,0,3,43,3,8,0,0,0,0,0,5,38,2,14,2,0,0,0,0,7,35,10,21,4,0,0,0,0,9,14,10,22,6,2,0,0,0,3,20,9,20,7,0,0,0,1,5,12,15,23,6,2,0,0,1,0,10,10,30,10,4,0,0,0,0,10,6,47,11,6,0,0,0,3,7,2,45,16,17,0,0,0,0,10,8,37,42,81,3,16,106Y
10014,臺東縣,10014030,關山鎮,10014030-007,月眉里,0,0,6,9,30,7,0,0,0,0,0,27,4,19,1,0,0,0,0,3,27,5,24,2,0,0,0,0,1,15,4,20,6,0,0,0,0,1,2,10,24,4,0,0,1,0,3,8,4,22,22,4,0,0,0,5,2,3,32,22,4,0,1,0,1,4,4,26,21,11,0,2,0,1,1,6,32,26,24,0,0,0,1,1,1,12,12,25,0,1,0,0,4,3,10,11,106,1,23,106Y
10014,臺東縣,10014030,關山鎮,10014030-005,里里,0,0,16,18,72,13,0,0,0,0,2,93,7,40,3,0,0,0,0,11,68,7,42,5,0,0,0,1,14,51,15,45,9,1,0,0,3,12,30,18,42,11,2,0,0,0,8,30,30,62,19,4,0,0,0,8,15,10,77,25,3,0,0,0,5,13,19,72,41,14,0,0,0,3,16,11,62,54,17,0,0,1,1,10,11,58,14,50,0,1,0,2,26,17,57,40,186,3,31,106Y
10014,臺東縣,10014030,關山鎮,10014030-003,新福里,0,0,9,11,31,8,0,0,0,0,2,43,12,24,1,0,0,0,0,5,26,7,29,2,0,0,0,0,0,22,4,22,7,0,0,0,0,3,16,14,23,4,4,0,0,1,3,7,6,33,15,4,0,0,0,0,5,10,39,26,6,0,0,0,2,7,12,35,35,18,0,0,0,0,4,3,28,14,20,0,1,0,0,2,0,22,23,29,0,2,0,1,3,3,13,18,112,2,20,106Y
10014,臺東縣,10014030,關山鎮,10014030-006,電光里,0,0,5,6,16,4,0,0,0,0,0,16,7,18,1,0,0,0,0,2,10,2,16,4,0,0,1,0,3,9,2,14,5,0,0,0,0,1,4,2,26,7,1,0,0,0,1,1,5,10,21,7,0,0,0,0,1,3,29,23,3,0,0,0,0,4,1,10,25,9,0,0,0,0,0,3,9,22,13,0,0,0,0,0,1,8,6,33,0,0,1,0,2,1,5,12,95,1,6,106Y
10014,臺東縣,10014030,關山鎮,10014030-001,德高里,0,0,19,8,76,5,0,0,0,0,2,91,24,46,2,0,0,0,0,5,51,8,42,8,2,0,0,0,3,38,8,39,2,0,0,0,0,6,26,9,58,18,6,0,0,0,3,12,9,61,32,3,0,0,0,2,8,14,81,50,12,0,0,0,0,9,11,72,59,13,0,1,0,2,3,6,51,53,27,1,1,0,0,1,4,14,17,62,1,3,0,0,3,3,24,39,321,3,31,106Y
10014,臺東縣,10014030,關山鎮,10014030-002,豐泉里,0,0,17,8,62,10,0,0,0,0,2,61,6,26,0,0,0,0,0,12,45,5,23,2,1,0,0,0,6,38,9,32,6,1,0,0,1,5,32,15,40,7,1,0,0,0,9,17,6,33,16,2,0,0,0,5,10,17,53,11,6,0,0,0,4,9,15,48,21,8,0,0,0,1,5,13,58,26,13,0,0,0,1,8,8,32,19,37,0,0,0,1,6,16,22,32,110,1,16,106Y
10014,臺東縣,10014160,蘭嶼鄉,10014160-001,東清村,0,0,20,5,84,13,1,0,0,0,0,62,10,50,1,0,0,0,0,6,53,3,46,6,0,0,0,0,6,35,13,62,15,1,0,0,0,5,25,14,72,45,3,0,0,0,6,20,13,72,23,3,0,0,0,1,10,9,57,34,7,0,0,0,1,6,5,23,54,11,0,0,0,1,3,2,13,45,32,0,0,0,1,1,2,10,12,49,0,0,0,0,1,1,1,6,90,0,4,106Y
10014,臺東縣,10014160,蘭嶼鄉,10014160-003,紅頭村,0,0,15,7,61,7,0,0,0,0,1,65,8,35,2,1,0,0,0,6,60,11,34,3,2,0,0,1,10,47,7,50,4,0,0,0,0,6,35,16,70,19,4,0,0,0,7,17,14,60,35,2,0,0,1,5,15,20,72,23,0,0,0,0,2,13,10,47,38,6,0,0,0,2,11,11,43,49,5,0,0,0,4,2,7,24,15,17,0,1,0,0,1,4,13,1,99,0,3,106Y
10014,臺東縣,10014160,蘭嶼鄉,10014160-002,朗島村,0,0,8,5,47,11,0,0,0,0,0,44,13,34,3,0,0,0,0,3,60,4,43,2,1,0,0,0,9,16,6,56,3,0,0,0,0,3,9,7,43,26,1,0,0,0,1,7,7,20,24,0,0,0,0,1,5,1,21,31,1,0,0,0,0,2,3,16,28,0,0,0,0,0,1,4,3,32,10,0,0,0,0,1,0,3,4,37,0,1,0,0,0,0,2,0,61,0,0,106Y
10014,臺東縣,10014160,蘭嶼鄉,10014160-004,椰油村,0,0,9,7,49,7,0,0,0,0,1,38,10,36,2,0,0,0,0,8,58,8,21,2,0,0,0,0,10,25,7,55,17,0,0,0,0,8,24,8,64,26,2,0,0,0,12,6,11,45,27,0,0,0,0,5,11,14,24,16,0,0,0,0,4,7,4,35,22,2,0,0,1,2,3,3,35,33,5,0,0,0,0,0,5,13,14,27,0,0,0,0,0,1,4,4,68,0,3,106Y
10014,臺東縣,10014100,大武鄉,10014100-001,大竹村,0,0,2,10,29,4,0,0,0,0,0,19,3,24,2,0,0,0,0,2,18,5,19,5,1,0,0,0,0,19,4,33,6,2,0,0,0,4,14,12,42,15,7,0,1,0,1,16,9,32,10,3,0,0,0,1,5,7,14,16,12,0,0,0,0,1,0,13,24,25,0,0,0,0,0,3,17,34,36,0,0,0,0,2,2,11,17,47,0,0,0,0,2,6,7,9,103,1,6,107Y
10014,臺東縣,10014100,大武鄉,10014100-003,大武村,0,0,10,8,45,4,2,0,0,0,2,50,14,27,1,0,0,0,0,9,49,6,41,3,0,0,0,0,9,33,7,46,10,2,0,0,0,11,23,16,52,22,1,0,0,0,7,10,24,65,20,1,0,0,2,3,14,10,51,33,8,0,0,0,1,9,10,47,40,15,0,0,0,4,4,9,35,53,35,0,0,0,0,4,6,29,21,47,0,1,0,0,7,5,30,34,148,0,12,107Y
10014,臺東縣,10014100,大武鄉,10014100-002,大鳥村,0,0,6,18,46,7,0,0,0,0,0,30,20,53,7,0,0,0,0,1,38,6,50,13,0,0,0,0,1,20,11,51,14,2,0,0,0,0,12,7,44,30,4,0,0,0,1,12,12,43,23,5,0,0,0,1,5,8,31,47,10,0,0,1,2,6,4,18,67,23,0,0,0,0,1,2,28,47,28,0,1,0,0,3,2,19,28,51,0,1,1,1,5,5,11,6,117,0,2,107Y
10014,臺東縣,10014100,大武鄉,10014100-004,尚武村,0,0,11,8,35,6,0,0,0,0,3,46,11,38,3,0,0,0,0,6,41,8,40,5,0,0,0,1,3,31,12,45,11,3,0,0,0,3,27,21,57,16,2,0,0,0,5,18,23,57,31,2,0,0,2,5,13,7,54,52,4,0,0,1,0,5,11,49,56,17,0,0,0,0,7,11,41,59,33,0,1,0,1,3,6,33,40,53,1,2,0,1,10,5,21,25,202,4,35,107Y
10014,臺東縣,10014100,大武鄉,10014100-005,南興村,0,0,3,13,23,0,0,0,0,0,0,10,10,6,0,0,0,0,0,2,18,4,19,1,0,0,0,0,0,14,3,14,4,1,0,1,0,4,9,10,15,6,1,0,0,0,4,6,6,26,18,0,0,0,0,1,3,3,24,13,3,0,1,0,0,1,2,27,16,9,0,0,0,1,2,8,20,22,19,0,0,0,0,6,5,14,16,21,0,1,0,0,3,3,8,12,55,4,8,107Y
10014,臺東縣,10014090,太麻里鄉,10014090-002,三和村,0,0,6,2,15,2,1,0,0,0,2,26,9,9,1,0,0,0,0,2,20,3,12,0,0,0,0,0,1,18,2,16,13,3,0,0,0,1,8,9,22,10,3,0,0,0,2,5,10,19,14,0,0,0,0,2,2,6,34,13,1,0,0,0,1,3,4,19,26,5,0,0,0,0,2,3,19,21,11,0,1,0,0,0,1,9,18,23,0,0,0,0,1,0,4,14,106,0,16,107Y
10014,臺東縣,10014090,太麻里鄉,10014090-006,大王村,0,0,18,15,73,2,1,0,0,0,2,53,16,28,2,0,0,0,1,5,57,13,53,5,0,0,0,0,9,42,14,53,14,1,0,0,1,6,31,22,66,25,2,0,0,1,7,21,14,73,28,2,0,0,1,5,14,17,80,38,6,0,0,2,2,7,12,67,40,17,0,1,0,1,6,11,55,52,28,0,4,0,2,8,10,45,37,68,1,4,0,2,8,8,32,35,279,5,41,107Y
10014,臺東縣,10014090,太麻里鄉,10014090-004,北里村,0,0,4,6,17,1,0,0,0,0,1,11,9,21,2,0,0,0,0,2,11,10,23,0,0,0,0,0,4,6,4,12,8,0,0,0,0,0,7,5,22,7,1,0,0,0,2,4,2,23,17,2,0,0,0,1,7,1,17,14,3,0,0,0,0,3,3,12,16,5,0,0,0,1,2,2,24,24,8,0,0,0,0,0,5,19,14,23,0,0,0,0,5,0,10,9,85,1,13,107Y
10014,臺東縣,10014090,太麻里鄉,10014090-009,多良村,0,0,2,7,38,4,2,0,0,0,0,15,16,45,1,0,0,0,0,1,12,7,40,6,0,0,0,0,1,12,2,40,8,0,0,1,0,0,7,8,44,29,0,0,1,1,2,1,9,24,44,4,0,1,0,0,1,2,33,35,13,0,0,0,3,2,1,18,32,30,0,1,0,0,3,3,18,26,43,1,1,0,0,0,5,11,7,56,0,1,0,0,1,2,12,12,113,2,11,107Y
10014,臺東縣,10014090,太麻里鄉,10014090-008,金崙村,0,0,6,24,82,7,0,0,0,0,0,44,32,60,3,0,0,0,0,2,45,15,72,5,0,0,0,0,3,27,16,66,13,2,0,0,0,2,15,19,83,31,2,0,0,2,2,10,16,78,66,2,0,0,0,0,10,9,76,50,11,0,1,1,0,6,9,72,63,36,0,0,0,1,8,4,46,64,55,0,2,0,0,3,3,33,23,74,2,1,0,0,6,5,26,39,184,3,9,107Y
10014,臺東縣,10014090,太麻里鄉,10014090-001,美和村,0,0,13,9,67,5,1,0,0,0,1,39,17,43,6,0,0,0,0,2,48,10,34,5,1,0,0,0,5,26,12,42,7,1,0,0,0,2,18,13,54,24,1,0,0,0,0,10,18,52,26,4,0,1,1,5,3,18,57,44,3,0,1,0,0,4,11,36,44,12,0,0,0,1,0,4,37,59,22,0,0,0,0,1,3,20,20,55,0,0,0,0,2,1,13,20,217,0,12,107Y
10014,臺東縣,10014090,太麻里鄉,10014090-007,香蘭村,0,0,5,5,20,8,1,0,0,0,1,17,4,26,0,0,0,0,0,0,19,2,25,2,0,0,0,1,4,21,10,28,3,0,0,0,0,2,8,9,37,13,0,0,1,0,0,3,5,25,14,1,0,0,0,2,5,6,27,17,2,0,0,0,4,1,8,42,31,9,0,0,0,3,1,2,20,41,16,0,1,0,0,1,0,12,19,33,0,2,1,1,1,1,5,15,149,2,22,107Y
10014,臺東縣,10014090,太麻里鄉,10014090-005,泰和村,0,0,17,20,39,5,0,0,0,0,1,65,22,26,2,0,0,0,0,6,70,9,21,2,0,0,0,1,5,49,16,26,9,1,0,0,0,9,35,12,45,9,1,0,0,0,6,14,26,46,22,0,0,0,0,2,10,21,69,31,1,0,0,0,0,6,9,50,39,5,0,0,0,2,7,9,45,47,20,0,2,0,2,4,5,37,24,46,1,2,0,1,7,6,27,33,201,3,33,107Y
10014,臺東縣,10014090,太麻里鄉,10014090-003,華源村,0,0,4,2,24,4,0,0,0,0,2,19,3,11,3,0,0,0,0,2,12,4,10,1,0,0,0,0,1,10,4,12,5,0,0,0,0,0,8,7,25,3,1,0,0,0,5,5,5,28,11,0,0,0,0,1,8,5,28,19,3,0,0,0,0,2,7,25,37,2,0,1,0,0,0,3,8,14,9,0,0,0,0,1,3,5,8,29,0,2,0,0,1,3,11,14,121,1,39,107Y
10014,臺東縣,10014020,成功鎮,10014020-003,三仙里,0,0,16,7,40,5,2,0,0,0,1,35,8,56,8,1,0,0,0,3,32,3,42,9,0,0,0,0,2,20,2,36,12,2,0,0,0,3,14,9,54,33,22,0,0,0,1,5,6,31,69,16,0,0,0,4,9,4,28,61,21,0,0,0,1,2,4,22,50,52,0,0,0,0,1,5,15,53,75,1,4,0,1,1,3,28,25,76,0,2,0,1,0,2,8,20,240,1,9,107Y
10014,臺東縣,10014020,成功鎮,10014020-004,三民里,0,0,37,21,100,11,0,0,0,0,7,110,24,66,5,0,0,0,0,6,94,20,80,11,0,0,0,1,7,78,24,74,21,0,0,0,0,7,46,43,102,46,19,0,0,0,7,31,20,75,75,25,0,1,1,7,14,27,80,97,13,0,1,1,3,12,18,58,98,45,0,1,0,0,6,11,65,86,91,0,4,0,0,9,10,39,48,125,1,8,0,0,6,8,33,46,422,0,25,107Y
10014,臺東縣,10014020,成功鎮,10014020-007,和平里,0,0,3,0,15,4,0,0,0,0,1,23,1,13,0,0,0,0,0,3,24,6,20,1,0,0,0,0,1,12,4,21,2,0,0,0,0,0,5,6,29,10,1,0,0,1,3,4,2,22,23,7,0,1,0,3,3,4,15,22,9,0,0,0,0,4,0,22,32,15,0,0,0,0,0,3,17,29,37,0,1,0,0,3,1,9,16,48,0,0,0,0,1,0,12,17,164,1,7,107Y
10014,臺東縣,10014020,成功鎮,10014020-006,忠仁里,0,0,20,17,97,14,0,0,0,0,2,83,15,47,5,0,0,0,0,6,75,9,40,5,0,0,0,0,8,53,25,54,6,6,0,0,0,8,38,35,74,40,11,0,0,0,8,22,31,82,53,10,0,1,0,3,14,23,90,60,13,0,0,1,3,8,17,64,77,26,0,1,0,3,8,18,69,80,49,0,2,0,1,3,10,41,59,82,0,1,0,3,10,11,43,70,303,4,17,107Y
10014,臺東縣,10014020,成功鎮,10014020-002,忠孝里,0,0,2,3,23,4,0,0,0,0,0,30,5,31,0,0,0,0,0,1,22,6,32,7,0,0,0,0,0,20,7,24,13,2,0,0,0,0,14,5,33,21,5,0,0,0,0,7,10,23,26,1,0,0,0,1,3,7,29,33,5,0,1,0,0,2,5,31,47,18,0,0,0,1,2,1,26,42,30,0,0,0,0,2,1,9,27,40,0,0,0,0,3,2,15,20,199,1,4,107Y
10014,臺東縣,10014020,成功鎮,10014020-005,忠智里,0,0,28,13,73,6,1,0,0,0,3,78,20,25,1,0,0,0,0,14,86,11,30,4,0,0,0,2,12,61,13,33,15,2,0,0,1,8,30,38,66,20,3,0,0,1,9,27,24,61,42,6,0,0,1,3,18,24,74,47,2,0,0,0,2,9,18,77,41,11,0,0,0,2,9,21,61,66,28,0,1,0,0,8,3,33,46,49,0,0,0,2,9,10,47,65,283,2,15,107Y
10014,臺東縣,10014020,成功鎮,10014020-008,信義里,0,0,12,4,44,6,0,0,0,0,0,46,9,43,1,0,0,0,0,6,55,5,43,4,1,0,0,0,1,31,12,39,25,0,0,0,0,1,16,21,51,27,18,0,0,0,5,11,21,52,51,17,0,0,0,3,11,10,48,78,28,0,1,1,3,4,14,43,80,60,0,0,0,1,7,9,36,78,77,0,1,0,1,10,11,27,35,97,0,0,0,1,6,1,31,30,345,2,5,107Y
10014,臺東縣,10014020,成功鎮,10014020-001,博愛里,0,0,1,1,14,1,0,0,0,0,0,12,1,18,0,0,0,0,0,0,10,2,14,0,0,0,0,0,0,13,4,14,2,0,0,0,0,0,1,7,15,8,6,0,0,0,1,4,4,16,24,1,0,0,0,1,2,3,22,31,3,0,0,0,0,1,5,19,33,7,0,0,0,0,1,3,18,37,22,0,1,0,0,2,1,8,14,38,0,0,0,0,2,2,8,12,153,0,1,107Y
10014,臺東縣,10014060,池上鄉,10014060-003,大坡村,0,0,1,1,10,1,0,0,0,0,0,15,1,5,0,0,0,0,0,0,11,0,8,1,0,0,0,0,0,5,2,9,1,0,0,0,0,1,1,3,11,3,0,0,0,0,1,2,1,12,10,0,0,1,0,0,2,3,5,6,3,0,0,0,0,0,0,11,12,3,0,0,0,0,0,1,9,24,6,0,1,0,0,1,0,11,15,14,0,0,0,1,2,0,6,9,56,0,11,107Y
10014,臺東縣,10014060,池上鄉,10014060-004,大埔村,0,0,12,4,23,2,0,0,0,0,1,27,8,17,2,0,0,0,0,2,34,4,13,1,0,0,0,0,3,15,4,17,5,0,0,0,1,5,15,14,28,15,0,0,0,1,5,8,8,21,11,1,0,0,0,0,11,8,26,26,4,0,0,0,2,8,2,25,19,3,0,1,1,2,1,4,20,37,9,0,1,0,1,3,4,20,19,31,0,1,0,0,6,9,21,19,127,2,12,107Y
10014,臺東縣,10014060,池上鄉,10014060-010,振興村,0,0,2,4,17,2,0,0,0,0,0,9,3,19,1,0,0,0,0,1,8,2,19,3,0,0,0,0,0,6,1,13,0,1,0,0,0,4,6,2,17,3,5,0,0,0,1,0,1,21,15,4,0,0,0,2,3,4,12,18,4,0,0,0,1,0,3,13,14,12,0,1,0,0,1,1,6,10,13,0,0,0,0,1,2,4,7,26,0,2,0,0,1,1,1,3,73,1,18,107Y
10014,臺東縣,10014060,池上鄉,10014060-009,富興村,0,0,1,1,19,0,0,0,0,0,0,10,4,14,3,0,0,0,0,1,8,0,8,0,0,0,0,0,2,4,2,8,1,0,0,0,0,1,2,5,24,1,0,0,0,1,0,1,1,17,11,3,0,0,0,0,0,2,19,17,0,0,0,0,0,2,4,13,9,6,0,0,0,1,1,4,13,16,14,0,1,0,0,1,1,12,6,14,0,1,0,1,1,1,1,16,59,2,12,107Y
10014,臺東縣,10014060,池上鄉,10014060-007,新興村,0,0,9,8,30,3,2,0,0,0,1,27,11,17,0,0,0,0,0,2,36,4,17,3,1,0,0,0,3,18,2,24,6,1,0,0,2,1,7,8,29,9,2,0,0,0,6,3,7,33,30,3,0,0,0,2,3,13,55,17,4,0,1,0,0,1,5,30,21,2,0,0,0,1,2,4,30,26,12,0,0,0,0,0,4,24,20,26,0,1,0,1,2,3,16,20,158,0,23,107Y
10014,臺東縣,10014060,池上鄉,10014060-008,萬安村,0,0,2,2,13,0,0,0,0,0,0,11,2,8,0,0,0,0,0,1,9,2,5,0,0,0,0,0,1,6,1,8,0,0,1,0,0,0,6,6,10,1,1,0,0,0,1,1,5,10,2,1,0,1,0,0,2,2,15,4,1,0,0,0,0,1,1,13,13,2,0,1,0,0,0,3,18,12,4,0,1,0,0,0,0,3,8,6,1,0,0,0,1,0,4,14,63,0,11,107Y
10014,臺東縣,10014060,池上鄉,10014060-001,福文村,0,0,12,15,53,6,1,0,0,0,2,33,18,27,2,0,0,0,1,2,30,5,29,2,0,0,0,0,0,17,3,25,2,0,0,0,1,0,11,8,48,6,6,0,0,0,0,13,13,51,26,6,0,0,0,5,8,11,61,40,8,0,0,0,1,5,4,43,34,8,0,1,0,2,5,8,38,43,12,0,2,0,0,1,3,26,23,47,0,0,0,0,7,5,25,23,184,4,24,107Y
10014,臺東縣,10014060,池上鄉,10014060-005,福原村,0,0,19,22,69,9,1,0,0,0,7,91,20,35,1,1,0,0,0,7,85,12,38,4,1,0,0,0,17,56,9,37,8,2,0,0,2,11,43,27,52,13,3,0,0,0,12,34,28,66,18,6,0,0,0,11,27,28,83,22,4,0,0,0,3,9,19,77,40,7,1,0,0,1,15,32,91,52,20,0,0,0,0,12,14,67,33,36,0,2,0,1,13,14,58,79,230,10,31,107Y
10014,臺東縣,10014060,池上鄉,10014060-002,慶豐村,0,0,8,8,18,2,3,0,0,0,1,21,7,18,0,0,0,0,0,3,19,1,15,3,0,0,0,0,0,9,6,12,4,1,0,0,0,2,10,5,22,8,0,0,0,0,3,5,13,36,8,1,0,0,0,1,1,6,34,15,1,0,0,0,3,2,4,33,22,2,0,0,0,1,1,3,26,27,5,0,1,0,0,1,2,9,16,24,0,0,0,0,0,4,10,23,112,0,13,107Y
10014,臺東縣,10014060,池上鄉,10014060-006,錦園村,0,0,4,1,11,3,0,0,0,0,0,11,2,4,0,0,0,0,0,1,11,1,3,0,0,1,0,0,1,10,1,5,1,0,0,0,0,0,6,3,6,4,0,0,0,0,1,4,4,10,1,1,0,0,0,0,1,0,24,7,1,0,0,0,0,2,3,22,10,0,0,0,0,4,0,2,16,16,2,0,0,0,0,2,0,13,12,15,0,0,0,0,1,6,10,13,58,3,7,107Y
10014,臺東縣,10014040,卑南鄉,10014040-010,太平村,0,0,36,27,133,10,1,0,0,0,11,122,37,90,6,0,0,0,1,15,112,29,131,7,1,0,0,0,14,70,30,106,25,1,0,0,0,11,46,45,112,32,6,0,0,1,11,34,48,118,54,11,0,0,0,10,29,34,150,84,8,0,0,0,15,26,34,113,73,21,0,1,0,4,22,22,116,92,46,0,2,1,1,11,13,70,47,92,2,3,1,0,15,19,54,45,238,21,56,107Y
10014,臺東縣,10014040,卑南鄉,10014040-002,利吉村,0,0,2,3,10,1,0,0,0,0,0,5,3,8,0,0,0,0,0,1,18,4,16,1,0,0,0,0,2,6,3,16,4,0,0,0,0,1,7,4,18,4,1,0,0,0,1,1,2,14,6,1,0,0,0,2,2,4,7,8,0,0,0,0,2,1,7,14,16,11,0,0,0,1,2,2,14,19,16,0,0,0,0,0,1,16,16,18,0,1,0,1,3,3,7,4,72,4,11,107Y
10014,臺東縣,10014040,卑南鄉,10014040-011,利嘉村,0,0,9,12,47,4,0,0,0,0,2,52,14,41,4,0,0,0,0,4,33,8,42,6,1,0,0,0,8,37,9,38,9,0,0,0,0,7,12,12,30,19,0,0,0,1,2,12,12,30,27,1,0,0,0,2,10,17,44,18,1,0,0,0,5,7,10,57,28,5,0,0,0,0,7,9,43,32,8,0,0,0,2,9,11,28,26,28,0,0,0,0,11,9,31,25,108,1,4,107Y
10014,臺東縣,10014040,卑南鄉,10014040-005,明峰村,0,0,8,4,42,4,1,0,0,0,3,32,9,36,2,0,0,0,0,6,34,10,26,4,0,0,0,0,4,37,7,33,6,0,0,0,0,7,16,16,48,16,2,0,0,0,4,10,17,44,11,4,0,0,0,2,10,8,56,20,3,0,0,0,0,3,5,46,39,19,0,1,0,1,5,2,38,39,20,0,0,0,0,4,8,34,20,29,0,3,0,3,5,7,38,28,160,12,30,107Y
10014,臺東縣,10014040,卑南鄉,10014040-012,東興村,0,0,6,12,49,4,0,0,0,0,0,51,15,35,4,0,0,0,0,0,39,10,48,2,1,0,0,0,1,16,8,40,14,1,0,0,0,3,21,21,49,20,6,0,0,0,1,13,13,44,32,6,0,0,0,4,14,10,61,28,11,0,1,0,2,1,11,47,49,32,0,1,0,2,3,1,22,43,45,0,2,0,0,1,4,19,14,40,0,2,0,0,5,5,13,15,114,0,7,107Y
10014,臺東縣,10014040,卑南鄉,10014040-006,初鹿村,0,0,12,12,66,8,0,0,0,0,2,50,13,30,1,0,0,0,0,6,38,9,29,4,0,0,0,0,2,23,7,43,6,2,0,0,0,1,23,17,46,23,7,0,0,0,7,7,14,47,30,7,0,0,0,6,11,11,64,29,2,0,0,0,6,8,9,37,45,7,0,0,0,2,5,7,36,35,19,2,2,1,1,7,7,33,26,42,0,2,0,1,8,7,38,15,155,10,33,107Y
10014,臺東縣,10014040,卑南鄉,10014040-007,美農村,0,0,10,9,44,6,0,0,0,0,2,41,10,26,2,2,0,0,0,5,32,9,21,3,0,0,0,0,3,18,3,18,12,1,0,0,0,5,20,7,29,16,1,0,0,0,2,9,5,59,19,2,0,0,1,2,11,4,61,20,0,0,0,0,3,5,13,55,39,10,0,0,2,0,2,6,39,31,14,0,0,0,0,2,6,34,17,29,0,2,0,2,7,2,29,23,146,3,36,107Y
10014,臺東縣,10014040,卑南鄉,10014040-009,泰安村,0,0,12,12,50,6,1,0,0,0,2,37,12,50,4,0,0,0,0,7,38,8,59,9,1,0,1,0,2,13,5,43,15,0,0,0,0,1,8,13,50,18,1,0,0,0,0,7,10,50,33,1,0,0,0,6,4,9,54,37,8,0,0,0,2,7,11,43,41,18,0,0,0,4,5,7,31,36,25,0,2,0,1,1,3,14,15,33,0,2,1,1,5,6,13,10,108,0,10,107Y
10014,臺東縣,10014040,卑南鄉,10014040-003,富山村,0,0,6,1,20,2,0,0,0,0,0,12,8,13,3,0,0,0,0,2,12,3,12,1,0,0,0,0,3,4,2,17,5,1,0,0,2,1,8,3,13,11,1,0,0,1,2,4,3,12,15,1,0,0,0,1,0,3,11,20,8,0,0,0,2,4,3,18,22,10,0,1,0,2,2,1,16,19,10,0,1,0,1,1,2,7,5,26,0,2,0,0,2,3,2,6,57,11,17,107Y
10014,臺東縣,10014040,卑南鄉,10014040-004,富源村,0,0,2,2,10,2,0,0,0,0,0,13,3,4,1,0,0,0,0,1,9,1,3,1,0,0,0,0,4,7,3,8,3,0,0,0,0,3,3,6,5,1,0,0,2,0,1,0,1,11,3,1,0,0,0,0,0,4,18,14,0,0,0,0,0,1,3,15,12,0,0,0,0,0,1,1,10,14,5,0,0,0,1,0,1,10,10,15,0,0,0,1,0,3,8,9,46,10,28,107Y
10014,臺東縣,10014040,卑南鄉,10014040-013,溫泉村,0,0,6,10,37,1,1,0,0,0,1,36,9,21,1,1,0,0,1,4,43,4,17,2,0,0,0,0,3,21,6,22,3,1,0,0,0,1,16,11,43,14,5,0,0,0,3,16,14,34,21,4,0,0,1,5,3,8,55,24,2,0,0,1,6,8,9,44,44,6,0,0,0,2,3,11,44,40,16,0,0,0,0,7,8,36,21,32,0,2,0,3,8,5,27,40,170,4,33,107Y
10014,臺東縣,10014040,卑南鄉,10014040-001,嘉豐村,0,0,7,2,23,0,0,0,0,0,0,13,4,17,1,0,0,0,0,0,4,2,19,2,0,0,0,1,3,7,5,25,11,0,0,0,0,0,3,2,19,10,4,0,0,0,1,1,2,12,17,4,0,0,0,0,1,0,6,28,6,0,0,0,0,0,3,16,17,9,0,0,0,2,2,0,8,19,22,0,1,0,0,0,2,3,5,30,0,0,0,0,0,0,2,3,75,4,7,107Y
10014,臺東縣,10014040,卑南鄉,10014040-008,賓朗村,0,0,24,21,89,10,2,0,0,0,1,102,35,53,1,0,0,0,1,7,69,20,45,1,0,0,0,1,11,69,12,61,6,4,0,0,1,14,29,24,64,19,6,0,0,1,8,23,33,85,33,0,0,1,0,11,27,19,88,44,7,0,0,0,5,21,16,113,66,13,0,0,0,3,13,5,92,64,25,0,0,0,1,11,11,62,47,49,1,0,1,4,20,19,65,46,276,25,31,107Y
10014,臺東縣,10014130,延平鄉,10014130-002,永康村,0,0,3,3,17,2,0,0,0,0,0,7,1,18,1,0,0,0,0,0,8,3,10,2,0,0,0,0,3,11,4,12,0,0,0,0,1,4,9,6,13,4,1,0,0,1,1,4,2,18,7,0,0,0,0,0,6,3,13,24,2,0,0,0,2,2,1,8,16,8,0,0,0,0,1,0,6,8,8,0,0,0,1,0,1,8,2,6,0,0,0,1,0,1,2,0,21,0,1,107Y
10014,臺東縣,10014130,延平鄉,10014130-001,武陵村,0,0,3,16,29,6,0,0,0,0,0,23,14,15,1,0,0,0,0,0,21,6,19,3,0,0,0,0,2,10,3,18,8,0,0,0,0,4,12,6,17,29,0,0,0,0,6,18,8,24,18,3,0,0,0,1,3,3,21,20,10,0,0,0,2,4,3,20,19,18,0,0,0,0,1,2,7,10,23,0,1,0,0,1,3,7,1,23,0,0,0,0,1,1,7,9,47,0,0,107Y
10014,臺東縣,10014130,延平鄉,10014130-003,紅葉村,0,0,2,8,20,2,1,0,0,0,0,11,5,20,0,0,0,0,0,5,20,4,12,1,0,0,0,0,3,9,2,9,5,2,0,0,0,6,4,5,25,10,2,0,0,0,1,0,9,35,15,1,0,0,0,0,0,5,12,13,5,0,0,0,1,2,1,4,13,14,0,0,0,0,0,2,8,16,13,0,0,0,0,1,0,8,3,19,0,0,0,0,0,2,4,2,38,0,2,107Y
10014,臺東縣,10014130,延平鄉,10014130-005,桃源村,0,0,12,25,43,7,1,0,0,0,1,45,21,33,2,0,0,0,0,5,39,9,40,6,1,0,0,1,1,34,10,38,14,1,0,0,0,3,14,15,42,24,2,0,0,0,10,13,9,50,25,8,0,1,0,5,9,9,40,29,13,0,1,0,3,6,8,32,22,23,0,0,0,5,6,11,24,26,22,0,0,0,2,5,5,16,6,28,0,0,0,0,3,5,12,4,74,0,0,107Y
10014,臺東縣,10014130,延平鄉,10014130-004,鸞山村,0,0,10,7,40,3,0,0,0,0,2,19,10,29,2,0,0,0,0,1,18,4,18,2,0,0,0,0,4,11,2,20,7,0,0,0,0,4,7,7,27,15,2,0,0,0,0,8,5,30,19,4,0,0,0,1,5,7,24,20,6,0,0,0,0,3,4,16,26,11,0,0,0,2,2,2,9,21,16,0,1,0,0,0,2,8,5,21,0,0,0,0,1,0,6,3,64,0,4,107Y
10014,臺東縣,10014070,東河鄉,10014070-001,北源村,0,0,9,6,24,5,1,0,0,0,1,34,8,33,5,0,0,0,0,3,33,4,22,10,0,0,0,0,3,20,7,47,14,3,0,0,0,2,17,11,83,41,6,0,0,0,2,10,17,79,62,5,0,0,0,2,6,11,53,63,9,0,2,1,0,5,8,57,67,23,0,2,0,0,3,9,46,63,54,1,0,0,0,5,0,30,35,80,1,2,0,1,4,5,21,24,309,2,23,107Y
10014,臺東縣,10014070,東河鄉,10014070-004,尚德村,0,0,1,1,11,1,0,0,0,0,0,6,2,6,0,0,0,0,0,0,1,2,7,1,0,0,0,0,2,1,1,10,4,0,0,0,0,0,5,1,11,5,0,0,0,0,0,0,5,9,9,2,0,0,0,0,4,2,6,6,1,0,0,0,0,2,2,12,12,4,0,0,0,0,1,2,5,13,4,0,0,0,0,0,2,4,6,13,0,1,0,0,0,0,4,7,43,5,3,107Y
10014,臺東縣,10014070,東河鄉,10014070-003,東河村,0,0,9,5,26,3,2,0,0,0,1,29,10,18,1,0,0,0,0,2,29,5,14,2,0,0,0,0,4,14,5,22,5,0,0,0,0,2,14,11,50,9,1,0,0,0,1,8,12,50,30,0,0,0,1,3,7,17,60,21,2,0,0,0,5,4,8,45,38,4,0,1,0,0,6,5,24,34,7,0,0,0,0,6,4,18,23,27,0,0,0,0,5,3,13,54,160,0,8,107Y
10014,臺東縣,10014070,東河鄉,10014070-002,泰源村,0,0,9,10,37,5,0,0,0,0,3,30,8,24,2,0,0,0,0,3,28,5,30,8,1,0,0,1,3,15,6,39,16,3,0,0,0,4,13,6,45,28,1,0,0,0,1,5,6,35,38,7,0,0,0,2,6,7,53,31,22,0,2,0,0,5,7,36,30,30,1,1,0,1,5,6,16,42,56,0,1,0,0,0,4,8,27,65,0,1,0,1,4,3,17,23,212,2,15,107Y
10014,臺東縣,10014070,東河鄉,10014070-007,都蘭村,0,0,13,11,73,8,0,0,0,0,1,68,9,42,1,0,0,0,0,5,59,10,46,2,0,0,0,0,7,46,14,56,15,1,0,0,1,4,34,23,91,33,2,0,0,1,10,21,22,74,41,1,0,0,1,7,10,21,78,63,5,0,0,1,4,11,15,85,74,17,0,1,2,3,17,19,61,98,21,1,0,0,2,13,10,49,49,85,1,0,2,4,10,6,39,82,320,3,32,107Y
10014,臺東縣,10014070,東河鄉,10014070-005,隆昌村,0,0,2,2,13,2,0,0,0,0,0,14,4,7,1,0,0,0,0,2,15,4,8,0,0,0,0,0,4,10,5,11,2,0,0,0,0,1,3,1,20,1,1,0,0,0,0,5,1,25,6,1,0,0,0,2,6,7,23,11,0,0,0,0,1,3,11,25,16,2,0,1,0,1,4,3,18,31,4,0,0,0,2,3,4,11,15,28,0,0,0,1,4,2,5,17,123,0,11,107Y
10014,臺東縣,10014070,東河鄉,10014070-006,興昌村,0,0,6,5,20,4,1,0,0,0,1,16,5,21,1,0,0,0,0,1,23,4,7,0,0,0,0,1,4,10,2,15,3,0,0,0,1,3,11,5,20,12,3,0,0,0,3,13,14,36,24,3,0,0,0,7,4,6,43,27,3,0,1,0,5,8,5,21,34,5,0,0,1,3,4,6,26,38,17,0,1,1,3,4,7,20,15,44,0,3,1,0,3,3,21,22,205,0,18,107Y
10014,臺東縣,10014140,金峰鄉,10014140-002,正興村,0,0,7,15,32,2,2,0,0,0,0,20,16,15,0,0,0,0,0,3,35,9,19,1,2,0,0,0,3,19,4,13,3,3,0,0,0,2,9,9,27,4,0,0,0,0,3,9,6,25,3,0,0,0,0,1,4,5,26,11,2,0,0,0,2,7,4,31,25,3,0,0,1,0,8,2,24,30,10,0,0,0,0,4,3,15,12,13,0,0,0,2,5,3,5,6,52,0,0,107Y
10014,臺東縣,10014140,金峰鄉,10014140-001,新興村,0,0,4,8,31,4,0,0,0,0,1,28,11,15,0,0,0,0,0,1,21,8,16,3,0,0,0,0,1,17,8,14,8,0,0,0,0,3,5,8,31,7,1,0,1,1,1,6,6,24,5,0,0,0,0,4,8,8,17,12,0,0,0,0,4,5,6,15,29,3,0,0,0,2,1,1,13,11,18,0,0,0,1,1,1,6,10,27,0,0,0,0,1,1,7,0,34,0,0,107Y
10014,臺東縣,10014140,金峰鄉,10014140-003,嘉蘭村,0,0,13,19,78,9,1,0,0,0,0,38,35,63,2,0,0,0,0,2,53,16,48,5,0,0,0,0,1,27,7,51,12,1,0,0,0,1,13,19,54,24,4,0,0,0,1,11,20,42,33,4,0,0,0,3,9,17,53,40,13,0,0,0,0,3,5,38,56,25,0,0,0,1,4,4,31,19,45,0,0,0,2,2,1,12,25,48,0,1,0,0,2,3,16,5,115,0,0,107Y
10014,臺東縣,10014140,金峰鄉,10014140-004,賓茂村,0,0,2,7,13,1,0,0,0,0,0,10,8,11,1,0,0,0,0,1,12,2,19,1,0,0,0,0,1,4,1,13,2,0,0,0,0,0,2,2,18,8,0,0,0,0,1,2,3,12,7,1,0,0,0,4,3,2,9,8,2,0,0,0,0,5,2,12,16,4,0,0,0,0,2,3,12,16,6,0,0,0,2,2,2,9,7,7,0,0,0,0,3,0,6,3,37,0,0,107Y
10014,臺東縣,10014140,金峰鄉,10014140-005,歷坵村,0,0,2,5,17,2,0,0,0,0,0,5,4,14,1,0,0,0,0,1,9,4,19,1,0,0,0,0,1,5,2,13,0,1,0,0,0,0,3,7,14,8,1,0,0,0,0,2,2,13,5,0,0,0,0,1,3,2,15,9,0,0,0,0,0,1,2,7,18,10,0,0,0,0,0,2,18,18,14,0,0,0,0,0,1,5,7,7,0,0,0,0,0,0,3,3,42,0,0,107Y
10014,臺東縣,10014080,長濱鄉,10014080-002,三間村,0,0,4,7,27,5,0,0,0,0,1,21,5,38,4,0,0,0,0,0,16,3,16,1,1,0,0,0,1,18,11,20,6,0,0,0,0,2,12,9,42,18,1,0,0,1,6,10,10,35,46,6,0,0,0,6,8,6,36,30,12,0,0,0,0,2,6,32,64,33,0,0,1,0,1,5,25,36,50,0,1,0,1,10,2,16,34,42,0,1,0,0,7,4,17,14,296,4,9,107Y
10014,臺東縣,10014080,長濱鄉,10014080-005,竹湖村,0,0,8,0,23,2,0,0,0,0,1,22,2,12,1,0,0,0,0,1,18,5,20,2,0,0,0,0,0,18,3,18,5,0,0,0,0,0,16,4,44,15,1,0,0,0,4,4,4,27,25,5,0,0,0,2,3,4,28,39,7,0,0,0,4,6,4,25,46,14,0,1,0,1,1,4,22,48,33,0,0,0,1,1,0,7,24,56,0,1,0,0,2,2,13,18,191,0,5,107Y
10014,臺東縣,10014080,長濱鄉,10014080-003,忠勇村,0,0,2,4,17,2,0,0,0,0,0,17,4,12,0,0,0,0,0,1,6,0,16,3,0,0,0,0,1,5,5,8,3,0,0,0,0,1,4,1,19,11,0,0,0,0,4,2,2,16,32,1,0,0,1,0,1,4,24,22,3,0,0,0,2,3,1,17,27,13,0,0,0,1,3,3,13,25,12,0,0,0,0,3,1,7,7,25,0,1,0,1,2,2,5,12,106,0,4,107Y
10014,臺東縣,10014080,長濱鄉,10014080-004,長濱村,0,0,16,9,50,8,0,0,0,0,0,62,13,47,3,0,0,0,0,5,64,3,45,15,0,0,0,0,4,38,11,55,8,1,0,0,1,5,28,15,62,26,5,0,1,0,4,13,17,51,60,5,0,0,1,0,9,14,62,74,13,0,3,0,5,12,20,74,109,24,0,0,2,6,8,13,59,80,30,0,0,0,1,15,7,43,42,85,0,1,0,2,5,10,34,44,368,4,7,107Y
10014,臺東縣,10014080,長濱鄉,10014080-006,寧埔村,0,0,6,5,17,2,1,0,0,0,2,25,4,21,2,0,0,0,0,3,34,9,36,1,1,0,0,0,1,18,3,32,12,1,0,0,0,4,5,7,33,34,0,0,0,0,2,13,7,26,36,5,0,0,0,1,4,10,40,49,6,0,0,1,3,2,7,44,80,28,0,0,0,0,2,2,21,54,35,0,0,0,0,2,3,20,26,84,0,1,0,0,3,3,22,28,251,0,2,107Y
10014,臺東縣,10014080,長濱鄉,10014080-001,樟原村,0,0,3,5,18,3,0,0,0,0,0,18,9,20,1,0,0,0,0,1,9,3,20,1,0,0,0,0,0,7,4,9,3,1,0,0,0,0,3,2,15,9,3,0,0,0,1,2,1,11,27,3,0,0,0,0,4,5,23,32,0,0,0,0,1,3,1,14,36,9,0,0,1,1,1,3,20,21,14,0,1,0,3,6,1,3,13,31,0,1,0,0,3,1,7,11,168,0,2,107Y
10014,臺東縣,10014120,海端鄉,10014120-006,加拿村,0,0,6,6,29,4,0,0,0,0,0,18,12,24,2,0,0,0,0,4,13,7,26,1,0,0,0,0,3,9,1,22,9,1,0,0,0,1,9,9,15,10,1,0,0,0,0,2,2,20,12,8,0,0,0,1,3,4,20,11,15,0,0,0,0,0,2,7,21,22,0,0,0,2,0,1,7,15,22,0,0,0,0,2,2,4,3,24,0,0,0,0,0,1,3,3,38,0,0,107Y
10014,臺東縣,10014120,海端鄉,10014120-003,利稻村,0,0,3,12,15,2,0,0,0,0,0,10,4,13,0,0,0,0,0,0,13,3,16,1,0,0,0,0,0,7,6,13,2,0,0,0,0,0,4,3,15,5,0,0,0,0,3,5,4,7,4,3,0,0,0,1,2,5,4,5,11,0,0,0,0,0,1,7,7,1,0,0,0,0,0,0,4,6,3,0,0,0,0,0,1,5,3,9,0,0,0,0,1,0,3,2,20,0,0,107Y
10014,臺東縣,10014120,海端鄉,10014120-005,崁頂村,0,0,3,9,29,3,0,0,0,0,1,27,13,20,0,0,0,0,0,2,23,3,25,3,0,0,1,0,1,15,9,23,11,0,0,0,0,4,9,8,22,7,2,0,0,0,1,11,3,17,18,1,0,0,0,1,3,5,16,19,3,0,0,0,0,4,3,11,32,7,0,0,0,0,2,3,20,20,14,0,1,0,0,4,1,6,8,29,0,0,0,0,4,1,6,1,43,0,1,107Y
10014,臺東縣,10014120,海端鄉,10014120-004,海端村,0,0,14,20,52,6,0,0,0,0,1,35,16,38,4,0,0,0,0,0,39,11,36,2,0,0,0,0,4,32,4,55,14,0,0,0,0,6,14,15,54,15,5,0,0,0,5,7,17,53,25,3,0,0,0,0,6,7,31,32,10,0,1,0,0,5,3,31,23,22,0,0,0,3,5,4,16,19,22,0,0,0,0,5,5,10,12,44,0,0,0,1,2,5,10,2,79,0,2,107Y
10014,臺東縣,10014120,海端鄉,10014120-001,廣原村,0,0,6,16,48,5,0,0,0,0,0,28,18,20,0,0,0,0,0,2,26,6,42,5,0,0,0,0,1,20,6,24,17,1,0,0,0,1,13,14,43,14,3,0,0,0,2,5,11,37,19,3,0,0,0,2,4,3,26,26,12,1,0,0,1,3,4,19,20,17,0,0,0,0,2,5,13,16,34,0,0,0,0,0,0,10,6,30,0,0,0,0,0,0,6,5,60,1,1,107Y
10014,臺東縣,10014120,海端鄉,10014120-002,霧鹿村,0,0,5,1,16,2,0,0,0,0,0,5,6,12,0,0,0,0,0,2,12,1,8,1,0,0,0,0,1,6,1,11,4,0,0,0,0,0,5,2,18,8,2,0,0,0,0,0,2,6,7,0,0,0,0,0,1,2,10,8,1,0,0,0,0,2,0,10,9,9,0,0,0,0,1,1,4,5,6,0,0,0,0,0,0,2,3,13,0,0,0,0,1,2,5,2,27,0,0,107Y
10014,臺東縣,10014050,鹿野鄉,10014050-004,永安村,0,0,15,18,48,4,1,0,0,0,0,40,18,44,2,0,0,0,0,2,58,8,39,2,0,0,0,0,4,33,10,42,8,1,0,1,0,4,19,20,52,26,2,1,1,1,4,12,11,56,30,4,0,0,0,5,13,15,53,42,6,0,0,1,3,15,14,59,65,15,0,0,1,2,6,14,42,58,23,0,0,0,2,9,7,40,23,37,1,2,0,2,9,4,23,25,192,1,23,107Y
10014,臺東縣,10014050,鹿野鄉,10014050-006,鹿野村,0,0,13,10,36,10,0,0,0,0,1,38,12,26,2,0,0,0,0,1,46,1,24,1,0,0,0,0,5,15,7,27,8,0,0,0,1,3,12,15,32,9,4,0,0,0,6,8,9,39,21,3,0,0,0,4,9,10,47,24,3,0,0,0,2,9,10,52,44,7,0,1,2,1,5,11,27,41,12,0,2,0,1,6,8,23,24,37,0,1,0,1,6,8,38,30,155,8,17,107Y
10014,臺東縣,10014050,鹿野鄉,10014050-001,瑞和村,0,0,7,3,29,2,1,0,0,0,0,23,5,33,0,0,0,0,0,4,20,4,29,3,0,0,0,0,0,10,1,15,7,0,0,0,0,0,9,6,27,15,4,0,0,0,2,5,3,25,16,1,0,0,0,0,2,5,31,16,1,0,0,0,1,0,1,32,28,13,0,0,0,1,3,0,18,21,14,0,1,0,1,3,3,14,9,17,0,1,0,1,0,3,13,16,102,1,9,107Y
10014,臺東縣,10014050,鹿野鄉,10014050-005,瑞隆村,0,0,7,7,42,4,0,0,0,0,0,22,9,21,1,0,0,0,0,4,21,8,18,6,0,0,0,0,2,18,6,19,11,2,0,0,0,2,4,7,31,14,4,0,1,0,6,12,8,27,24,2,0,1,0,2,4,10,43,24,6,0,0,0,0,5,6,31,32,12,0,0,0,0,2,1,20,35,17,0,1,0,0,2,3,28,25,34,0,2,0,1,1,7,16,16,154,3,14,107Y
10014,臺東縣,10014050,鹿野鄉,10014050-003,瑞源村,0,0,5,1,31,4,1,0,0,0,1,30,8,30,1,0,0,0,1,7,28,8,23,4,0,0,0,0,8,20,2,24,11,0,0,0,1,5,11,8,28,8,0,0,1,0,3,8,7,42,20,0,0,0,0,1,6,6,27,18,2,0,0,0,1,4,5,35,26,13,0,0,0,0,2,3,29,25,19,0,0,0,2,0,3,14,14,36,0,1,0,1,6,4,22,23,130,7,14,107Y
10014,臺東縣,10014050,鹿野鄉,10014050-002,瑞豐村,0,0,6,5,46,4,1,0,0,0,0,36,7,13,1,0,0,0,0,6,27,7,15,3,0,0,0,0,2,18,7,25,4,1,0,0,0,3,11,13,18,14,3,0,0,0,5,4,17,43,24,4,2,0,0,1,6,11,38,23,2,0,1,0,0,2,6,38,39,3,0,1,0,0,5,7,28,29,9,0,1,0,0,7,3,23,15,30,0,1,0,2,6,3,12,20,134,3,47,107Y
10014,臺東縣,10014050,鹿野鄉,10014050-007,龍田村,0,0,9,18,38,6,1,0,0,0,0,27,5,16,0,0,0,0,0,8,36,6,19,2,0,0,0,0,8,14,6,26,4,1,0,0,0,9,21,14,48,9,2,0,0,0,6,12,3,33,7,5,0,0,0,4,12,9,51,21,1,0,0,1,4,8,13,41,41,7,0,0,0,1,5,12,32,37,21,0,0,0,0,8,6,32,11,34,0,1,0,2,10,6,20,24,169,0,33,107Y
10014,臺東縣,10014150,達仁鄉,10014150-002,土村,0,0,7,16,28,2,1,0,0,0,0,31,17,34,8,0,0,0,0,2,31,10,32,1,0,0,0,0,2,14,9,28,7,2,0,0,0,1,12,13,33,17,8,0,0,0,1,9,17,21,32,22,0,0,1,4,6,10,15,35,26,0,1,0,1,1,3,16,34,34,0,0,0,0,4,2,9,24,39,0,0,0,1,0,4,5,9,40,0,0,0,0,0,1,13,1,86,1,1,107Y
10014,臺東縣,10014150,達仁鄉,10014150-001,台村,0,0,7,1,20,2,0,0,0,0,1,11,11,22,5,0,0,0,0,2,20,8,23,7,0,0,0,0,1,11,2,31,9,1,0,0,0,3,8,5,17,14,9,0,0,0,2,3,5,17,9,6,0,0,1,1,0,3,12,20,18,0,0,0,1,1,1,6,29,18,0,1,0,0,2,5,17,23,26,0,0,0,0,1,3,10,12,26,0,0,0,2,2,3,5,7,79,4,0,107Y
10014,臺東縣,10014150,達仁鄉,10014150-004,安朔村,0,0,4,8,14,0,0,0,0,0,0,13,9,19,0,0,0,0,0,0,23,4,20,0,0,0,0,0,1,20,8,19,5,0,0,0,0,4,6,9,19,11,4,0,0,1,2,8,5,12,8,9,0,0,1,1,6,5,19,19,4,0,2,1,0,1,3,28,22,5,0,0,0,1,2,5,11,34,18,0,1,1,0,5,1,12,11,27,0,0,1,0,4,6,9,8,61,2,1,107Y
10014,臺東縣,10014150,達仁鄉,10014150-006,南田村,0,0,2,2,12,0,0,0,0,0,0,12,3,9,2,0,0,0,0,2,14,5,9,0,0,0,0,0,5,8,1,11,0,0,0,1,0,1,6,2,14,8,2,0,0,0,0,0,1,6,15,4,0,1,0,1,4,0,8,11,4,0,0,0,0,2,3,11,7,4,0,0,0,1,2,2,5,12,13,0,1,1,0,2,3,7,3,10,0,0,0,0,0,0,3,3,20,2,0,107Y
10014,臺東縣,10014150,達仁鄉,10014150-005,森永村,0,0,3,4,12,2,0,0,0,0,1,12,1,8,0,0,0,0,0,1,16,7,11,1,0,0,0,0,1,6,0,12,4,0,0,0,0,2,6,10,18,11,2,0,0,0,1,8,3,11,11,1,0,0,1,2,3,3,12,13,4,0,0,0,3,3,4,17,15,2,0,0,0,1,3,4,21,16,12,0,0,0,0,1,4,10,12,20,0,1,0,0,2,0,6,2,46,0,2,107Y
10014,臺東縣,10014150,達仁鄉,10014150-003,新化村,0,0,2,4,17,1,0,0,0,0,0,1,6,14,2,0,0,0,0,1,7,2,10,0,0,0,0,0,0,5,1,13,3,1,0,0,0,1,0,3,8,4,4,0,0,0,1,2,5,18,7,2,0,0,0,0,2,4,14,17,2,0,1,0,0,1,3,10,17,6,0,0,0,0,3,2,15,15,4,0,0,0,0,0,0,7,2,16,0,0,0,0,1,1,5,3,46,1,0,107Y
10014,臺東縣,10014110,綠島鄉,10014110-002,中寮村,0,0,14,10,24,7,1,0,0,0,2,53,14,23,3,0,0,0,0,18,48,11,35,3,0,0,0,1,16,40,12,34,7,1,0,0,1,9,40,13,49,8,2,0,1,3,4,12,14,48,22,0,0,0,0,7,11,13,47,10,1,0,0,0,11,9,12,38,22,9,0,0,0,4,8,7,40,28,20,0,0,0,2,2,2,25,10,27,0,0,0,0,5,4,10,6,110,0,3,107Y
10014,臺東縣,10014110,綠島鄉,10014110-001,公館村,0,0,9,9,34,2,2,0,0,0,2,48,8,26,1,0,0,0,0,12,56,11,21,5,0,0,0,0,16,47,8,29,3,0,0,0,1,9,36,18,49,13,1,0,0,1,8,25,26,55,20,1,0,0,1,4,19,24,47,18,2,0,0,0,2,5,9,23,17,4,0,0,0,4,3,4,25,24,18,0,0,0,1,6,2,11,12,28,0,2,0,2,3,1,16,7,86,0,2,107Y
10014,臺東縣,10014110,綠島鄉,10014110-003,南寮村,0,0,20,15,51,3,1,0,0,0,5,71,24,28,1,0,0,0,0,17,94,13,41,1,0,0,0,1,12,76,18,45,6,0,0,0,1,4,26,33,74,10,1,0,0,0,10,23,23,73,21,1,0,0,1,3,19,24,73,31,0,1,0,0,3,12,18,50,27,8,0,0,1,2,5,14,41,30,21,0,3,0,2,5,9,27,18,41,0,2,0,0,5,7,20,18,138,1,2,107Y
10014,臺東縣,10014010,臺東市,10014010-021,大同里,0,0,9,8,28,2,0,0,0,0,2,35,7,19,2,0,0,0,0,4,28,6,23,5,0,0,0,1,6,18,6,23,1,0,0,0,0,7,21,12,20,4,1,0,1,2,8,11,9,25,13,0,0,0,0,4,5,12,31,13,2,0,0,0,3,3,3,28,16,0,0,1,0,1,6,9,40,11,5,0,1,0,1,3,4,26,15,9,0,1,0,2,8,13,45,20,82,0,6,107Y
10014,臺東縣,10014010,臺東市,10014010-024,中山里,0,0,13,3,26,3,0,0,0,0,4,28,5,0,1,1,0,0,1,7,33,1,10,1,0,0,0,1,13,35,4,9,1,1,0,0,0,15,36,17,11,3,0,0,0,2,6,12,10,14,6,2,0,0,0,3,14,5,39,5,2,0,0,0,3,12,13,24,6,0,0,0,0,3,7,10,35,10,0,0,1,0,0,7,12,33,7,7,0,0,0,0,15,10,60,32,70,0,5,107Y
10014,臺東縣,10014010,臺東市,10014010-011,中心里,0,0,59,23,178,22,5,0,0,0,18,186,35,36,1,0,0,0,1,34,152,16,33,5,1,0,0,2,39,101,10,49,5,0,0,0,6,39,106,43,68,10,8,0,0,6,51,68,60,86,20,6,0,0,2,50,56,46,84,22,4,0,0,6,28,54,66,111,28,7,0,0,7,26,43,46,116,42,13,0,1,0,12,28,31,84,29,31,0,1,1,8,69,59,123,45,191,2,20,107Y
10014,臺東縣,10014010,臺東市,10014010-020,中正里,0,0,12,6,29,2,0,0,0,0,1,30,3,13,2,0,0,0,0,3,38,4,6,0,0,0,0,0,7,30,5,11,1,0,0,0,1,7,28,10,14,7,1,0,0,0,7,13,8,25,2,2,0,0,0,12,11,12,30,9,0,0,0,0,4,11,12,27,4,1,0,0,0,3,12,9,25,12,3,0,0,0,3,9,5,47,3,10,0,0,0,5,20,17,66,48,79,0,9,107Y
10014,臺東縣,10014010,臺東市,10014010-015,中華里,0,0,21,9,59,6,1,0,0,0,6,71,17,31,0,0,0,0,0,12,61,10,34,5,0,0,0,3,8,44,19,53,8,0,0,0,0,3,26,32,57,17,5,0,0,1,7,19,24,72,17,5,0,0,0,9,14,25,81,29,4,0,0,1,9,8,12,74,41,6,0,2,0,6,6,25,65,37,4,0,0,0,0,6,8,63,33,38,1,1,1,0,12,13,46,39,186,8,19,107Y
10014,臺東縣,10014010,臺東市,10014010-019,仁愛里,0,0,6,2,22,1,1,0,0,0,1,26,8,10,0,0,0,0,1,3,32,6,14,0,0,0,0,0,5,24,10,16,4,0,0,0,0,3,13,9,27,5,0,0,0,0,3,15,7,23,11,2,0,0,0,1,3,8,29,8,1,0,0,0,3,6,7,29,14,1,0,0,0,0,3,8,43,15,5,0,1,0,4,3,8,34,16,10,0,1,0,1,6,13,39,18,73,4,11,107Y
10014,臺東縣,10014010,臺東市,10014010-023,文化里,0,0,9,6,36,9,0,0,0,0,0,27,6,15,1,0,0,0,0,5,27,6,26,4,0,0,0,1,8,44,9,20,6,0,0,0,0,8,37,13,31,13,4,0,0,1,16,14,17,37,15,3,0,0,0,10,11,18,33,11,2,0,0,1,3,4,8,29,21,5,0,0,0,1,8,5,37,20,3,0,0,1,0,5,9,32,12,12,0,1,0,1,7,10,35,26,61,1,6,107Y
10014,臺東縣,10014010,臺東市,10014010-014,四維里,0,0,11,0,21,5,0,0,0,0,1,22,8,15,0,0,0,0,0,2,24,7,27,3,0,0,0,0,3,16,5,27,6,0,0,0,0,7,7,7,21,6,3,0,0,0,4,9,5,23,13,2,0,0,0,4,8,6,26,13,2,0,0,0,1,5,6,25,26,4,0,0,0,1,3,6,21,27,4,0,0,0,1,3,2,13,5,19,0,0,0,1,2,8,15,15,78,1,12,107Y
10014,臺東縣,10014010,臺東市,10014010-008,民生里,0,0,43,14,123,7,1,0,0,0,7,135,27,44,3,0,0,0,1,51,136,10,37,4,0,0,0,3,44,124,19,52,5,0,0,0,3,31,99,57,80,19,2,0,0,1,30,56,52,91,24,9,0,0,1,19,33,47,126,34,9,0,1,1,16,33,42,119,34,5,0,0,2,18,26,46,148,51,11,0,0,0,16,34,45,144,46,35,0,1,1,4,71,65,183,83,221,3,29,107Y
10014,臺東縣,10014010,臺東市,10014010-013,民族里,0,0,29,14,85,16,1,0,0,0,8,81,11,23,0,0,0,0,0,22,65,6,11,0,0,0,0,1,24,57,13,17,7,2,0,0,1,16,48,30,40,7,5,0,0,3,20,31,39,40,4,1,0,0,3,20,32,35,62,10,1,0,0,0,15,22,20,59,7,1,0,0,1,6,12,21,44,16,4,0,0,1,4,17,16,35,12,9,0,0,1,8,36,38,76,35,86,0,9,107Y
10014,臺東縣,10014010,臺東市,10014010-018,民權里,0,0,8,5,31,5,2,0,0,0,2,48,10,18,2,0,0,0,0,5,43,6,15,3,0,0,0,0,6,40,7,24,0,0,0,0,1,12,46,19,22,5,2,0,0,0,6,12,13,21,8,2,0,0,0,4,13,6,30,14,2,0,0,0,4,8,9,36,15,0,0,0,1,4,11,12,34,15,3,0,0,1,3,9,9,34,10,8,0,0,1,1,15,19,32,16,74,2,7,107Y
10014,臺東縣,10014010,臺東市,10014010-034,永樂里,0,0,60,25,121,13,1,0,0,0,11,126,30,48,3,1,0,0,0,22,76,16,46,4,1,0,0,1,19,58,15,41,3,0,0,0,2,31,48,33,60,8,2,0,0,4,27,36,39,78,20,8,0,0,3,32,38,43,79,27,3,0,0,3,18,21,24,82,44,4,0,0,4,8,30,16,82,53,16,0,0,3,5,17,15,42,33,41,0,3,3,3,11,24,35,30,153,3,25,107Y
10014,臺東縣,10014010,臺東市,10014010-032,光明里,0,0,65,34,156,14,2,0,0,0,13,166,26,43,2,0,0,0,0,23,120,11,45,5,0,0,0,0,27,84,12,34,3,1,0,0,0,35,76,46,82,13,4,0,0,1,39,57,53,97,16,10,0,0,6,31,67,75,124,28,1,0,0,3,37,46,56,111,37,4,0,0,1,11,24,28,82,35,14,0,0,2,3,18,22,82,18,20,0,0,1,6,21,28,85,46,122,6,15,107Y
10014,臺東縣,10014010,臺東市,10014010-022,成功里,0,0,8,13,35,4,0,0,0,1,3,38,13,13,1,0,0,0,0,6,31,4,22,2,0,0,0,0,5,21,5,19,1,1,0,0,0,4,13,8,14,6,3,0,0,0,2,11,14,28,12,0,0,0,0,3,7,19,35,15,2,0,0,0,3,6,6,40,16,3,0,2,0,0,4,7,30,27,3,0,0,0,2,2,5,17,10,25,0,0,0,0,5,5,31,30,92,2,10,107Y
10014,臺東縣,10014010,臺東市,10014010-012,自強里,0,0,75,32,206,25,0,0,0,0,13,213,38,77,2,0,0,0,0,44,216,16,43,3,0,0,0,4,47,170,34,74,4,2,0,0,6,56,136,51,83,14,4,0,0,2,55,81,64,100,21,3,0,0,2,45,67,69,160,34,3,0,1,0,28,54,65,144,33,5,0,0,1,26,39,74,172,49,12,0,0,4,14,53,58,178,37,37,0,0,3,13,89,73,187,101,255,5,33,107Y
10014,臺東縣,10014010,臺東市,10014010-005,卑南里,0,0,48,30,128,21,3,0,0,1,9,180,28,39,1,1,0,0,3,33,132,22,34,3,0,0,0,0,27,95,19,40,7,0,0,0,3,39,86,43,64,14,2,0,0,1,41,57,67,84,25,4,0,0,7,49,56,50,85,36,2,0,0,6,43,38,47,105,31,5,0,0,5,17,27,38,121,39,16,0,2,2,6,18,14,77,24,43,0,0,0,5,32,27,113,46,220,1,24,107Y
10014,臺東縣,10014010,臺東市,10014010-003,岩灣里,0,0,25,23,86,8,0,0,0,0,4,115,23,51,3,0,0,0,0,9,94,13,37,1,0,0,0,0,26,62,16,52,8,1,0,0,1,20,50,42,57,25,1,0,0,0,24,39,36,81,43,6,0,0,0,27,31,53,94,42,3,0,0,0,18,29,29,76,58,12,0,0,1,9,15,31,82,42,16,0,1,1,8,14,16,54,27,29,0,3,2,5,17,15,55,46,177,2,25,107Y
10014,臺東縣,10014010,臺東市,10014010-036,東海里,0,0,36,19,125,16,2,0,0,0,7,145,28,45,5,0,0,0,3,19,115,17,32,4,1,0,0,2,39,128,19,56,5,1,0,0,1,44,94,53,71,23,1,0,1,5,30,65,44,73,23,4,0,0,7,23,48,33,98,27,3,0,0,2,9,34,35,101,46,11,0,0,1,12,32,45,136,45,15,0,0,0,4,29,37,109,27,45,0,2,1,12,49,47,93,50,219,3,19,107Y
10014,臺東縣,10014010,臺東市,10014010-045,知本里,0,0,15,9,50,3,1,0,0,0,3,68,22,37,5,0,0,0,0,7,58,13,38,7,0,0,0,0,5,25,11,44,5,1,0,0,1,5,17,16,55,16,2,0,1,0,7,16,10,51,12,3,0,0,0,3,12,17,73,20,5,0,0,1,1,10,20,83,38,2,0,0,0,1,5,3,50,55,17,0,1,0,1,2,4,34,30,39,1,1,0,0,9,9,25,25,152,1,16,107Y
10014,臺東縣,10014010,臺東市,10014010-004,南王里,0,0,41,26,134,6,1,0,0,0,7,119,41,81,2,0,0,0,0,23,138,21,64,5,1,0,0,0,13,90,15,74,11,3,0,0,5,13,69,28,83,16,4,0,0,2,21,31,39,105,26,5,0,1,3,10,27,40,111,36,5,0,0,1,15,27,41,106,80,13,0,1,0,7,23,22,111,67,33,0,1,0,1,10,22,69,38,67,0,1,0,4,19,27,85,52,253,2,21,107Y
10014,臺東縣,10014010,臺東市,10014010-006,南榮里,0,0,43,23,137,11,1,0,0,0,6,123,43,86,3,0,0,0,1,21,89,16,67,7,0,0,0,1,28,72,15,52,24,2,0,0,0,18,61,31,70,20,9,0,1,4,25,40,43,91,38,8,0,0,2,20,41,45,103,56,7,0,0,0,14,15,25,73,97,19,0,0,3,5,19,21,78,73,29,0,0,3,4,19,12,62,33,55,0,1,0,5,21,26,80,58,273,8,32,107Y
10014,臺東縣,10014010,臺東市,10014010-042,建和里,0,0,13,10,56,6,1,0,0,0,1,47,13,40,3,0,0,0,0,9,71,13,53,4,0,0,0,0,5,40,8,38,4,0,0,0,0,4,21,15,49,8,0,0,0,0,3,5,11,52,19,2,0,0,0,4,8,15,56,32,2,1,0,0,3,8,13,64,52,10,0,1,0,3,5,10,47,54,19,0,1,1,0,2,1,23,34,46,1,0,0,0,7,10,24,26,204,3,15,107Y
10014,臺東縣,10014010,臺東市,10014010-017,建國里,0,0,12,9,54,6,0,0,0,0,1,41,12,42,2,0,0,0,0,11,41,7,30,6,0,0,0,0,6,28,9,38,9,1,0,0,0,2,12,20,44,28,3,0,0,0,3,11,14,55,20,2,1,0,1,1,8,19,53,37,3,0,1,0,3,8,8,55,42,5,0,0,0,1,5,11,49,42,15,0,0,0,0,3,7,39,27,33,1,0,0,0,8,8,28,29,181,3,28,107Y
10014,臺東縣,10014010,臺東市,10014010-044,建業里,0,0,21,14,73,5,2,0,0,0,3,48,7,43,5,0,0,0,0,7,43,8,34,1,0,0,0,0,4,26,4,47,9,1,0,0,0,6,21,14,43,13,3,0,0,0,6,7,10,45,22,1,0,0,0,4,10,14,65,27,2,0,1,0,2,6,15,63,40,5,0,0,1,5,3,3,41,47,12,0,1,1,0,3,6,33,17,35,0,2,0,0,7,11,23,30,186,6,10,107Y
10014,臺東縣,10014010,臺東市,10014010-046,建農里,0,0,17,23,105,8,0,0,0,0,2,78,20,77,6,0,0,0,1,7,65,9,75,14,0,0,0,1,6,33,11,71,18,0,0,0,0,4,18,20,71,39,9,0,0,1,9,20,25,77,59,10,0,0,2,6,10,19,101,85,9,0,0,0,5,12,10,69,83,19,0,0,1,2,7,8,37,62,45,0,2,1,0,5,10,41,25,75,1,4,1,3,7,4,28,20,198,6,22,107Y
10014,臺東縣,10014010,臺東市,10014010-043,建興里,0,0,14,8,47,3,0,0,0,0,4,46,12,17,5,0,0,0,1,6,40,5,21,1,0,0,0,0,7,18,5,9,4,1,0,0,0,7,11,15,29,5,3,0,0,0,3,13,16,35,8,5,0,0,0,5,8,14,42,15,2,0,1,0,2,10,15,35,24,7,0,0,1,0,4,7,42,34,10,0,1,0,0,5,2,21,22,17,0,1,1,2,11,7,22,21,127,0,16,107Y
10014,臺東縣,10014010,臺東市,10014010-010,馬蘭里,0,0,44,27,159,16,2,0,0,0,10,169,31,43,0,0,0,0,1,33,122,21,44,1,0,0,0,2,43,87,16,53,4,0,0,0,1,35,84,44,60,9,6,0,0,0,26,54,48,78,15,3,0,0,1,24,54,44,109,26,5,0,2,0,17,30,39,113,35,9,0,0,2,12,30,38,95,33,10,0,0,1,7,31,21,94,26,27,1,1,1,4,48,53,118,54,182,4,15,107Y
10014,臺東縣,10014010,臺東市,10014010-035,康樂里,0,0,16,11,67,6,0,0,0,0,3,61,15,32,0,0,0,0,0,4,58,9,29,1,0,0,0,0,1,43,11,41,6,0,0,0,1,6,15,16,60,13,4,0,0,0,5,13,27,57,18,2,0,0,0,5,17,17,74,27,4,0,0,0,8,10,20,59,41,6,0,1,0,2,4,11,47,40,11,0,0,0,2,7,7,31,23,34,1,5,1,1,5,4,25,14,130,2,26,107Y
10014,臺東縣,10014010,臺東市,10014010-016,強國里,0,0,7,2,18,3,0,0,0,0,2,25,4,11,1,0,0,0,0,2,35,4,14,3,0,0,0,2,12,22,4,17,3,1,0,0,1,2,12,8,22,5,3,0,0,0,3,6,5,20,11,1,0,0,0,1,2,8,17,12,2,0,0,0,2,4,3,32,17,0,0,0,0,0,6,6,29,16,8,0,0,0,0,4,10,22,18,15,0,0,0,0,7,8,14,21,67,2,6,107Y
10014,臺東縣,10014010,臺東市,10014010-001,富岡里,0,0,15,12,43,4,1,0,0,0,4,60,14,39,2,1,0,0,0,5,31,9,47,3,0,0,0,0,2,20,3,59,16,1,0,0,0,6,12,22,77,28,2,0,0,0,0,8,17,63,40,4,0,0,0,2,10,10,58,46,5,0,0,0,2,5,7,47,59,11,0,2,0,1,6,7,43,63,28,0,3,0,0,3,2,27,37,72,0,5,0,0,0,2,23,29,227,6,26,107Y
10014,臺東縣,10014010,臺東市,10014010-002,富豐里,0,0,9,11,30,3,0,0,0,0,0,28,7,13,2,0,0,0,0,2,29,8,34,3,0,0,0,0,4,30,14,34,7,1,0,0,1,8,12,13,24,13,2,0,0,0,1,3,8,34,24,2,0,0,1,2,10,8,32,27,2,0,1,0,2,5,6,29,36,9,0,0,0,1,2,0,26,37,12,0,0,0,0,1,3,20,13,14,0,0,1,1,1,3,7,15,119,1,9,107Y
10014,臺東縣,10014010,臺東市,10014010-025,復國里,0,0,6,5,16,2,0,0,0,0,1,26,8,15,1,0,0,0,0,6,20,5,21,1,0,0,0,0,4,12,3,14,2,2,0,0,0,6,4,3,19,2,2,0,0,1,4,9,8,11,11,1,0,0,0,3,2,9,29,13,5,0,0,0,1,6,0,37,24,4,0,0,0,3,7,3,28,16,5,0,0,0,1,0,2,20,13,18,0,0,0,0,5,2,20,16,67,2,7,107Y
10014,臺東縣,10014010,臺東市,10014010-027,復興里,0,0,6,1,8,1,0,0,0,0,4,9,6,6,0,0,0,0,0,4,15,1,10,4,0,0,0,0,4,11,3,17,2,0,0,0,0,2,7,5,18,3,2,0,0,0,0,3,7,11,8,3,0,0,0,1,2,8,15,7,0,1,1,0,1,0,2,21,12,1,0,0,0,1,1,3,20,16,0,0,0,0,0,4,2,17,10,9,0,0,0,0,1,6,21,11,45,2,3,107Y
10014,臺東縣,10014010,臺東市,10014010-007,新生里,0,0,86,45,292,31,5,0,0,0,30,358,60,107,5,0,0,0,4,72,299,41,120,9,0,0,0,4,73,288,55,129,14,1,0,1,6,74,195,91,185,25,13,0,0,5,79,117,98,173,66,21,0,0,8,58,82,122,216,80,14,0,1,7,63,88,99,295,122,11,1,0,1,31,69,91,277,122,37,0,0,1,26,84,72,239,75,85,2,3,2,19,105,95,239,125,443,7,43,107Y
10014,臺東縣,10014010,臺東市,10014010-029,新園里,0,0,25,20,87,14,0,0,0,0,4,65,28,69,3,0,0,0,0,3,53,11,42,3,1,0,0,0,3,28,9,66,9,0,0,0,0,3,29,20,56,19,4,0,0,0,4,23,8,62,28,13,0,1,0,5,10,10,84,62,13,0,0,0,3,10,11,52,60,22,0,1,0,1,4,5,48,44,35,0,0,0,0,3,3,29,17,57,0,0,0,0,3,3,27,22,195,1,27,107Y
10014,臺東縣,10014010,臺東市,10014010-037,新興里,0,0,7,6,32,4,1,0,0,1,1,43,11,17,2,1,0,0,0,7,42,8,27,2,0,0,0,1,4,34,6,23,2,0,0,0,1,8,22,19,25,8,3,0,0,0,6,11,16,15,13,2,0,0,1,4,8,20,43,12,7,0,0,1,2,10,17,54,21,4,0,0,0,4,10,8,48,25,6,0,0,0,1,5,10,33,17,20,0,1,0,3,14,6,45,21,114,1,9,107Y
10014,臺東縣,10014010,臺東市,10014010-026,興國里,0,0,11,2,34,6,0,0,0,0,4,52,6,11,1,0,0,0,0,8,46,2,6,1,0,0,0,0,11,18,9,6,1,0,0,0,0,13,18,15,19,5,1,0,0,2,4,16,15,25,7,1,0,0,0,3,9,10,40,10,0,0,0,1,3,11,11,41,12,1,0,0,0,2,8,6,30,8,1,0,0,0,1,8,5,20,9,8,0,1,0,2,6,8,44,25,75,2,11,107Y
10014,臺東縣,10014010,臺東市,10014010-030,豐田里,0,0,27,24,100,8,1,0,0,0,5,79,28,59,2,0,0,0,0,11,80,22,59,7,1,0,0,0,7,70,14,59,10,3,0,0,0,8,33,20,87,21,2,0,0,3,1,24,35,87,31,2,0,0,0,3,21,29,110,45,5,0,0,0,5,12,12,81,62,10,0,0,0,4,11,12,68,53,33,0,0,0,0,3,9,34,43,57,1,2,0,1,8,7,34,36,245,2,32,107Y
10014,臺東縣,10014010,臺東市,10014010-031,豐年里,0,0,32,30,135,16,2,0,0,0,9,126,50,90,4,0,0,0,0,20,131,37,107,14,0,0,0,2,19,98,38,83,9,2,0,0,0,25,49,42,120,36,7,0,0,0,20,39,36,116,44,5,0,1,0,19,36,36,144,62,5,0,0,2,12,24,27,124,71,16,0,0,0,0,14,25,98,83,29,1,1,0,2,16,17,76,42,64,1,3,1,2,11,16,60,53,286,4,24,107Y
10014,臺東縣,10014010,臺東市,10014010-039,豐谷里,0,0,81,54,255,29,2,0,0,0,8,271,61,132,7,0,0,0,0,47,253,32,123,15,0,0,0,3,46,174,42,116,28,2,0,0,5,38,93,79,184,39,9,0,2,3,19,66,73,165,68,12,0,0,5,27,46,72,204,99,13,0,1,2,22,44,65,224,132,18,0,1,1,8,32,40,190,152,44,0,0,1,4,34,42,152,78,92,0,2,0,4,52,50,140,77,465,8,32,107Y
10014,臺東縣,10014010,臺東市,10014010-040,豐里里,0,0,31,21,112,9,0,0,0,0,4,125,44,70,2,0,0,0,0,16,114,19,71,8,2,0,0,1,12,60,18,60,8,3,0,0,0,12,30,27,77,38,2,0,0,0,8,23,26,87,33,6,0,0,0,11,23,28,98,59,7,0,0,2,14,17,28,98,88,16,0,1,0,8,12,16,84,75,27,0,0,2,4,7,11,48,35,55,1,0,0,3,8,12,46,47,259,3,36,107Y
10014,臺東縣,10014010,臺東市,10014010-041,豐原里,0,0,17,8,33,5,1,0,0,0,5,58,14,30,0,0,0,0,0,6,57,11,34,2,0,0,0,1,7,26,8,39,9,0,0,0,0,12,7,8,51,26,5,0,0,0,5,9,9,29,15,5,0,0,1,1,6,13,64,26,4,0,0,3,3,4,12,55,38,4,0,1,0,4,4,6,54,59,12,0,2,0,0,1,0,24,22,36,0,0,0,1,1,3,21,29,170,7,17,107Y
10014,臺東縣,10014010,臺東市,10014010-038,豐榮里,0,0,116,78,392,59,4,0,0,0,33,426,104,158,11,1,0,0,3,73,380,62,158,12,0,0,0,3,80,303,69,165,24,2,0,0,9,91,227,123,229,60,9,0,0,13,84,152,143,317,101,10,0,1,8,66,127,139,311,105,10,0,0,9,52,91,144,323,121,25,0,2,3,29,65,111,333,149,61,0,4,4,17,58,88,241,119,134,0,3,1,19,82,77,213,140,582,8,62,107Y
10014,臺東縣,10014010,臺東市,10014010-033,豐樂里,0,0,17,16,83,12,1,0,0,0,3,62,22,30,2,0,0,0,1,10,65,18,40,4,0,0,0,0,14,45,18,35,2,2,0,0,0,15,31,32,38,8,2,0,0,2,8,22,18,58,22,2,0,0,1,4,12,21,60,25,1,0,0,0,5,7,19,63,34,2,0,0,3,3,8,11,60,36,15,0,0,1,4,8,7,53,25,25,0,0,1,3,5,7,50,24,145,6,14,107Y
10014,臺東縣,10014010,臺東市,10014010-009,寶桑里,0,0,10,12,36,1,1,0,0,0,0,32,14,32,0,0,0,0,0,4,34,2,11,1,0,0,0,0,4,29,9,19,4,0,0,0,0,1,19,9,35,7,3,0,0,1,1,16,17,41,15,0,0,0,0,3,9,11,37,21,1,0,1,1,2,6,10,27,27,2,0,0,0,4,2,2,27,33,7,0,0,0,1,2,4,23,16,23,0,1,0,1,4,8,31,26,97,1,8,107Y
10014,臺東縣,10014010,臺東市,10014010-028,鐵花里,0,0,8,3,12,1,1,0,0,0,1,23,2,12,1,0,0,0,0,3,11,2,8,1,0,0,0,0,3,11,1,6,0,0,0,0,0,2,7,2,6,1,1,0,0,3,2,8,7,13,5,0,0,0,0,1,8,9,21,5,0,0,0,0,1,4,6,17,7,2,1,0,0,1,1,5,21,10,0,0,0,0,3,6,7,15,7,4,0,0,0,0,7,5,34,18,39,0,4,107Y
10014,臺東縣,10014030,關山鎮,10014030-004,中福里,0,0,10,8,30,1,0,0,0,0,2,32,5,11,0,0,0,0,0,8,41,0,12,1,0,0,0,0,7,36,7,17,4,0,0,0,0,8,14,12,24,6,2,0,0,0,3,23,10,18,6,0,0,0,1,5,6,14,24,6,2,0,0,2,0,13,11,27,9,3,0,0,0,1,12,7,48,12,2,0,0,0,3,7,2,48,17,18,0,0,0,0,10,8,42,41,82,3,13,107Y
10014,臺東縣,10014030,關山鎮,10014030-007,月眉里,0,0,4,7,28,2,1,0,0,0,0,33,3,21,2,0,0,0,0,3,22,5,26,2,0,0,0,0,1,19,3,20,4,0,0,0,0,1,6,10,16,3,0,0,1,0,3,9,4,25,21,4,0,0,0,4,2,4,31,23,3,0,0,0,3,2,5,22,19,9,0,2,0,1,2,6,31,30,20,0,1,1,0,1,1,13,14,29,0,1,0,1,4,5,15,11,99,1,18,107Y
10014,臺東縣,10014030,關山鎮,10014030-005,里里,0,0,17,12,67,5,2,0,0,0,1,82,11,38,3,0,0,0,0,12,79,5,43,2,0,0,0,0,11,47,8,33,9,1,0,0,1,12,31,23,54,7,2,0,0,0,8,37,33,55,20,3,0,0,0,10,19,12,85,22,2,0,0,0,3,14,11,65,38,12,0,0,0,3,14,18,66,52,20,0,0,0,2,10,10,63,21,40,0,1,0,2,26,19,62,42,189,3,27,107Y
10014,臺東縣,10014030,關山鎮,10014030-003,新福里,0,0,11,6,42,1,0,0,0,0,2,34,17,18,2,0,0,0,0,6,34,5,34,1,0,0,0,0,1,21,3,20,7,0,0,0,0,3,19,12,27,4,3,0,0,1,0,7,8,28,13,4,0,0,0,4,7,10,42,22,6,0,0,0,2,8,14,33,28,12,0,0,0,0,4,3,33,29,23,0,1,0,0,2,1,20,20,24,0,2,0,1,2,3,16,20,118,2,18,107Y
10014,臺東縣,10014030,關山鎮,10014030-006,電光里,0,0,1,5,20,4,0,0,0,0,0,16,6,15,2,0,0,0,0,1,15,5,11,2,0,0,1,0,3,7,3,12,5,0,0,0,0,0,6,1,30,6,1,0,0,0,0,1,4,10,22,5,0,0,0,1,1,5,26,23,5,0,0,0,0,4,1,14,16,7,0,0,0,0,0,3,9,28,12,0,0,0,0,1,1,10,10,25,0,0,1,0,2,1,5,11,102,1,6,107Y
10014,臺東縣,10014030,關山鎮,10014030-001,德高里,0,0,20,9,64,5,0,0,0,0,4,81,23,49,0,0,0,0,0,4,69,10,42,8,1,0,0,0,5,31,8,35,5,1,0,0,0,6,29,9,62,9,6,0,0,0,3,11,11,56,33,2,0,0,0,1,12,11,87,43,12,0,0,0,1,8,14,74,61,12,0,1,0,3,5,7,62,60,20,1,1,0,0,0,3,21,17,56,1,2,0,0,4,4,26,42,326,3,30,107Y
10014,臺東縣,10014030,關山鎮,10014030-002,豐泉里,0,0,24,9,51,10,1,0,0,0,1,58,12,26,0,0,0,0,0,9,44,2,22,1,1,0,0,0,10,37,11,28,4,0,0,0,0,6,32,16,39,9,1,0,0,1,8,18,5,31,14,2,0,0,0,8,11,13,46,13,5,0,0,0,5,6,18,55,14,7,0,0,0,1,9,11,58,25,10,0,0,0,2,7,13,33,19,32,0,0,0,1,8,15,27,39,117,1,16,107Y
10014,臺東縣,10014160,蘭嶼鄉,10014160-001,東清村,0,0,13,5,84,10,1,0,0,0,1,64,7,59,0,0,0,0,0,6,60,3,47,5,0,0,0,0,7,37,13,56,16,1,0,0,0,9,27,11,75,38,3,0,0,0,5,19,14,69,28,3,0,0,0,2,12,13,70,33,7,0,0,0,1,5,5,25,53,7,0,0,0,0,7,1,15,49,24,0,0,0,1,1,2,11,16,54,0,0,0,0,1,2,1,6,89,0,3,107Y
10014,臺東縣,10014160,蘭嶼鄉,10014160-003,紅頭村,0,0,17,7,54,3,0,0,0,0,1,64,7,36,1,1,0,0,0,3,60,9,35,4,2,0,0,0,10,56,10,43,3,0,0,0,0,6,44,16,66,13,4,0,0,0,5,21,14,62,37,2,0,0,1,5,16,12,65,25,0,0,0,0,3,11,14,54,32,5,0,0,0,1,14,12,42,45,5,0,0,0,4,3,6,30,23,10,0,1,0,0,1,4,15,3,103,0,3,107Y
10014,臺東縣,10014160,蘭嶼鄉,10014160-002,朗島村,0,0,16,5,40,7,1,0,0,0,0,40,10,37,3,0,0,0,0,4,56,7,35,3,0,0,0,0,9,23,5,58,2,1,0,0,0,4,10,6,45,19,1,0,0,1,1,6,8,28,31,0,0,0,0,1,6,1,21,29,1,0,0,0,1,2,3,16,26,0,0,0,0,0,1,5,6,38,3,0,0,0,0,1,1,3,2,39,0,1,0,0,0,0,3,2,65,0,0,107Y
10014,臺東縣,10014160,蘭嶼鄉,10014160-004,椰油村,0,0,13,5,50,5,3,0,0,0,1,31,12,39,3,0,0,0,2,8,67,10,18,2,0,0,0,0,10,26,3,50,9,0,0,0,0,11,21,10,72,29,2,0,0,0,11,14,13,44,31,0,0,0,0,8,10,16,34,13,0,0,0,0,4,9,4,24,20,2,0,0,1,2,3,4,45,33,4,0,0,0,0,0,1,13,16,25,0,0,0,0,0,1,5,7,67,0,2,107Y
10014,臺東縣,10014100,大武鄉,10014100-001,大竹村,0,0,3,7,33,5,0,0,0,0,0,13,5,21,2,0,0,0,0,2,21,4,16,2,1,0,0,0,0,14,5,34,7,2,0,0,0,1,15,8,37,13,6,0,0,0,2,16,9,33,13,4,0,0,0,2,7,8,18,11,5,0,0,0,1,1,0,11,28,24,0,0,0,0,0,3,19,28,36,0,0,0,0,2,2,12,22,44,0,0,0,0,2,6,8,11,103,1,5,108Y
10014,臺東縣,10014100,大武鄉,10014100-003,大武村,0,0,9,18,35,4,1,0,0,0,2,44,11,28,1,0,0,0,0,9,48,7,35,3,0,0,0,0,10,35,1,42,7,1,0,0,0,6,21,18,53,19,2,0,0,0,12,17,22,61,20,1,0,0,2,2,13,13,54,34,3,0,0,0,2,7,8,38,38,18,0,0,0,4,6,11,42,44,27,0,0,0,0,3,7,32,34,47,0,0,0,0,7,4,33,32,146,0,13,108Y
10014,臺東縣,10014100,大武鄉,10014100-002,大鳥村,0,0,9,17,37,5,4,0,0,0,0,23,26,48,6,0,0,0,0,1,44,4,48,9,0,0,0,0,1,16,11,50,16,2,0,0,0,0,14,5,46,27,4,0,0,0,0,12,11,32,23,5,0,0,0,2,3,9,32,38,9,0,0,1,1,5,5,22,64,18,0,0,0,0,2,2,25,54,28,0,1,0,0,3,2,25,34,42,0,1,1,1,4,4,11,8,129,0,2,108Y
10014,臺東縣,10014100,大武鄉,10014100-004,尚武村,0,0,9,8,41,3,0,0,0,0,1,43,13,38,1,0,0,0,0,8,41,6,33,3,0,0,0,1,2,28,6,39,11,1,0,0,0,2,26,18,46,14,2,0,0,0,7,20,26,61,32,2,0,0,1,5,11,6,53,45,3,0,0,2,0,5,15,50,51,12,0,0,0,0,8,8,44,51,33,0,1,0,1,4,7,32,56,46,1,0,0,1,10,5,25,24,197,3,30,108Y
10014,臺東縣,10014100,大武鄉,10014100-005,南興村,0,0,0,11,20,2,0,0,0,0,0,12,7,10,0,0,0,0,0,1,13,3,17,1,0,0,0,0,0,17,4,11,3,0,0,1,0,3,6,6,19,6,2,0,0,0,2,8,9,23,17,0,0,0,0,2,2,4,26,11,1,0,0,0,0,1,2,23,13,9,0,1,0,1,2,5,21,27,14,0,0,0,0,4,6,15,13,25,0,1,0,0,5,4,11,13,47,4,8,108Y
10014,臺東縣,10014090,太麻里鄉,10014090-002,三和村,0,0,6,3,14,1,2,0,0,0,5,24,8,10,1,0,0,0,0,2,22,2,13,0,0,0,0,0,0,11,1,12,7,2,0,0,0,1,13,7,25,11,2,0,0,0,2,3,8,16,14,2,0,0,0,1,3,9,28,15,0,0,0,0,2,2,5,25,20,3,0,0,0,0,3,2,22,20,11,0,0,0,0,0,2,7,20,23,0,1,0,0,1,0,5,14,104,0,13,108Y
10014,臺東縣,10014090,太麻里鄉,10014090-006,大王村,0,0,14,16,72,9,1,0,0,0,3,51,17,32,3,0,0,0,0,6,62,13,51,3,0,0,0,1,7,42,12,44,12,1,0,0,1,9,34,25,63,20,2,0,0,1,8,23,12,71,31,2,0,0,1,5,15,19,75,34,3,0,0,1,2,8,10,73,35,14,0,0,1,1,7,12,54,55,25,0,4,0,3,7,10,51,42,63,1,5,0,2,8,8,38,36,282,5,39,108Y
10014,臺東縣,10014090,太麻里鄉,10014090-004,北里村,0,0,3,7,14,3,0,0,0,0,0,12,9,21,2,0,0,0,0,3,10,10,26,0,0,0,0,0,2,5,3,13,4,0,0,0,0,1,8,8,21,8,1,0,0,0,1,5,2,26,19,2,0,0,0,2,6,3,21,13,3,0,0,0,0,3,2,10,15,2,0,0,0,1,3,1,21,25,5,0,0,0,0,0,5,21,15,23,0,0,0,0,4,0,12,10,91,1,14,108Y
10014,臺東縣,10014090,太麻里鄉,10014090-009,多良村,0,0,1,11,41,2,1,0,0,0,1,12,15,41,1,0,0,0,0,1,15,9,37,5,0,0,0,0,1,12,3,38,7,0,0,1,0,0,8,6,43,22,0,0,1,1,1,2,9,20,49,3,0,1,0,1,2,4,36,37,11,0,0,0,2,2,2,15,27,24,0,1,0,1,2,2,20,30,40,1,1,0,0,1,5,15,10,51,0,1,0,0,1,3,15,10,123,2,11,108Y
10014,臺東縣,10014090,太麻里鄉,10014090-008,金崙村,0,0,10,25,78,11,0,0,0,0,2,35,31,51,1,0,0,0,0,2,49,16,66,6,0,0,0,0,3,28,13,70,10,0,0,0,0,2,15,17,77,31,3,0,0,0,3,11,17,75,53,2,0,0,1,0,12,10,75,47,10,0,0,1,0,6,10,70,60,33,0,1,0,2,9,6,50,70,52,0,2,0,0,3,3,35,32,74,2,1,0,0,6,4,31,40,180,2,8,108Y
10014,臺東縣,10014090,太麻里鄉,10014090-001,美和村,0,0,12,10,57,5,0,0,0,0,0,47,15,44,6,0,0,0,0,3,42,7,35,4,1,0,0,0,4,33,15,42,5,1,0,0,0,4,17,11,52,18,0,0,0,0,0,12,15,55,26,5,0,0,1,5,2,20,55,38,3,0,2,0,0,3,13,38,42,10,0,0,0,0,1,5,38,61,18,0,0,0,1,1,4,23,26,53,0,0,0,0,2,2,16,20,222,0,11,108Y
10014,臺東縣,10014090,太麻里鄉,10014090-007,香蘭村,0,0,4,6,30,4,1,0,0,0,0,15,6,21,1,0,0,0,0,1,24,2,24,1,0,0,0,1,4,22,6,26,4,0,0,0,0,1,6,10,40,11,0,0,1,0,1,5,8,29,13,1,0,0,0,2,6,2,22,17,2,0,0,0,3,2,8,43,25,3,0,0,0,2,1,4,25,41,16,0,1,0,1,1,0,14,21,33,0,2,0,1,1,1,6,17,146,2,18,108Y
10014,臺東縣,10014090,太麻里鄉,10014090-005,泰和村,0,0,10,19,41,4,2,0,0,0,2,66,24,24,1,0,0,0,1,5,69,12,28,4,0,0,0,1,4,57,12,22,6,0,0,0,0,10,38,12,38,8,3,0,0,0,6,12,27,44,23,0,0,0,0,2,14,18,66,27,1,0,0,0,0,7,13,55,39,4,0,0,0,1,6,7,48,43,18,0,2,0,2,3,8,39,26,36,1,2,0,1,8,7,30,38,205,2,32,108Y
10014,臺東縣,10014090,太麻里鄉,10014090-003,華源村,0,0,6,1,24,2,0,0,0,0,3,18,2,10,3,0,0,0,0,1,14,3,10,1,0,0,0,0,1,11,2,10,2,0,0,0,0,0,6,7,25,5,0,0,0,0,4,4,7,23,9,1,0,0,0,2,10,3,29,15,2,0,0,0,0,3,6,23,30,3,0,0,0,0,0,3,9,24,8,0,1,0,0,0,3,7,6,23,0,2,0,0,2,3,11,16,124,1,39,108Y
10014,臺東縣,10014020,成功鎮,10014020-003,三仙里,0,0,10,6,39,6,2,0,0,0,0,39,9,49,5,1,0,0,0,2,34,4,42,9,0,0,0,0,2,22,2,34,7,2,0,0,0,3,13,7,54,34,20,0,0,0,2,4,9,34,60,19,0,0,0,2,11,3,31,69,17,0,0,0,2,1,6,23,48,38,0,0,0,0,1,3,15,54,71,0,3,0,1,1,4,26,31,78,1,2,0,0,0,2,11,21,240,1,9,108Y
10014,臺東縣,10014020,成功鎮,10014020-004,三民里,0,0,34,18,83,10,1,0,0,0,3,106,26,73,5,0,0,0,0,10,103,19,66,7,0,0,0,1,5,78,23,69,19,0,0,0,0,4,38,32,90,38,13,0,0,0,8,40,30,88,74,28,0,1,1,7,14,23,72,86,16,0,1,1,5,12,22,68,101,35,0,1,0,0,3,10,60,86,83,0,1,0,0,12,13,43,52,113,1,9,0,0,6,8,38,56,431,0,24,108Y
10014,臺東縣,10014020,成功鎮,10014020-007,和平里,0,0,5,2,17,3,0,0,0,0,0,17,0,12,0,0,0,0,0,4,24,6,16,0,0,0,0,0,0,15,4,18,3,0,0,0,0,1,3,3,28,5,1,0,0,1,3,4,2,26,24,5,0,1,0,2,3,2,13,21,6,0,0,0,1,5,2,24,32,16,0,0,0,0,1,2,16,29,32,0,1,0,0,1,1,9,18,45,0,0,1,0,1,0,13,22,162,1,7,108Y
10014,臺東縣,10014020,成功鎮,10014020-006,忠仁里,0,0,20,14,94,14,2,0,0,0,2,74,18,47,5,0,0,0,0,6,83,7,39,3,0,0,0,0,4,64,22,39,8,2,0,0,0,7,33,33,70,32,8,0,0,0,10,25,34,81,46,17,0,1,0,4,11,23,85,66,10,0,0,1,4,10,19,68,71,22,0,1,0,3,6,21,65,76,42,0,2,0,1,5,13,48,63,71,0,1,0,3,8,11,46,79,304,4,15,108Y
10014,臺東縣,10014020,成功鎮,10014020-002,忠孝里,0,0,4,2,20,5,1,0,0,0,0,20,4,28,0,0,0,0,0,0,26,8,34,5,0,0,0,0,1,19,4,23,11,1,0,0,0,0,11,9,26,21,5,0,0,0,0,12,9,30,22,1,0,0,0,1,2,6,26,32,1,0,1,0,1,1,7,28,48,16,0,0,0,1,3,1,31,38,29,0,0,0,0,3,2,12,34,39,0,0,0,0,2,4,15,22,201,1,3,108Y
10014,臺東縣,10014020,成功鎮,10014020-005,忠智里,0,0,29,11,64,4,0,0,0,0,4,77,19,27,1,0,0,0,0,12,89,12,28,3,0,0,0,1,11,58,9,29,7,1,0,0,1,11,38,30,59,23,5,0,0,2,12,32,37,69,35,6,0,0,1,3,18,19,61,52,2,0,0,0,2,10,22,77,36,8,0,0,0,2,9,17,66,64,20,0,1,0,0,9,9,39,48,47,0,0,0,2,9,9,50,71,283,2,13,108Y
10014,臺東縣,10014020,成功鎮,10014020-008,信義里,0,0,7,5,53,7,0,0,0,0,0,46,9,30,0,0,0,0,0,4,47,4,43,5,0,0,0,0,3,29,5,37,19,0,0,0,1,2,21,21,45,29,12,0,0,0,2,14,27,57,44,18,0,0,0,7,9,12,46,79,23,0,1,2,1,3,15,42,79,47,0,0,0,3,7,7,35,75,75,0,0,0,1,6,11,31,45,87,0,1,0,1,11,2,36,33,342,2,5,108Y
10014,臺東縣,10014020,成功鎮,10014020-001,博愛里,0,0,1,1,11,2,0,0,0,0,0,11,1,18,0,0,0,0,0,0,10,1,15,0,0,0,0,0,2,11,5,10,1,0,0,0,0,0,4,5,13,8,5,0,0,0,1,5,6,15,18,1,0,0,0,1,2,1,18,21,1,0,0,0,0,1,6,21,38,5,0,0,0,0,1,4,17,38,19,0,1,0,0,3,3,9,17,29,0,0,0,0,2,2,9,12,161,0,1,108Y
10014,臺東縣,10014060,池上鄉,10014060-003,大坡村,0,0,1,3,9,0,0,0,0,0,0,11,3,4,1,0,0,0,0,0,16,0,9,1,0,0,0,0,0,4,2,6,1,0,0,0,0,1,3,3,14,2,1,0,0,0,1,1,1,10,11,0,0,0,0,0,1,2,6,6,1,0,1,0,0,2,1,11,6,4,0,0,0,0,0,0,6,23,6,0,1,0,0,0,0,15,18,10,0,0,0,1,3,0,6,10,58,0,8,108Y
10014,臺東縣,10014060,池上鄉,10014060-004,大埔村,0,0,6,9,26,3,0,0,0,0,0,30,6,14,1,0,0,0,0,2,43,7,11,2,0,0,0,0,2,14,4,13,2,0,0,0,1,5,15,11,26,11,0,0,0,1,5,9,11,21,13,0,0,0,0,1,9,6,27,25,4,0,0,0,2,12,4,28,18,3,0,1,1,2,1,4,20,31,6,0,0,0,1,2,3,16,23,27,0,2,0,0,7,9,28,21,133,1,12,108Y
10014,臺東縣,10014060,池上鄉,10014060-010,振興村,0,0,4,2,14,2,1,0,0,0,0,5,6,20,1,0,0,0,0,1,10,2,19,1,0,0,0,0,0,8,1,10,3,1,0,0,0,2,5,1,22,3,4,0,0,0,2,2,2,17,10,1,0,0,0,1,3,4,15,17,6,0,0,0,1,0,3,13,16,9,0,1,0,0,1,2,6,15,14,0,0,0,0,1,2,5,7,23,0,2,0,0,1,1,2,3,73,0,17,108Y
10014,臺東縣,10014060,池上鄉,10014060-009,富興村,0,0,3,1,21,0,0,0,0,0,2,8,4,13,3,0,0,0,0,1,6,0,8,0,0,0,0,0,2,5,1,6,1,0,0,0,0,1,3,3,21,1,0,0,0,0,0,1,2,23,11,3,0,0,1,0,0,1,14,11,1,0,0,0,0,2,5,12,13,6,0,0,0,1,1,3,13,15,13,0,0,0,0,0,2,16,8,13,0,2,0,1,3,1,4,17,57,2,12,108Y
10014,臺東縣,10014060,池上鄉,10014060-007,新興村,0,0,13,9,22,4,0,0,0,0,1,24,10,17,1,0,0,0,0,2,37,3,16,3,0,0,0,0,1,14,2,21,3,2,0,0,1,3,10,6,26,10,2,0,0,1,5,5,8,29,28,2,0,0,0,5,4,13,50,17,4,0,1,0,0,0,5,38,20,2,0,0,0,1,4,3,27,26,11,0,0,0,0,0,6,24,24,20,0,1,0,0,2,3,16,21,159,0,20,108Y
10014,臺東縣,10014060,池上鄉,10014060-008,萬安村,0,0,2,3,14,0,0,0,0,0,0,9,2,6,0,0,0,0,0,1,11,1,6,0,0,0,0,0,1,6,1,6,0,0,1,0,0,1,6,1,12,0,1,0,0,0,0,2,9,8,2,0,0,1,0,0,3,0,14,2,2,0,0,0,0,1,2,13,10,1,0,1,0,0,0,3,20,16,5,0,1,0,0,0,1,3,5,2,0,0,0,0,1,0,5,15,65,1,10,108Y
10014,臺東縣,10014060,池上鄉,10014060-001,福文村,0,0,12,15,45,5,0,0,0,0,2,33,15,33,2,0,0,0,1,4,35,6,33,4,0,0,0,0,2,19,4,23,5,0,0,0,1,2,9,6,38,8,5,0,0,0,0,13,14,48,17,6,0,0,0,4,9,13,57,41,6,0,0,0,2,6,2,50,30,9,0,1,0,1,3,9,38,42,8,0,3,0,1,0,3,31,32,37,0,0,0,0,8,6,26,23,179,2,22,108Y
10014,臺東縣,10014060,池上鄉,10014060-005,福原村,0,0,21,20,69,12,2,0,0,0,6,76,22,30,0,1,0,0,0,9,98,8,33,2,0,0,0,0,13,58,12,39,9,3,0,0,2,13,55,25,46,6,3,0,0,0,11,30,29,65,21,5,0,0,0,13,34,29,83,23,5,0,0,0,3,12,19,77,38,6,1,0,0,2,14,29,84,52,13,0,0,0,0,14,17,69,35,35,0,2,0,1,12,11,68,83,227,10,24,108Y
10014,臺東縣,10014060,池上鄉,10014060-002,慶豐村,0,0,5,9,21,2,0,0,0,0,2,20,7,14,0,0,0,0,0,3,20,1,15,4,0,0,0,0,0,13,6,15,3,1,0,0,0,2,13,4,22,5,0,0,0,0,4,7,14,36,9,0,0,0,0,0,1,4,32,12,1,0,0,0,4,2,7,27,19,2,0,0,0,1,2,2,36,25,6,0,1,0,0,1,4,8,21,16,0,0,0,0,0,4,12,24,114,0,11,108Y
10014,臺東縣,10014060,池上鄉,10014060-006,錦園村,0,0,1,1,11,4,1,0,0,0,0,15,2,3,1,0,0,0,0,1,9,0,2,0,0,1,0,0,0,10,1,8,0,0,0,0,0,1,8,3,5,4,0,0,0,0,1,4,5,8,2,1,0,0,0,0,1,0,26,5,1,0,0,0,0,0,2,21,8,0,0,0,0,2,2,3,19,18,2,0,0,0,1,2,0,13,12,10,0,0,0,0,1,3,10,13,57,2,6,108Y
10014,臺東縣,10014040,卑南鄉,10014040-010,太平村,0,0,33,29,120,10,3,0,0,0,10,133,33,80,3,0,0,0,1,17,118,34,123,8,1,0,0,0,13,76,27,116,16,0,0,0,0,13,58,34,113,35,6,0,0,1,11,33,54,121,52,9,0,0,0,12,28,36,144,79,10,0,0,0,12,26,35,130,66,12,0,0,0,10,27,26,106,92,37,0,3,1,1,15,12,82,58,87,2,2,0,0,15,22,66,48,251,20,52,108Y
10014,臺東縣,10014040,卑南鄉,10014040-002,利吉村,0,0,3,5,8,1,0,0,0,0,0,7,4,9,0,0,0,0,0,2,16,3,12,1,0,0,0,0,2,6,1,15,3,0,0,0,0,2,7,6,19,4,1,0,0,0,0,1,3,16,4,1,0,0,0,3,2,6,3,7,0,0,0,0,2,3,7,14,13,6,0,0,0,0,2,1,16,22,13,0,0,0,1,0,2,14,15,20,0,1,0,1,3,4,10,7,73,4,11,108Y
10014,臺東縣,10014040,卑南鄉,10014040-011,利嘉村,0,0,8,6,47,7,1,0,0,0,1,42,17,43,3,0,0,0,0,4,40,7,44,8,0,0,0,0,10,35,11,40,6,1,0,0,1,6,20,9,29,18,0,0,0,1,2,11,13,26,25,0,0,0,0,2,10,15,44,20,1,0,0,0,4,8,13,53,23,3,0,0,0,2,7,8,44,29,9,0,0,0,1,8,11,38,36,21,0,0,0,0,13,10,36,27,107,1,4,108Y
10014,臺東縣,10014040,卑南鄉,10014040-005,明峰村,0,0,4,4,39,7,2,0,0,0,3,31,10,33,2,0,0,0,0,2,32,9,28,3,0,0,0,0,4,36,8,29,5,0,0,0,0,9,19,16,46,13,1,0,0,0,3,10,16,48,14,3,0,0,0,3,12,13,55,18,3,0,0,0,0,3,5,46,41,15,0,1,0,0,4,2,36,43,22,0,0,0,1,5,7,32,20,20,0,1,0,2,5,9,44,30,159,12,28,108Y
10014,臺東縣,10014040,卑南鄉,10014040-012,東興村,0,0,5,14,46,8,1,0,0,0,1,40,15,39,2,0,0,0,0,1,48,12,40,2,0,0,0,0,1,19,7,42,11,1,0,0,0,2,24,13,58,16,5,0,0,0,2,11,15,36,33,6,0,0,0,4,17,8,59,25,7,0,1,0,3,3,10,50,53,28,0,1,0,2,2,4,25,43,40,0,0,0,0,2,3,22,18,44,0,3,0,0,4,6,12,16,111,0,8,108Y
10014,臺東縣,10014040,卑南鄉,10014040-006,初鹿村,0,0,13,10,61,7,0,0,0,0,3,44,14,35,1,0,0,0,0,7,42,6,26,3,0,0,0,0,3,20,7,38,3,0,0,0,0,1,22,17,48,22,7,0,0,0,5,11,14,46,31,7,0,0,0,8,10,10,59,24,4,0,0,0,5,7,11,43,42,5,0,0,0,2,7,5,33,42,16,1,1,1,1,6,7,33,30,33,1,1,0,3,8,7,48,15,158,9,34,108Y
10014,臺東縣,10014040,卑南鄉,10014040-007,美農村,0,0,9,12,43,3,0,0,0,0,1,30,10,28,1,1,0,0,0,6,41,9,23,2,0,0,0,0,2,22,3,16,11,0,0,0,0,7,19,4,28,18,2,0,0,0,1,7,9,51,17,2,0,0,1,2,13,4,61,23,0,0,0,0,2,4,13,54,41,9,0,0,2,1,4,7,41,32,15,0,0,0,0,1,6,36,22,21,0,1,0,2,6,5,34,25,147,2,35,108Y
10014,臺東縣,10014040,卑南鄉,10014040-009,泰安村,0,0,9,10,50,7,0,0,0,0,1,45,16,49,4,0,0,0,0,9,35,5,51,6,0,0,1,0,3,18,6,50,17,1,0,0,0,2,7,13,50,14,1,0,0,0,0,6,10,49,29,0,0,0,0,5,7,7,52,36,7,0,0,0,4,9,10,42,40,14,0,0,0,5,5,10,30,40,23,0,1,0,1,1,1,21,17,32,0,3,1,1,5,5,13,14,113,0,9,108Y
10014,臺東縣,10014040,卑南鄉,10014040-003,富山村,0,0,4,0,21,1,0,0,0,0,0,10,7,12,2,0,0,0,0,1,17,2,11,2,0,0,0,0,4,5,2,16,4,1,0,0,2,1,4,1,14,9,1,0,0,1,0,6,6,13,11,1,0,0,0,3,0,3,9,20,8,0,0,0,2,4,3,14,22,8,0,1,0,1,3,1,20,19,10,0,0,0,1,1,2,10,8,18,0,1,0,0,1,3,2,5,61,10,18,108Y
10014,臺東縣,10014040,卑南鄉,10014040-004,富源村,0,0,3,3,8,1,0,0,0,0,0,11,2,6,1,0,0,0,0,0,11,1,3,1,0,0,0,0,1,7,3,8,1,0,0,0,0,4,3,6,4,3,0,0,1,0,2,1,0,9,2,0,0,1,0,0,1,4,14,11,0,0,0,0,0,0,3,17,10,0,0,0,0,0,2,2,11,17,3,0,0,0,1,0,0,10,12,12,0,0,0,1,0,4,9,9,48,9,25,108Y
10014,臺東縣,10014040,卑南鄉,10014040-013,溫泉村,0,0,4,8,29,4,0,0,0,0,0,29,9,19,1,1,0,0,1,4,45,6,13,2,0,0,0,1,4,24,6,22,3,0,0,0,0,1,15,13,36,11,5,0,0,0,3,10,9,33,20,4,0,0,2,4,9,8,47,28,3,0,0,1,8,6,7,49,34,5,0,0,0,3,6,14,43,44,14,0,0,0,0,8,7,37,22,20,0,2,0,3,11,6,30,42,172,3,30,108Y
10014,臺東縣,10014040,卑南鄉,10014040-001,嘉豐村,0,0,5,2,15,1,1,0,0,0,0,14,3,21,1,0,0,0,0,0,6,2,17,2,0,0,0,1,3,7,3,25,7,0,0,0,0,0,4,4,19,10,3,0,0,0,1,2,2,15,17,5,0,0,0,1,2,0,4,25,4,0,0,0,0,0,1,16,21,7,0,0,0,1,2,3,11,20,18,0,1,0,1,0,1,3,8,28,0,0,0,0,0,1,2,3,75,4,6,108Y
10014,臺東縣,10014040,卑南鄉,10014040-008,賓朗村,0,0,22,22,86,12,2,0,0,0,0,103,36,55,1,0,0,0,2,8,78,20,46,0,0,0,0,1,10,66,10,49,5,2,0,0,0,13,32,20,66,18,8,0,0,2,9,25,30,77,31,1,0,1,0,11,24,21,98,36,6,0,0,1,7,28,15,98,62,10,0,1,0,4,16,7,103,71,21,0,0,0,1,12,11,71,50,41,1,2,1,3,26,20,73,53,267,26,28,108Y
10014,臺東縣,10014130,延平鄉,10014130-002,永康村,0,0,4,4,13,3,0,0,0,0,0,10,2,18,1,0,0,0,0,0,7,3,7,2,0,0,0,0,3,10,3,8,0,0,0,0,1,4,8,5,13,4,1,0,0,1,1,3,3,15,4,0,0,0,0,0,6,3,15,21,1,0,0,0,2,2,0,8,19,8,0,0,0,0,0,1,7,7,7,0,0,0,1,1,0,9,4,7,0,0,0,1,0,2,2,0,21,0,1,108Y
10014,臺東縣,10014130,延平鄉,10014130-001,武陵村,0,0,4,13,30,4,0,0,0,0,0,18,14,18,0,0,0,0,0,1,24,5,13,3,0,0,0,0,1,11,6,18,6,0,0,0,1,4,11,4,11,25,0,0,0,0,7,17,11,30,22,2,0,0,0,2,6,3,19,18,8,0,0,0,2,2,3,19,21,17,0,0,0,0,3,2,8,11,25,0,0,0,0,1,3,8,4,18,0,0,0,0,1,1,6,8,46,0,0,108Y
10014,臺東縣,10014130,延平鄉,10014130-003,紅葉村,0,0,2,9,15,2,2,0,0,0,0,10,5,21,0,0,0,0,0,2,17,5,15,0,0,0,0,0,5,10,1,7,5,1,0,0,0,6,5,4,20,10,2,0,0,0,2,1,12,42,9,1,0,0,0,0,1,3,13,14,3,0,0,0,0,2,2,4,15,15,0,0,0,1,0,1,9,12,9,0,0,0,0,1,1,7,7,16,0,0,0,0,0,2,5,3,38,0,2,108Y
10014,臺東縣,10014130,延平鄉,10014130-005,桃源村,0,0,9,19,48,3,1,0,0,0,1,39,26,34,2,0,0,0,0,6,43,11,35,5,0,0,0,1,1,31,9,44,13,2,0,0,0,2,18,15,36,19,2,0,0,1,9,15,9,50,26,6,0,1,0,6,8,11,39,26,13,0,0,0,3,7,10,30,24,17,0,1,1,2,5,10,20,27,24,0,0,0,4,6,6,24,6,21,0,0,0,0,4,5,15,6,75,0,0,108Y
10014,臺東縣,10014130,延平鄉,10014130-004,鸞山村,0,0,9,6,33,2,0,0,0,0,1,22,9,29,1,0,0,0,0,2,18,5,19,2,0,0,0,0,3,11,2,17,6,0,0,0,1,4,7,6,29,17,1,0,0,0,0,8,5,26,17,3,0,0,0,1,4,6,27,21,7,0,0,0,0,3,4,18,23,8,0,0,0,2,3,3,8,25,11,0,1,0,0,0,2,9,3,24,0,0,0,1,1,0,7,5,60,0,3,108Y
10014,臺東縣,10014070,東河鄉,10014070-001,北源村,0,0,5,8,31,4,1,0,0,0,2,32,5,28,3,0,0,0,0,2,31,4,24,2,0,0,0,0,4,24,8,43,13,2,0,0,0,1,17,13,79,30,6,0,0,0,3,12,16,73,57,6,0,0,0,2,5,9,58,63,8,0,2,0,1,5,13,62,72,20,0,2,1,0,6,5,48,65,40,0,0,0,0,4,2,30,46,66,1,1,0,1,4,5,26,25,310,3,20,108Y
10014,臺東縣,10014070,東河鄉,10014070-004,尚德村,0,0,4,0,10,0,0,0,0,0,0,5,3,6,0,0,0,0,0,0,0,2,5,1,0,0,0,0,2,2,1,10,3,0,0,0,0,0,4,0,11,5,0,0,0,0,0,1,5,7,7,1,0,0,0,0,1,1,7,8,1,0,0,0,1,4,3,12,10,4,0,0,0,0,1,2,6,16,3,0,0,0,0,0,3,3,6,13,0,1,0,0,0,0,5,8,44,5,2,108Y
10014,臺東縣,10014070,東河鄉,10014070-003,東河村,0,0,4,5,26,1,5,0,0,0,2,28,8,19,1,0,0,0,0,1,32,5,13,1,0,0,0,0,2,23,4,15,5,0,0,0,0,5,15,13,44,11,1,0,0,0,1,5,8,45,22,0,0,0,1,2,8,15,63,25,2,0,0,0,3,4,11,44,32,5,0,1,0,3,5,5,29,38,6,0,0,0,0,8,5,22,23,22,0,0,0,0,6,4,16,56,164,0,8,108Y
10014,臺東縣,10014070,東河鄉,10014070-002,泰源村,0,0,6,7,34,3,0,0,0,0,1,36,9,25,2,0,0,0,0,4,26,6,21,4,0,0,0,0,4,13,5,42,13,1,0,0,1,2,16,5,39,28,2,0,0,0,4,7,6,39,37,4,0,0,0,1,4,7,48,34,19,0,1,0,1,8,10,39,26,32,1,2,0,1,5,2,20,44,48,0,1,0,0,0,8,9,31,65,0,1,0,1,4,3,18,24,211,2,14,108Y
10014,臺東縣,10014070,東河鄉,10014070-007,都蘭村,0,0,15,10,62,6,3,0,0,0,1,62,9,49,2,0,0,0,0,3,67,9,36,2,0,0,0,0,8,42,13,52,7,1,0,0,1,4,37,21,90,30,2,0,0,1,11,25,23,81,39,0,0,0,1,7,17,20,74,58,4,0,0,1,5,9,16,84,60,16,0,1,0,3,14,22,66,104,16,0,0,2,2,14,11,51,57,72,2,0,2,4,11,7,47,87,328,3,29,108Y
10014,臺東縣,10014070,東河鄉,10014070-005,隆昌村,0,0,0,2,15,1,0,0,0,0,1,13,3,5,1,0,0,0,0,1,17,3,9,0,0,0,0,0,5,12,4,8,2,0,0,0,0,2,2,2,20,1,1,0,0,0,0,6,2,20,5,1,0,0,0,1,7,8,27,10,0,0,0,0,3,3,10,25,16,1,0,1,0,1,2,3,22,23,4,0,0,0,1,5,4,9,21,21,0,0,0,1,4,1,9,17,119,0,11,108Y
10014,臺東縣,10014070,東河鄉,10014070-006,興昌村,0,0,4,4,23,5,0,0,0,0,1,17,4,18,2,0,0,0,0,1,25,2,13,1,0,0,0,1,3,13,5,11,3,0,0,0,1,4,10,4,17,9,3,0,0,0,2,10,13,35,16,3,0,0,0,4,6,5,44,28,1,0,0,0,7,8,5,26,33,5,0,0,1,2,5,7,26,39,17,0,1,1,3,3,7,23,19,34,0,2,1,1,3,4,20,25,207,0,19,108Y
10014,臺東縣,10014140,金峰鄉,10014140-002,正興村,0,0,7,10,30,3,0,0,0,0,0,27,18,16,0,0,0,0,0,3,29,11,14,1,1,0,0,0,2,22,4,15,2,2,0,0,0,2,10,9,26,2,2,0,0,0,5,11,4,20,4,0,0,0,0,1,4,3,29,9,2,0,0,0,2,6,6,26,22,3,0,0,1,0,8,2,27,27,8,0,0,0,0,7,4,17,20,12,0,0,0,1,5,3,6,6,54,0,0,108Y
10014,臺東縣,10014140,金峰鄉,10014140-001,新興村,0,0,6,9,23,3,0,0,0,0,1,24,10,10,0,0,0,0,0,1,25,8,16,0,0,0,0,0,2,12,8,18,9,0,0,0,0,0,7,7,28,7,1,0,1,1,3,7,5,23,5,0,0,0,0,6,6,9,16,12,0,0,0,0,4,7,7,17,23,2,0,0,0,2,1,1,12,20,11,0,0,0,1,0,1,10,10,29,0,0,0,0,1,1,6,1,39,0,0,108Y
10014,臺東縣,10014140,金峰鄉,10014140-003,嘉蘭村,0,0,15,17,66,7,0,0,0,0,0,40,37,66,3,0,0,0,0,2,51,16,46,4,0,0,0,0,0,37,13,38,10,1,0,0,0,1,17,16,62,21,3,0,0,1,2,10,14,40,34,5,0,0,0,3,9,18,54,40,6,0,0,0,0,5,8,36,47,25,0,0,0,1,4,5,35,28,37,0,0,0,2,1,1,14,24,51,0,1,0,0,3,4,14,5,115,0,0,108Y
10014,臺東縣,10014140,金峰鄉,10014140-004,賓茂村,0,0,1,5,15,2,0,0,0,0,0,9,8,7,1,0,0,0,0,2,10,2,14,0,0,0,0,0,0,4,1,18,1,0,0,0,0,1,3,1,20,5,0,0,0,0,1,1,3,16,7,1,0,0,0,5,3,3,9,9,2,0,0,0,1,5,1,10,11,4,0,0,0,0,1,4,13,21,5,0,0,0,2,3,2,8,6,7,0,0,0,0,2,0,8,5,35,0,0,108Y
10014,臺東縣,10014140,金峰鄉,10014140-005,歷坵村,0,0,1,5,18,2,0,0,0,0,0,7,5,15,1,0,0,0,0,1,9,4,18,1,0,0,0,0,0,4,2,12,0,0,0,0,0,0,4,5,16,5,2,0,0,0,0,3,4,11,8,0,0,0,0,1,2,1,15,9,0,0,0,0,0,1,3,6,17,8,0,0,0,0,0,1,16,16,12,0,0,0,0,0,2,6,8,9,0,0,0,0,0,0,3,5,39,0,0,108Y
10014,臺東縣,10014080,長濱鄉,10014080-002,三間村,0,0,6,7,27,8,0,0,0,0,1,17,6,32,4,0,0,0,0,0,17,2,18,1,1,0,0,0,0,13,9,20,4,0,0,0,0,3,17,12,33,16,2,0,0,1,4,7,10,38,36,5,0,0,0,6,8,7,37,30,10,0,0,0,1,6,8,29,52,28,0,0,1,0,1,7,29,49,52,0,1,0,0,10,1,15,40,36,0,1,0,0,7,5,18,15,294,2,9,108Y
10014,臺東縣,10014080,長濱鄉,10014080-005,竹湖村,0,0,8,2,19,6,1,0,0,0,0,17,0,12,0,0,0,0,0,2,19,3,20,1,0,0,0,0,0,20,5,17,6,0,0,0,0,0,15,2,45,8,1,0,0,0,3,8,4,28,29,5,0,0,0,2,2,4,27,31,5,0,0,0,3,8,4,23,46,13,0,1,0,4,1,6,24,53,24,0,0,0,1,1,0,6,24,59,0,1,0,0,2,2,15,20,190,0,5,108Y
10014,臺東縣,10014080,長濱鄉,10014080-003,忠勇村,0,0,2,4,22,3,0,0,0,0,0,16,5,9,0,0,0,0,0,1,6,0,20,3,0,0,0,0,1,6,3,6,3,0,0,0,0,1,5,2,19,11,0,0,0,0,4,2,3,14,24,1,0,0,0,0,1,3,25,23,2,0,0,0,2,3,1,17,28,10,0,0,0,1,2,2,10,28,12,0,0,0,0,4,2,11,9,23,0,1,0,1,2,1,4,11,108,0,4,108Y
10014,臺東縣,10014080,長濱鄉,10014080-004,長濱村,0,0,15,9,47,10,0,0,0,0,1,58,12,47,2,0,0,0,0,5,72,4,44,11,0,0,0,0,2,34,8,50,9,1,0,0,0,6,33,14,60,23,5,0,1,1,6,14,14,53,59,5,0,0,1,0,8,16,68,68,10,0,1,0,6,14,19,70,96,21,0,2,2,5,10,16,64,97,31,0,0,0,1,12,8,46,42,71,0,1,0,3,8,9,36,46,370,4,7,108Y
10014,臺東縣,10014080,長濱鄉,10014080-006,寧埔村,0,0,7,5,21,2,1,0,0,0,1,18,5,17,2,0,0,0,0,3,32,6,27,1,0,0,0,0,1,20,4,32,5,2,0,0,0,2,8,7,31,28,1,0,0,0,2,14,5,29,41,3,0,0,0,3,3,10,30,46,5,0,0,1,3,3,8,49,71,24,0,0,0,0,2,3,25,58,35,0,0,0,0,2,2,20,36,74,0,0,0,0,2,3,22,29,252,0,2,108Y
10014,臺東縣,10014080,長濱鄉,10014080-001,樟原村,0,0,2,5,15,0,0,0,0,0,1,11,9,19,1,0,0,0,0,0,12,4,22,1,0,0,0,0,0,6,2,8,0,0,0,0,0,0,3,3,13,8,4,0,0,0,0,1,1,12,22,3,0,0,0,0,5,3,19,32,0,0,0,0,0,2,3,18,36,7,0,0,0,1,2,0,20,21,13,0,1,0,2,6,2,4,17,28,0,1,0,1,4,1,7,9,160,0,2,108Y
10014,臺東縣,10014120,海端鄉,10014120-006,加拿村,0,0,9,4,27,3,0,0,0,0,0,18,12,23,1,0,0,0,0,1,14,8,24,2,0,0,0,0,4,9,1,24,7,1,0,0,0,1,11,5,13,9,0,0,0,0,0,2,6,19,11,7,0,0,0,1,6,4,21,11,14,0,0,0,0,0,2,9,17,21,0,0,0,2,0,1,7,15,23,0,0,0,0,2,1,2,6,21,0,0,0,0,0,2,5,2,33,0,0,108Y
10014,臺東縣,10014120,海端鄉,10014120-003,利稻村,0,0,2,10,16,1,0,0,0,0,0,11,7,9,1,0,0,0,0,0,13,3,12,0,0,0,0,0,0,5,2,16,3,0,0,0,0,0,6,5,15,5,0,0,0,0,2,3,4,7,2,2,0,0,0,2,3,6,4,5,9,0,0,0,0,0,1,8,8,4,0,0,0,0,0,0,4,6,3,0,0,0,0,0,1,5,2,8,0,0,0,0,1,0,3,3,20,0,0,108Y
10014,臺東縣,10014120,海端鄉,10014120-005,崁頂村,0,0,4,8,28,1,0,0,0,0,2,25,13,18,1,0,0,0,0,3,24,5,22,2,0,0,1,0,1,18,9,24,7,0,0,0,0,3,12,6,17,10,2,0,0,0,1,9,3,20,13,1,0,0,0,1,5,6,18,19,3,0,0,0,0,4,3,9,28,4,0,0,0,0,3,2,21,23,13,0,1,0,0,3,1,4,9,29,0,0,0,0,4,1,10,3,41,0,1,108Y
10014,臺東縣,10014120,海端鄉,10014120-004,海端村,0,0,11,16,53,6,0,0,0,0,0,36,18,41,4,0,0,0,0,1,41,11,30,0,0,0,0,0,4,34,7,51,10,0,0,0,0,5,18,15,48,13,4,0,0,0,6,10,16,59,21,4,0,0,0,0,4,7,31,33,8,0,1,0,0,5,4,26,22,15,0,0,0,2,6,5,22,19,22,0,0,0,1,3,5,10,15,42,0,0,0,1,4,6,12,4,82,0,2,108Y
10014,臺東縣,10014120,海端鄉,10014120-001,廣原村,0,0,6,19,48,5,0,0,0,0,0,29,14,20,0,0,0,0,0,2,29,7,37,3,0,0,0,0,1,19,6,27,15,1,0,0,0,1,14,10,43,14,1,0,0,0,1,3,14,32,20,3,0,0,0,2,3,6,33,18,11,1,0,0,2,3,3,18,26,13,0,0,0,0,4,6,14,13,34,0,0,0,0,0,0,11,10,23,0,0,0,0,0,0,6,4,69,1,1,108Y
10014,臺東縣,10014120,海端鄉,10014120-002,霧鹿村,0,0,7,0,13,2,0,0,0,0,0,6,8,9,0,0,0,0,0,0,12,1,8,1,0,0,0,0,2,6,1,11,2,0,0,0,0,0,7,2,18,7,1,0,0,0,0,1,2,8,8,1,0,0,0,0,1,1,9,8,1,0,0,0,0,2,0,11,8,7,0,0,0,0,0,1,3,6,8,0,0,0,0,1,0,3,3,12,0,0,0,0,1,2,4,2,24,0,0,108Y
10014,臺東縣,10014050,鹿野鄉,10014050-004,永安村,0,0,10,15,54,3,0,0,0,0,0,45,17,42,2,0,0,0,0,1,55,10,37,2,0,0,0,0,5,35,10,36,5,1,0,0,0,3,16,18,50,18,2,1,2,1,7,16,12,51,31,3,0,0,1,5,12,11,54,40,6,0,0,0,2,15,16,54,54,10,0,0,2,5,10,14,48,66,22,0,0,0,3,9,6,39,25,38,1,2,0,2,9,7,28,26,194,1,21,108Y
10014,臺東縣,10014050,鹿野鄉,10014050-006,鹿野村,0,0,13,6,36,3,3,0,0,0,1,33,13,30,2,0,0,0,0,2,45,3,20,1,0,0,0,0,4,24,7,26,7,0,0,0,1,4,12,13,28,11,3,0,0,0,6,5,10,33,18,3,0,0,0,3,9,10,41,19,2,0,0,0,4,13,11,50,47,7,0,1,2,1,6,11,32,40,9,0,1,0,0,5,6,27,27,33,0,2,0,1,7,12,38,31,154,7,16,108Y
10014,臺東縣,10014050,鹿野鄉,10014050-001,瑞和村,0,0,6,3,26,3,0,0,0,0,1,17,2,36,0,0,0,0,0,3,23,6,24,2,0,0,0,0,2,12,0,16,6,0,0,0,0,0,10,5,24,17,4,0,0,0,1,4,3,30,14,1,0,0,0,0,3,5,25,14,1,0,0,0,1,0,0,36,26,11,0,0,0,0,1,1,20,23,14,0,1,0,1,6,3,11,11,14,0,1,0,1,0,3,18,16,101,1,8,108Y
10014,臺東縣,10014050,鹿野鄉,10014050-005,瑞隆村,0,0,10,8,40,3,1,0,0,0,0,25,9,20,1,0,0,0,0,3,18,8,26,5,0,0,0,0,2,18,5,15,11,2,0,0,0,3,7,6,32,9,4,0,2,0,7,10,8,29,27,2,0,1,0,2,5,8,37,19,5,0,0,0,1,6,8,35,31,12,0,0,0,0,3,2,20,36,13,0,1,0,0,1,2,29,27,26,0,2,0,1,2,8,20,18,152,3,12,108Y
10014,臺東縣,10014050,鹿野鄉,10014050-003,瑞源村,0,0,9,1,32,2,1,0,0,0,1,28,5,26,2,0,0,0,1,5,31,5,30,3,0,0,0,0,7,17,3,16,10,0,0,0,1,7,11,9,27,6,0,0,1,0,2,11,6,34,18,0,0,0,0,2,5,5,35,18,2,0,0,0,1,4,5,38,23,11,0,0,0,1,3,4,29,31,18,0,0,0,1,0,3,15,17,30,0,1,0,1,6,4,22,24,140,7,14,108Y
10014,臺東縣,10014050,鹿野鄉,10014050-002,瑞豐村,0,0,9,5,45,4,0,0,1,0,1,37,8,14,1,0,0,0,0,6,21,6,10,1,0,0,0,0,3,25,5,22,4,0,0,0,0,4,9,13,24,16,3,0,0,0,3,6,18,33,16,5,2,0,0,3,7,9,38,21,2,0,0,0,0,3,4,36,34,1,0,1,0,1,5,8,30,34,8,0,1,0,0,6,3,21,16,28,0,2,0,2,7,4,15,20,136,3,43,108Y
10014,臺東縣,10014050,鹿野鄉,10014050-007,龍田村,0,0,11,15,35,3,0,0,0,0,0,24,10,22,1,0,0,0,0,8,39,6,14,1,0,0,0,0,7,16,6,23,5,1,0,0,0,8,17,10,46,10,1,0,0,0,6,14,4,36,7,6,0,0,0,4,12,8,50,16,1,0,0,0,4,9,11,44,38,6,0,0,1,2,4,9,29,38,12,0,0,0,0,7,9,37,15,30,0,1,0,2,11,7,26,22,173,0,33,108Y
10014,臺東縣,10014150,達仁鄉,10014150-002,土村,0,0,6,9,29,6,2,0,0,0,0,30,20,28,9,0,0,0,0,1,34,10,36,0,0,0,0,0,3,17,5,31,7,2,0,0,0,0,16,10,30,14,6,0,0,0,2,9,20,25,26,23,0,0,1,4,6,9,14,38,21,0,1,0,1,2,4,14,34,32,0,0,0,0,4,3,12,26,37,0,0,0,1,0,4,6,12,42,0,0,0,0,0,1,13,1,84,0,1,108Y
10014,臺東縣,10014150,達仁鄉,10014150-001,台村,0,0,5,0,17,1,1,0,0,0,0,8,12,25,4,0,0,0,0,2,24,8,17,7,0,0,0,0,1,10,3,33,9,1,0,0,0,2,11,4,18,14,8,0,0,0,2,3,4,18,10,6,0,0,1,1,2,2,10,15,14,0,0,0,1,1,2,6,23,16,0,1,0,0,2,3,16,26,26,0,0,0,0,1,3,13,13,26,0,0,0,2,2,5,4,9,77,4,0,108Y
10014,臺東縣,10014150,達仁鄉,10014150-004,安朔村,0,0,4,7,14,1,0,0,0,0,0,13,7,15,0,0,0,0,0,0,21,4,20,0,0,0,0,0,1,17,8,13,2,0,0,0,0,3,10,11,22,9,2,0,0,1,2,7,5,13,6,8,0,0,1,2,5,4,18,22,6,0,0,0,0,2,5,25,18,5,0,1,1,1,2,4,15,32,12,0,0,1,0,4,0,13,20,26,0,1,1,0,4,6,9,8,59,2,1,108Y
10014,臺東縣,10014150,達仁鄉,10014150-006,南田村,0,0,1,4,12,0,0,0,0,0,0,12,4,8,2,0,0,0,0,3,15,4,9,0,0,0,0,0,3,7,3,9,0,0,0,0,0,1,5,0,13,6,1,0,1,0,1,0,2,6,14,5,0,1,0,1,2,0,9,8,4,0,0,0,0,3,2,9,11,2,0,0,0,1,3,3,8,11,13,0,0,0,0,2,2,6,3,9,0,1,0,0,0,0,5,3,21,2,0,108Y
10014,臺東縣,10014150,達仁鄉,10014150-005,森永村,0,0,4,4,14,1,0,0,0,0,0,10,1,7,0,0,0,0,0,1,18,3,10,1,0,0,0,0,2,4,3,9,3,0,0,0,0,3,7,6,13,12,2,0,0,0,1,8,3,12,9,1,0,0,1,2,3,3,10,11,3,0,0,0,3,4,4,16,14,3,0,0,0,0,2,4,20,13,7,0,0,0,1,2,4,11,13,18,0,1,0,0,2,1,5,2,46,0,2,108Y
10014,臺東縣,10014150,達仁鄉,10014150-003,新化村,0,0,5,2,13,1,0,0,0,0,0,1,6,10,2,0,0,0,0,0,8,2,11,0,0,0,0,0,0,6,1,16,2,1,0,0,0,1,1,2,5,3,3,0,0,0,1,2,3,18,7,3,0,0,0,0,2,5,14,15,2,0,0,0,0,2,3,8,19,4,0,1,0,0,2,3,16,13,6,0,0,0,0,1,0,6,3,13,0,0,0,0,1,0,8,4,47,1,0,108Y
10014,臺東縣,10014110,綠島鄉,10014110-002,中寮村,0,0,9,9,24,6,1,0,0,0,1,45,12,17,4,0,0,0,0,12,47,10,30,2,0,0,0,1,14,41,10,37,3,1,0,0,1,12,47,13,40,11,1,0,0,2,5,8,14,46,16,0,0,1,0,11,18,15,49,15,1,0,0,0,10,5,14,38,16,8,0,0,0,3,9,8,38,25,13,0,0,0,2,4,2,25,13,27,0,0,0,0,4,3,14,6,113,0,3,108Y
10014,臺東縣,10014110,綠島鄉,10014110-001,公館村,0,0,13,7,27,2,0,0,0,0,2,46,7,25,2,0,0,0,0,11,56,12,20,4,0,0,0,0,13,47,9,26,0,0,0,0,0,6,33,12,38,10,0,0,0,2,9,30,31,49,15,1,0,0,1,3,18,22,38,20,2,0,0,0,4,8,12,29,15,1,0,0,0,3,4,5,26,16,18,0,0,0,1,6,3,15,20,23,0,2,0,1,3,1,18,10,93,0,2,108Y
10014,臺東縣,10014110,綠島鄉,10014110-003,南寮村,0,0,27,13,42,4,1,0,0,0,6,75,26,35,0,0,0,0,0,13,104,12,41,1,0,0,0,0,16,76,16,45,4,0,0,0,1,5,35,29,68,8,0,0,0,1,10,22,24,69,21,2,0,0,1,3,17,27,68,28,0,1,0,0,5,13,19,55,30,5,0,0,1,3,7,14,42,30,17,0,2,0,2,4,11,30,18,33,0,2,0,0,6,6,24,17,143,0,2,108Y
10014,臺東縣,10014010,臺東市,10014010-021,大同里,0,0,8,7,23,0,0,0,0,0,1,38,7,21,2,0,0,0,0,4,29,6,19,5,0,0,0,0,7,17,3,17,1,0,0,0,0,5,19,13,26,3,1,0,0,1,11,12,11,20,13,0,0,1,0,5,8,9,27,12,1,0,0,0,2,5,7,32,14,0,0,0,0,1,4,9,33,11,3,0,1,0,1,2,5,30,16,10,0,2,0,3,8,14,44,21,79,0,6,108Y
10014,臺東縣,10014010,臺東市,10014010-024,中山里,0,0,10,2,21,3,1,0,0,0,4,34,5,3,1,1,0,0,1,6,31,1,8,0,0,0,0,1,14,30,6,11,0,0,0,0,0,13,36,10,9,2,0,0,0,2,9,16,13,11,8,1,0,0,0,1,16,4,34,4,2,0,0,0,5,11,14,25,7,1,0,0,0,1,8,10,33,9,0,0,0,0,2,5,9,33,9,5,0,1,0,0,16,15,65,30,70,0,5,108Y
10014,臺東縣,10014010,臺東市,10014010-011,中心里,0,0,67,16,162,17,3,0,0,0,14,170,37,36,0,0,0,0,1,41,171,15,26,4,0,0,0,1,33,104,13,43,4,1,0,0,3,41,118,36,67,6,4,0,0,7,54,80,51,92,18,5,0,0,3,47,59,52,77,17,6,0,0,5,32,52,50,106,28,5,0,0,7,28,48,60,108,35,10,0,1,1,12,30,36,84,38,31,0,0,1,10,72,66,141,51,187,2,17,108Y
10014,臺東縣,10014010,臺東市,10014010-020,中正里,0,0,9,6,22,1,1,0,0,0,1,31,2,18,2,0,0,0,0,2,37,5,5,0,0,0,0,1,7,22,7,8,1,0,0,0,1,6,31,6,16,3,1,0,0,0,10,17,12,22,4,1,0,0,0,10,13,10,30,8,1,0,0,0,7,12,12,23,4,1,0,0,0,3,9,11,28,11,2,0,0,0,3,11,5,40,4,3,0,0,0,5,21,16,76,42,73,0,9,108Y
10014,臺東縣,10014010,臺東市,10014010-015,中華里,0,0,16,11,62,11,2,0,0,0,2,71,17,35,2,0,0,0,1,12,63,11,41,5,0,0,0,3,7,51,16,41,8,0,0,0,0,6,31,28,59,17,5,0,0,1,5,20,26,72,16,4,0,0,0,7,20,27,78,26,4,0,0,1,8,7,17,72,36,6,0,2,0,6,7,23,66,41,6,0,0,0,0,6,10,66,38,20,0,1,1,0,11,13,57,43,200,9,19,108Y
10014,臺東縣,10014010,臺東市,10014010-019,仁愛里,0,0,6,3,25,0,0,0,0,0,2,17,6,14,0,0,0,0,0,3,36,5,13,0,0,0,0,1,5,25,5,14,1,0,0,0,0,3,14,13,24,9,0,0,0,0,4,14,8,23,8,2,0,0,0,1,4,6,28,8,1,0,0,0,2,4,10,26,15,1,0,0,0,1,4,7,42,14,4,0,1,0,4,2,8,40,19,12,0,1,0,1,7,14,41,17,73,4,9,108Y
10014,臺東縣,10014010,臺東市,10014010-023,文化里,0,0,12,5,40,8,0,0,0,0,1,21,4,14,3,0,0,0,0,7,27,3,19,4,0,0,0,1,8,45,7,23,4,1,0,0,0,8,35,13,28,9,2,0,0,0,14,22,16,30,11,6,0,0,0,10,9,16,31,13,3,0,0,0,6,4,7,32,18,4,0,0,1,1,8,9,32,20,2,0,0,0,0,5,5,31,15,10,0,1,1,1,9,14,44,27,64,1,7,108Y
10014,臺東縣,10014010,臺東市,10014010-014,四維里,0,0,9,4,18,2,0,0,0,0,1,20,7,18,1,0,0,0,0,1,28,7,27,3,0,0,0,0,4,18,4,27,3,0,0,0,0,4,12,4,21,8,1,0,0,0,2,8,8,29,10,4,0,0,0,6,9,7,21,12,1,0,0,0,3,5,5,26,24,3,0,0,0,1,4,6,20,31,5,0,0,0,1,4,4,19,6,15,0,1,0,1,2,8,15,14,80,1,11,108Y
10014,臺東縣,10014010,臺東市,10014010-008,民生里,0,0,45,17,98,5,1,0,0,0,9,133,24,49,4,0,0,0,1,37,146,14,35,2,0,0,0,2,47,114,13,50,5,0,0,0,3,36,102,55,67,15,1,0,0,2,28,65,53,92,21,9,0,0,0,25,34,50,111,32,8,0,1,2,19,36,43,118,39,7,0,1,2,15,23,45,142,43,10,0,0,0,15,33,48,146,50,26,0,1,1,7,79,67,200,85,231,3,23,108Y
10014,臺東縣,10014010,臺東市,10014010-013,民族里,0,0,25,15,80,15,1,0,0,0,6,83,11,21,0,0,0,0,0,15,68,11,14,0,0,0,0,0,25,53,11,13,5,1,0,0,1,21,64,25,37,6,5,0,0,0,18,34,39,35,5,2,0,0,5,14,36,32,53,8,1,0,0,1,17,16,22,48,11,1,0,0,1,6,12,22,53,13,3,0,0,1,4,19,19,35,13,9,0,0,1,9,37,37,79,31,83,0,8,108Y
10014,臺東縣,10014010,臺東市,10014010-018,民權里,0,0,8,2,26,4,0,0,0,0,1,44,12,14,1,0,0,0,0,6,41,7,17,2,0,0,0,0,5,37,3,21,3,0,0,0,0,9,41,22,23,4,2,0,0,1,8,19,9,21,8,3,0,0,0,3,11,9,28,13,2,0,0,0,5,9,10,33,15,0,0,0,1,4,8,11,32,16,3,0,0,0,3,12,12,30,11,6,0,0,1,1,15,18,36,17,74,2,5,108Y
10014,臺東縣,10014010,臺東市,10014010-034,永樂里,0,0,59,26,101,15,1,0,0,0,5,145,28,53,2,1,0,0,0,27,80,15,39,0,0,0,0,0,17,63,14,44,5,1,0,0,2,24,48,26,57,4,1,0,0,4,36,37,35,65,17,4,0,0,4,32,34,47,86,26,4,0,0,3,21,23,34,91,41,6,0,0,3,8,31,11,78,54,15,0,0,3,6,24,18,50,39,24,0,2,4,4,11,27,41,31,166,3,21,108Y
10014,臺東縣,10014010,臺東市,10014010-032,光明里,0,0,62,29,134,23,4,0,0,0,10,169,30,46,3,0,0,0,0,30,120,13,50,4,0,0,0,0,27,88,13,33,3,1,0,0,1,31,78,39,70,12,3,0,0,0,48,57,57,95,14,11,0,0,4,30,61,68,106,23,0,0,0,7,38,57,61,125,37,4,0,0,0,14,25,32,79,39,13,0,0,3,5,15,23,85,19,18,0,0,1,6,26,30,93,48,118,5,12,108Y
10014,臺東縣,10014010,臺東市,10014010-022,成功里,0,0,8,11,33,5,1,0,0,1,1,30,12,14,2,0,0,0,0,4,37,4,17,2,0,0,0,0,6,21,3,19,1,1,0,0,0,2,15,10,21,4,2,0,0,0,3,16,11,18,10,1,0,0,0,1,5,18,32,17,2,0,0,0,5,8,9,36,10,3,0,1,0,0,2,6,30,30,3,0,0,0,2,2,7,21,16,17,0,0,0,0,7,6,29,31,88,1,9,108Y
10014,臺東縣,10014010,臺東市,10014010-012,自強里,0,0,73,28,201,21,4,0,0,0,13,205,43,71,3,0,0,0,1,44,215,23,41,4,0,0,0,1,42,175,21,70,2,1,0,0,6,64,154,58,83,11,3,0,0,3,49,91,58,89,19,3,0,0,2,46,69,70,140,25,1,0,1,2,27,63,68,145,39,6,0,0,1,27,42,71,161,42,7,0,0,3,23,58,59,186,42,27,0,0,4,15,89,83,215,98,252,5,31,108Y
10014,臺東縣,10014010,臺東市,10014010-005,卑南里,0,0,48,26,126,8,0,0,0,0,12,176,33,38,1,0,0,0,2,31,133,25,35,3,1,0,0,1,27,99,16,31,8,0,0,0,3,38,90,38,63,12,1,0,0,1,37,62,63,78,24,5,0,0,3,51,53,55,90,37,1,0,0,10,46,51,52,94,23,5,0,0,4,20,27,33,127,36,13,0,1,2,8,17,23,81,31,35,0,0,0,7,33,28,125,48,216,1,19,108Y
10014,臺東縣,10014010,臺東市,10014010-003,岩灣里,0,0,25,22,81,9,1,0,0,0,4,115,24,48,2,0,0,0,0,9,93,11,40,2,0,0,0,0,21,67,15,45,9,0,0,0,1,21,47,33,55,22,3,0,0,0,27,45,46,76,40,4,0,0,0,27,31,54,105,44,6,0,0,0,21,35,30,77,51,9,0,0,1,11,17,28,79,50,12,0,1,1,10,16,13,63,29,34,0,3,1,5,20,21,59,50,171,2,25,108Y
10014,臺東縣,10014010,臺東市,10014010-036,東海里,0,0,31,20,128,10,2,0,0,0,6,151,26,50,4,0,0,0,3,17,111,19,27,5,0,0,0,2,34,128,18,50,6,1,0,0,1,47,98,42,70,21,1,0,0,4,25,72,48,79,26,4,0,1,7,26,46,34,80,24,3,0,0,1,11,31,29,101,31,8,0,0,1,11,31,46,126,52,9,1,0,1,6,31,35,119,34,44,0,1,1,10,49,50,107,51,209,3,19,108Y
10014,臺東縣,10014010,臺東市,10014010-045,知本里,0,0,14,6,49,3,0,0,0,0,4,56,20,38,5,0,0,0,0,8,71,13,37,8,0,0,0,0,5,29,11,33,4,1,0,0,1,6,19,11,58,12,2,0,1,0,6,15,11,48,10,4,0,0,0,3,13,11,66,22,3,0,0,2,3,12,22,84,30,2,0,0,0,1,5,5,65,55,15,0,1,0,0,4,4,38,34,29,1,1,0,1,7,10,28,30,161,1,14,108Y
10014,臺東縣,10014010,臺東市,10014010-004,南王里,0,0,37,23,112,8,1,0,0,0,7,127,40,76,2,0,0,0,0,19,137,29,66,2,1,0,0,0,12,91,10,76,13,3,0,0,4,18,72,28,79,18,3,0,0,2,25,41,39,109,22,6,0,1,3,13,25,42,99,35,6,0,0,1,13,30,44,109,67,8,0,1,0,11,24,22,108,59,22,0,0,0,1,15,24,80,55,58,0,3,0,4,20,28,92,49,263,2,21,108Y
10014,臺東縣,10014010,臺東市,10014010-006,南榮里,0,0,38,22,129,9,2,0,0,0,6,119,37,92,3,0,0,0,0,20,98,20,68,4,0,0,0,2,26,67,16,53,15,1,0,0,1,17,67,24,71,22,4,0,0,2,28,38,43,96,32,10,0,1,3,20,39,46,94,61,4,0,0,1,16,21,30,73,79,17,0,0,2,6,21,21,92,75,27,0,0,3,4,17,14,61,45,46,0,0,1,6,24,31,89,52,278,7,31,108Y
10014,臺東縣,10014010,臺東市,10014010-042,建和里,0,0,12,11,54,5,1,0,0,0,1,44,13,40,3,0,0,0,0,7,75,14,48,4,0,0,0,0,6,41,10,40,3,0,0,0,0,4,22,14,47,6,0,0,0,0,4,10,14,52,16,2,0,0,0,2,10,14,56,30,1,1,0,0,4,10,10,65,44,7,0,1,0,3,2,12,51,58,14,0,1,1,1,5,4,29,38,44,0,0,0,0,5,9,25,31,203,4,15,108Y
10014,臺東縣,10014010,臺東市,10014010-017,建國里,0,0,8,7,49,4,0,0,0,0,1,42,12,38,1,0,0,0,1,9,42,9,33,4,0,0,0,0,6,32,6,32,8,1,0,0,0,2,14,13,48,27,3,0,0,0,3,11,16,52,21,2,1,0,1,1,5,20,50,35,2,0,1,0,3,9,10,50,38,5,0,0,0,1,5,9,51,40,14,0,0,0,0,3,10,42,29,32,1,0,0,0,10,9,37,34,175,2,26,108Y
10014,臺東縣,10014010,臺東市,10014010-044,建業里,0,0,20,12,68,7,1,0,0,0,3,57,13,46,3,0,0,0,0,5,48,8,35,3,0,0,0,0,5,36,6,45,6,0,0,0,0,8,20,9,35,9,3,0,0,0,2,9,11,54,23,2,0,0,0,6,6,14,56,25,1,0,1,0,2,11,16,66,43,3,0,0,1,2,3,6,51,45,12,0,0,1,1,3,6,28,19,31,0,3,0,0,8,11,33,34,182,4,9,108Y
10014,臺東縣,10014010,臺東市,10014010-046,建農里,0,0,20,21,93,9,3,0,0,0,1,71,17,78,6,0,0,0,1,8,69,15,76,7,0,0,0,1,5,35,9,69,15,0,0,0,0,5,23,22,74,41,7,0,0,1,10,19,26,74,50,10,0,0,2,6,15,20,101,83,10,0,0,1,7,12,11,77,83,12,0,0,0,2,7,10,44,64,43,0,1,1,0,5,11,38,36,63,0,4,2,3,9,4,32,19,206,7,22,108Y
10014,臺東縣,10014010,臺東市,10014010-043,建興里,0,0,17,7,30,4,0,0,0,0,5,41,9,24,4,0,0,0,0,6,41,6,25,2,0,0,0,1,6,21,5,10,3,1,0,0,0,8,14,11,22,4,3,0,0,0,3,8,16,33,6,6,0,0,0,5,11,18,43,14,1,0,0,1,2,8,13,40,21,2,0,0,1,1,5,10,36,35,10,0,1,0,0,4,2,27,26,18,0,1,1,2,12,8,22,21,123,0,15,108Y
10014,臺東縣,10014010,臺東市,10014010-010,馬蘭里,0,0,44,25,135,20,3,0,0,0,10,151,30,35,0,0,0,0,1,22,124,20,46,1,0,0,0,2,41,94,15,41,3,0,0,0,1,35,83,40,57,7,5,0,0,1,33,59,54,68,17,3,0,0,1,27,50,41,98,19,6,0,1,0,18,31,37,110,30,5,0,0,1,12,34,38,101,36,11,0,0,1,9,30,21,93,21,25,0,1,1,3,48,53,132,60,176,3,12,108Y
10014,臺東縣,10014010,臺東市,10014010-035,康樂里,0,0,14,10,57,9,0,0,0,0,4,62,20,35,0,0,0,0,0,3,58,11,25,2,0,0,0,0,1,48,9,38,5,0,0,0,1,4,22,17,56,14,4,0,0,0,6,9,24,62,14,1,0,0,0,4,19,23,76,29,3,0,0,0,6,10,18,58,38,6,0,1,0,4,7,11,57,39,10,0,0,0,1,6,8,36,27,28,1,4,1,2,4,4,25,15,126,3,26,108Y
10014,臺東縣,10014010,臺東市,10014010-016,強國里,0,0,4,3,22,3,1,0,0,0,1,24,4,12,2,0,0,0,0,1,36,4,11,2,0,0,0,3,8,23,3,16,2,1,0,0,0,5,15,6,18,5,2,0,0,0,3,7,6,22,9,3,0,0,0,2,1,6,16,11,2,0,0,0,1,5,5,29,17,1,0,0,0,0,3,6,32,17,6,0,0,0,0,6,9,24,16,14,0,0,0,0,7,9,17,22,62,2,5,108Y
10014,臺東縣,10014010,臺東市,10014010-001,富岡里,0,0,13,11,41,5,0,0,0,0,7,49,12,32,1,0,0,0,0,6,44,8,45,3,0,0,0,0,1,17,5,58,11,1,0,0,0,4,14,12,76,29,2,0,0,0,1,9,25,65,39,4,0,0,0,2,10,7,59,41,3,0,0,0,2,7,7,54,57,13,0,0,0,1,4,8,48,64,24,0,4,0,0,3,4,25,39,58,0,5,0,0,0,2,27,31,238,5,24,108Y
10014,臺東縣,10014010,臺東市,10014010-002,富豐里,0,0,10,10,37,2,2,0,0,0,0,27,9,15,2,0,0,0,0,2,32,7,30,3,0,0,0,0,3,32,9,39,4,1,0,0,1,7,15,16,25,11,1,0,0,0,3,6,5,25,24,2,0,0,0,4,10,9,33,26,2,0,1,1,2,4,3,38,34,7,0,0,0,1,4,3,22,38,10,0,0,0,0,1,2,26,18,18,0,0,1,1,2,4,7,14,118,1,8,108Y
10014,臺東縣,10014010,臺東市,10014010-025,復國里,0,0,5,7,17,4,0,0,0,0,1,22,6,10,1,0,0,0,0,5,19,5,24,0,0,0,0,0,7,16,2,12,2,1,0,0,0,4,6,4,16,3,2,0,0,1,6,10,7,11,5,0,0,0,0,3,4,8,28,16,4,0,0,0,0,5,2,35,18,3,0,0,0,3,6,2,31,14,5,0,0,0,2,3,2,18,18,13,0,0,0,0,4,1,24,15,67,2,8,108Y
10014,臺東縣,10014010,臺東市,10014010-027,復興里,0,0,1,0,11,0,0,0,0,0,3,14,6,2,0,0,0,0,1,5,16,2,10,5,0,0,0,0,5,10,3,14,2,0,0,0,0,3,8,3,20,4,1,0,0,0,0,5,6,20,9,3,0,0,0,1,4,6,14,7,1,1,1,0,1,0,4,20,10,1,0,0,0,1,1,5,23,18,0,0,1,0,0,3,2,15,8,9,0,0,0,0,2,5,21,13,40,2,3,108Y
10014,臺東縣,10014010,臺東市,10014010-007,新生里,0,0,102,44,260,20,5,0,0,0,22,322,59,107,5,0,0,0,3,79,325,47,105,6,0,0,0,2,70,280,50,120,7,0,0,1,8,80,213,87,182,23,11,0,0,3,75,121,89,163,54,17,0,0,6,63,90,115,210,73,15,0,1,10,61,98,111,292,117,9,1,0,3,39,69,92,281,129,30,0,0,1,28,77,75,246,94,65,2,2,2,21,119,106,265,132,446,5,43,108Y
10014,臺東縣,10014010,臺東市,10014010-029,新園里,0,0,24,17,82,8,0,0,0,0,4,62,31,68,3,0,0,0,0,3,70,15,43,5,0,0,0,0,3,24,6,60,8,1,0,0,0,3,27,17,61,14,5,0,0,0,5,27,10,64,23,10,0,1,0,6,10,14,80,65,9,0,0,0,3,13,9,56,49,26,0,1,0,1,3,5,55,49,27,0,0,0,0,3,3,33,27,52,0,0,0,0,4,7,31,24,199,1,22,108Y
10014,臺東縣,10014010,臺東市,10014010-037,新興里,0,0,10,7,31,5,2,0,0,1,4,32,10,14,3,0,0,0,0,6,47,10,23,2,0,0,0,1,4,32,4,22,0,0,0,0,0,6,21,15,19,8,3,0,0,1,7,12,20,21,11,0,0,0,1,3,7,21,39,13,6,0,0,1,5,9,14,50,15,5,0,0,0,4,12,13,50,28,3,0,0,0,1,4,8,30,17,16,0,0,0,3,15,7,52,21,117,1,8,108Y
10014,臺東縣,10014010,臺東市,10014010-026,興國里,0,0,15,3,26,3,1,0,0,0,4,44,6,8,1,0,0,0,0,8,48,1,8,1,0,0,0,0,8,19,5,9,0,0,0,0,0,15,20,11,15,4,1,0,0,2,5,13,17,26,11,1,0,0,0,3,10,6,28,7,0,0,0,1,3,10,12,45,10,0,0,0,0,2,9,6,32,8,1,0,0,0,1,7,5,20,8,8,0,0,0,2,6,9,49,26,73,2,9,108Y
10014,臺東縣,10014010,臺東市,10014010-030,豐田里,0,0,33,22,89,7,1,0,0,0,4,76,24,60,1,0,0,0,0,6,87,25,60,6,0,0,0,0,9,67,13,63,11,4,0,0,0,8,31,20,75,20,2,0,0,3,3,27,32,78,25,1,0,0,1,4,21,30,115,42,5,0,0,0,6,14,19,83,53,6,0,0,0,3,10,10,70,66,25,0,0,0,0,4,10,38,43,51,1,2,0,1,6,8,34,41,253,2,30,108Y
10014,臺東縣,10014010,臺東市,10014010-031,豐年里,0,0,26,25,134,14,1,0,0,0,11,129,54,86,4,0,0,0,0,21,118,35,105,11,0,0,0,2,21,113,32,93,9,1,0,0,1,30,65,50,116,28,6,0,0,0,23,38,38,115,45,8,0,1,0,21,40,40,130,55,3,0,0,2,13,21,25,136,72,15,0,0,0,2,18,23,99,76,26,1,0,0,2,16,23,90,57,52,1,3,1,2,16,15,66,52,288,4,24,108Y
10014,臺東縣,10014010,臺東市,10014010-039,豐谷里,0,0,73,46,246,18,3,0,0,0,10,260,57,142,7,0,0,0,0,42,279,38,116,8,0,0,0,3,45,181,37,122,23,2,0,0,3,36,107,73,162,42,5,0,1,5,24,70,83,163,64,15,0,1,4,25,39,71,202,98,12,0,1,3,24,56,61,229,124,18,0,1,1,12,34,45,193,148,39,0,0,1,3,34,39,158,96,69,0,2,0,5,53,60,164,90,478,9,30,108Y
10014,臺東縣,10014010,臺東市,10014010-040,豐里里,0,0,37,21,89,12,1,0,0,0,4,101,36,75,3,0,0,0,0,15,128,23,64,5,0,0,0,1,12,67,14,54,6,4,0,0,0,15,38,24,79,35,3,0,0,0,9,27,30,80,33,4,0,0,0,15,22,25,97,49,8,0,0,1,13,16,30,97,85,12,0,1,1,9,15,16,95,78,24,0,0,1,5,8,14,62,47,42,1,0,0,3,9,12,46,51,263,3,33,108Y
10014,臺東縣,10014010,臺東市,10014010-041,豐原里,0,0,6,7,37,3,0,0,0,0,4,54,13,22,1,0,0,0,0,7,61,9,35,0,0,0,0,1,10,27,8,30,8,0,0,0,0,7,10,6,51,20,3,0,0,0,9,8,8,39,21,6,0,0,1,0,6,13,48,19,4,0,0,2,3,4,14,64,36,2,0,1,1,4,5,7,52,52,11,0,2,0,0,0,0,32,32,28,0,0,0,1,3,2,24,32,171,5,16,108Y
10014,臺東縣,10014010,臺東市,10014010-038,豐榮里,0,0,126,72,381,52,10,0,0,0,28,411,93,161,11,1,0,0,2,72,401,71,133,10,0,0,0,3,78,294,58,166,15,3,0,0,8,88,258,122,227,57,10,0,0,14,89,157,142,279,99,11,0,0,7,71,142,150,326,100,9,0,1,10,58,104,146,306,117,24,0,0,6,30,63,111,334,139,45,0,3,4,21,64,95,250,133,125,0,3,1,24,88,90,243,153,586,8,62,108Y
10014,臺東縣,10014010,臺東市,10014010-033,豐樂里,0,0,19,19,79,7,1,0,0,0,3,59,22,33,1,0,0,0,1,8,72,17,35,2,0,0,0,0,12,45,14,41,2,0,0,0,0,14,32,29,39,9,3,0,0,1,9,26,20,59,17,2,0,0,2,5,14,20,53,20,1,0,0,0,4,10,23,68,31,3,0,0,3,7,8,18,61,37,12,0,0,1,3,7,7,62,31,19,0,0,1,4,7,6,53,30,144,4,14,108Y
10014,臺東縣,10014010,臺東市,10014010-009,寶桑里,0,0,5,9,36,1,1,0,0,0,2,29,8,26,0,0,0,0,0,2,36,6,16,1,0,0,0,0,6,26,6,14,2,0,0,0,0,4,22,7,31,8,2,0,0,1,1,13,18,38,12,1,0,0,0,3,12,11,38,23,1,0,0,0,2,8,14,25,21,0,0,1,1,3,3,2,33,36,9,0,0,0,3,2,4,22,19,16,0,1,0,1,4,8,31,28,97,1,8,108Y
10014,臺東縣,10014010,臺東市,10014010-028,鐵花里,0,0,9,1,11,0,0,0,0,0,1,20,3,9,1,0,0,0,0,3,13,2,6,0,0,0,0,0,3,11,1,6,1,0,0,0,0,5,6,2,3,0,0,0,0,2,2,9,2,11,5,1,0,0,1,1,7,9,23,4,0,0,1,0,0,6,6,18,6,1,0,0,0,2,0,6,18,10,2,0,0,0,3,4,9,14,6,3,0,0,0,1,8,3,34,20,37,0,4,108Y
10014,臺東縣,10014030,關山鎮,10014030-004,中福里,0,0,7,6,27,2,0,0,0,0,2,28,6,10,0,0,0,0,0,7,45,0,11,0,0,0,0,0,7,26,7,15,4,0,0,0,0,8,23,9,18,7,1,0,0,0,4,22,11,20,5,1,0,0,1,3,4,12,22,6,2,0,0,2,3,9,11,28,7,3,0,0,0,1,13,6,37,10,1,0,0,0,3,9,3,55,16,15,0,0,0,0,11,10,47,42,81,3,13,108Y
10014,臺東縣,10014030,關山鎮,10014030-007,月眉里,0,0,9,4,19,6,0,0,0,0,0,29,5,21,2,0,0,0,0,4,21,2,22,2,0,0,0,0,0,18,5,23,3,0,0,0,0,2,10,8,14,5,0,0,0,0,4,7,4,25,14,2,0,1,0,4,1,4,30,23,3,0,0,0,3,3,4,27,23,8,0,1,0,1,2,7,25,27,18,0,2,1,0,0,3,18,16,26,0,0,0,1,5,4,15,14,102,1,20,108Y
10014,臺東縣,10014030,關山鎮,10014030-005,里里,0,0,20,9,53,13,1,0,0,0,2,70,15,38,3,0,0,0,0,6,74,6,40,2,0,0,0,0,12,49,4,32,9,0,0,0,1,8,35,21,50,5,4,0,0,0,12,42,30,55,19,2,0,0,0,8,21,13,74,17,3,0,0,0,2,18,12,68,34,9,0,0,0,6,10,18,68,45,15,0,0,0,2,11,12,70,33,37,0,0,0,2,26,20,63,44,189,3,26,108Y
10014,臺東縣,10014030,關山鎮,10014030-003,新福里,0,0,9,5,39,3,0,0,0,0,1,38,16,17,2,0,0,0,0,5,36,6,27,0,0,0,0,0,0,23,2,26,7,0,0,0,0,3,20,10,27,4,3,0,0,0,3,7,8,24,13,4,0,0,1,3,7,9,38,16,7,0,0,0,2,6,13,36,33,9,0,0,0,0,4,7,30,27,19,0,1,0,0,5,1,28,19,26,0,2,0,1,3,3,16,21,117,2,18,108Y
10014,臺東縣,10014030,關山鎮,10014030-006,電光里,0,0,2,2,27,5,0,0,0,0,0,15,8,15,1,0,0,0,0,1,14,4,10,2,0,0,0,0,3,8,2,14,4,0,0,1,0,0,6,3,28,5,1,0,0,0,0,1,1,9,19,2,0,0,0,1,1,6,21,21,9,0,0,0,0,4,1,19,20,5,0,0,0,0,0,2,9,31,9,0,0,0,0,0,2,11,9,19,0,0,1,0,3,1,7,10,108,1,6,108Y
10014,臺東縣,10014030,關山鎮,10014030-001,德高里,0,0,23,7,55,8,0,0,0,0,3,82,19,51,0,0,0,0,0,5,72,13,46,5,0,0,0,0,5,34,8,31,6,2,0,0,0,8,30,12,53,9,3,0,0,0,2,16,6,57,27,4,0,0,0,2,11,12,89,43,7,0,0,0,1,11,16,75,54,14,0,1,0,2,5,10,65,62,22,1,1,0,0,2,2,29,30,43,0,0,0,0,3,6,27,42,330,3,29,108Y
10014,臺東縣,10014030,關山鎮,10014030-002,豐泉里,0,0,19,11,44,6,1,0,0,0,4,61,9,31,0,0,0,0,0,7,44,3,19,1,0,0,0,0,10,38,8,26,2,1,0,0,0,5,30,17,41,8,0,0,0,1,6,22,7,30,12,3,0,0,0,9,14,8,44,16,4,0,0,0,5,6,20,56,11,7,0,0,0,2,10,10,44,26,10,0,0,0,1,9,14,44,24,28,0,0,0,1,8,15,33,37,117,1,15,108Y
10014,臺東縣,10014160,蘭嶼鄉,10014160-001,東清村,0,0,17,6,73,9,1,0,0,0,0,63,7,67,1,0,0,0,0,5,61,7,47,4,0,0,0,0,5,41,10,49,11,1,0,0,0,9,28,12,73,34,2,0,0,0,6,17,14,70,30,2,0,0,0,2,19,8,65,29,6,0,0,0,1,9,6,35,49,7,0,0,0,0,6,1,18,59,17,0,0,0,1,3,2,11,19,61,0,0,0,0,1,3,1,8,88,0,2,108Y
10014,臺東縣,10014160,蘭嶼鄉,10014160-003,紅頭村,0,0,22,6,49,3,1,0,0,0,1,59,7,37,0,1,0,0,0,3,57,9,31,4,1,0,0,0,9,68,10,39,3,1,0,0,0,5,42,20,64,12,3,0,0,0,8,23,8,60,33,3,0,0,2,6,20,9,73,24,0,0,0,1,4,19,9,52,34,4,0,0,0,2,13,12,40,38,6,0,0,0,3,6,6,36,29,7,0,1,0,0,1,5,20,7,99,0,3,108Y
10014,臺東縣,10014160,蘭嶼鄉,10014160-002,朗島村,0,0,13,5,42,3,1,0,0,0,1,38,9,39,3,0,0,0,0,2,54,7,36,2,0,0,0,0,5,30,7,51,0,1,0,0,0,6,11,3,52,15,0,0,0,1,2,2,6,24,34,1,0,0,0,1,7,6,20,22,0,0,0,0,3,3,4,17,35,1,0,0,0,1,3,3,10,35,2,0,0,0,0,2,0,2,8,32,0,1,0,0,0,0,4,2,64,0,0,108Y
10014,臺東縣,10014160,蘭嶼鄉,10014160-004,椰油村,0,0,11,4,50,1,1,0,0,0,0,32,11,41,3,0,0,0,1,10,65,10,17,1,0,0,0,0,11,31,6,39,4,0,0,0,0,12,25,9,79,29,2,0,0,0,8,12,10,42,32,0,0,0,0,8,13,15,34,14,0,0,0,1,4,10,5,27,21,1,0,0,0,2,1,2,43,28,3,0,0,0,0,1,1,13,21,18,0,0,0,0,0,1,8,7,69,0,2,108Y
10014,臺東縣,10014010,臺東市,10014010-001,富岡里,0,0,11,9,42,3,1,0,0,0,6,53,14,30,0,0,0,0,0,7,39,7,40,3,0,0,0,0,1,22,7,55,6,1,0,0,0,3,14,10,68,29,1,0,0,0,2,11,24,69,37,4,0,0,0,1,9,11,59,33,2,0,0,0,3,6,7,51,61,11,0,0,0,1,6,9,49,58,21,0,3,0,0,3,3,34,43,41,0,4,0,0,0,3,30,38,250,5,25,109Y
10014,臺東縣,10014010,臺東市,10014010-002,富豐里,0,0,10,6,34,2,0,0,0,0,0,31,11,18,3,0,0,0,0,2,29,7,24,2,0,0,0,0,0,33,7,44,3,1,0,0,1,10,21,15,28,12,1,0,0,0,3,7,2,24,23,1,0,0,0,3,12,9,29,21,3,0,0,1,3,5,5,43,32,7,0,1,0,2,5,4,26,39,9,0,0,0,0,0,2,27,23,17,0,1,2,1,3,4,8,13,113,1,7,109Y
10014,臺東縣,10014010,臺東市,10014010-003,岩灣里,0,0,31,19,77,5,2,0,0,0,4,104,30,47,2,0,0,0,0,10,108,16,35,4,0,0,0,2,17,69,13,38,8,0,0,0,1,25,60,28,59,21,1,0,0,0,29,51,50,66,39,4,0,0,0,25,29,47,103,45,7,0,0,0,24,39,39,83,50,9,0,0,1,14,21,24,83,52,14,0,0,1,11,15,21,69,28,22,0,3,1,7,25,21,59,48,152,1,14,109Y
10014,臺東縣,10014010,臺東市,10014010-004,南王里,0,0,33,21,102,8,2,0,0,0,8,142,36,75,2,0,0,0,0,17,140,30,64,2,0,0,0,0,17,99,12,84,14,2,0,0,3,16,85,27,77,15,3,0,0,3,29,42,31,108,19,7,0,0,2,15,27,51,95,36,4,0,1,2,12,32,39,115,58,9,0,1,0,14,26,30,108,63,21,0,0,1,2,14,25,82,61,46,0,1,0,4,23,33,103,47,277,2,19,109Y
10014,臺東縣,10014010,臺東市,10014010-005,卑南里,0,0,62,17,110,8,3,0,0,0,15,173,38,40,2,0,0,0,1,26,138,22,30,2,1,0,0,1,31,104,19,30,5,0,0,0,2,42,92,31,59,12,1,0,0,2,39,67,60,65,21,4,0,0,4,50,58,56,102,35,0,0,0,9,49,47,54,89,27,5,0,0,4,22,34,36,124,33,9,0,1,3,6,18,25,91,36,30,0,0,1,11,36,32,132,51,210,0,19,109Y
10014,臺東縣,10014010,臺東市,10014010-006,南榮里,0,0,34,17,119,10,1,0,0,0,5,122,35,94,3,0,0,0,0,13,112,24,76,3,0,0,0,1,26,68,16,52,13,1,0,0,1,20,67,23,67,23,3,0,0,2,21,42,37,91,28,8,0,1,2,28,37,50,101,53,4,0,0,4,17,25,32,85,76,16,0,0,2,8,21,23,84,81,26,0,0,2,6,16,17,67,50,39,0,0,2,6,29,36,99,51,278,6,31,109Y
10014,臺東縣,10014010,臺東市,10014010-007,新生里,0,0,93,51,227,21,11,0,0,0,25,308,53,111,6,0,0,0,1,78,338,54,97,5,0,0,0,4,72,274,45,118,8,0,0,1,7,83,231,65,173,19,10,0,0,5,74,140,89,168,48,12,0,0,4,65,92,115,201,69,15,0,0,12,63,98,116,265,102,12,1,1,5,45,77,88,278,121,22,0,0,1,33,75,88,254,101,49,1,2,1,24,137,111,312,145,450,6,38,109Y
10014,臺東縣,10014010,臺東市,10014010-008,民生里,0,0,33,14,97,7,1,0,0,0,8,135,22,42,3,0,0,0,0,25,141,14,31,3,0,0,0,2,48,115,10,43,5,0,0,0,3,42,105,53,63,11,1,0,0,3,27,78,55,91,22,7,0,0,1,26,38,45,100,28,7,0,0,2,21,36,44,111,39,8,0,2,1,12,24,43,146,45,7,0,0,1,18,29,51,139,51,28,0,1,1,8,86,72,225,88,223,3,23,109Y
10014,臺東縣,10014010,臺東市,10014010-009,寶桑里,0,0,7,7,30,4,2,0,0,0,3,31,8,22,1,0,0,0,0,2,32,10,18,1,0,0,0,0,6,23,3,14,1,0,0,0,0,6,23,12,29,7,1,0,0,1,1,13,15,32,12,2,0,0,0,3,11,12,37,14,1,0,0,0,3,7,11,27,27,0,0,2,1,3,3,5,30,34,8,0,0,0,3,1,3,24,21,9,0,0,0,1,5,7,35,29,100,1,7,109Y
10014,臺東縣,10014010,臺東市,10014010-010,馬蘭里,0,0,42,24,112,19,5,0,0,0,9,148,29,38,0,0,0,0,1,21,126,23,52,1,0,0,0,3,40,90,19,39,1,0,0,0,2,32,81,26,49,6,3,0,0,1,34,60,57,61,14,5,0,0,0,19,60,42,85,17,5,0,1,1,23,30,30,105,29,7,0,0,1,10,27,33,105,32,8,0,0,1,8,25,27,94,24,16,0,1,0,5,51,56,145,63,179,3,13,109Y
10014,臺東縣,10014010,臺東市,10014010-011,中心里,0,0,50,15,152,25,6,0,0,0,10,178,27,41,1,0,0,0,0,44,173,21,31,4,0,0,0,2,34,114,12,49,2,1,0,0,2,45,123,27,53,8,2,0,0,8,55,93,56,91,13,6,0,0,6,41,54,57,83,19,8,0,0,3,38,55,45,90,27,4,0,0,4,27,45,57,104,33,6,0,1,6,19,38,39,98,35,22,0,0,1,12,72,73,154,52,190,2,15,109Y
10014,臺東縣,10014010,臺東市,10014010-012,自強里,0,0,58,23,196,20,4,0,0,0,9,210,45,71,2,0,0,0,0,46,200,21,38,2,0,0,0,2,45,173,23,59,5,0,0,0,7,62,177,49,81,9,2,0,0,3,47,86,69,90,27,3,0,0,1,44,68,54,116,18,3,0,0,4,34,69,73,152,40,5,0,1,0,29,46,62,155,44,6,0,0,3,22,55,65,180,41,21,0,0,6,20,98,92,244,102,245,2,30,109Y
10014,臺東縣,10014010,臺東市,10014010-013,民族里,0,0,28,15,76,10,2,0,0,0,6,77,13,18,0,0,0,0,0,12,72,8,14,0,0,0,0,0,24,48,9,19,2,1,0,0,0,16,62,21,33,8,3,0,0,0,16,34,34,33,4,5,0,0,4,14,38,30,49,6,1,0,0,2,20,18,26,45,14,1,0,0,2,6,16,18,54,9,2,0,0,1,5,18,17,37,12,7,0,0,1,8,36,38,77,33,79,0,8,109Y
10014,臺東縣,10014010,臺東市,10014010-014,四維里,0,0,4,2,16,2,1,0,0,0,1,21,6,19,1,0,0,0,0,1,25,5,20,1,0,0,0,0,5,23,4,22,6,0,0,0,0,4,11,5,22,6,1,0,0,0,1,10,9,32,6,3,0,0,0,4,9,6,16,10,2,0,0,0,3,6,7,26,26,3,0,0,0,1,3,5,22,28,5,0,0,0,0,3,4,20,9,13,0,0,0,1,3,8,17,15,79,0,9,109Y
10014,臺東縣,10014010,臺東市,10014010-015,中華里,0,0,8,11,65,2,1,0,0,0,3,65,13,37,4,0,0,0,1,12,67,9,28,3,0,0,0,3,8,53,16,41,7,0,0,0,0,7,38,24,57,12,5,0,0,1,4,19,28,73,23,5,0,0,0,6,19,23,81,21,4,0,0,1,6,9,18,65,32,6,0,2,0,6,8,25,63,45,5,0,0,0,3,7,13,63,38,17,0,1,1,0,11,12,71,45,199,8,16,109Y
10014,臺東縣,10014010,臺東市,10014010-016,強國里,0,0,4,4,22,1,1,0,0,0,1,25,3,13,4,0,0,0,0,1,27,4,13,1,0,0,0,2,6,27,3,15,2,0,0,0,1,5,15,5,18,4,3,0,0,0,3,9,6,21,10,3,0,0,0,4,4,5,16,10,0,0,0,0,3,4,8,27,17,2,0,0,0,0,3,6,26,17,5,0,0,0,0,6,7,29,15,8,0,0,0,0,7,12,20,27,65,2,5,109Y
10014,臺東縣,10014010,臺東市,10014010-017,建國里,0,0,13,7,41,4,1,0,0,0,2,36,12,37,1,0,0,0,1,7,36,9,31,3,0,0,0,0,6,38,4,36,6,0,0,0,0,2,13,12,43,18,2,0,0,0,4,14,16,44,20,1,0,0,1,1,5,20,52,35,2,1,0,0,3,4,10,49,37,2,0,0,0,1,7,9,47,34,14,0,0,0,0,4,10,42,28,23,1,0,0,0,9,10,42,36,174,2,24,109Y
10014,臺東縣,10014010,臺東市,10014010-018,民權里,0,0,8,2,18,3,0,0,0,0,0,37,10,15,2,0,0,0,0,6,46,8,21,2,0,0,0,0,6,33,4,17,4,0,0,0,0,9,41,17,22,3,2,0,0,1,8,22,11,21,9,3,0,0,0,3,11,10,24,11,2,0,0,0,5,8,7,32,10,0,0,0,1,3,11,6,28,19,0,0,0,0,4,10,14,30,12,6,0,0,1,1,16,21,40,17,72,2,4,109Y
10014,臺東縣,10014010,臺東市,10014010-019,仁愛里,0,0,2,2,23,2,1,0,0,0,4,18,7,13,0,0,0,0,0,4,35,4,13,0,0,0,0,1,5,29,6,13,1,0,0,0,0,4,13,12,25,5,0,0,0,0,2,15,8,17,6,1,0,0,0,3,8,7,29,9,0,0,0,0,2,2,10,22,14,1,0,0,0,1,5,5,43,12,2,0,1,0,3,3,10,40,17,10,0,1,0,1,8,14,44,21,74,2,9,109Y
10014,臺東縣,10014010,臺東市,10014010-020,中正里,0,0,8,4,17,1,0,0,0,0,0,30,2,19,2,0,0,0,0,3,34,6,7,0,0,0,0,1,5,22,5,5,0,0,0,0,0,8,32,5,20,4,1,0,0,0,9,21,15,17,4,1,0,0,0,8,11,8,22,8,2,0,0,0,10,12,14,30,2,1,0,0,0,3,8,11,24,11,1,0,0,0,3,14,7,38,7,2,0,0,0,4,20,15,84,41,70,0,9,109Y
10014,臺東縣,10014010,臺東市,10014010-021,大同里,0,0,3,8,25,2,1,0,0,0,2,34,8,22,2,0,0,0,0,3,33,6,18,3,1,0,0,0,6,18,3,17,2,0,0,0,0,6,21,9,27,3,0,0,0,1,17,13,14,27,7,1,0,1,0,3,8,7,21,17,1,0,0,0,3,7,8,34,14,0,0,0,0,1,4,9,30,10,1,0,1,0,1,2,5,29,12,10,0,1,0,2,8,15,47,23,78,1,6,109Y
10014,臺東縣,10014010,臺東市,10014010-022,成功里,0,0,6,8,40,3,2,0,0,0,2,29,12,13,2,0,0,0,1,6,40,8,15,0,0,0,0,0,5,23,3,20,2,1,0,0,0,2,15,7,21,1,1,0,0,0,2,16,9,21,10,2,0,0,0,0,3,21,32,12,2,0,0,0,6,10,10,31,15,2,0,1,0,1,5,7,37,28,2,0,0,0,1,2,6,23,16,13,0,0,0,0,7,5,33,34,88,0,9,109Y
10014,臺東縣,10014010,臺東市,10014010-023,文化里,0,0,10,5,41,10,1,0,0,0,1,19,5,17,4,0,0,0,0,5,27,6,19,2,0,0,0,1,8,39,6,21,7,0,0,0,0,9,36,14,28,7,4,0,0,0,15,27,14,27,13,4,0,0,0,12,9,18,40,12,2,0,0,0,5,3,11,26,19,5,0,0,1,2,4,8,33,29,3,0,0,0,0,4,5,27,17,12,0,1,1,1,9,14,55,32,78,2,13,109Y
10014,臺東縣,10014010,臺東市,10014010-024,中山里,0,0,9,2,20,1,0,0,0,0,3,31,6,3,1,1,0,0,1,7,26,1,6,0,0,0,0,0,14,33,6,10,0,0,0,0,1,12,42,10,8,2,0,0,0,1,12,18,18,10,5,0,0,0,1,0,12,6,23,6,4,0,0,0,5,10,11,30,5,1,0,0,0,2,10,9,30,5,0,0,0,0,1,4,12,31,11,3,0,1,0,0,16,16,73,29,69,0,4,109Y
10014,臺東縣,10014010,臺東市,10014010-025,復國里,0,0,3,7,20,2,0,0,0,0,1,23,6,9,1,0,0,0,0,3,17,4,19,0,0,0,0,0,7,17,5,14,1,1,0,0,1,5,3,3,15,2,1,0,0,1,6,11,7,12,3,1,0,0,0,4,6,6,21,17,4,0,0,0,2,3,2,34,18,3,0,0,0,2,6,0,39,17,3,0,0,0,3,3,2,19,17,11,0,0,0,0,4,2,28,16,67,2,8,109Y
10014,臺東縣,10014010,臺東市,10014010-026,興國里,0,0,10,3,20,1,0,0,0,0,4,46,6,8,1,0,0,0,0,9,39,0,9,1,0,0,0,0,9,28,7,7,0,0,0,0,0,12,24,5,15,2,1,0,0,1,10,14,12,25,8,1,0,0,1,2,11,8,25,8,0,0,0,1,4,9,8,42,10,0,0,0,0,2,7,10,34,8,1,0,0,0,1,6,6,24,7,4,0,0,0,2,8,7,48,26,69,2,9,109Y
10014,臺東縣,10014010,臺東市,10014010-027,復興里,0,0,1,0,12,0,0,0,0,0,1,11,4,2,0,0,0,0,1,5,19,2,9,2,0,0,0,0,4,10,3,12,3,0,0,0,0,4,12,3,18,4,1,0,0,0,0,5,5,15,7,3,0,0,0,1,3,7,13,6,0,1,1,0,1,1,6,18,9,1,0,0,0,1,1,2,24,13,0,0,0,0,0,4,3,15,10,5,0,1,0,0,2,4,20,16,42,1,3,109Y
10014,臺東縣,10014010,臺東市,10014010-028,鐵花里,0,0,5,1,9,1,0,0,0,0,1,22,3,7,1,0,0,0,1,2,11,2,6,0,0,0,0,0,2,12,0,8,1,0,0,0,0,5,7,2,1,0,1,0,0,2,2,10,2,7,4,1,0,0,1,2,5,6,22,3,1,0,1,0,0,5,7,18,5,0,0,0,0,2,2,5,18,11,1,0,0,0,3,4,8,16,6,2,0,0,0,1,7,6,32,18,37,0,3,109Y
10014,臺東縣,10014010,臺東市,10014010-029,新園里,0,0,17,17,81,6,1,0,0,0,5,66,27,59,2,0,0,0,1,2,70,20,50,4,0,0,0,0,5,24,5,52,11,1,0,0,0,2,31,17,66,12,3,0,0,0,5,28,18,56,20,12,0,1,0,5,14,11,81,56,7,0,0,0,4,9,13,62,49,25,0,1,0,2,7,6,58,58,24,0,0,0,0,3,3,35,34,38,0,0,0,0,4,8,36,28,201,1,20,109Y
10014,臺東縣,10014010,臺東市,10014010-030,豐田里,0,0,34,16,83,12,2,0,0,0,6,89,32,57,1,0,0,0,0,7,91,20,62,5,0,0,0,0,11,64,17,65,13,3,0,0,0,12,43,19,82,19,3,0,0,2,9,34,30,81,26,1,0,0,3,3,21,30,114,47,4,0,0,1,7,18,29,86,48,5,0,0,0,3,7,10,76,70,17,0,0,0,0,7,13,49,50,44,1,2,0,1,10,9,45,42,255,2,28,109Y
10014,臺東縣,10014010,臺東市,10014010-031,豐年里,0,0,40,19,115,11,3,0,0,0,10,109,49,91,4,0,0,0,0,17,151,40,95,8,0,0,0,2,25,116,38,82,10,1,0,0,1,27,81,50,112,15,7,0,0,0,26,37,40,118,45,4,0,1,0,19,44,31,117,54,7,0,0,2,12,23,34,150,72,13,0,0,0,5,22,25,100,83,21,1,0,0,1,10,21,91,57,42,0,2,1,3,23,21,79,57,285,4,23,109Y
10014,臺東縣,10014010,臺東市,10014010-032,光明里,0,0,52,25,138,21,8,0,0,0,10,160,35,36,2,0,0,0,0,35,125,12,53,4,0,0,0,0,19,91,13,32,2,1,0,0,1,37,76,31,58,11,3,0,0,1,43,68,54,87,16,9,0,0,2,29,58,73,99,23,1,0,0,6,37,61,65,126,27,3,0,0,3,23,32,37,82,41,10,0,0,3,8,18,28,79,24,18,0,0,1,6,26,35,113,48,125,5,10,109Y
10014,臺東縣,10014010,臺東市,10014010-033,豐樂里,0,0,19,15,67,7,0,0,0,0,1,58,21,32,0,0,0,0,2,10,73,18,34,2,0,0,0,0,9,49,13,38,2,0,0,0,0,12,33,24,41,8,3,0,0,1,13,27,26,62,15,1,0,0,2,5,14,18,51,16,1,0,0,0,4,10,26,61,30,5,0,0,2,7,8,19,67,36,5,0,0,2,0,7,5,58,31,21,0,1,1,7,8,9,65,34,142,5,12,109Y
10014,臺東縣,10014010,臺東市,10014010-034,永樂里,0,0,41,24,104,14,2,0,0,0,10,155,31,50,3,1,0,0,1,23,88,16,39,0,0,0,0,0,21,67,13,41,3,1,0,0,3,18,44,21,47,8,1,0,0,1,36,33,39,76,17,3,0,0,5,30,39,48,85,21,5,0,0,2,28,19,38,86,39,3,0,0,5,9,32,11,86,50,17,0,0,3,8,22,12,51,47,22,0,2,4,4,14,31,51,33,165,3,20,109Y
10014,臺東縣,10014010,臺東市,10014010-035,康樂里,0,0,13,6,57,4,2,0,0,0,3,51,24,37,0,0,0,0,0,4,65,11,26,1,0,0,0,0,2,51,8,30,6,0,0,0,1,3,30,17,48,6,3,0,0,0,5,8,22,65,19,2,0,0,0,5,22,22,73,21,4,0,0,0,4,9,24,65,37,3,0,0,0,7,10,10,57,44,8,0,1,0,1,7,6,39,26,21,0,2,1,2,3,7,30,20,125,4,24,109Y
10014,臺東縣,10014010,臺東市,10014010-036,東海里,0,0,26,20,131,10,1,0,0,0,7,140,25,49,3,0,0,0,2,18,114,13,35,5,0,0,0,2,26,123,20,41,3,1,0,0,1,48,102,39,64,18,1,0,0,6,31,76,45,79,29,3,0,1,5,22,43,39,68,24,3,0,0,2,16,37,29,92,29,8,0,0,1,9,27,48,116,48,10,1,0,2,9,36,34,129,36,27,0,1,0,10,51,53,123,51,217,3,16,109Y
10014,臺東縣,10014010,臺東市,10014010-037,新興里,0,0,10,7,29,4,0,0,0,0,5,26,8,12,2,0,0,0,1,5,44,10,21,1,0,0,0,0,6,28,2,23,1,0,0,0,0,9,23,11,22,5,2,0,0,0,5,19,17,22,8,0,0,0,0,3,6,21,28,16,5,0,0,2,5,9,14,55,12,5,0,0,0,4,10,13,44,25,3,0,0,0,3,7,6,33,25,10,0,0,0,3,15,11,54,22,111,1,7,109Y
10014,臺東縣,10014010,臺東市,10014010-038,豐榮里,0,0,124,52,369,31,8,0,0,0,29,399,103,152,12,0,0,0,3,70,418,81,132,12,0,0,0,2,77,315,68,157,12,1,0,0,9,95,258,116,201,46,8,0,0,10,93,169,142,269,98,14,0,0,11,77,140,143,316,93,8,1,1,10,60,125,142,306,123,16,0,0,7,35,63,108,323,128,38,0,3,4,22,61,106,265,145,102,0,2,1,24,101,104,281,163,596,8,56,109Y
10014,臺東縣,10014010,臺東市,10014010-039,豐谷里,0,0,58,39,214,15,5,0,0,0,12,241,64,149,9,0,0,0,0,35,268,40,101,4,0,0,0,2,40,207,33,131,22,3,0,0,2,47,107,60,144,38,6,0,1,5,29,67,87,171,60,12,0,1,4,23,47,75,196,84,14,0,0,4,29,56,62,213,102,17,0,1,1,17,32,46,203,158,34,0,0,0,4,31,35,157,103,55,0,1,1,5,56,66,176,96,474,9,29,109Y
10014,臺東縣,10014010,臺東市,10014010-040,豐里里,0,0,27,18,85,7,3,0,0,0,5,106,32,59,2,0,0,0,0,12,127,26,68,7,0,0,0,1,10,78,10,51,7,4,0,0,0,15,49,28,85,30,3,0,0,0,10,27,28,78,37,3,0,0,0,15,24,25,93,43,8,0,0,1,12,20,26,102,75,6,0,1,1,10,12,20,93,82,24,0,0,1,6,11,18,64,55,36,0,0,1,2,11,15,57,52,264,4,33,109Y
10014,臺東縣,10014010,臺東市,10014010-041,豐原里,0,0,7,7,29,2,0,0,0,0,2,45,17,19,1,0,0,0,0,8,63,7,32,0,0,0,0,1,8,34,5,28,6,0,0,0,1,8,14,9,44,14,3,0,0,0,7,10,7,49,26,4,0,0,1,1,6,10,38,21,2,0,0,1,5,5,15,67,30,5,0,1,2,4,5,11,58,45,8,0,2,0,1,1,0,35,42,20,0,0,0,1,4,1,30,37,176,4,14,109Y
10014,臺東縣,10014010,臺東市,10014010-042,建和里,0,0,11,10,43,5,2,0,0,0,1,42,13,42,3,0,0,0,0,7,64,10,57,3,0,0,0,0,7,52,11,37,1,0,0,0,0,5,19,12,39,8,0,0,0,0,5,14,15,51,12,1,0,0,0,1,10,12,51,26,2,0,0,0,5,10,11,68,40,3,1,0,0,2,3,14,52,58,15,0,0,0,2,4,5,34,44,33,0,1,0,1,6,9,27,38,210,3,14,109Y
10014,臺東縣,10014010,臺東市,10014010-043,建興里,0,0,17,6,25,5,1,0,0,0,2,37,12,23,2,0,0,0,0,9,43,7,23,2,0,0,0,1,7,26,3,15,3,1,0,0,0,7,15,7,20,2,2,0,0,0,3,8,18,32,7,4,0,0,0,6,8,16,41,13,4,0,0,1,2,11,17,45,18,3,0,0,1,1,7,9,35,31,7,0,1,0,0,5,4,29,34,16,0,1,1,2,12,7,26,21,122,0,15,109Y
10014,臺東縣,10014010,臺東市,10014010-044,建業里,0,0,20,11,51,8,2,0,0,0,1,62,11,40,2,0,0,0,0,6,50,10,37,3,0,0,0,0,4,40,7,40,6,0,0,0,1,7,21,6,33,6,1,0,0,0,3,12,14,53,24,3,0,0,0,5,7,11,51,20,1,0,1,0,5,9,16,69,36,2,0,0,1,2,5,7,46,47,9,0,0,1,1,2,7,30,25,27,0,2,0,0,8,12,35,36,179,4,9,109Y
10014,臺東縣,10014010,臺東市,10014010-045,知本里,0,0,13,4,45,5,5,0,0,0,5,56,18,43,5,0,0,0,0,7,64,13,36,5,0,0,0,0,7,39,9,30,5,0,0,0,1,6,23,13,53,8,4,0,0,0,5,13,10,55,11,2,0,1,1,3,14,10,71,19,4,0,0,1,1,11,20,79,26,3,0,0,0,2,7,7,64,55,12,0,1,0,3,3,4,46,40,24,1,0,0,1,8,11,36,30,165,1,15,109Y
10014,臺東縣,10014010,臺東市,10014010-046,建農里,0,0,24,17,88,9,1,0,0,0,3,62,18,62,3,0,0,0,1,9,76,13,82,9,0,0,0,1,6,40,11,65,16,0,0,0,0,6,28,19,80,39,3,0,0,0,9,16,27,76,41,12,0,0,1,5,19,19,90,82,10,0,0,2,7,12,11,79,90,10,0,0,0,4,10,10,60,69,34,0,1,1,0,5,10,39,39,58,0,4,2,3,9,6,37,23,219,7,22,109Y
10014,臺東縣,10014020,成功鎮,10014020-001,博愛里,0,0,1,1,9,1,0,0,0,0,0,7,0,14,1,0,0,0,0,0,14,2,18,0,0,0,0,0,2,7,5,11,0,0,0,0,0,0,9,2,16,8,4,0,0,0,1,4,8,16,17,2,0,0,0,1,3,2,17,19,1,0,0,0,0,0,7,13,40,5,0,0,0,1,2,4,22,35,14,0,0,0,0,3,3,11,23,23,0,1,0,0,2,2,8,13,157,0,0,109Y
10014,臺東縣,10014020,成功鎮,10014020-002,忠孝里,0,0,1,2,22,6,2,0,0,0,0,20,5,22,0,0,0,0,0,0,26,7,34,3,0,0,0,0,1,18,3,24,10,1,0,0,0,0,12,9,27,20,5,0,0,0,0,12,10,30,21,2,0,0,0,0,3,4,26,29,0,0,1,0,2,3,5,29,36,12,0,0,0,0,3,4,27,47,27,0,0,0,1,3,2,18,28,32,0,0,0,0,2,3,15,33,199,1,3,109Y
10014,臺東縣,10014020,成功鎮,10014020-003,三仙里,0,0,9,5,34,4,0,0,0,0,0,40,11,42,5,1,0,0,0,2,30,4,44,6,0,0,0,0,1,29,2,31,8,1,0,0,0,1,15,6,41,29,13,0,0,0,2,4,7,47,52,20,0,0,0,2,11,4,27,67,11,0,0,0,2,1,4,21,57,36,0,0,0,0,1,5,18,52,61,0,2,0,1,1,3,21,33,79,1,3,0,1,0,3,18,27,242,1,9,109Y
10014,臺東縣,10014020,成功鎮,10014020-004,三民里,0,0,24,17,79,7,2,0,0,0,3,117,24,70,4,0,0,0,0,10,91,20,62,8,0,0,0,1,6,78,22,69,16,0,0,0,0,4,51,26,76,31,11,0,0,0,7,39,35,101,69,25,0,1,1,6,17,19,70,78,11,0,1,1,6,17,29,73,98,30,0,1,0,0,5,13,65,95,76,0,1,0,0,11,12,41,56,103,1,8,0,1,7,8,48,61,435,0,26,109Y
10014,臺東縣,10014020,成功鎮,10014020-005,忠智里,0,0,22,12,47,6,0,0,0,0,2,82,19,35,0,0,0,0,0,10,85,9,29,4,0,0,0,1,10,63,9,17,3,1,0,0,1,12,38,25,55,21,3,0,0,2,12,39,33,66,28,7,0,0,1,4,15,22,64,55,2,0,0,0,3,10,22,80,32,5,0,0,0,2,12,18,63,59,20,0,1,0,0,7,12,45,57,39,0,0,0,1,11,6,54,76,274,2,13,109Y
10014,臺東縣,10014020,成功鎮,10014020-006,忠仁里,0,0,22,13,93,9,0,0,0,0,2,64,18,47,4,0,0,0,0,4,81,9,45,3,0,0,0,0,6,70,15,32,6,2,0,0,0,6,36,34,69,32,5,0,0,0,8,28,37,77,37,18,0,1,0,7,9,20,80,61,7,0,0,0,3,11,21,73,73,19,0,0,1,3,3,20,62,71,38,0,2,0,1,7,9,54,70,61,0,1,0,2,8,17,45,84,309,4,12,109Y
10014,臺東縣,10014020,成功鎮,10014020-007,和平里,0,0,1,2,20,3,0,0,0,0,0,15,0,12,0,0,0,0,0,6,26,4,15,0,0,0,0,0,0,14,4,16,1,0,0,0,0,2,7,3,22,6,1,0,0,1,3,4,3,29,19,4,0,0,0,1,3,2,15,22,7,0,1,0,3,5,2,21,31,11,0,0,0,0,2,2,17,31,27,0,1,0,0,1,1,8,19,47,0,0,1,0,0,1,13,25,163,0,7,109Y
10014,臺東縣,10014020,成功鎮,10014020-008,信義里,0,0,9,6,46,3,1,0,0,0,0,41,5,31,0,0,0,0,0,4,52,6,38,5,0,0,0,0,4,31,5,34,17,0,0,0,0,3,26,15,51,26,11,0,0,1,2,15,19,61,37,15,0,0,0,6,10,15,42,68,21,0,1,1,2,6,12,50,84,44,0,0,1,4,7,12,37,72,68,0,0,0,1,7,9,30,60,77,0,1,0,1,11,5,41,38,344,1,5,109Y
10014,臺東縣,10014030,關山鎮,10014030-001,德高里,0,0,19,5,48,4,1,0,0,0,4,81,22,49,1,0,0,0,0,6,69,13,48,4,0,0,0,0,4,35,9,35,6,2,0,0,0,9,32,9,51,5,1,0,0,0,0,20,9,52,27,4,0,0,0,4,11,13,81,38,5,0,0,0,1,8,16,77,50,12,0,1,0,3,8,12,64,59,18,0,0,0,2,2,4,36,40,39,1,1,0,0,3,5,30,46,319,3,29,109Y
10014,臺東縣,10014030,關山鎮,10014030-002,豐泉里,0,0,11,7,42,9,1,0,0,0,2,62,10,33,0,0,0,0,0,7,53,4,17,1,0,0,0,0,11,30,5,27,1,1,0,0,0,5,34,17,38,7,0,0,0,0,6,24,10,31,13,2,0,0,0,8,15,6,34,16,4,0,0,0,7,7,16,63,12,7,0,0,0,2,9,15,38,21,10,0,0,0,2,7,13,52,27,22,0,0,0,1,11,20,36,37,116,1,14,109Y
10014,臺東縣,10014030,關山鎮,10014030-003,新福里,0,0,8,5,37,3,1,0,0,0,3,36,12,19,2,0,0,0,0,3,40,7,24,1,0,0,0,0,1,20,3,25,5,0,0,0,0,2,24,11,28,4,1,0,0,0,4,10,9,23,8,5,0,0,1,3,7,5,32,15,6,0,0,0,2,6,13,38,30,6,0,0,0,0,5,12,31,32,20,0,1,0,0,4,1,29,20,22,0,2,0,1,3,3,20,24,114,2,17,109Y
10014,臺東縣,10014030,關山鎮,10014030-004,中福里,0,0,9,5,21,2,0,0,0,0,0,22,8,12,0,0,0,0,0,5,40,1,12,0,0,0,0,0,10,33,4,12,2,0,0,0,0,6,25,10,18,5,0,0,0,0,6,17,10,16,6,2,0,0,1,2,9,11,17,5,1,0,0,1,4,11,11,31,8,4,0,0,1,1,9,8,33,8,2,0,0,0,2,11,4,53,18,12,0,0,0,1,8,10,50,41,76,4,11,109Y
10014,臺東縣,10014030,關山鎮,10014030-005,里壠里,0,0,14,9,58,9,1,0,0,0,3,67,14,37,2,0,0,0,1,6,77,6,38,3,0,0,0,0,9,48,2,32,7,0,0,0,1,10,38,13,50,4,1,0,0,0,13,43,27,47,12,4,0,0,0,4,19,15,64,19,4,0,0,0,5,23,15,75,27,8,0,0,0,4,13,16,62,43,18,0,0,0,3,12,12,65,42,27,0,0,0,3,27,21,72,45,181,2,25,109Y
10014,臺東縣,10014030,關山鎮,10014030-006,電光里,0,0,2,0,29,2,0,0,0,0,2,12,8,15,0,0,0,0,0,1,13,3,12,1,0,0,0,0,3,8,3,13,5,0,0,1,0,1,7,1,20,6,0,0,0,0,0,3,2,15,11,3,0,1,0,1,1,6,23,21,8,0,0,0,0,3,0,20,26,2,0,0,0,0,1,3,11,24,13,0,0,0,0,2,2,10,14,14,0,0,1,0,3,1,9,11,105,1,6,109Y
10014,臺東縣,10014030,關山鎮,10014030-007,月眉里,0,0,10,3,18,2,0,0,0,0,1,22,6,24,2,0,0,0,0,4,26,2,21,0,0,0,0,0,2,22,3,17,3,0,0,0,0,1,11,7,17,3,0,0,0,0,3,6,4,22,11,1,0,0,0,4,1,5,23,25,5,0,0,0,2,2,4,31,21,6,0,1,0,1,3,5,26,26,17,0,2,1,1,1,3,22,19,22,0,0,0,1,5,4,15,14,101,1,19,109Y
10014,臺東縣,10014040,卑南鄉,10014040-001,嘉豐村,0,0,1,3,15,1,0,0,0,0,0,15,2,22,1,0,0,0,0,0,8,3,13,1,0,0,0,0,2,4,3,23,8,0,0,0,1,0,6,4,17,8,3,0,0,0,1,2,2,16,16,4,0,0,0,1,2,0,7,21,6,0,0,0,0,0,1,14,25,7,0,0,0,1,2,3,12,22,15,0,1,0,1,0,1,7,9,24,0,0,0,0,0,1,2,4,80,3,5,109Y
10014,臺東縣,10014040,卑南鄉,10014040-002,利吉村,0,0,4,2,6,1,1,0,0,0,0,7,7,11,0,0,0,0,0,1,15,3,8,1,0,0,0,0,3,6,1,14,2,0,0,0,0,0,6,5,21,5,1,0,0,0,1,3,4,14,7,0,0,0,0,2,2,7,4,6,1,0,1,0,2,2,4,12,11,3,0,0,0,1,1,5,17,22,12,0,0,0,1,1,2,13,19,21,0,1,0,1,4,3,13,11,75,4,9,109Y
10014,臺東縣,10014040,卑南鄉,10014040-003,富山村,0,0,3,1,19,2,0,0,0,0,0,13,2,11,2,0,0,0,0,1,20,7,13,2,0,0,0,0,5,4,0,14,3,1,0,0,1,0,3,3,16,7,1,0,0,2,1,7,6,15,11,1,0,0,0,3,1,2,9,19,6,0,0,0,2,4,4,15,21,7,0,0,0,0,3,1,19,21,11,0,1,0,2,1,2,11,10,13,0,1,0,0,1,3,4,6,66,10,16,109Y
10014,臺東縣,10014040,卑南鄉,10014040-004,富源村,0,0,3,1,8,1,0,0,0,0,0,9,3,6,1,0,0,0,0,0,12,0,4,0,0,0,0,0,1,5,4,7,2,0,0,0,0,4,5,4,3,3,0,0,1,0,2,2,2,8,1,0,0,1,0,0,0,3,14,8,0,0,0,0,0,0,4,16,11,0,0,0,0,0,1,2,11,14,2,0,0,0,1,1,1,12,15,9,0,0,0,1,0,4,12,11,51,8,23,109Y
10014,臺東縣,10014040,卑南鄉,10014040-005,明峰村,0,0,4,6,43,6,0,0,0,0,1,30,7,34,3,0,0,0,0,3,31,9,26,1,0,0,0,0,6,35,7,30,6,0,0,0,0,7,19,18,41,13,1,0,0,0,3,13,10,44,10,3,0,0,0,5,10,16,62,21,4,0,0,0,1,4,8,38,33,10,0,1,0,0,7,4,46,48,19,0,0,0,1,4,4,26,23,24,0,1,0,2,6,12,49,33,156,12,27,109Y
10014,臺東縣,10014040,卑南鄉,10014040-006,初鹿村,0,0,14,10,52,6,1,0,0,0,3,47,12,41,1,0,0,0,0,6,44,4,25,1,0,0,0,0,4,17,6,35,4,1,0,0,0,2,24,14,39,15,7,0,0,0,3,12,18,50,34,6,0,0,0,11,7,7,59,23,4,0,0,0,5,8,13,46,40,2,0,0,0,2,6,6,35,41,16,1,0,0,1,8,8,29,39,23,1,2,1,3,8,9,56,14,163,9,30,109Y
10014,臺東縣,10014040,卑南鄉,10014040-007,美農村,0,0,13,8,31,3,0,0,0,0,2,34,15,29,1,1,0,0,0,6,38,7,22,3,0,0,0,0,3,23,7,21,6,0,0,0,0,5,20,1,19,15,2,0,0,0,3,5,11,46,21,2,0,0,1,0,14,3,63,22,0,0,0,0,2,4,8,52,34,5,0,0,2,2,6,11,50,32,12,0,0,0,0,1,7,34,25,18,0,0,0,2,5,6,36,25,146,2,32,109Y
10014,臺東縣,10014040,卑南鄉,10014040-008,賓朗村,0,0,17,18,99,14,2,0,0,0,1,100,32,60,3,0,0,0,2,7,88,20,46,1,0,0,0,1,10,68,13,55,6,1,0,0,0,16,36,18,52,17,5,0,0,2,8,26,28,72,19,5,0,1,0,12,19,19,97,36,5,0,0,2,6,32,16,97,60,8,0,1,0,4,17,10,106,76,19,0,0,0,2,12,12,67,52,39,0,2,1,3,26,19,84,60,267,26,27,109Y
10014,臺東縣,10014040,卑南鄉,10014040-009,泰安村,0,0,15,7,49,10,0,0,0,0,0,43,20,49,2,0,0,0,0,10,44,9,45,6,0,0,1,0,1,11,6,55,15,1,0,0,0,3,10,7,45,10,1,0,0,0,1,6,15,54,28,0,0,0,0,5,7,8,53,34,5,0,0,0,3,9,8,44,35,12,0,0,0,5,6,12,32,36,22,0,0,0,2,2,3,26,26,20,0,4,1,1,5,6,15,14,118,0,8,109Y
10014,臺東縣,10014040,卑南鄉,10014040-010,太平村,0,0,32,20,110,8,0,0,0,0,5,133,34,69,5,0,0,0,1,22,137,36,115,4,1,0,0,0,13,75,31,117,15,0,0,0,0,16,65,23,113,30,5,0,0,0,14,33,57,116,52,10,0,0,1,10,34,37,139,73,7,0,0,1,17,27,42,137,67,10,0,0,0,11,27,28,110,92,33,0,2,0,2,20,13,86,60,70,1,1,1,0,17,20,80,47,258,22,49,109Y
10014,臺東縣,10014040,卑南鄉,10014040-011,利嘉村,0,0,11,7,37,4,1,0,0,0,2,39,16,51,3,0,0,0,0,3,36,10,43,7,0,0,0,0,9,37,8,37,6,1,0,0,1,5,23,8,32,13,0,0,0,1,4,14,14,25,26,0,0,0,0,2,10,17,42,21,1,0,0,0,3,5,14,46,21,3,0,0,0,4,10,8,46,33,6,0,1,0,1,8,10,38,29,21,0,0,0,1,12,12,40,31,103,1,4,109Y
10014,臺東縣,10014040,卑南鄉,10014040-012,東興村,0,0,11,11,45,10,0,0,0,0,1,27,13,37,1,0,0,0,0,1,55,11,36,2,0,0,0,0,0,25,8,40,7,1,0,0,0,2,17,14,48,20,3,0,0,0,3,16,17,38,24,8,0,0,0,4,13,7,55,30,5,0,1,0,4,9,12,49,47,23,0,1,0,2,2,5,31,47,37,0,0,0,0,2,3,20,22,38,0,2,0,0,3,5,17,15,116,0,8,109Y
10014,臺東縣,10014040,卑南鄉,10014040-013,溫泉村,0,0,5,4,32,0,0,0,0,0,1,24,11,20,1,1,0,0,1,3,42,4,15,2,0,0,0,1,5,20,5,15,2,0,0,0,0,2,19,11,36,9,3,0,0,0,4,12,8,36,16,4,0,0,2,4,10,10,42,28,1,0,0,1,8,6,7,43,36,5,0,0,0,5,8,13,47,41,13,0,0,0,0,6,8,33,26,16,0,2,0,4,13,10,35,43,173,3,25,109Y
10014,臺東縣,10014050,鹿野鄉,10014050-001,瑞和村,0,0,2,1,28,1,0,0,0,0,1,13,4,37,0,0,0,0,0,4,21,6,24,1,0,0,0,0,2,17,1,14,3,0,0,0,0,0,10,3,23,15,2,0,0,0,1,5,5,27,14,2,0,0,0,0,4,3,25,16,0,0,0,0,1,1,2,38,23,7,0,0,0,0,1,1,20,24,17,0,1,0,1,4,2,12,15,12,0,0,0,1,2,3,19,17,99,0,8,109Y
10014,臺東縣,10014050,鹿野鄉,10014050-002,瑞豐村,0,0,18,4,36,3,1,0,0,0,2,29,10,15,0,0,0,0,0,3,26,3,10,1,0,0,0,0,2,22,7,23,3,1,0,0,0,4,14,12,21,13,3,0,0,0,3,4,17,30,14,4,1,0,0,3,6,12,37,24,2,1,0,0,0,4,6,36,26,2,0,1,0,0,3,8,28,37,6,0,1,0,0,5,1,21,18,23,0,2,0,2,8,4,18,22,136,3,38,109Y
10014,臺東縣,10014050,鹿野鄉,10014050-003,瑞源村,0,0,7,1,23,3,0,0,0,0,0,19,4,30,1,0,0,0,1,3,40,4,31,4,0,0,0,0,8,20,3,17,5,0,0,0,1,5,11,9,19,9,0,0,0,0,3,10,5,42,13,0,0,1,0,1,7,7,38,19,1,0,0,0,0,4,4,33,22,10,0,0,0,2,6,5,27,34,15,0,0,0,1,1,1,17,15,26,0,1,0,1,6,7,24,26,143,7,14,109Y
10014,臺東縣,10014050,鹿野鄉,10014050-004,永安村,0,0,14,13,37,5,0,0,0,0,0,44,21,39,2,0,0,0,0,1,48,8,32,0,0,0,0,0,8,47,12,39,5,0,0,0,0,3,22,15,49,17,2,0,1,1,7,17,16,55,29,2,1,0,2,3,14,7,51,35,5,0,0,0,4,15,19,55,47,8,0,0,1,5,11,14,60,63,19,0,0,1,2,8,6,39,37,31,1,2,0,3,12,8,32,25,199,1,21,109Y
10014,臺東縣,10014050,鹿野鄉,10014050-005,瑞隆村,0,0,10,6,37,1,1,0,0,0,0,27,8,20,1,0,0,0,0,1,23,11,23,4,0,0,0,0,3,20,5,20,10,0,0,0,0,1,12,5,23,9,5,0,2,0,6,9,8,23,23,2,0,0,0,4,6,8,39,17,4,0,0,0,1,4,7,40,31,8,0,0,0,0,6,2,13,31,14,0,1,0,0,1,3,29,27,23,0,1,0,1,2,8,24,23,152,3,12,109Y
10014,臺東縣,10014050,鹿野鄉,10014050-006,鹿野村,0,0,13,8,31,3,0,0,0,0,3,32,10,27,1,0,0,0,0,2,48,3,22,3,0,0,0,0,2,21,6,28,5,0,0,0,1,5,12,14,19,9,4,0,0,0,8,5,10,37,16,3,0,0,0,2,10,7,39,22,1,0,0,0,3,14,11,45,42,7,0,1,2,3,5,11,39,39,5,0,1,0,0,3,9,23,31,22,0,2,1,0,9,11,45,33,158,7,14,109Y
10014,臺東縣,10014050,鹿野鄉,10014050-007,龍田村,0,0,8,14,34,5,0,0,0,0,0,27,14,19,2,0,0,0,0,7,38,2,15,1,0,0,0,0,6,13,8,18,4,1,0,0,0,8,20,7,42,11,0,0,0,0,4,13,7,40,5,6,0,0,0,7,10,6,46,12,2,0,0,0,4,10,11,43,34,2,0,0,1,3,5,9,28,43,10,0,0,0,0,8,12,39,16,24,0,1,0,2,12,10,30,26,174,0,33,109Y
10014,臺東縣,10014060,池上鄉,10014060-001,福文村,0,0,11,12,39,1,1,0,0,0,0,36,17,33,2,0,0,0,1,6,38,5,28,3,0,0,0,0,2,22,6,21,7,0,0,0,1,1,8,4,41,6,5,0,0,0,1,11,14,51,9,6,0,0,0,2,12,14,49,39,5,0,0,0,4,7,3,53,32,10,0,1,0,1,5,9,44,40,9,0,2,0,1,0,3,29,37,26,0,0,0,0,7,6,29,25,178,2,20,109Y
10014,臺東縣,10014060,池上鄉,10014060-002,慶豐村,0,0,3,9,16,2,0,0,0,0,2,22,6,17,0,0,0,0,0,2,23,2,14,4,0,0,0,0,1,14,6,13,2,0,0,0,0,2,13,6,25,5,0,0,0,0,2,8,10,28,9,0,0,0,0,3,1,7,30,10,1,0,0,0,4,2,9,34,18,2,0,0,0,0,2,2,32,26,5,0,1,0,1,0,4,16,21,10,0,0,0,0,1,4,12,27,117,0,11,109Y
10014,臺東縣,10014060,池上鄉,10014060-003,大坡村,0,0,4,3,6,0,0,0,0,0,0,8,3,5,1,0,0,0,0,0,16,0,6,1,0,0,0,0,0,6,2,5,1,0,0,0,0,1,3,2,17,1,0,0,0,0,1,2,2,9,10,1,0,0,0,0,3,2,9,6,0,0,1,0,0,2,2,9,5,4,0,0,0,0,0,0,8,22,5,0,1,0,0,0,0,15,16,8,0,0,0,0,3,0,9,14,59,0,8,109Y
10014,臺東縣,10014060,池上鄉,10014060-004,大埔村,0,0,5,9,24,1,1,0,0,0,0,29,4,10,1,0,0,0,0,3,40,6,17,2,0,0,0,0,2,16,4,12,2,0,0,0,1,4,17,9,20,10,0,0,0,1,5,12,14,24,10,0,0,0,0,2,9,7,26,22,3,0,0,0,2,14,5,23,19,3,0,0,1,2,0,3,25,32,6,0,1,0,1,3,1,16,22,20,0,2,0,0,6,11,29,29,138,1,11,109Y
10014,臺東縣,10014060,池上鄉,10014060-005,福原村,0,0,25,20,61,7,2,0,0,0,5,76,21,28,0,1,0,0,0,14,91,14,29,1,0,0,0,0,13,76,10,41,7,2,0,0,1,14,51,20,49,7,2,0,0,1,9,31,30,63,20,4,0,0,0,12,35,29,70,17,6,0,0,0,3,15,23,84,35,5,0,0,0,1,10,25,80,44,9,1,0,0,2,16,19,69,42,24,0,2,0,1,14,15,78,91,230,9,22,109Y
10014,臺東縣,10014060,池上鄉,10014060-006,錦園村,0,0,3,1,7,1,1,0,0,0,0,13,2,4,2,0,0,0,0,1,8,1,2,0,0,0,0,0,0,12,1,5,0,0,0,0,0,1,7,3,7,4,0,0,0,0,1,5,2,7,4,0,0,0,0,0,1,3,22,3,0,0,0,0,0,1,1,21,8,0,0,0,0,2,2,3,22,16,2,0,0,0,1,1,1,14,12,8,0,0,0,0,2,3,14,15,59,3,5,109Y
10014,臺東縣,10014060,池上鄉,10014060-007,新興村,0,0,8,11,18,2,1,0,0,0,1,30,7,13,1,0,0,0,0,2,31,6,19,2,0,0,0,0,2,17,2,20,3,2,0,0,1,2,13,5,29,6,0,0,0,1,5,5,7,30,23,4,0,0,0,4,4,8,39,20,3,0,1,0,1,0,9,40,18,2,0,0,0,0,4,3,33,21,8,0,0,0,1,0,5,23,27,19,0,1,0,0,2,5,21,23,157,0,19,109Y
10014,臺東縣,10014060,池上鄉,10014060-008,萬安村,0,0,2,3,12,0,0,0,0,0,0,8,2,8,0,0,0,0,0,0,12,1,7,0,0,0,0,0,2,7,2,6,0,0,1,0,0,0,5,0,10,0,1,0,0,0,1,3,7,7,2,0,0,1,0,1,1,3,11,1,2,0,0,0,0,1,2,18,7,0,0,1,0,0,1,3,15,18,5,0,1,0,0,0,1,5,4,0,0,0,0,0,1,0,7,17,62,1,10,109Y
10014,臺東縣,10014060,池上鄉,10014060-009,富興村,0,0,3,3,15,1,0,0,0,0,2,10,3,14,2,0,0,0,0,1,6,1,11,1,0,0,0,0,3,5,0,7,1,0,0,0,0,1,4,3,17,1,0,0,0,0,0,1,2,20,6,2,0,0,1,0,0,1,20,12,0,0,0,0,0,2,5,13,15,5,0,0,0,1,1,4,12,16,13,0,0,0,1,0,2,17,8,13,0,1,0,1,3,1,6,16,56,2,12,109Y
10014,臺東縣,10014060,池上鄉,10014060-010,振興村,0,0,2,2,11,1,0,0,0,0,0,8,6,20,1,0,0,0,0,0,11,2,22,1,0,0,0,0,0,6,1,11,4,0,0,0,0,2,7,2,19,2,5,0,0,0,2,2,3,19,8,0,0,0,0,1,3,4,11,15,5,0,0,0,1,0,3,12,18,9,0,0,0,0,1,2,13,14,10,0,1,0,0,0,0,5,9,18,0,2,0,0,2,2,2,2,80,0,16,109Y
10014,臺東縣,10014070,東河鄉,10014070-001,北源村,0,0,4,7,30,3,2,0,0,0,2,30,6,23,2,0,0,0,0,4,27,4,28,0,0,0,0,0,3,26,7,32,15,1,0,0,0,1,19,11,78,24,5,0,0,0,4,16,14,75,51,5,0,0,0,2,4,13,59,59,5,0,2,0,1,8,12,59,74,17,0,2,1,0,4,6,54,60,36,0,0,0,0,4,2,27,47,64,1,1,0,1,4,4,29,35,301,3,18,109Y
10014,臺東縣,10014070,東河鄉,10014070-002,泰源村,0,0,8,4,37,4,0,0,0,0,1,31,10,27,2,0,0,0,0,2,27,7,18,3,0,0,0,0,5,16,3,36,14,0,0,0,1,1,12,5,38,23,3,0,0,0,4,11,7,42,33,2,0,0,0,0,2,7,45,33,18,0,1,0,3,8,8,44,32,23,1,1,0,1,8,2,22,38,48,0,1,0,1,2,7,10,32,60,0,1,0,1,3,4,17,28,213,2,14,109Y
10014,臺東縣,10014070,東河鄉,10014070-003,東河村,0,0,6,6,23,3,0,0,0,0,1,27,7,21,1,1,0,0,0,2,32,6,13,1,0,0,0,0,1,24,3,13,4,0,0,0,0,5,14,8,39,9,1,0,0,0,1,9,13,44,20,0,0,0,1,1,9,15,57,25,1,0,0,0,4,5,10,49,29,6,0,1,0,4,3,6,33,43,5,0,0,0,0,7,7,24,25,17,0,0,0,0,8,4,17,57,155,0,8,109Y
10014,臺東縣,10014070,東河鄉,10014070-004,尚德村,0,0,1,0,9,0,0,0,0,0,0,7,2,8,0,0,0,0,0,0,1,1,6,1,0,0,0,0,1,2,1,4,2,0,0,0,0,0,3,0,13,4,0,0,0,0,0,2,5,10,6,1,0,0,0,1,1,0,7,8,1,0,0,0,1,3,3,9,9,2,0,0,0,0,1,2,10,9,3,0,0,0,0,0,1,3,11,10,0,1,0,0,0,3,6,9,47,5,2,109Y
10014,臺東縣,10014070,東河鄉,10014070-005,隆昌村,0,0,2,1,9,3,2,0,0,0,1,9,4,7,0,0,0,0,0,1,16,4,8,1,0,0,0,0,2,13,2,9,1,0,0,0,0,4,2,4,14,3,1,0,0,0,1,3,2,20,2,0,0,0,0,1,7,7,27,12,1,0,0,0,2,6,9,26,11,1,0,1,0,0,3,4,23,23,3,0,0,0,1,5,4,10,26,15,0,0,0,2,4,1,12,16,115,0,10,109Y
10014,臺東縣,10014070,東河鄉,10014070-006,興昌村,0,0,6,3,32,4,0,0,0,0,0,14,4,15,2,0,0,0,0,3,25,4,15,0,0,0,0,1,3,14,5,9,2,0,0,0,1,3,10,3,12,9,2,0,0,0,3,13,12,33,15,4,0,0,0,3,7,6,48,24,1,0,0,0,8,6,5,30,33,5,0,0,2,2,9,6,23,36,13,0,1,0,2,2,8,25,25,27,0,1,2,3,4,4,24,26,202,0,18,109Y
10014,臺東縣,10014070,東河鄉,10014070-007,都蘭村,0,0,20,8,60,8,2,0,0,0,0,59,10,47,2,0,0,0,0,3,66,9,40,1,0,0,0,0,9,46,13,49,8,0,0,0,1,4,37,15,82,25,2,0,0,1,11,29,26,90,36,2,0,0,1,8,17,19,70,48,3,0,0,1,6,9,18,78,57,14,0,1,0,4,14,20,67,101,15,0,0,2,2,13,12,59,67,54,2,0,1,6,15,11,57,86,333,3,24,109Y
10014,臺東縣,10014080,長濱鄉,10014080-001,樟原村,0,0,1,7,14,2,0,0,0,0,1,11,9,22,1,0,0,0,0,0,14,4,21,0,0,0,0,0,0,3,2,9,0,0,0,0,0,0,5,3,12,5,4,0,0,0,0,1,0,13,22,3,0,0,0,0,5,2,17,30,0,0,0,0,0,4,4,18,33,4,0,0,0,1,2,0,19,26,12,0,0,0,2,5,1,8,17,20,0,1,0,0,5,2,7,13,161,0,2,109Y
10014,臺東縣,10014080,長濱鄉,10014080-002,三間村,0,0,5,9,30,4,0,0,0,0,0,19,5,30,3,0,0,0,0,1,17,2,19,1,1,0,0,0,0,16,9,19,2,0,0,0,0,3,14,10,28,16,0,0,0,2,1,9,9,44,32,7,0,0,0,6,8,8,39,27,8,0,0,0,3,7,8,33,47,22,0,0,0,0,1,8,28,54,49,0,1,1,0,7,2,18,41,42,0,1,0,0,8,5,20,22,287,2,8,109Y
10014,臺東縣,10014080,長濱鄉,10014080-003,忠勇村,0,0,2,3,24,2,0,0,0,0,0,11,6,11,0,0,0,0,0,1,14,1,20,3,0,0,0,0,1,6,3,5,2,0,0,0,0,1,5,3,14,8,0,0,0,0,4,2,2,21,22,1,0,0,0,0,2,4,22,23,3,0,0,0,2,2,1,15,28,7,0,0,0,1,3,2,11,28,14,0,0,0,0,2,2,14,12,16,0,0,0,1,4,1,4,12,112,0,4,109Y
10014,臺東縣,10014080,長濱鄉,10014080-004,長濱村,0,0,11,9,53,11,0,0,0,0,0,53,12,45,1,0,0,0,0,6,71,6,40,9,0,0,0,0,5,41,4,49,9,0,0,0,0,6,32,18,51,22,6,0,1,0,3,17,11,56,53,4,0,0,1,3,10,17,73,58,5,0,1,0,5,11,20,65,87,24,0,2,2,5,13,15,71,103,28,0,0,0,2,12,13,54,56,58,0,1,0,3,9,9,40,49,357,3,7,109Y
10014,臺東縣,10014080,長濱鄉,10014080-005,竹湖村,0,0,7,2,16,2,0,0,0,0,0,21,0,12,1,0,0,0,0,2,17,2,17,1,0,0,0,0,0,15,6,20,6,0,0,0,0,0,19,1,32,3,1,0,0,0,4,8,4,40,29,4,0,0,0,1,3,4,25,29,5,0,0,0,3,7,2,22,40,10,0,0,0,5,2,8,25,54,18,0,1,0,0,1,0,8,30,54,0,0,0,1,3,2,16,26,197,0,5,109Y
10014,臺東縣,10014080,長濱鄉,10014080-006,寧埔村,0,0,7,3,17,2,0,0,0,0,1,19,6,14,1,0,0,0,0,1,35,5,23,1,0,0,0,0,4,19,4,29,4,2,0,0,0,2,8,6,38,25,1,0,0,0,2,9,4,23,40,3,0,0,0,2,8,11,28,40,5,0,0,0,1,4,9,41,72,13,0,0,1,3,1,2,37,59,40,0,0,0,2,2,2,16,39,58,0,0,0,0,2,3,25,33,261,0,1,109Y
10014,臺東縣,10014090,太麻里鄉,10014090-001,美和村,0,0,9,8,62,9,0,0,0,0,0,48,16,46,5,0,0,0,0,4,43,6,35,5,1,0,0,0,3,32,9,38,7,1,0,0,0,3,23,14,49,12,0,0,0,0,1,13,16,52,25,4,0,0,1,4,7,20,51,36,3,0,2,0,1,2,9,48,43,6,0,0,0,0,1,7,42,63,19,0,0,0,1,1,5,22,30,40,0,0,0,0,2,2,19,21,230,0,10,109Y
10014,臺東縣,10014090,太麻里鄉,10014090-002,三和村,0,0,3,4,14,2,1,0,0,0,5,23,6,11,1,0,0,0,0,1,25,2,11,0,0,0,0,0,0,13,1,10,4,3,0,0,0,1,13,5,23,11,1,0,0,0,1,6,8,22,11,3,0,0,0,0,3,11,21,17,0,0,0,0,3,2,5,29,15,2,0,0,0,0,2,3,19,24,8,0,0,0,0,1,2,10,20,23,0,1,0,0,1,0,6,16,102,0,12,109Y
10014,臺東縣,10014090,太麻里鄉,10014090-003,華源村,0,0,11,0,18,1,0,0,0,0,1,18,3,12,2,0,0,0,0,3,17,1,6,2,0,0,0,0,1,7,2,14,1,0,0,0,0,0,10,4,17,4,0,0,0,0,4,5,9,26,7,1,0,0,0,4,9,2,27,13,1,0,0,0,0,3,9,25,29,3,0,0,0,0,0,3,9,26,2,0,1,0,0,0,3,8,8,21,0,1,0,0,2,2,10,15,127,1,36,109Y
10014,臺東縣,10014090,太麻里鄉,10014090-004,北里村,0,0,1,8,15,1,0,0,0,0,0,10,7,19,2,0,0,0,0,2,11,11,28,1,0,0,0,0,2,6,2,15,2,0,0,0,0,1,8,7,21,11,0,0,0,0,1,7,3,23,15,2,0,0,0,1,6,4,28,9,3,0,0,0,0,2,3,13,18,3,0,0,0,1,5,3,17,26,3,0,0,0,0,0,7,23,19,18,0,0,0,0,4,1,15,15,96,0,14,109Y
10014,臺東縣,10014090,太麻里鄉,10014090-005,泰和村,0,0,9,12,46,5,0,0,0,0,1,59,23,25,1,0,0,0,0,6,74,11,25,4,0,0,0,1,4,58,11,22,4,0,0,0,0,11,37,14,30,9,2,0,0,0,6,19,21,44,21,1,0,0,0,3,13,21,60,23,1,0,0,0,0,7,13,53,31,3,0,0,0,2,4,6,56,51,12,0,1,0,1,5,9,34,25,34,0,3,0,2,8,9,36,41,209,3,30,109Y
10014,臺東縣,10014090,太麻里鄉,10014090-006,大王村,0,0,11,18,74,7,0,0,0,0,4,57,16,28,4,0,0,0,0,4,55,13,43,4,0,0,0,1,10,52,9,46,6,0,0,0,1,11,38,23,66,20,3,0,0,2,4,25,16,62,26,1,0,0,1,6,16,20,76,29,3,0,0,1,3,7,13,75,37,12,0,0,1,3,7,12,56,54,19,0,2,0,2,9,9,52,41,55,0,6,0,3,10,10,49,42,279,6,38,109Y
10014,臺東縣,10014090,太麻里鄉,10014090-007,香蘭村,0,0,3,7,30,4,1,0,0,0,0,16,5,17,1,0,0,0,1,1,23,4,21,2,0,0,0,0,3,22,5,23,3,0,0,0,1,2,9,10,43,7,0,0,1,0,1,5,8,34,15,0,0,0,0,2,5,2,26,17,3,0,0,0,3,5,7,40,26,2,0,0,0,2,2,5,25,38,14,0,0,0,1,1,0,17,24,30,0,2,0,1,1,1,8,22,146,2,18,109Y
10014,臺東縣,10014090,太麻里鄉,10014090-008,金崙村,0,0,12,21,74,12,3,0,0,0,2,33,33,54,1,0,0,0,0,3,52,14,62,2,0,0,0,0,2,28,13,66,10,0,0,0,0,2,20,11,66,24,3,0,0,0,6,16,20,84,41,2,0,0,1,0,12,11,72,60,5,0,0,1,0,5,14,78,59,26,0,1,0,3,9,6,62,75,46,0,1,0,0,3,3,37,33,68,2,2,0,0,7,5,37,42,187,3,7,109Y
10014,臺東縣,10014090,太麻里鄉,10014090-009,多良村,0,0,4,12,44,2,0,0,0,0,1,11,13,35,0,0,0,0,0,0,18,12,38,5,0,0,0,0,2,8,4,31,5,0,0,1,0,0,9,4,43,19,0,0,1,0,0,4,10,30,40,3,0,1,1,2,2,6,33,46,6,0,0,0,1,2,3,18,29,23,0,1,0,2,2,1,19,30,38,1,1,0,0,3,4,17,12,49,0,1,0,0,1,2,16,9,127,2,11,109Y
10014,臺東縣,10014100,大武鄉,10014100-001,大竹村,0,0,2,4,35,9,1,0,0,0,0,13,8,20,1,0,0,0,0,2,18,4,17,2,0,0,0,0,0,12,5,25,6,3,0,0,0,1,19,7,38,13,3,0,0,0,2,19,8,38,12,3,0,0,0,2,9,10,20,14,5,0,0,0,1,1,0,12,19,19,0,0,0,0,0,3,14,29,26,0,0,0,0,1,1,14,27,50,0,0,0,0,3,6,9,10,103,1,5,109Y
10014,臺東縣,10014100,大武鄉,10014100-002,大鳥村,0,0,7,17,41,9,0,0,0,0,0,24,28,37,3,0,0,0,0,1,41,2,46,9,0,0,0,0,0,19,7,49,12,0,0,0,0,1,18,7,48,25,5,0,0,0,0,7,11,32,27,5,0,0,0,2,8,9,35,27,8,0,0,1,0,6,6,20,65,11,0,0,0,0,3,1,23,59,27,0,1,0,0,2,1,28,33,36,0,0,1,1,5,6,11,14,132,0,3,109Y
10014,臺東縣,10014100,大武鄉,10014100-003,大武村,0,0,10,19,37,4,2,0,0,0,2,36,15,27,1,0,0,0,0,7,50,6,33,2,0,0,0,0,10,39,4,35,6,0,0,0,0,4,21,14,54,19,3,0,0,0,13,15,19,54,20,1,0,0,1,4,14,18,55,32,3,0,0,0,1,11,6,41,27,15,0,0,0,3,4,10,46,48,27,0,0,0,2,4,7,24,36,35,0,0,0,0,7,4,41,36,148,0,12,109Y
10014,臺東縣,10014100,大武鄉,10014100-004,尚武村,0,0,12,7,36,3,1,0,0,0,2,38,16,26,2,0,0,0,0,8,43,3,35,2,0,0,0,0,1,34,7,38,11,0,0,0,1,2,24,17,42,12,3,0,0,0,6,20,22,61,30,0,0,0,0,2,10,11,54,34,2,0,0,1,4,7,14,55,52,12,0,0,1,0,8,7,40,50,23,0,0,0,1,4,8,38,62,41,1,1,0,1,11,5,27,28,199,2,28,109Y
10014,臺東縣,10014100,大武鄉,10014100-005,南興村,0,0,1,8,21,2,0,0,0,0,0,13,7,8,0,0,0,0,0,1,13,2,13,1,0,0,0,0,0,18,3,11,1,0,0,1,0,3,7,5,19,7,2,0,0,0,2,6,10,22,14,0,0,0,0,2,3,6,26,11,1,0,0,0,0,1,2,23,14,7,0,1,0,0,1,4,23,21,11,0,0,0,1,3,6,11,16,26,0,1,0,0,7,5,14,16,49,3,7,109Y
10014,臺東縣,10014110,綠島鄉,10014110-001,公館村,0,0,8,5,25,2,1,0,0,0,2,47,7,25,3,0,0,0,0,11,64,10,18,1,0,0,0,0,11,49,7,23,3,0,0,0,0,8,32,11,32,10,0,0,0,0,8,33,27,50,14,1,0,0,1,5,17,25,36,16,2,0,0,0,5,11,13,35,16,1,0,0,0,2,6,5,24,18,11,0,0,0,2,3,4,16,22,21,0,2,0,1,5,1,20,12,98,0,2,109Y
10014,臺東縣,10014110,綠島鄉,10014110-002,中寮村,0,0,6,7,28,3,3,0,0,1,0,53,13,15,4,0,0,0,0,10,54,6,26,1,0,0,0,0,17,46,9,37,4,1,0,0,2,14,43,12,35,7,1,0,0,2,3,13,17,38,18,0,0,0,0,5,13,14,51,16,1,0,0,0,13,8,15,44,13,3,0,0,0,1,10,10,35,25,13,0,0,0,4,6,2,28,15,23,0,0,0,0,5,3,14,7,108,0,3,109Y
10014,臺東縣,10014110,綠島鄉,10014110-003,南寮村,0,0,22,9,31,4,0,0,0,1,3,85,19,27,0,0,0,0,0,16,113,14,38,1,0,0,0,0,19,81,16,48,3,0,0,0,1,8,44,28,48,5,0,0,0,2,9,23,27,80,16,2,0,0,1,5,14,24,70,27,0,1,0,0,7,16,21,64,29,4,0,0,0,2,7,14,40,31,11,0,2,1,4,4,13,33,22,33,0,1,0,0,6,6,27,19,143,0,2,109Y
10014,臺東縣,10014120,海端鄉,10014120-001,廣原村,0,0,10,14,39,5,1,0,0,0,0,21,21,21,0,0,0,0,0,1,34,8,30,2,0,0,0,0,2,17,6,32,14,0,0,0,0,2,20,12,32,9,2,0,0,0,0,4,15,32,19,2,0,0,0,2,1,6,32,20,7,1,0,0,3,4,6,19,26,15,0,0,0,0,3,6,17,14,30,0,0,0,0,0,0,11,11,22,0,0,0,0,0,0,6,4,69,1,1,109Y
10014,臺東縣,10014120,海端鄉,10014120-002,霧鹿村,0,0,7,1,9,1,0,0,0,0,0,8,7,11,0,0,0,0,0,0,12,2,9,1,0,0,0,0,2,5,2,7,2,0,0,0,0,0,6,1,11,5,1,0,0,0,0,2,3,15,8,1,0,0,0,0,1,1,10,7,1,0,0,0,0,2,1,14,5,4,0,0,0,0,1,0,2,7,9,0,0,0,0,1,1,3,3,12,0,0,0,0,1,2,5,2,26,0,0,109Y
10014,臺東縣,10014120,海端鄉,10014120-003,利稻村,0,0,1,5,21,1,0,0,0,0,0,12,8,8,1,0,0,0,0,0,10,4,9,0,0,0,0,0,0,4,2,17,3,0,0,0,0,0,6,5,13,4,0,0,0,0,0,4,4,11,2,2,0,0,0,4,3,5,3,4,8,0,0,0,0,1,3,8,8,5,0,0,0,0,0,0,3,7,2,0,0,0,0,0,1,6,2,5,0,0,0,0,1,0,4,3,23,0,0,109Y
10014,臺東縣,10014120,海端鄉,10014120-004,海端村,0,0,9,9,48,4,1,0,0,0,0,39,26,34,6,0,0,0,0,2,46,12,37,1,0,0,0,0,3,28,8,43,8,0,0,0,0,5,18,13,54,9,3,0,0,0,4,14,15,45,21,4,0,0,0,3,5,11,41,31,7,0,0,0,0,4,4,28,22,13,0,1,0,1,6,4,26,16,21,0,0,0,2,1,4,8,19,37,0,0,0,1,7,5,11,6,85,0,2,109Y
10014,臺東縣,10014120,海端鄉,10014120-005,崁頂村,0,0,6,2,29,4,2,0,0,0,3,24,18,22,1,0,0,0,0,3,20,4,17,2,0,0,0,0,1,20,11,27,5,0,0,1,0,2,16,3,21,10,2,0,0,0,1,10,6,20,8,2,0,0,0,0,5,5,15,19,2,0,0,0,1,3,5,14,24,5,0,0,0,0,3,2,19,28,9,0,1,0,0,4,1,5,12,25,0,0,0,0,4,1,10,3,48,0,1,109Y
10014,臺東縣,10014120,海端鄉,10014120-006,加拿村,0,0,6,4,25,3,0,0,0,0,0,23,11,28,3,0,0,0,0,1,13,9,20,2,0,0,0,0,5,9,3,26,6,1,0,0,0,1,12,4,14,11,0,0,0,0,0,4,5,17,11,6,0,0,0,0,6,3,21,13,12,0,0,0,1,0,5,10,17,19,0,0,0,2,0,2,8,15,24,0,0,0,0,2,1,5,8,17,0,0,0,0,0,2,5,3,35,0,0,109Y
10014,臺東縣,10014130,延平鄉,10014130-001,武陵村,0,0,6,9,31,1,0,0,0,0,0,15,16,19,1,0,0,0,0,1,31,5,15,2,0,0,0,0,2,13,7,15,6,0,0,0,1,3,11,4,13,19,1,0,0,0,5,16,10,23,19,2,0,0,0,4,9,5,29,27,6,0,0,0,1,1,1,15,20,13,0,0,0,2,3,3,14,14,27,0,0,0,0,1,4,7,5,16,0,0,0,0,2,0,6,7,47,0,0,109Y
10014,臺東縣,10014130,延平鄉,10014130-002,永康村,0,0,2,6,10,2,1,0,0,0,0,9,2,21,1,0,0,0,0,0,10,4,7,2,0,0,0,0,3,9,2,7,0,0,0,0,1,3,7,6,8,2,1,0,0,1,2,3,6,17,6,1,0,0,0,0,6,3,12,18,2,0,0,0,2,3,0,10,24,4,0,0,0,0,0,1,7,6,10,0,0,0,1,1,0,9,3,7,0,0,0,1,0,2,1,2,21,0,1,109Y
10014,臺東縣,10014130,延平鄉,10014130-003,紅葉村,0,0,3,8,16,1,0,0,0,0,0,8,4,18,0,0,0,0,0,1,17,5,17,0,0,0,0,0,5,10,2,5,2,0,0,0,0,6,7,3,20,9,2,0,0,0,2,1,13,39,9,2,0,0,0,0,1,4,18,12,2,0,0,0,0,3,3,4,17,15,0,0,0,1,0,0,7,10,7,0,0,0,0,1,1,6,9,15,0,0,0,0,0,2,9,4,41,0,2,109Y
10014,臺東縣,10014130,延平鄉,10014130-004,鸞山村,0,0,7,6,27,0,0,0,0,0,1,24,10,23,1,0,0,0,0,2,18,7,24,2,0,0,0,0,2,13,2,14,6,0,0,0,1,3,4,6,27,14,0,0,0,0,3,7,8,23,18,3,0,0,0,1,5,4,27,16,6,0,0,0,0,2,6,19,20,7,0,0,0,2,2,2,11,29,11,0,0,0,0,2,2,7,4,22,0,0,0,1,1,1,8,5,63,0,3,109Y
10014,臺東縣,10014130,延平鄉,10014130-005,桃源村,0,0,7,18,41,6,1,0,0,0,2,44,27,35,2,0,0,0,0,4,42,12,29,4,0,0,0,1,2,29,12,35,10,2,0,0,1,2,18,20,39,18,2,0,0,0,7,15,7,45,26,5,0,1,1,7,17,9,39,26,10,0,0,0,5,7,11,30,25,18,0,1,1,1,6,13,28,24,21,0,0,0,4,6,8,22,11,20,0,0,0,0,4,4,17,7,74,0,0,109Y
10014,臺東縣,10014140,金峰鄉,10014140-001,新興村,0,0,5,8,23,1,0,0,0,0,0,23,14,10,0,0,0,0,0,3,26,6,15,0,0,0,0,0,2,15,9,20,7,0,0,0,0,0,7,8,21,7,0,0,1,1,5,6,6,26,4,1,0,0,0,6,7,7,18,11,0,0,0,0,2,8,5,15,17,1,0,0,0,4,1,3,12,22,6,0,0,0,1,0,1,12,12,29,0,0,0,0,1,1,7,2,43,0,0,109Y
10014,臺東縣,10014140,金峰鄉,10014140-002,正興村,0,0,8,9,24,6,0,0,0,0,0,23,18,14,0,0,0,0,0,3,30,8,18,1,0,0,0,0,1,24,8,16,1,2,0,0,0,3,11,6,21,3,3,0,0,0,5,11,6,25,4,0,0,0,0,1,7,3,22,8,2,0,0,0,2,5,4,30,21,3,0,0,1,0,8,4,26,23,4,0,0,0,0,8,3,19,25,12,0,0,0,0,6,2,6,7,55,0,0,109Y
10014,臺東縣,10014140,金峰鄉,10014140-003,嘉蘭村,0,0,21,13,65,8,2,0,0,0,0,41,37,62,2,0,0,0,0,2,53,17,48,3,0,0,0,0,0,44,9,38,6,0,0,0,0,1,18,16,58,23,3,0,0,1,3,10,13,44,27,4,0,0,0,4,8,20,56,37,7,0,0,0,0,9,8,36,54,18,0,0,0,1,4,5,40,34,31,0,0,0,2,1,3,17,16,54,0,1,0,0,3,4,14,12,113,0,0,109Y
10014,臺東縣,10014140,金峰鄉,10014140-004,賓茂村,0,0,2,4,15,2,1,0,0,0,0,10,5,7,0,0,0,0,0,1,10,4,14,1,0,0,0,0,1,3,1,20,1,0,0,0,0,1,3,1,17,4,0,0,0,0,1,2,4,16,8,0,0,0,0,5,3,2,9,6,1,0,0,0,2,4,0,12,11,5,0,0,0,0,4,4,10,19,6,0,0,0,1,3,1,12,7,6,0,0,0,1,2,1,8,7,34,0,0,109Y
10014,臺東縣,10014140,金峰鄉,10014140-005,歷坵村,0,0,5,3,15,0,0,0,0,0,0,5,6,11,2,0,0,0,0,0,13,4,14,0,0,0,0,0,1,6,1,15,1,0,0,0,0,0,4,4,16,5,2,0,0,0,0,3,5,13,6,0,0,0,0,0,3,2,13,9,0,0,0,0,0,1,3,5,12,5,0,0,0,0,0,0,13,16,14,0,0,0,0,0,2,12,12,8,0,0,0,0,0,1,3,6,37,0,0,109Y
10014,臺東縣,10014150,達仁鄉,10014150-001,台坂村,0,0,0,1,20,2,0,0,0,0,0,13,12,22,3,0,0,0,0,2,19,9,23,4,0,0,0,0,1,15,4,27,10,1,0,0,0,3,12,4,19,11,5,0,0,0,3,5,4,21,15,9,0,0,1,1,3,4,9,11,12,0,0,0,0,1,1,11,24,17,0,1,0,1,2,3,14,25,25,0,0,0,0,2,3,12,15,28,0,0,0,2,2,5,7,9,75,3,0,109Y
10014,臺東縣,10014150,達仁鄉,10014150-002,土坂村,0,0,7,10,28,6,1,0,0,0,0,25,19,30,6,0,0,0,0,2,32,7,30,2,0,0,0,0,3,20,8,35,5,0,0,0,0,1,12,8,24,14,8,0,0,0,2,14,20,25,23,19,0,0,1,4,7,11,18,36,19,0,0,0,1,2,5,14,33,30,0,1,0,0,3,2,12,28,36,0,0,0,1,4,1,7,13,44,0,0,0,0,0,3,15,4,85,0,1,109Y
10014,臺東縣,10014150,達仁鄉,10014150-003,新化村,0,0,3,1,12,2,1,0,0,0,0,4,6,11,3,0,0,0,0,1,9,4,11,0,0,0,0,0,0,4,1,10,1,1,0,0,0,2,1,2,9,2,2,0,0,0,1,2,1,19,6,2,0,0,0,0,1,8,11,15,2,0,0,0,1,2,3,12,17,1,0,1,0,0,1,3,13,14,9,0,0,0,0,2,0,11,6,11,0,0,0,0,1,0,7,4,46,1,0,109Y
10014,臺東縣,10014150,達仁鄉,10014150-004,安朔村,0,0,3,7,15,2,1,0,0,0,0,12,7,13,0,0,0,0,0,1,24,2,21,0,0,0,0,0,1,16,8,13,1,0,0,0,0,2,9,11,21,9,1,0,0,0,3,8,8,16,6,7,0,0,2,2,3,4,13,17,5,0,0,0,0,4,4,27,21,5,0,1,1,0,1,4,11,24,8,0,0,0,1,4,1,15,26,25,0,1,2,0,4,5,10,9,62,1,1,109Y
10014,臺東縣,10014150,達仁鄉,10014150-005,森永村,0,0,4,5,8,1,0,0,0,0,0,10,1,8,1,0,0,0,0,1,14,1,8,1,0,0,0,0,1,5,4,13,2,0,0,0,0,2,9,5,6,10,1,0,0,0,3,3,1,20,6,2,0,0,1,1,6,4,9,14,1,0,0,0,4,3,3,14,14,4,0,0,0,1,2,4,21,10,5,0,0,0,0,1,4,11,10,16,0,1,0,0,2,0,5,5,48,0,2,109Y
10014,臺東縣,10014150,達仁鄉,10014150-006,南田村,0,0,4,4,11,1,0,0,0,0,1,11,3,8,2,0,0,0,0,0,18,3,11,0,0,0,0,1,4,10,6,7,0,0,0,0,0,2,4,0,14,5,1,0,1,0,1,2,2,12,15,4,0,1,0,1,2,0,10,8,2,0,0,0,0,4,4,9,11,4,0,0,0,1,3,4,9,5,11,0,0,0,0,3,3,5,9,9,0,1,0,1,0,1,6,2,22,2,0,109Y
10014,臺東縣,10014160,蘭嶼鄉,10014160-001,東清村,0,0,22,6,66,4,3,0,0,0,0,69,6,66,1,0,0,0,0,4,72,7,45,2,0,0,0,0,7,44,7,54,10,0,0,0,0,8,30,12,71,30,2,0,0,0,4,21,13,68,32,3,0,0,0,3,20,10,71,28,5,0,0,0,1,11,6,37,50,5,0,0,0,1,6,1,20,54,13,0,0,0,0,3,2,11,29,53,0,0,0,1,2,3,5,8,94,0,2,109Y
10014,臺東縣,10014160,蘭嶼鄉,10014160-002,朗島村,0,0,5,4,47,2,2,0,0,0,1,46,7,37,2,0,0,0,0,4,55,10,38,2,0,0,0,0,6,37,8,38,1,1,0,0,0,6,15,3,55,9,0,0,0,0,3,3,8,32,30,1,0,0,1,0,10,5,20,22,0,0,0,0,2,2,5,16,37,1,0,0,0,2,3,3,12,31,0,0,0,0,0,2,1,4,16,22,0,1,0,0,0,0,4,2,74,0,0,109Y
10014,臺東縣,10014160,蘭嶼鄉,10014160-003,紅頭村,0,0,21,3,52,5,1,0,0,0,0,73,5,39,0,0,0,0,0,5,63,13,31,4,2,0,0,0,7,63,11,40,2,0,0,0,1,6,48,14,60,10,3,0,0,0,5,28,12,55,30,1,0,0,2,7,19,7,75,19,2,0,0,1,7,17,9,55,37,3,0,0,0,1,15,11,44,27,5,0,0,0,3,11,7,30,41,5,0,1,0,0,1,4,25,10,97,0,3,109Y
10014,臺東縣,10014160,蘭嶼鄉,10014160-004,椰油村,0,0,16,3,41,2,3,0,0,0,1,35,12,34,2,0,0,0,1,8,67,8,25,2,0,0,0,1,15,33,9,38,3,0,0,0,0,9,25,5,66,25,2,0,0,0,12,16,14,53,26,0,0,0,0,8,14,9,32,21,0,0,0,1,4,13,11,30,17,1,0,0,0,1,4,1,38,22,1,0,0,0,1,2,2,21,28,10,0,0,0,0,0,1,13,12,76,0,2,109Y
10014,臺東縣,10014010,臺東市,10014010-001,富岡里,0,0,21,17,82,5,1,0,0,0,6,72,26,49,4,0,0,0,0,8,70,16,50,5,0,0,0,0,6,58,15,82,5,2,0,0,1,9,38,17,91,36,0,0,0,0,9,25,33,90,49,6,0,0,0,2,21,17,98,54,4,0,0,1,5,14,16,88,89,10,0,1,0,3,9,11,70,85,34,0,2,0,2,6,4,66,83,48,0,5,2,0,3,8,46,54,360,5,28,110Y
10014,臺東縣,10014010,臺東市,10014010-003,岩灣里,0,0,26,12,72,1,2,0,0,0,5,102,30,40,3,0,0,0,0,7,121,16,42,5,0,0,0,2,21,76,12,32,5,0,0,0,0,21,66,26,54,14,0,0,0,1,25,49,44,61,33,4,0,0,0,29,39,36,98,51,5,0,0,0,24,36,42,90,47,6,0,0,1,17,25,30,79,52,12,0,0,1,12,17,24,63,29,18,0,2,2,9,23,22,67,53,156,0,13,110Y
10014,臺東縣,10014010,臺東市,10014010-004,南王里,0,0,37,17,103,3,3,0,0,0,5,131,41,62,3,0,0,0,0,20,142,29,65,2,0,0,0,0,18,110,17,77,10,1,0,0,4,19,91,20,84,20,2,0,0,1,27,54,36,106,15,7,0,0,3,16,30,44,96,32,5,0,1,2,12,31,49,118,43,8,1,0,0,18,27,34,113,70,18,0,1,1,2,16,26,85,67,37,0,1,0,5,24,34,113,51,277,2,16,110Y
10014,臺東縣,10014010,臺東市,10014010-005,卑南里,0,0,46,16,111,7,0,0,0,0,17,181,32,50,1,0,0,0,0,28,147,23,35,1,1,0,0,1,31,119,17,30,3,0,0,0,0,32,94,27,49,9,1,0,0,3,45,71,62,63,19,3,0,0,4,52,59,61,99,29,0,0,0,9,57,49,58,83,31,3,0,0,5,27,38,44,125,32,7,0,1,3,8,23,29,96,39,22,0,0,1,10,40,32,148,53,216,0,18,110Y
10014,臺東縣,10014010,臺東市,10014010-006,南榮里,0,0,37,14,111,6,4,0,0,0,4,103,37,89,4,0,0,0,0,12,114,23,70,3,0,0,0,1,21,66,9,56,9,0,0,0,1,21,73,18,58,25,2,0,0,2,22,52,37,82,23,6,0,1,2,31,36,53,100,49,5,0,0,4,18,28,33,86,69,13,0,0,2,10,23,23,82,74,29,0,0,1,5,17,16,67,59,36,0,0,3,8,32,41,108,53,271,5,27,110Y
10014,臺東縣,10014010,臺東市,10014010-007,新生里,0,0,43,26,114,9,1,0,0,0,12,159,31,55,5,0,0,0,0,48,197,25,42,1,0,0,0,2,43,152,18,54,7,1,0,0,2,30,104,30,84,5,3,0,0,1,48,80,45,74,11,4,0,0,5,44,50,65,100,31,9,0,0,6,40,49,69,138,49,6,0,0,3,30,47,49,127,62,12,0,0,2,22,49,54,137,45,17,0,0,2,13,82,67,161,79,222,4,18,110Y
10014,臺東縣,10014010,臺東市,10014010-008,民生里,0,0,27,10,72,6,1,0,0,0,7,115,17,36,4,0,0,0,0,23,125,17,27,3,0,0,0,3,36,101,6,35,5,0,0,0,3,40,89,34,48,12,2,0,0,0,30,70,48,62,12,2,0,0,1,27,38,39,83,23,10,0,0,1,20,40,42,94,30,4,0,0,1,15,27,38,110,31,7,0,0,1,12,28,40,107,40,11,0,0,1,9,77,74,223,79,186,1,20,110Y
10014,臺東縣,10014010,臺東市,10014010-009,寶桑里,0,0,16,11,48,1,1,0,0,0,1,47,11,33,2,0,0,0,0,5,47,14,24,1,0,0,0,0,13,43,3,18,0,0,0,0,1,7,34,15,42,10,1,0,0,2,5,29,23,52,14,4,0,0,1,4,18,25,54,21,2,0,0,1,6,10,21,44,35,2,0,2,1,6,10,16,66,44,6,0,1,0,6,3,10,43,37,14,0,0,0,1,13,13,70,53,146,1,11,110Y
10014,臺東縣,10014010,臺東市,10014010-010,馬蘭里,0,0,26,17,103,2,8,0,0,0,4,143,27,28,0,0,0,0,1,17,116,20,43,1,0,0,0,1,39,83,20,33,1,0,0,0,2,32,74,23,47,5,2,0,0,1,36,69,45,60,14,3,0,0,0,18,51,40,68,15,3,0,0,1,19,31,33,89,28,8,0,0,0,11,26,33,106,27,8,0,0,1,9,20,22,85,24,12,0,0,1,6,52,53,142,60,162,4,9,110Y
10014,臺東縣,10014010,臺東市,10014010-011,中心里,0,0,46,13,131,1,5,0,0,0,10,147,25,48,1,0,0,0,1,36,143,26,37,2,0,0,0,2,31,109,14,54,6,1,0,0,4,37,96,29,44,7,0,0,0,0,38,79,43,86,20,8,0,0,3,36,42,52,92,16,6,0,0,1,33,46,44,105,34,7,0,0,0,19,34,51,123,35,10,0,1,5,12,28,34,111,31,17,0,0,1,15,65,68,190,79,233,3,15,110Y
10014,臺東縣,10014010,臺東市,10014010-012,自強里,0,0,62,17,137,5,2,0,0,0,9,182,29,46,2,0,0,0,0,38,184,23,34,3,0,0,0,1,29,162,20,36,0,0,0,0,7,49,154,29,54,6,0,0,0,9,54,92,55,61,10,3,0,0,4,45,72,49,75,13,2,0,0,6,40,68,46,101,22,1,0,0,1,31,49,61,103,29,1,0,0,7,25,57,58,120,42,15,0,0,5,17,88,66,154,55,142,1,17,110Y
10014,臺東縣,10014010,臺東市,10014010-013,民族里,0,0,45,16,130,4,1,0,0,0,6,115,14,27,1,0,0,0,1,23,116,15,21,0,0,0,0,1,30,83,13,33,2,0,0,0,0,35,96,31,47,10,1,0,0,1,25,65,39,60,13,6,0,0,1,25,49,50,70,14,4,0,0,4,27,32,45,81,21,1,0,1,1,16,26,35,86,13,4,0,0,2,8,24,37,94,19,8,0,0,1,15,76,77,167,66,153,0,17,110Y
10014,臺東縣,10014010,臺東市,10014010-015,中華里,0,0,20,13,69,3,0,0,0,0,3,73,14,52,5,0,0,0,1,10,97,17,46,4,0,0,0,1,12,67,16,55,8,0,0,0,0,11,56,26,73,16,4,0,0,0,5,26,35,96,32,6,0,0,1,9,31,26,99,28,8,0,0,1,10,21,26,89,55,6,0,2,0,7,14,23,91,70,9,0,1,0,5,8,27,85,48,21,0,0,1,1,17,20,99,68,273,8,24,110Y
10014,臺東縣,10014010,臺東市,10014010-017,建國里,0,0,21,10,58,1,1,0,0,0,3,52,17,47,4,0,0,0,1,7,63,15,42,3,0,0,0,1,14,74,12,42,11,0,0,0,2,8,31,14,62,18,3,0,0,0,7,20,18,67,25,5,0,0,1,5,13,21,69,36,2,1,0,0,5,8,26,76,56,3,0,0,0,4,8,9,71,43,16,0,0,0,0,10,19,71,53,26,1,0,0,0,18,26,66,68,230,4,23,110Y
10014,臺東縣,10014010,臺東市,10014010-020,中正里,0,0,22,13,48,2,0,0,0,0,6,76,18,50,3,0,0,0,0,12,86,17,42,4,1,0,0,2,10,65,11,35,3,0,0,0,0,17,62,23,56,6,0,0,0,1,23,44,32,60,15,3,0,1,0,18,30,21,69,30,4,0,0,0,16,26,30,77,32,2,0,0,0,6,17,26,83,35,3,0,2,0,5,17,25,94,33,17,0,1,0,9,36,46,197,85,216,1,23,110Y
10014,臺東縣,10014010,臺東市,10014010-022,成功里,0,0,16,14,73,3,0,0,0,0,4,63,26,29,3,0,0,0,3,14,81,15,38,1,0,0,0,0,13,59,11,51,6,1,0,0,1,14,36,17,47,7,4,0,0,1,13,27,19,51,15,6,0,0,0,5,12,35,64,33,5,1,1,0,9,18,28,92,39,7,0,1,0,7,13,11,103,63,7,0,0,0,5,10,14,60,50,24,0,1,0,0,15,13,98,69,201,2,20,110Y
10014,臺東縣,10014010,臺東市,10014010-023,文化里,0,0,13,6,56,3,3,0,0,0,4,52,11,22,6,0,0,0,0,7,61,17,35,6,0,0,0,0,14,66,9,40,10,0,0,0,1,14,80,19,50,8,5,0,0,0,26,56,25,42,21,7,0,0,0,17,19,24,62,27,2,0,0,0,10,14,25,67,32,4,0,0,2,3,12,10,64,39,4,0,0,0,6,12,17,52,38,13,0,0,2,2,26,36,106,51,145,4,15,110Y
10014,臺東縣,10014010,臺東市,10014010-024,中山里,0,0,20,4,46,1,2,0,0,0,5,94,14,19,2,0,0,0,2,21,81,3,20,1,1,0,0,0,20,86,7,23,2,0,0,0,1,25,65,16,21,2,2,0,0,1,29,43,30,40,15,2,0,0,4,9,32,25,61,19,4,0,1,0,8,26,26,90,18,2,0,0,1,8,16,24,80,24,1,0,0,0,7,14,25,79,21,9,0,1,0,2,35,34,173,72,166,1,15,110Y
10014,臺東縣,10014010,臺東市,10014010-029,新園里,0,0,18,19,64,1,1,0,0,0,6,60,25,52,5,0,0,0,1,6,75,25,56,4,0,0,0,0,4,32,7,47,9,1,0,0,1,3,29,15,60,11,1,0,0,0,2,23,20,59,17,7,0,1,0,6,19,6,69,47,13,0,0,0,7,12,15,68,50,18,0,1,1,1,8,7,59,63,19,0,0,0,0,2,5,37,34,38,0,0,0,0,3,6,42,32,203,1,19,110Y
10014,臺東縣,10014010,臺東市,10014010-030,豐田里,0,0,27,14,87,8,2,0,0,0,3,104,28,54,3,0,0,0,0,10,108,25,59,4,0,0,0,0,23,86,21,55,12,1,0,0,0,12,59,25,73,17,4,0,0,2,12,38,25,87,24,2,0,0,3,6,30,38,109,43,1,0,0,2,6,24,30,99,46,6,0,0,0,4,8,15,84,75,13,0,0,0,0,8,13,60,47,44,1,2,0,2,13,13,56,53,244,2,25,110Y
10014,臺東縣,10014010,臺東市,10014010-031,豐年里,0,0,42,14,121,15,6,0,0,0,5,116,47,74,6,0,0,0,0,21,147,42,99,7,0,0,0,1,24,116,28,83,14,1,0,0,1,26,100,50,99,14,5,0,0,2,24,45,48,125,37,7,0,1,1,31,41,34,121,49,7,0,0,2,12,31,37,156,68,7,0,0,0,8,21,26,102,74,22,0,0,0,1,7,23,100,72,38,1,2,1,4,25,21,99,57,282,5,21,110Y
10014,臺東縣,10014010,臺東市,10014010-032,光明里,0,0,44,22,137,4,6,0,0,0,16,142,39,32,2,0,0,0,0,34,123,14,51,3,0,0,0,0,23,92,14,42,4,0,0,0,1,33,79,19,51,8,2,0,0,2,45,73,56,81,19,8,0,0,1,36,62,56,93,19,4,0,0,8,33,64,70,120,29,2,0,0,4,23,37,44,85,38,9,0,0,2,8,19,29,85,24,14,0,0,2,3,27,37,126,52,117,4,7,110Y
10014,臺東縣,10014010,臺東市,10014010-033,豐樂里,0,0,26,17,79,1,0,0,0,0,0,78,20,38,1,0,0,0,2,11,82,21,41,2,0,0,0,0,11,55,16,51,3,0,0,0,1,8,43,20,43,8,2,0,0,2,23,31,31,61,14,0,0,0,2,7,17,16,71,24,2,0,0,0,8,19,38,66,33,3,0,0,2,14,16,21,79,43,9,0,0,2,2,8,10,67,41,25,0,1,2,8,12,13,70,44,158,5,13,110Y
10014,臺東縣,10014010,臺東市,10014010-034,永樂里,0,0,40,25,125,11,7,0,0,0,7,173,37,68,2,1,0,0,1,27,128,24,51,1,0,0,0,0,22,88,18,46,4,1,0,0,3,24,51,20,62,11,2,0,0,2,40,42,49,91,24,4,0,0,6,32,49,48,103,32,6,0,0,2,30,26,48,91,44,2,0,0,4,15,31,18,119,79,18,0,0,1,7,34,17,70,72,26,0,2,6,6,22,35,70,42,217,4,23,110Y
10014,臺東縣,10014010,臺東市,10014010-035,康樂里,0,0,14,7,52,1,0,0,0,0,2,47,18,31,2,0,0,0,0,7,66,12,27,1,0,0,0,0,2,54,9,28,6,0,0,0,0,4,37,12,44,8,2,0,0,1,5,11,25,61,13,2,0,0,0,5,21,21,70,15,2,0,0,0,6,12,24,71,32,6,0,0,0,6,11,9,45,42,6,0,1,0,1,5,11,49,28,17,0,2,1,3,5,7,31,27,126,4,21,110Y
10014,臺東縣,10014010,臺東市,10014010-036,東海里,0,0,27,17,74,1,2,0,0,0,6,89,19,26,1,0,0,0,1,13,98,12,28,2,0,0,0,1,19,86,18,26,1,0,0,0,1,33,89,28,44,4,1,0,0,4,33,56,31,53,23,1,0,1,1,23,39,28,39,10,2,0,0,2,10,27,24,64,17,3,0,0,0,7,20,31,73,31,6,1,0,1,9,24,33,108,30,16,0,1,0,9,47,50,119,32,133,3,11,110Y
10014,臺東縣,10014010,臺東市,10014010-037,新興里,0,0,13,11,56,0,1,0,0,0,6,54,14,27,3,0,0,0,1,5,48,11,19,3,0,0,0,1,8,53,3,41,2,0,0,0,0,13,35,13,34,14,1,0,0,2,10,32,24,39,12,3,0,0,1,8,14,22,41,16,4,0,0,2,7,13,18,68,23,6,0,0,2,4,17,17,63,31,7,0,0,0,1,15,7,47,30,17,0,0,0,5,23,20,68,38,166,0,8,110Y
10014,臺東縣,10014010,臺東市,10014010-038,豐榮里,0,0,43,16,128,2,7,0,0,0,11,130,41,69,6,0,0,0,0,17,120,27,55,3,0,0,0,3,30,122,35,53,5,0,0,0,2,30,93,40,66,13,1,0,0,2,42,74,74,104,34,2,0,0,4,32,64,48,116,44,5,1,0,6,20,33,44,109,55,5,0,0,3,14,19,46,105,46,16,0,0,1,4,15,34,95,50,31,0,2,1,8,31,42,128,74,264,3,24,110Y
10014,臺東縣,10014010,臺東市,10014010-039,豐谷里,0,0,43,25,133,3,4,0,1,0,9,135,35,91,6,0,0,0,0,22,202,31,73,2,0,0,0,1,28,163,18,82,11,2,0,0,0,31,92,34,103,24,3,0,1,3,21,48,61,129,35,8,0,1,7,17,36,52,133,43,7,0,0,1,17,31,41,137,75,15,0,1,0,14,30,39,144,98,14,0,0,0,4,22,25,117,71,40,0,1,1,4,43,56,158,82,294,7,17,110Y
10014,臺東縣,10014010,臺東市,10014010-040,豐里里,0,0,18,19,79,8,4,0,0,0,9,93,29,57,1,0,0,0,0,12,131,29,63,4,0,0,0,2,8,84,13,54,8,4,0,0,0,16,49,27,70,21,3,0,0,0,9,27,28,75,44,1,0,0,1,15,26,21,98,36,8,0,0,1,11,20,23,97,69,7,0,0,1,10,16,21,93,79,17,0,1,1,8,10,15,63,57,35,0,0,1,1,12,16,61,55,252,4,29,110Y
10014,臺東縣,10014010,臺東市,10014010-041,豐原里,0,0,10,6,25,3,0,0,0,0,2,55,17,20,1,0,0,0,0,9,66,10,28,1,0,0,0,1,8,42,4,33,4,0,0,0,1,6,17,11,45,11,1,0,0,0,8,7,5,44,27,6,0,0,0,2,11,12,39,17,2,0,0,1,4,4,15,71,27,4,0,1,3,6,6,13,56,48,8,0,1,0,1,3,2,45,45,13,0,1,0,1,4,2,32,41,184,3,15,110Y
10014,臺東縣,10014010,臺東市,10014010-042,建和里,0,0,15,8,31,5,2,0,0,0,1,38,11,46,3,1,0,0,0,6,59,10,45,5,0,0,0,0,7,54,10,46,3,0,0,0,0,4,22,10,38,7,0,0,0,0,7,19,12,52,9,1,0,0,0,1,9,11,49,18,1,0,0,0,4,10,12,65,38,2,1,0,0,2,5,14,50,57,14,0,0,0,2,4,6,43,44,27,0,1,0,1,6,9,28,44,202,3,11,110Y
10014,臺東縣,10014010,臺東市,10014010-043,建興里,0,0,11,7,35,5,1,0,0,0,5,57,14,32,2,0,0,0,0,8,64,11,24,3,0,0,0,1,8,41,6,26,2,0,0,0,0,10,22,6,23,5,3,0,0,0,7,16,23,36,12,5,0,0,0,5,8,21,46,15,4,0,0,1,4,16,19,66,21,3,0,0,0,3,7,16,52,37,8,0,0,2,1,5,7,30,39,16,0,2,1,1,17,10,40,42,159,1,14,110Y
10014,臺東縣,10014010,臺東市,10014010-045,知本里,0,0,28,9,78,10,0,0,0,0,5,86,26,60,3,0,0,0,0,12,103,21,77,10,0,0,0,0,12,73,13,68,4,0,0,0,2,8,44,22,75,14,2,0,0,0,7,23,18,95,22,7,0,1,1,9,20,21,95,30,4,0,1,1,4,18,24,126,49,7,0,0,0,3,12,18,112,86,14,0,1,1,4,6,8,77,67,41,0,2,0,1,12,20,74,59,308,5,22,110Y
10014,臺東縣,10014010,臺東市,10014010-046,建農里,0,0,20,13,90,0,3,0,0,0,5,68,24,55,4,0,0,0,1,5,70,13,85,9,0,0,0,0,11,48,8,63,15,0,0,0,1,4,28,19,79,34,2,0,0,0,9,20,21,70,33,12,0,0,1,7,21,18,87,75,11,0,0,2,6,9,16,83,88,8,0,0,0,4,11,9,70,76,27,0,0,1,1,8,7,39,47,54,0,3,2,3,9,11,48,25,218,6,22,110Y
10014,臺東縣,10014010,臺東市,10014010-047,仁和里,0,0,39,16,96,3,2,0,0,0,8,133,22,57,0,0,0,0,0,33,137,29,52,3,0,0,0,3,30,117,25,61,3,0,0,1,3,36,124,20,78,13,2,0,0,3,26,66,38,83,24,5,0,0,1,26,54,44,99,41,8,0,0,3,26,44,51,124,41,5,1,2,1,19,29,36,135,68,8,0,0,0,10,31,35,143,64,26,0,1,0,18,60,59,170,76,228,4,21,110Y
10014,臺東縣,10014010,臺東市,10014010-048,豐安里,0,0,29,19,114,1,3,0,0,0,10,128,26,49,2,0,0,0,0,28,137,25,35,6,0,0,0,3,26,126,12,50,8,1,0,0,2,25,85,36,74,10,3,0,0,4,27,56,40,79,20,8,0,0,3,20,48,40,112,33,5,0,0,6,17,36,44,89,32,6,0,0,2,6,21,29,118,45,8,0,1,0,9,26,28,80,56,32,0,1,0,11,45,42,110,66,175,5,11,110Y
10014,臺東縣,10014010,臺東市,10014010-049,豐盛里,0,0,43,18,134,3,2,0,0,0,10,163,48,53,3,0,0,0,1,30,210,36,56,3,0,0,0,0,34,156,24,57,7,0,0,0,3,35,101,44,71,18,1,0,0,4,40,64,44,80,33,3,0,0,2,42,56,62,127,34,5,0,1,4,34,59,60,149,42,4,0,0,2,20,34,52,130,48,9,0,0,0,7,30,41,121,45,24,0,0,2,8,47,53,120,62,231,1,16,110Y
10014,臺東縣,10014020,成功鎮,10014020-001,博愛里,0,0,1,0,9,0,0,0,0,0,0,4,1,15,1,0,0,0,0,0,13,1,16,0,0,0,0,0,2,7,6,10,0,0,0,0,0,0,11,2,14,6,3,0,0,0,1,3,4,11,14,2,0,0,0,1,3,3,16,20,1,0,0,0,0,2,6,15,38,4,0,0,0,1,2,3,16,34,12,0,0,0,0,4,5,14,26,20,0,1,0,0,3,2,10,18,156,0,0,110Y
10014,臺東縣,10014020,成功鎮,10014020-002,忠孝里,0,0,1,5,27,2,1,0,0,0,0,12,4,16,0,0,0,0,0,0,28,9,29,0,0,0,0,0,1,19,2,20,6,1,0,0,0,1,15,6,30,17,4,0,0,0,0,8,10,32,27,1,0,0,0,1,6,6,24,26,2,0,1,0,2,2,9,26,30,9,0,0,0,0,2,5,31,47,22,0,0,0,1,4,1,21,33,29,0,0,0,0,2,4,16,34,201,1,2,110Y
10014,臺東縣,10014020,成功鎮,10014020-003,三仙里,0,0,7,6,32,0,0,0,0,0,0,40,9,36,2,1,0,0,0,3,31,5,44,7,0,0,0,0,0,27,1,33,9,0,0,0,0,2,17,2,38,22,7,0,0,0,0,6,8,45,42,24,0,0,0,3,9,6,25,73,8,0,0,0,2,4,5,22,57,33,0,0,0,0,0,4,17,53,51,0,2,0,1,1,3,18,39,76,1,3,0,0,0,5,24,30,246,1,8,110Y
10014,臺東縣,10014020,成功鎮,10014020-004,三民里,0,0,17,16,72,1,0,0,0,0,2,106,25,52,4,0,0,0,0,9,104,17,65,6,0,0,0,0,8,89,18,61,12,0,0,0,1,7,63,22,81,34,4,0,0,0,9,40,35,104,52,28,0,1,1,7,20,20,75,87,10,0,1,1,4,14,31,76,88,29,0,1,0,2,10,12,59,96,57,0,0,0,0,11,12,50,63,100,1,6,0,1,8,10,52,68,438,0,28,110Y
10014,臺東縣,10014020,成功鎮,10014020-005,忠智里,0,0,14,14,49,1,3,0,0,0,1,83,12,39,0,0,0,0,0,9,79,14,27,4,0,0,0,1,10,63,8,24,4,1,0,0,1,12,42,19,49,17,3,0,0,0,7,39,37,67,23,5,0,0,0,9,15,25,66,53,5,0,0,1,2,15,23,76,35,4,0,0,0,1,13,17,65,56,17,0,0,0,2,4,15,50,56,34,0,1,0,1,13,8,57,79,275,1,14,110Y
10014,臺東縣,10014020,成功鎮,10014020-006,忠仁里,0,0,23,10,81,1,1,0,0,0,2,61,20,50,2,0,0,0,0,3,80,7,47,4,0,0,0,0,4,60,11,31,6,1,0,0,0,7,41,34,63,28,5,0,0,0,9,29,33,75,35,14,0,0,0,8,10,22,85,55,9,0,1,0,5,11,25,76,71,13,0,0,0,3,5,17,63,74,37,0,2,0,2,6,13,57,80,53,0,1,0,2,8,16,53,86,308,4,8,110Y
10014,臺東縣,10014020,成功鎮,10014020-007,和平里,0,0,5,2,19,2,0,0,0,0,0,9,1,15,0,0,0,0,0,5,27,2,8,0,0,0,0,0,1,16,6,17,1,0,0,0,0,1,8,3,25,4,0,0,0,1,2,3,6,31,13,4,0,0,0,4,5,2,19,26,4,0,1,0,4,3,3,17,29,13,0,0,0,0,3,0,24,33,22,0,0,0,0,0,1,10,22,38,0,1,1,0,0,2,11,23,173,0,7,110Y
10014,臺東縣,10014020,成功鎮,10014020-008,信義里,0,0,16,7,39,3,2,0,0,0,1,41,5,29,0,0,0,0,0,3,46,5,43,3,0,0,0,0,6,46,4,32,13,0,0,0,0,3,25,13,42,28,6,0,0,1,1,20,19,58,33,18,0,0,0,8,8,15,43,58,18,0,0,0,4,13,16,53,77,39,0,0,1,3,4,13,34,79,64,0,0,0,2,9,8,30,67,75,0,1,0,1,12,6,46,43,340,0,5,110Y
10014,臺東縣,10014030,關山鎮,10014030-001,德高里,0,0,13,4,50,4,0,0,0,0,1,69,23,46,1,0,0,0,0,7,81,11,43,4,0,0,0,0,6,40,8,40,7,2,0,0,0,8,31,10,46,4,0,0,0,0,1,24,10,56,21,5,0,0,0,2,11,13,78,37,2,0,0,0,3,8,15,80,46,13,0,0,0,1,11,11,67,60,18,0,1,0,4,3,7,47,45,30,1,2,0,0,2,5,33,50,316,3,27,110Y
10014,臺東縣,10014030,關山鎮,10014030-002,豐泉里,0,0,14,7,38,3,0,0,0,0,1,57,11,26,2,0,0,0,0,9,55,3,20,0,0,0,0,0,9,31,4,25,3,1,0,0,0,6,36,12,37,8,0,0,0,0,6,27,9,28,10,2,0,0,0,8,11,10,35,13,3,0,0,0,7,13,15,59,16,5,0,0,0,3,7,15,32,20,10,0,0,0,2,6,9,61,25,15,0,0,0,1,10,23,38,38,127,1,12,110Y
10014,臺東縣,10014030,關山鎮,10014030-003,新福里,0,0,13,6,27,4,0,0,0,0,4,31,7,17,2,0,0,0,0,5,41,6,23,2,0,0,0,0,1,22,5,23,4,0,0,0,0,2,26,8,23,6,1,0,0,0,4,13,12,22,8,3,0,0,1,3,8,4,34,13,4,0,0,0,1,6,12,34,23,8,0,0,0,1,4,14,30,35,19,0,1,0,0,5,1,29,17,18,0,1,0,1,2,3,20,30,110,2,15,110Y
10014,臺東縣,10014030,關山鎮,10014030-004,中福里,0,0,8,3,20,5,0,0,0,0,0,28,8,10,0,0,0,0,0,5,36,1,8,0,0,0,0,0,9,33,3,15,0,0,0,0,0,9,28,7,17,4,0,0,0,0,5,16,10,18,5,2,0,0,1,2,13,9,14,8,1,0,0,1,4,12,13,25,6,3,0,0,1,1,8,6,32,10,2,0,0,0,2,8,5,52,13,7,0,0,0,3,11,8,57,42,75,3,9,110Y
10014,臺東縣,10014030,關山鎮,10014030-005,里壠里,0,0,12,6,56,3,1,0,0,0,2,60,16,30,2,0,0,0,1,8,75,7,36,4,0,0,0,0,8,47,2,39,3,0,0,0,1,15,42,11,48,7,1,0,0,0,12,36,20,37,9,3,0,0,0,6,28,20,70,16,4,0,0,0,5,20,12,69,27,7,0,0,0,4,17,19,64,41,17,0,0,1,3,13,11,66,46,21,0,0,0,4,28,23,86,46,177,2,23,110Y
10014,臺東縣,10014030,關山鎮,10014030-006,電光里,0,0,2,1,26,2,0,0,0,0,1,11,6,17,0,0,0,0,0,2,16,5,10,0,0,0,0,0,2,7,3,15,5,0,0,1,0,2,6,0,11,5,0,0,0,0,0,3,1,21,8,2,0,1,0,1,1,4,20,22,6,0,0,0,0,1,3,23,24,4,0,0,0,0,3,1,11,21,9,0,0,0,0,2,2,9,20,12,0,0,1,0,3,2,12,12,107,1,5,110Y
10014,臺東縣,10014030,關山鎮,10014030-007,月眉里,0,0,5,1,20,1,0,0,0,0,3,23,7,19,3,0,0,0,0,2,24,1,17,0,0,0,0,0,1,25,3,24,3,0,0,0,0,1,10,5,16,2,0,0,0,0,2,7,6,19,9,0,0,0,0,5,2,5,24,25,4,0,0,0,2,2,2,27,19,4,0,0,0,1,3,5,27,28,12,0,2,0,1,1,4,24,21,21,0,0,1,2,5,4,18,18,102,1,17,110Y
10014,臺東縣,10014040,卑南鄉,10014040-001,嘉豐村,0,0,2,3,13,1,0,0,0,0,0,14,2,17,1,0,0,0,0,0,9,3,14,1,0,0,0,0,1,2,4,23,5,0,0,0,1,1,8,4,21,11,2,0,0,0,0,1,4,16,9,5,0,0,0,1,1,0,6,21,3,0,0,0,0,1,1,12,27,7,0,0,0,1,2,4,15,21,16,0,1,0,1,0,1,8,13,19,0,0,0,0,0,2,2,8,79,3,4,110Y
10014,臺東縣,10014040,卑南鄉,10014040-002,利吉村,0,0,2,1,8,0,1,0,0,0,0,7,8,8,0,0,0,0,0,1,12,1,10,0,0,0,0,0,1,10,3,11,2,0,0,0,0,2,4,3,18,5,1,0,0,0,1,3,5,15,5,0,0,0,0,2,2,3,10,9,1,0,1,0,2,2,6,9,11,3,0,0,0,1,1,6,15,19,10,0,0,0,1,2,2,15,22,21,0,1,0,1,3,3,16,16,75,4,7,110Y
10014,臺東縣,10014040,卑南鄉,10014040-003,富山村,0,0,8,3,13,0,0,0,0,0,0,13,2,14,1,0,0,0,0,1,12,7,11,2,0,0,0,0,3,12,0,12,1,1,0,0,0,1,3,1,17,6,0,0,0,3,1,7,6,16,10,1,0,0,0,2,2,1,10,19,6,0,0,0,3,4,2,11,19,6,0,0,0,0,3,3,18,18,10,0,1,0,2,1,2,14,9,12,0,1,0,0,1,3,4,10,65,9,14,110Y
10014,臺東縣,10014040,卑南鄉,10014040-004,富源村,0,0,1,1,5,0,0,0,0,0,0,8,1,7,1,0,0,0,0,0,12,0,3,0,0,0,0,0,1,7,3,7,1,0,0,0,0,3,5,3,4,3,0,0,0,0,1,2,3,7,0,0,0,2,0,1,0,2,17,5,0,0,0,0,1,0,5,15,14,0,0,0,0,0,1,2,12,13,2,0,0,0,1,1,1,14,14,7,0,0,0,1,0,4,12,12,49,7,22,110Y
10014,臺東縣,10014040,卑南鄉,10014040-005,明峰村,0,0,10,8,41,2,0,0,0,0,0,28,5,29,3,0,0,0,0,3,36,7,31,2,0,0,0,0,6,29,8,25,2,0,0,0,0,7,21,9,32,12,0,0,0,0,3,12,17,51,12,2,0,0,0,4,10,11,57,21,4,0,0,0,2,6,15,45,27,5,0,0,0,0,8,3,48,48,19,0,1,0,1,3,4,22,25,19,0,1,0,2,6,12,55,38,157,12,25,110Y
10014,臺東縣,10014040,卑南鄉,10014040-006,初鹿村,0,0,14,12,49,5,0,0,0,0,3,39,13,41,0,0,0,0,0,8,45,5,26,2,0,0,0,0,4,22,4,30,4,0,0,0,0,2,19,10,40,11,4,0,1,0,3,15,17,50,25,8,0,0,0,8,6,9,50,22,4,0,0,0,5,9,12,55,41,2,0,0,0,3,8,8,38,42,13,1,0,0,1,8,7,29,42,18,1,2,1,3,9,10,59,17,157,7,29,110Y
10014,臺東縣,10014040,卑南鄉,10014040-007,美農村,0,0,11,10,22,4,1,0,0,0,3,33,16,26,2,1,0,0,0,4,37,10,19,3,0,0,0,0,5,27,5,23,7,0,0,0,0,5,18,3,21,12,1,0,0,0,5,7,12,36,19,1,0,0,0,0,15,1,61,21,3,0,0,1,2,7,7,54,25,2,0,0,1,3,6,13,50,34,10,0,0,1,0,2,8,31,31,18,0,0,0,2,4,11,40,27,141,2,30,110Y
10014,臺東縣,10014040,卑南鄉,10014040-008,賓朗村,0,0,19,25,87,4,4,0,0,0,2,91,27,52,3,1,0,0,2,9,88,17,50,1,0,0,0,0,9,73,14,53,5,1,0,0,0,12,47,18,46,12,4,0,0,1,10,32,27,66,23,7,0,0,1,7,22,21,85,35,2,0,1,1,12,32,15,96,54,9,0,1,1,3,20,16,110,75,16,0,0,0,3,12,9,70,56,34,0,0,1,5,23,20,90,64,269,24,28,110Y
10014,臺東縣,10014040,卑南鄉,10014040-009,泰安村,0,0,14,9,49,7,0,0,0,0,4,40,18,50,2,0,0,0,0,5,46,7,47,3,0,0,1,0,6,11,10,49,9,1,0,0,0,3,13,6,45,16,0,0,0,0,1,4,13,53,27,0,0,0,0,2,8,8,51,27,3,0,0,0,5,7,11,53,39,8,0,0,1,6,6,11,37,33,19,0,0,0,2,5,4,27,32,26,0,4,1,1,6,6,17,17,110,0,8,110Y
10014,臺東縣,10014040,卑南鄉,10014040-010,太平村,0,0,36,16,99,6,2,0,0,0,8,118,41,78,4,0,0,0,0,23,139,29,105,5,1,0,0,1,14,82,31,135,15,1,0,0,0,17,78,23,119,29,5,0,0,0,20,34,48,111,47,7,0,0,1,11,41,42,139,68,10,0,0,1,17,23,37,143,66,10,0,0,1,11,30,31,111,84,28,0,1,0,3,21,19,96,64,56,0,1,1,1,20,22,91,63,263,19,48,110Y
10014,臺東縣,10014040,卑南鄉,10014040-011,利嘉村,0,0,9,4,37,1,1,0,0,0,2,35,19,39,2,0,0,0,0,3,39,13,43,4,0,0,0,0,7,35,7,40,6,1,0,0,1,5,22,9,33,11,0,0,0,0,6,12,11,27,23,0,0,0,0,2,14,15,37,26,0,0,0,0,4,7,16,42,18,3,0,0,0,4,12,9,50,33,3,0,1,0,1,8,9,38,28,15,0,0,0,1,15,14,46,35,100,1,4,110Y
10014,臺東縣,10014040,卑南鄉,10014040-012,東興村,0,0,12,10,42,2,0,0,0,0,0,29,15,39,2,0,0,0,0,3,61,12,32,3,0,0,0,0,0,27,8,34,4,1,0,0,0,2,12,13,52,18,2,0,0,0,3,19,18,42,24,8,0,0,0,4,11,5,49,28,5,0,1,0,3,10,14,49,42,19,0,1,0,3,3,7,33,54,28,0,0,0,0,1,3,23,23,46,0,2,0,0,4,5,20,17,113,0,7,110Y
10014,臺東縣,10014040,卑南鄉,10014040-013,溫泉村,0,0,9,2,28,1,0,0,0,0,2,14,11,22,2,0,0,0,1,3,37,4,14,1,0,0,0,1,2,31,6,13,1,0,0,0,0,3,15,7,28,10,1,0,0,1,3,14,14,37,15,6,0,0,1,6,12,9,38,26,1,0,0,2,6,3,9,49,33,4,0,0,0,4,8,16,47,37,6,0,0,0,2,5,6,36,27,21,0,1,0,3,13,11,41,50,167,3,24,110Y
10014,臺東縣,10014050,鹿野鄉,10014050-001,瑞和村,0,0,6,1,25,0,0,0,0,0,1,13,4,31,0,0,0,0,0,3,18,8,27,2,0,0,0,0,2,18,1,19,3,0,0,0,0,2,10,2,20,12,1,0,0,0,0,4,5,29,15,2,0,0,0,1,6,2,25,17,1,0,0,0,1,1,2,32,19,4,0,0,0,1,2,1,24,26,18,0,1,0,0,3,1,15,16,8,0,0,0,2,3,3,19,16,100,0,8,110Y
10014,臺東縣,10014050,鹿野鄉,10014050-002,瑞豐村,0,0,19,3,33,2,1,0,0,0,1,37,8,14,0,0,0,0,0,3,26,4,12,0,0,0,0,0,2,17,3,19,4,0,0,0,0,3,18,8,21,11,4,0,0,0,3,4,19,24,12,2,1,0,0,4,8,11,34,26,3,1,0,0,0,7,9,37,23,3,0,0,0,0,3,6,29,33,3,0,1,0,0,5,5,27,20,17,0,2,0,2,10,4,20,28,141,3,35,110Y
10014,臺東縣,10014050,鹿野鄉,10014050-003,瑞源村,0,0,2,0,24,2,1,0,0,0,0,19,6,23,1,0,0,0,1,4,34,2,27,5,0,0,0,0,7,26,7,13,3,0,0,0,1,3,10,7,20,11,0,0,0,0,4,9,8,36,10,0,0,1,0,1,6,5,43,18,0,0,0,0,0,6,7,28,19,8,0,0,0,2,5,2,30,35,12,0,0,0,0,2,3,15,18,27,0,1,0,2,4,7,30,25,147,7,14,110Y
10014,臺東縣,10014050,鹿野鄉,10014050-004,永安村,0,0,10,10,34,3,0,0,0,0,0,46,21,40,1,0,0,0,0,1,45,11,36,2,0,0,0,0,5,49,7,34,4,0,0,0,0,6,26,12,48,17,1,0,1,2,3,18,22,54,23,3,1,0,1,5,11,6,50,31,5,0,0,1,5,14,19,57,45,5,0,0,1,4,16,9,58,68,19,0,0,1,2,8,13,35,42,24,0,1,0,3,13,8,41,27,196,3,19,110Y
10014,臺東縣,10014050,鹿野鄉,10014050-005,瑞隆村,0,0,12,7,30,2,0,0,0,0,0,27,6,21,2,0,0,0,0,1,24,8,21,4,0,0,0,0,3,18,5,21,8,0,0,0,0,0,14,6,18,8,3,0,0,0,6,9,9,25,21,3,0,1,0,3,5,8,35,22,4,0,0,0,1,5,7,31,30,7,0,0,0,1,6,6,25,26,16,0,0,0,0,1,2,23,32,20,0,1,0,0,3,9,29,22,149,2,12,110Y
10014,臺東縣,10014050,鹿野鄉,10014050-006,鹿野村,0,0,5,11,34,4,0,0,0,0,3,35,7,18,1,0,0,0,0,2,45,6,27,3,0,0,0,0,2,30,7,21,3,0,0,0,0,4,11,10,17,9,3,0,0,1,5,6,14,39,13,2,0,0,0,5,9,8,34,23,1,0,0,0,2,11,10,41,37,5,0,1,1,3,4,12,38,43,6,0,0,1,0,3,10,26,33,19,0,3,1,0,10,10,46,34,153,4,13,110Y
10014,臺東縣,10014050,鹿野鄉,10014050-007,龍田村,0,0,7,15,31,3,0,0,0,0,2,30,12,21,2,0,0,0,0,6,33,2,18,0,0,0,0,0,7,23,7,18,4,0,0,0,0,9,17,7,34,11,0,0,0,0,3,18,8,44,6,5,0,0,0,5,13,6,40,11,3,0,0,0,7,9,10,47,26,2,0,0,1,3,3,8,32,44,7,0,0,0,0,5,12,37,27,21,0,1,0,3,15,11,36,25,170,0,32,110Y
10014,臺東縣,10014060,池上鄉,10014060-001,福文村,0,0,11,8,33,4,1,0,0,0,0,38,18,33,1,0,0,0,0,5,38,5,27,3,0,0,0,1,1,22,7,23,5,0,0,0,1,1,12,1,27,6,2,0,0,0,1,11,16,51,7,8,0,0,0,2,12,11,47,33,5,0,0,0,4,7,9,53,32,8,0,1,0,0,4,10,43,42,11,0,0,0,2,3,2,35,34,18,0,1,0,1,7,7,32,28,179,2,19,110Y
10014,臺東縣,10014060,池上鄉,10014060-002,慶豐村,0,0,5,9,11,1,0,0,0,0,0,19,6,15,0,0,0,0,0,4,26,3,16,2,0,0,0,0,1,15,4,14,3,0,0,0,0,2,14,6,20,5,0,0,0,0,2,6,7,26,9,0,0,0,0,3,5,12,32,8,1,0,0,0,3,2,8,33,17,2,0,0,0,1,2,4,30,24,5,0,1,0,1,0,4,20,19,8,0,0,0,0,1,3,15,32,114,0,10,110Y
10014,臺東縣,10014060,池上鄉,10014060-003,大坡村,0,0,2,3,5,1,0,0,0,0,0,9,1,4,0,1,0,0,0,0,16,1,4,1,0,0,0,0,0,7,2,6,1,0,0,0,0,1,4,1,16,1,0,0,0,0,0,3,3,6,7,1,0,0,0,0,2,2,10,7,0,0,1,0,0,2,2,10,5,4,0,0,0,0,0,1,11,17,3,0,0,0,0,0,0,12,18,9,0,1,0,0,2,0,13,17,58,0,8,110Y
10014,臺東縣,10014060,池上鄉,10014060-004,大埔村,0,0,6,11,17,2,0,0,0,0,0,25,5,15,1,0,0,0,0,2,38,6,14,2,0,0,0,0,3,20,4,14,0,0,0,0,1,5,14,9,12,10,0,0,0,1,4,15,13,25,11,1,0,0,0,3,8,9,23,18,2,0,0,0,1,11,7,25,17,4,0,0,0,2,3,3,28,26,5,0,1,1,0,2,2,15,29,14,0,2,0,1,8,11,35,33,142,1,9,110Y
10014,臺東縣,10014060,池上鄉,10014060-005,福原村,0,0,26,25,52,5,1,0,0,0,2,77,18,26,0,0,0,0,0,13,90,15,25,0,1,0,0,0,14,82,11,41,5,2,0,0,1,17,53,18,39,6,1,0,0,1,9,40,28,60,15,3,0,0,0,15,31,27,73,18,5,0,0,1,4,19,26,78,33,7,0,0,0,2,7,24,78,37,7,1,0,0,2,14,21,73,49,19,0,1,0,2,15,19,90,96,221,8,20,110Y
10014,臺東縣,10014060,池上鄉,10014060-006,錦園村,0,0,4,0,2,2,0,0,0,0,1,8,2,5,1,0,0,0,0,1,11,1,2,0,0,0,0,0,0,12,1,2,0,0,0,0,0,0,9,3,8,2,0,0,0,0,1,3,2,6,4,0,0,0,0,0,3,3,19,4,0,0,0,0,0,1,1,18,5,0,0,0,0,1,2,2,22,17,1,0,0,0,1,1,1,17,13,2,0,0,0,0,1,3,14,17,61,3,5,110Y
10014,臺東縣,10014060,池上鄉,10014060-007,新興村,0,0,7,8,17,6,0,0,0,0,1,34,6,10,0,1,0,0,0,2,29,9,22,1,0,0,0,0,4,21,1,17,4,1,0,0,1,1,14,6,33,6,1,0,0,1,5,6,4,21,18,2,0,0,0,3,3,10,40,25,5,0,1,0,3,1,8,48,15,1,0,0,0,1,5,3,29,25,6,0,0,0,2,0,6,25,29,17,0,0,0,0,2,5,23,25,156,0,17,110Y
10014,臺東縣,10014060,池上鄉,10014060-008,萬安村,0,0,2,2,10,1,0,0,0,0,0,5,2,10,0,0,0,0,0,0,14,1,8,0,0,0,0,0,2,8,2,3,0,0,1,0,0,0,5,0,8,0,0,0,0,0,1,3,6,8,1,1,0,0,0,1,1,4,12,3,2,0,1,0,0,1,2,18,5,0,0,0,0,0,1,2,16,15,3,0,2,0,0,0,2,6,8,2,0,0,0,0,1,0,8,17,58,1,9,110Y
10014,臺東縣,10014060,池上鄉,10014060-009,富興村,0,0,5,3,12,3,1,0,0,0,0,9,1,13,1,1,0,0,0,2,9,1,11,2,0,0,0,0,2,6,0,10,0,0,0,0,0,3,3,2,11,2,0,0,0,0,0,2,2,22,4,0,0,0,1,0,0,1,18,12,2,0,0,0,0,0,4,16,14,3,0,0,0,1,2,4,14,15,11,0,0,0,1,1,2,16,7,14,0,1,0,0,3,1,8,16,55,2,11,110Y
10014,臺東縣,10014060,池上鄉,10014060-010,振興村,0,0,0,3,10,2,0,0,0,0,0,9,6,16,1,0,0,0,0,0,10,3,20,1,0,0,0,0,0,5,1,14,4,0,0,0,0,2,3,1,17,1,4,0,0,0,3,4,5,23,6,1,0,0,0,1,1,3,14,14,5,0,0,0,1,3,2,12,20,7,0,0,0,0,0,5,12,15,9,0,1,0,0,1,0,6,8,17,0,0,0,0,2,2,3,4,79,0,15,110Y
10014,臺東縣,10014070,東河鄉,10014070-001,北源村,0,0,5,5,31,2,0,0,0,0,2,30,8,22,2,0,0,0,0,3,26,6,21,1,0,0,0,0,4,27,5,31,11,1,0,0,0,1,21,8,67,18,3,0,0,0,4,18,16,73,43,8,0,0,0,2,5,17,60,56,6,0,1,0,1,7,12,63,67,10,0,3,1,1,4,8,59,73,29,0,0,0,1,3,2,30,52,59,1,1,0,1,6,4,30,40,302,3,17,110Y
10014,臺東縣,10014070,東河鄉,10014070-002,泰源村,0,0,7,3,35,3,1,0,0,0,0,28,12,26,2,0,0,0,0,3,27,4,19,2,0,0,0,0,1,18,5,31,15,0,0,0,1,1,13,4,42,22,4,0,0,0,5,10,6,40,28,0,0,0,1,1,3,8,45,35,17,0,1,0,3,7,7,47,30,24,0,1,0,0,8,3,23,36,39,1,1,0,1,2,8,11,37,59,0,1,0,1,3,4,19,31,215,2,14,110Y
10014,臺東縣,10014070,東河鄉,10014070-003,東河村,0,0,8,8,18,0,0,0,0,0,2,25,5,17,1,0,0,0,0,2,29,6,18,0,0,0,0,0,1,24,1,13,3,0,0,0,0,5,18,11,29,10,0,0,0,0,2,11,11,50,14,0,0,0,1,0,7,14,42,27,1,0,0,1,5,5,11,64,29,5,0,0,0,4,3,8,29,37,3,0,0,0,0,5,7,23,28,16,0,0,0,0,9,3,22,62,147,0,8,110Y
10014,臺東縣,10014070,東河鄉,10014070-004,尚德村,0,0,0,0,9,0,0,0,0,0,0,8,2,8,0,0,0,0,0,0,2,0,3,1,0,0,0,0,0,2,1,6,2,0,0,0,0,1,4,0,11,3,0,0,0,0,0,3,4,9,6,1,0,0,0,0,1,1,11,7,0,0,0,0,1,2,3,8,8,1,0,0,0,0,0,1,9,12,3,0,0,0,0,1,1,4,9,9,0,1,0,0,0,2,6,10,45,4,2,110Y
10014,臺東縣,10014070,東河鄉,10014070-005,隆昌村,0,0,3,1,14,0,0,0,0,0,0,8,5,5,0,0,0,0,0,2,15,4,6,0,0,0,0,0,1,14,1,9,0,0,0,0,0,5,4,5,12,4,1,0,0,0,1,3,2,16,2,0,0,0,0,1,5,8,26,10,1,0,0,0,2,7,8,25,10,1,0,0,0,1,3,6,19,22,2,0,1,0,1,5,2,16,24,8,0,0,0,2,4,3,11,21,116,0,7,110Y
10014,臺東縣,10014070,東河鄉,10014070-006,興昌村,0,0,9,2,28,1,0,0,0,0,1,15,5,15,2,0,0,0,0,4,30,5,17,0,0,0,0,1,2,14,3,8,1,0,0,0,1,3,10,3,15,6,1,0,0,0,4,11,7,27,16,5,0,0,0,4,13,11,46,20,1,0,0,0,8,6,5,36,28,4,0,0,1,2,11,7,28,42,9,0,0,1,2,1,7,24,27,17,0,1,2,2,5,5,26,29,206,0,16,110Y
10014,臺東縣,10014070,東河鄉,10014070-007,都蘭村,0,0,14,7,61,4,1,0,0,0,1,58,11,44,2,0,0,0,0,4,66,9,40,1,0,0,0,0,9,52,12,49,4,0,0,0,1,6,33,15,73,20,1,0,0,1,12,36,23,87,40,2,0,0,0,10,21,24,71,47,2,0,0,2,7,13,17,75,50,10,0,1,0,5,14,18,78,83,16,0,0,2,2,9,14,61,82,45,2,0,1,5,17,14,58,95,327,3,24,110Y
10014,臺東縣,10014080,長濱鄉,10014080-001,樟原村,0,0,1,5,12,0,1,0,0,0,2,10,10,18,1,0,0,0,0,0,13,3,17,0,0,0,0,0,0,3,2,11,0,0,0,0,0,0,5,2,10,3,4,0,0,0,0,3,0,13,19,2,0,0,0,0,2,2,17,32,2,0,0,0,0,7,5,19,30,1,0,0,0,2,1,0,19,31,9,0,0,0,1,3,1,13,16,20,0,0,0,1,6,2,7,15,157,0,2,110Y
10014,臺東縣,10014080,長濱鄉,10014080-002,三間村,0,0,3,7,31,0,1,0,0,1,1,20,5,29,2,0,0,0,0,1,13,3,27,2,1,0,0,0,0,14,7,15,2,0,0,0,0,1,17,7,25,15,0,0,0,2,4,10,10,45,26,5,0,0,0,6,9,6,38,32,5,0,0,0,4,8,9,33,40,17,0,0,0,0,4,7,29,54,46,0,1,1,0,6,3,18,37,41,0,1,0,0,11,6,25,28,272,2,7,110Y
10014,臺東縣,10014080,長濱鄉,10014080-003,忠勇村,0,0,2,3,22,1,0,0,0,0,0,10,7,12,0,0,0,0,0,1,13,2,15,1,0,0,0,0,1,8,2,8,2,0,0,0,0,1,4,4,19,6,0,0,0,0,2,4,2,24,18,0,0,0,0,2,2,3,20,27,2,0,0,1,1,3,2,18,27,6,0,0,0,1,3,2,9,29,15,0,0,0,1,1,1,13,16,11,0,0,0,1,4,2,5,12,109,0,2,110Y
10014,臺東縣,10014080,長濱鄉,10014080-004,長濱村,0,0,7,13,62,3,0,0,0,0,1,52,13,40,0,0,0,0,0,5,61,7,44,7,0,0,0,0,6,46,2,41,11,0,0,0,0,5,34,21,62,15,4,0,1,0,6,21,13,63,48,6,0,0,1,4,11,15,60,57,6,0,1,0,4,8,19,61,77,21,0,2,2,6,16,19,71,99,27,0,0,0,2,10,12,51,59,49,0,1,0,3,13,10,50,63,346,3,7,110Y
10014,臺東縣,10014080,長濱鄉,10014080-005,竹湖村,0,0,6,2,13,2,0,0,0,0,1,20,1,13,1,0,0,0,0,2,17,2,12,1,0,0,0,0,1,17,6,15,5,0,0,0,0,0,14,1,21,4,1,0,0,0,4,13,4,39,20,3,0,0,0,2,1,4,29,33,3,0,0,0,3,7,2,22,37,8,0,0,0,5,4,7,21,49,17,0,1,0,0,2,1,8,37,49,0,0,0,1,3,1,17,32,196,0,5,110Y
10014,臺東縣,10014080,長濱鄉,10014080-006,寧埔村,0,0,7,1,17,0,1,0,0,0,0,21,8,10,0,0,0,0,0,2,31,4,22,2,0,0,0,0,4,21,4,27,2,2,0,0,0,1,11,5,41,22,0,0,0,0,2,8,5,22,37,2,0,0,0,3,7,10,28,33,4,0,0,0,1,5,6,41,60,9,0,0,0,3,2,5,39,72,36,0,0,0,2,2,2,22,40,50,0,0,0,0,3,3,27,38,265,0,1,110Y
10014,臺東縣,10014090,太麻里鄉,10014090-001,美和村,0,0,14,7,64,1,3,0,0,0,3,41,16,49,3,0,0,0,0,5,39,9,37,7,1,0,0,0,5,28,7,35,5,1,0,0,0,4,21,12,44,11,1,0,0,0,1,18,16,54,24,2,0,0,2,4,7,20,54,30,6,0,1,0,2,4,12,48,44,4,0,1,0,0,1,9,49,60,17,0,0,0,1,0,5,25,37,30,0,1,0,0,3,2,21,23,231,0,8,110Y
10014,臺東縣,10014090,太麻里鄉,10014090-002,三和村,0,0,3,5,12,1,1,0,0,0,1,27,4,8,1,0,0,0,1,4,19,2,12,1,0,0,0,0,0,16,2,10,2,2,0,0,0,1,14,4,23,11,1,0,0,0,0,8,9,21,10,3,0,0,0,0,3,9,17,17,0,0,0,0,3,2,8,35,13,2,0,0,0,1,2,4,16,23,7,0,0,0,0,1,3,14,20,15,0,0,0,1,1,0,5,18,106,0,11,110Y
10014,臺東縣,10014090,太麻里鄉,10014090-003,華源村,0,0,8,2,14,0,0,0,0,0,0,20,2,10,1,0,0,0,0,4,21,1,9,3,0,0,0,0,1,6,3,7,0,0,0,0,0,0,10,2,20,5,0,0,0,0,3,6,11,21,4,1,0,0,0,5,8,1,32,13,1,0,0,0,0,7,8,21,27,1,0,0,0,0,1,5,17,31,4,0,1,0,0,0,4,7,7,19,0,0,0,0,2,3,11,16,124,1,35,110Y
10014,臺東縣,10014090,太麻里鄉,10014090-004,北里村,0,0,1,5,18,1,0,0,0,0,1,9,8,20,1,1,0,0,0,1,9,9,25,2,0,0,0,0,2,5,2,24,1,0,0,0,0,1,8,4,17,10,0,0,0,0,1,6,6,17,13,2,0,0,0,1,5,4,31,13,2,0,0,0,0,4,2,19,14,4,0,0,0,0,5,3,13,21,2,0,0,0,1,0,6,28,22,14,0,0,0,0,4,1,16,15,91,0,10,110Y
10014,臺東縣,10014090,太麻里鄉,10014090-005,泰和村,0,0,13,10,50,4,1,0,0,0,3,50,19,24,1,0,0,0,0,6,79,13,22,2,0,0,0,1,4,58,12,22,4,0,0,0,1,10,41,12,28,8,2,0,0,0,8,19,17,38,17,1,0,0,0,4,13,23,52,21,1,0,0,0,0,11,18,62,30,2,0,0,0,2,4,6,55,46,10,0,1,0,0,6,8,36,30,30,0,2,0,2,7,7,42,42,207,2,26,110Y
10014,臺東縣,10014090,太麻里鄉,10014090-006,大王村,0,0,22,20,71,7,0,0,0,0,2,53,16,28,3,0,0,0,0,9,54,12,35,4,0,0,0,1,7,55,13,49,5,0,0,0,2,12,37,19,54,16,2,0,0,2,3,26,17,64,23,1,0,0,1,8,18,18,69,28,3,0,0,1,2,11,11,85,31,7,0,0,0,5,10,17,56,52,20,0,2,0,2,6,9,52,43,49,0,4,0,4,13,13,53,51,276,6,39,110Y
10014,臺東縣,10014090,太麻里鄉,10014090-007,香蘭村,0,0,3,9,24,2,0,0,0,0,0,18,3,20,2,0,0,0,1,2,22,3,13,1,0,0,0,0,3,21,5,29,4,0,0,0,1,2,13,11,39,5,0,0,1,0,1,8,8,38,15,0,0,0,0,2,3,3,26,14,2,0,0,0,3,7,7,35,26,2,0,0,1,1,2,4,32,35,13,0,0,0,1,0,1,20,28,24,0,1,0,1,1,1,13,24,142,2,18,110Y
10014,臺東縣,10014090,太麻里鄉,10014090-008,金崙村,0,0,13,18,66,6,1,0,0,0,2,34,30,62,0,0,0,0,0,3,54,21,58,2,0,0,0,0,2,32,9,64,11,0,0,0,0,0,18,17,68,17,2,0,0,0,6,14,21,80,35,3,0,0,1,1,9,10,73,59,2,0,0,1,0,11,13,69,56,20,0,1,0,3,8,7,70,77,41,0,1,0,0,4,3,42,39,66,2,2,0,0,7,5,38,44,197,3,7,110Y
10014,臺東縣,10014090,太麻里鄉,10014090-009,多良村,0,0,3,12,49,1,0,0,0,0,1,11,12,32,0,0,0,0,0,0,21,12,41,5,0,0,0,0,2,7,6,32,1,0,0,0,0,0,9,4,37,19,0,0,1,0,1,4,11,37,37,3,0,1,1,2,3,8,29,44,4,0,1,0,0,2,4,19,28,19,0,1,0,3,3,0,20,31,35,0,1,0,0,3,6,19,14,47,1,1,0,0,1,2,17,12,129,2,10,110Y
10014,臺東縣,10014100,大武鄉,10014100-001,大竹村,0,0,6,5,39,0,0,0,0,0,0,10,10,18,2,0,0,0,0,1,18,4,15,1,0,0,0,0,1,11,3,23,7,3,0,0,0,0,20,5,37,11,1,0,0,0,3,15,9,38,10,3,0,0,0,3,12,8,23,12,4,0,0,0,1,0,3,11,17,21,0,0,0,0,2,2,14,34,24,0,0,0,0,1,1,12,27,43,0,0,0,0,3,7,11,13,109,1,5,110Y
10014,臺東縣,10014100,大武鄉,10014100-002,大鳥村,0,0,10,15,41,1,1,0,0,0,1,25,25,34,2,0,0,0,0,3,31,7,45,7,0,0,0,0,0,29,6,53,11,0,0,0,0,0,15,9,40,27,2,0,0,0,1,7,9,38,27,7,0,0,0,1,8,9,37,26,4,0,0,1,2,8,7,21,56,8,0,0,0,0,3,0,19,66,27,0,0,0,0,1,2,31,35,33,0,1,1,1,5,5,14,20,123,0,3,110Y
10014,臺東縣,10014100,大武鄉,10014100-003,大武村,0,0,5,17,37,6,2,0,0,0,3,40,17,20,0,0,0,0,0,8,44,9,22,2,0,0,0,0,7,42,6,44,2,0,0,0,0,3,21,11,48,18,3,0,0,0,15,19,15,53,23,1,0,0,1,3,11,27,54,24,1,0,0,0,2,12,6,43,27,10,0,0,0,3,6,9,45,51,21,0,0,0,2,4,10,29,39,35,0,0,0,0,8,3,40,36,158,0,12,110Y
10014,臺東縣,10014100,大武鄉,10014100-004,尚武村,0,0,8,6,34,0,0,0,0,0,1,37,15,25,1,0,0,0,0,7,37,6,34,3,0,0,0,0,3,30,5,34,8,0,0,0,1,3,24,11,37,13,3,0,0,0,6,23,26,61,27,0,0,0,0,3,12,12,49,25,2,0,0,1,3,6,11,58,55,11,0,0,1,0,7,6,36,48,20,0,0,0,1,5,10,42,55,35,1,1,0,1,11,5,30,36,201,2,26,110Y
10014,臺東縣,10014100,大武鄉,10014100-005,南興村,0,0,2,4,21,0,0,0,0,0,0,10,10,9,0,0,0,0,0,2,14,3,12,2,0,0,0,0,1,25,3,11,0,0,0,0,0,1,3,5,19,6,2,0,1,0,1,6,9,14,13,1,0,0,0,3,6,7,31,12,1,0,0,0,0,2,1,23,12,3,0,1,0,0,2,2,25,22,11,0,0,0,1,3,9,9,17,24,0,1,0,0,8,5,19,18,51,3,7,110Y
10014,臺東縣,10014110,綠島鄉,10014110-001,公館村,0,0,5,5,31,3,0,0,0,0,2,50,12,25,2,0,0,0,0,11,71,9,14,2,0,0,0,0,16,54,6,20,3,0,0,0,0,8,34,8,32,4,0,0,0,0,8,33,22,40,15,0,0,0,0,6,18,28,43,17,2,0,0,1,4,11,14,34,15,1,0,0,0,1,4,8,24,15,6,0,0,0,2,4,4,14,20,23,0,1,0,2,4,1,22,12,93,1,3,110Y
10014,臺東縣,10014110,綠島鄉,10014110-002,中寮村,0,0,6,5,27,2,3,0,0,0,1,54,11,15,5,0,0,0,1,12,66,4,24,2,0,0,0,0,18,46,12,37,4,1,0,0,1,15,44,9,32,7,1,0,0,1,8,20,18,41,15,0,0,0,0,4,12,13,40,19,1,0,0,0,8,8,14,43,9,1,0,0,0,4,10,13,34,26,10,0,0,0,3,9,4,29,17,23,0,0,0,0,5,3,18,11,112,0,3,110Y
10014,臺東縣,10014110,綠島鄉,10014110-003,南寮村,0,0,13,5,37,0,0,0,0,0,6,100,21,26,0,0,0,0,1,17,131,12,36,2,0,0,0,0,15,93,17,50,2,0,0,0,1,6,56,27,54,9,0,0,0,2,7,26,26,71,12,2,0,0,0,10,21,24,77,26,0,1,0,1,4,15,23,76,29,3,0,0,0,5,5,16,52,30,8,0,1,1,4,2,14,33,23,30,0,2,0,0,10,9,35,24,146,0,2,110Y
10014,臺東縣,10014120,海端鄉,10014120-001,廣原村,0,0,10,14,33,6,1,0,0,0,1,28,17,28,0,0,0,0,0,1,32,10,23,0,0,0,0,0,2,20,9,37,10,0,0,0,0,2,19,10,28,13,1,0,0,0,0,6,13,35,14,3,0,0,0,3,3,7,27,21,3,0,0,0,3,5,7,25,26,13,1,0,0,0,1,3,16,16,25,0,0,0,0,1,3,10,11,25,0,0,0,0,0,0,10,6,72,1,1,110Y
10014,臺東縣,10014120,海端鄉,10014120-002,霧鹿村,0,0,7,1,8,3,0,0,0,0,0,12,6,8,0,0,0,0,0,1,8,3,13,0,0,0,0,0,2,5,2,7,0,0,0,0,0,0,6,2,10,6,0,0,0,0,0,2,1,16,8,2,0,0,0,0,1,2,11,6,0,0,0,0,0,1,1,11,5,4,0,0,0,0,2,1,6,7,8,0,0,0,0,1,1,3,3,7,0,0,0,0,1,1,5,2,30,0,0,110Y
10014,臺東縣,10014120,海端鄉,10014120-003,利稻村,0,0,4,4,15,0,1,0,0,0,2,6,10,9,1,0,0,0,0,0,11,6,6,0,0,0,0,0,0,10,2,19,3,0,0,0,0,0,7,3,11,2,0,0,0,0,0,4,4,13,4,0,0,0,0,5,4,4,5,4,7,0,0,0,0,0,4,7,5,8,0,0,0,0,0,0,3,7,1,0,0,0,0,0,2,5,1,5,0,0,0,0,1,0,5,4,24,0,0,110Y
10014,臺東縣,10014120,海端鄉,10014120-004,海端村,0,0,10,8,51,4,1,0,0,0,0,42,27,35,4,0,0,0,0,2,40,9,38,3,0,0,0,0,2,34,9,41,4,0,0,0,0,5,22,14,45,13,2,0,0,0,6,13,13,51,16,4,0,0,0,5,5,13,43,31,3,0,0,0,0,2,3,27,24,13,0,1,0,1,6,1,24,16,24,0,0,0,1,2,6,10,18,32,0,0,0,1,7,5,11,8,86,0,2,110Y
10014,臺東縣,10014120,海端鄉,10014120-005,崁頂村,0,0,6,3,31,5,1,0,0,0,2,22,13,24,1,0,0,0,0,4,27,9,18,0,0,0,0,0,1,17,10,25,4,0,0,1,1,2,18,4,27,7,1,0,0,0,1,10,8,20,9,2,0,0,0,0,8,6,14,15,3,0,0,0,1,3,5,16,22,4,0,0,0,0,2,2,15,33,10,0,0,0,0,5,1,10,13,24,0,1,0,0,3,0,11,5,48,0,1,110Y
10014,臺東縣,10014120,海端鄉,10014120-006,加拿村,0,0,4,3,27,1,0,0,0,0,0,25,5,27,1,0,0,0,0,2,20,13,19,5,0,0,0,0,4,9,5,22,3,0,0,0,0,3,12,5,13,12,2,0,0,0,0,5,4,21,12,5,0,0,0,0,7,3,18,13,8,0,0,0,2,1,4,11,10,19,0,0,0,2,0,4,9,19,25,0,0,0,0,2,1,4,11,17,0,0,0,0,0,3,5,2,36,0,0,110Y
10014,臺東縣,10014130,延平鄉,10014130-001,武陵村,0,0,3,9,33,3,0,0,0,0,0,18,19,19,1,0,0,0,0,1,30,6,14,1,0,0,0,0,2,19,6,12,7,0,0,0,1,3,12,6,15,14,0,0,0,0,3,12,8,23,21,2,0,0,0,6,13,6,22,28,6,0,0,0,1,2,3,20,19,11,0,0,0,2,4,2,11,18,24,0,0,0,0,1,5,7,6,16,0,0,0,0,2,1,6,7,51,0,0,110Y
10014,臺東縣,10014130,延平鄉,10014130-002,永康村,0,0,5,8,9,3,0,0,0,0,0,12,1,18,1,0,0,0,0,0,10,5,7,0,0,0,0,0,2,8,2,8,2,0,0,0,0,2,9,7,11,2,1,0,0,1,3,3,4,17,6,1,0,0,0,0,3,4,15,15,1,0,0,0,1,4,3,11,24,4,0,0,0,1,1,1,6,9,10,0,0,0,0,1,0,8,4,7,0,0,0,2,0,3,2,2,23,0,1,110Y
10014,臺東縣,10014130,延平鄉,10014130-003,紅葉村,0,0,5,9,13,0,1,0,0,0,0,5,4,18,0,0,0,0,0,1,17,7,16,0,0,0,0,0,5,13,2,8,2,0,0,0,0,4,6,2,19,7,2,0,0,0,4,1,10,32,8,2,0,0,0,0,1,9,22,12,1,0,0,0,0,2,3,8,16,9,0,0,0,1,1,0,5,12,11,0,0,0,0,1,1,8,11,13,0,0,0,0,0,2,10,5,43,0,2,110Y
10014,臺東縣,10014130,延平鄉,10014130-004,鸞山村,0,0,5,7,20,1,0,0,0,0,0,26,9,21,1,0,0,0,0,3,19,5,28,2,0,0,0,0,1,14,3,14,5,0,0,0,0,4,7,8,19,10,0,0,0,1,4,5,7,27,18,3,0,0,0,0,5,10,25,14,4,0,0,0,0,2,5,20,18,6,0,0,0,0,3,2,12,26,8,0,0,0,2,3,3,8,13,20,0,0,0,1,1,1,9,5,64,0,2,110Y
10014,臺東縣,10014130,延平鄉,10014130-005,桃源村,0,0,9,17,43,3,1,0,1,0,1,39,25,33,2,0,0,0,0,6,40,14,36,2,0,0,0,1,4,29,12,34,7,2,0,0,1,3,23,19,32,18,2,0,0,0,4,15,10,39,24,4,0,1,0,9,18,9,38,24,11,0,0,0,10,5,10,33,26,13,0,1,0,0,6,13,27,29,19,0,0,1,5,8,10,21,14,25,0,0,0,0,4,3,17,8,75,0,0,110Y
10014,臺東縣,10014140,金峰鄉,10014140-001,新興村,0,0,4,10,21,1,0,0,0,0,0,22,10,11,0,0,0,0,0,3,29,9,18,0,0,0,0,0,1,18,9,17,6,0,0,0,0,1,8,8,18,8,0,0,0,1,5,4,5,28,4,1,0,1,0,5,7,6,21,9,0,0,0,0,3,7,6,15,17,1,0,0,0,4,4,4,14,23,3,0,0,0,1,1,2,12,16,26,0,0,0,0,2,1,7,2,46,0,0,110Y
10014,臺東縣,10014140,金峰鄉,10014140-002,正興村,0,0,7,9,25,3,0,0,0,0,0,24,15,13,1,0,0,0,0,1,33,9,13,1,0,0,0,0,3,23,10,18,1,2,0,0,0,1,10,4,17,3,3,0,0,0,4,8,6,24,4,0,0,0,0,2,10,4,23,7,1,0,0,0,2,5,4,27,17,3,0,0,1,0,7,4,25,22,4,0,0,0,0,9,1,24,25,12,0,0,0,0,6,5,9,11,53,0,0,110Y
10014,臺東縣,10014140,金峰鄉,10014140-003,嘉蘭村,0,0,13,15,66,5,0,0,0,0,0,53,30,53,2,0,0,0,0,1,46,19,49,5,0,0,0,0,2,48,10,42,6,0,0,0,0,1,18,15,56,20,2,0,0,0,3,12,12,41,27,3,0,0,0,4,11,17,55,34,4,0,0,0,0,9,15,33,47,13,0,0,0,0,6,5,39,41,30,0,0,0,4,0,3,19,15,46,0,1,0,0,4,4,18,17,124,0,0,110Y
10014,臺東縣,10014140,金峰鄉,10014140-004,賓茂村,0,0,1,3,13,1,0,0,0,0,0,7,7,9,0,0,0,0,0,1,11,4,9,1,0,0,0,0,1,5,1,23,1,0,0,0,0,1,3,1,11,2,0,0,0,0,1,1,3,21,8,0,0,0,0,5,2,3,10,5,1,0,0,0,2,3,1,11,10,4,0,0,0,0,5,4,10,17,5,0,0,0,1,2,1,14,9,6,0,0,0,1,3,1,9,7,35,0,0,110Y
10014,臺東縣,10014140,金峰鄉,10014140-005,歷坵村,0,0,5,3,12,1,0,0,0,0,0,6,6,8,2,0,0,0,0,0,14,3,20,0,0,0,0,0,1,7,2,14,1,0,0,0,0,0,4,2,15,4,1,0,0,0,0,4,5,14,6,1,0,0,0,0,4,2,12,5,0,0,0,0,0,1,3,7,13,4,0,0,0,0,0,0,12,17,14,0,0,0,0,0,3,11,14,9,0,0,0,0,0,1,5,6,35,0,0,110Y
10014,臺東縣,10014150,達仁鄉,10014150-001,台坂村,0,0,3,2,18,1,0,0,0,0,1,10,7,22,2,0,0,0,0,3,16,9,22,5,0,0,0,0,1,15,6,24,7,0,0,0,0,2,14,3,23,11,3,0,0,0,4,8,4,20,16,10,0,0,1,1,3,5,10,11,9,0,0,0,0,1,1,11,24,19,0,0,0,1,2,3,11,22,23,0,0,0,0,2,3,13,15,25,0,0,0,2,2,5,7,13,75,3,0,110Y
10014,臺東縣,10014150,達仁鄉,10014150-002,土坂村,0,0,9,11,27,4,1,0,1,0,0,26,18,28,1,0,0,0,0,2,30,6,29,7,0,0,0,0,2,21,8,34,3,0,0,0,0,4,13,9,24,9,5,0,0,1,1,13,12,28,18,15,0,0,1,1,9,14,22,35,21,0,0,0,3,3,8,13,36,29,0,1,0,0,2,3,14,28,32,0,0,0,1,4,1,9,18,39,0,0,0,0,1,3,15,6,93,0,0,110Y
10014,臺東縣,10014150,達仁鄉,10014150-003,新化村,0,0,2,1,17,0,0,0,0,0,0,6,5,10,2,0,0,0,0,1,10,5,12,0,0,0,0,0,1,5,1,13,0,0,0,0,0,3,2,2,9,2,1,0,0,0,1,1,0,17,6,4,0,0,0,0,3,8,14,11,2,0,0,0,1,2,2,12,16,1,0,1,0,0,0,4,12,18,9,0,0,0,0,3,1,12,5,9,0,0,0,0,1,0,7,4,49,0,0,110Y
10014,臺東縣,10014150,達仁鄉,10014150-004,安朔村,0,0,5,4,15,0,1,0,0,0,0,12,6,9,0,0,0,0,0,0,18,3,19,0,0,0,0,0,1,21,5,18,1,0,0,0,0,2,8,9,19,9,1,0,0,0,4,5,8,19,5,8,0,0,1,2,7,3,11,15,4,0,0,1,1,2,4,22,17,6,0,1,1,0,1,3,20,25,5,0,0,0,1,4,3,13,27,21,0,1,2,0,5,5,11,12,63,1,1,110Y
10014,臺東縣,10014150,達仁鄉,10014150-005,森永村,0,0,2,6,8,0,0,0,0,0,0,11,1,8,1,0,0,0,0,1,13,1,6,1,0,0,0,0,1,8,3,12,2,0,0,0,0,1,7,4,5,8,1,0,0,0,3,4,3,17,8,2,0,0,0,3,7,3,9,10,1,0,0,1,4,2,4,15,16,2,0,0,0,2,1,3,16,11,5,0,0,0,0,2,3,16,10,10,0,0,0,0,2,1,5,6,50,0,3,110Y
10014,臺東縣,10014150,達仁鄉,10014150-006,南田村,0,0,5,6,10,0,0,0,0,0,1,11,3,7,2,0,0,0,0,0,17,3,9,0,0,0,0,1,3,10,5,8,0,0,0,0,0,4,5,1,13,1,1,0,1,0,1,4,3,9,12,3,0,0,0,1,0,0,13,12,1,0,1,0,0,4,2,9,13,6,0,0,0,1,1,5,9,5,10,0,0,0,0,3,3,5,10,8,0,0,0,0,1,1,7,2,20,0,0,110Y
10014,臺東縣,10014160,蘭嶼鄉,10014160-001,東清村,0,0,25,5,62,4,2,0,0,0,0,70,8,59,1,0,0,0,0,3,76,8,49,1,0,0,0,1,6,55,6,52,7,0,0,0,0,8,27,11,65,25,1,0,0,0,3,25,16,71,37,3,0,0,0,3,19,10,67,25,4,0,0,0,1,12,5,46,42,6,0,0,0,1,9,2,22,58,12,0,0,0,0,3,2,11,32,38,0,0,0,1,1,3,8,14,107,0,2,110Y
10014,臺東縣,10014160,蘭嶼鄉,10014160-002,朗島村,0,0,9,1,43,0,0,0,0,0,0,47,7,32,1,0,0,0,0,3,54,9,33,2,0,0,0,0,3,47,7,37,2,1,0,0,0,8,17,4,60,5,0,0,0,0,3,6,7,35,25,1,0,0,1,1,9,5,22,26,0,0,0,0,0,3,4,16,30,1,0,0,0,1,3,4,13,32,0,0,0,0,1,2,1,4,22,16,0,0,0,0,0,0,4,1,76,0,1,110Y
10014,臺東縣,10014160,蘭嶼鄉,10014160-003,紅頭村,0,0,20,3,45,4,2,0,0,0,1,72,6,34,0,0,0,0,0,8,67,15,30,3,0,0,0,0,4,63,11,40,4,1,0,0,1,9,53,9,54,5,0,0,0,0,8,29,14,52,26,4,0,0,2,5,20,9,66,23,2,0,0,1,9,17,12,63,32,3,0,0,0,4,19,11,45,28,5,0,0,0,2,9,7,34,45,2,0,1,0,0,3,2,29,11,91,0,3,110Y
10014,臺東縣,10014160,蘭嶼鄉,10014160-004,椰油村,0,0,14,1,42,1,1,0,0,0,1,40,10,31,1,0,0,0,0,10,58,11,30,3,0,0,0,2,12,47,11,25,3,0,0,0,0,10,27,6,61,18,0,0,0,0,8,18,11,60,27,2,0,0,0,10,11,11,37,23,0,0,0,1,5,15,11,25,18,0,0,0,0,4,6,1,31,21,1,0,0,0,1,3,2,32,29,7,0,0,0,0,0,0,12,14,75,0,1,110Y
10014,臺東縣,10014010,臺東市,10014010-001,富岡里,0,0,17,17,84,7,3,0,0,0,4,65,21,49,5,0,0,0,0,9,82,17,55,4,0,0,0,0,8,62,14,72,3,0,0,0,1,5,39,11,78,23,1,0,0,1,11,23,30,91,47,5,0,0,0,5,20,18,91,55,4,0,0,1,4,20,20,92,83,8,0,1,0,5,9,11,73,80,26,0,2,0,2,7,4,70,90,47,0,3,2,0,4,10,52,67,355,5,25,111Y
10014,臺東縣,10014010,臺東市,10014010-003,岩灣里,0,0,24,6,68,6,3,0,0,0,6,102,32,42,3,0,0,0,0,10,136,19,48,3,0,0,0,2,21,79,10,34,4,0,0,0,0,24,68,23,51,13,0,0,0,0,22,46,43,55,26,1,0,0,0,27,40,42,91,45,7,0,0,0,28,38,47,97,47,6,0,0,1,17,27,29,76,59,11,0,0,1,12,17,25,65,30,13,0,1,2,11,31,23,74,52,155,0,14,111Y
10014,臺東縣,10014010,臺東市,10014010-004,南王里,0,0,31,15,96,4,3,0,0,0,5,135,44,51,2,0,0,0,0,19,127,28,69,0,0,0,0,0,22,136,22,67,6,0,0,0,1,17,87,20,84,22,3,0,0,4,31,57,34,92,15,7,0,0,1,14,34,44,103,24,5,0,1,4,15,25,46,120,36,6,1,0,0,18,27,36,118,79,15,0,1,2,4,22,25,93,62,31,0,1,0,5,26,40,120,62,275,2,14,111Y
10014,臺東縣,10014010,臺東市,10014010-005,卑南里,0,0,51,15,98,7,9,0,0,0,14,160,30,51,0,0,0,0,0,35,159,20,35,1,1,0,0,1,39,126,19,32,3,0,0,0,1,24,97,22,48,7,1,0,0,3,46,84,55,61,19,4,0,0,5,50,52,65,90,25,1,0,0,10,52,50,53,90,36,1,0,0,5,35,42,45,119,30,6,0,0,3,13,22,33,102,40,20,0,1,0,11,48,34,165,59,223,0,18,111Y
10014,臺東縣,10014010,臺東市,10014010-006,南榮里,0,0,34,9,98,7,3,0,0,0,6,106,34,76,3,0,0,0,0,16,127,29,76,6,0,0,0,1,20,76,14,69,6,0,0,0,1,27,73,14,53,21,2,0,0,1,20,59,30,77,24,6,0,1,3,33,33,45,98,46,4,0,0,4,22,35,39,102,55,9,0,0,2,9,24,25,89,81,29,0,0,1,7,22,20,65,68,30,0,0,3,8,35,41,125,56,264,5,23,111Y
10014,臺東縣,10014010,臺東市,10014010-007,新生里,0,0,50,20,108,10,3,0,0,0,8,150,34,43,5,0,0,0,0,47,196,21,50,2,0,0,0,2,39,168,22,57,6,1,0,0,1,32,104,22,75,8,2,0,0,3,42,92,45,79,11,4,0,0,3,49,49,57,87,26,7,0,0,9,34,50,72,126,41,7,0,0,4,35,48,54,132,56,7,0,0,2,27,47,54,137,47,14,0,0,1,18,86,75,173,86,214,3,14,111Y
10014,臺東縣,10014010,臺東市,10014010-008,民生里,0,0,26,10,69,5,2,0,0,0,9,113,15,42,2,0,0,0,0,22,118,18,25,0,0,0,0,1,34,101,9,35,5,0,0,0,2,41,83,25,47,12,1,0,0,2,29,86,45,54,12,2,0,0,1,27,34,43,77,21,9,0,0,1,18,37,42,106,27,3,0,0,2,13,34,37,106,27,7,0,1,1,14,23,33,102,37,8,0,0,1,9,79,83,239,76,190,0,23,111Y
10014,臺東縣,10014010,臺東市,10014010-009,寶桑里,0,0,13,10,45,4,1,0,0,0,1,42,13,38,1,0,0,0,0,7,52,19,27,1,0,0,0,0,9,41,3,21,1,0,0,0,1,8,38,14,38,6,0,0,0,1,7,30,19,48,14,5,0,0,2,5,17,27,55,21,2,0,0,1,6,13,17,46,34,3,0,1,1,8,10,15,66,32,4,0,0,0,6,5,12,46,41,11,0,0,0,2,13,16,73,61,142,1,10,111Y
10014,臺東縣,10014010,臺東市,10014010-010,馬蘭里,0,0,30,14,111,8,6,0,0,0,5,120,26,26,0,0,0,0,1,14,118,21,40,1,0,0,0,0,25,84,19,33,1,0,0,0,3,37,75,16,44,4,1,0,0,2,36,80,42,64,16,4,0,0,0,18,41,32,55,10,2,0,0,2,21,38,36,85,27,4,0,0,0,12,31,31,99,29,8,0,0,1,13,18,26,82,20,11,0,0,1,6,58,57,152,66,159,4,8,111Y
10014,臺東縣,10014010,臺東市,10014010-011,中心里,0,0,43,9,124,19,12,0,0,0,8,137,20,42,2,0,0,0,1,32,142,27,40,2,0,0,0,2,32,116,16,52,7,1,0,0,4,34,97,23,38,7,0,0,0,0,37,81,44,71,13,8,0,0,4,39,48,49,89,20,4,0,0,1,26,44,43,100,31,8,0,0,0,25,34,46,121,31,11,0,0,5,14,27,40,103,32,16,0,1,1,17,68,71,197,81,225,3,11,111Y
10014,臺東縣,10014010,臺東市,10014010-012,自強里,0,0,56,12,137,14,2,0,0,0,11,177,26,33,2,0,0,0,1,31,164,23,37,1,0,0,0,1,38,163,20,31,2,0,0,0,4,42,150,22,41,5,0,0,0,12,56,114,54,54,7,2,0,0,5,50,70,47,59,10,2,0,0,8,44,62,48,104,16,2,0,0,2,31,51,64,100,31,1,0,0,7,24,58,60,110,38,12,0,0,6,20,92,73,173,61,133,1,15,111Y
10014,臺東縣,10014010,臺東市,10014010-013,民族里,0,0,32,12,124,12,4,0,0,0,13,111,16,25,0,0,0,0,0,20,109,12,24,0,0,0,0,1,36,93,7,25,1,0,0,0,1,27,93,29,40,8,1,0,0,1,26,75,43,59,11,6,0,0,2,24,44,43,58,11,5,0,0,1,26,30,53,76,19,1,0,1,2,18,27,33,90,17,3,0,0,1,11,20,34,88,18,6,0,0,2,15,78,83,178,68,143,0,14,111Y
10014,臺東縣,10014010,臺東市,10014010-015,中華里,0,0,23,12,76,7,4,0,0,0,1,71,11,42,2,0,0,0,0,12,84,16,54,2,0,0,0,1,12,82,17,64,9,0,0,0,1,9,55,20,69,14,0,0,0,0,11,30,31,87,26,9,0,0,0,8,31,34,97,27,7,0,0,0,12,21,28,94,52,5,0,1,1,7,17,22,88,71,10,0,2,0,5,8,27,91,47,16,0,0,1,1,16,25,106,74,271,8,19,111Y
10014,臺東縣,10014010,臺東市,10014010-017,建國里,0,0,19,8,48,3,0,0,0,0,3,60,16,42,4,0,0,0,0,9,56,14,43,3,0,0,0,2,12,76,13,43,9,0,0,0,2,11,34,9,52,11,1,0,0,0,5,21,24,55,29,5,0,0,0,7,14,22,73,35,6,1,0,1,6,9,25,70,41,3,0,0,0,5,6,6,79,50,8,0,0,0,1,13,15,65,55,26,1,0,0,0,18,35,79,70,229,4,17,111Y
10014,臺東縣,10014010,臺東市,10014010-020,中正里,0,0,17,8,44,3,1,0,0,0,7,69,20,44,0,0,0,0,0,9,85,17,43,7,0,0,0,2,13,71,12,33,2,1,0,0,0,14,63,21,46,2,0,0,0,1,19,43,30,62,13,2,0,1,1,18,34,22,59,28,7,0,0,0,15,22,29,72,29,3,0,0,0,10,15,24,85,34,2,0,1,1,6,18,23,91,26,13,0,2,0,8,36,50,205,89,209,1,19,111Y
10014,臺東縣,10014010,臺東市,10014010-022,成功里,0,0,22,10,67,3,3,0,0,0,5,49,25,30,2,0,0,0,3,9,78,18,37,3,0,0,0,1,18,64,15,47,5,1,0,0,1,13,46,13,45,5,3,0,0,0,17,27,20,56,15,6,0,0,1,4,19,30,56,30,3,1,0,0,13,16,29,84,32,7,0,1,0,6,10,9,95,59,11,0,0,0,5,13,14,70,56,14,0,1,0,1,13,15,102,78,205,1,18,111Y
10014,臺東縣,10014010,臺東市,10014010-023,文化里,0,0,17,9,55,10,2,0,0,0,1,50,8,26,5,0,0,0,0,5,50,14,29,5,0,0,0,0,11,62,10,42,11,0,0,0,2,14,73,17,48,10,4,0,0,0,20,61,23,50,20,6,0,0,0,21,20,24,56,17,5,0,1,0,8,19,26,66,43,3,0,0,1,6,12,13,54,33,5,0,0,0,3,12,17,52,40,12,0,0,2,2,30,37,113,52,139,2,13,111Y
10014,臺東縣,10014010,臺東市,10014010-024,中山里,0,0,22,2,41,4,0,0,0,0,3,84,15,19,0,0,0,0,1,20,80,6,19,0,1,0,0,1,18,81,5,20,2,0,0,0,1,24,66,12,21,2,1,0,0,1,28,46,27,35,13,2,0,0,3,10,31,21,49,18,3,0,1,0,9,24,24,96,18,3,0,0,1,7,21,21,71,20,1,0,0,0,5,12,25,78,24,3,0,0,0,4,37,35,173,66,161,1,14,111Y
10014,臺東縣,10014010,臺東市,10014010-029,新園里,0,0,19,13,53,4,3,0,0,0,5,55,25,47,3,0,0,0,0,10,72,25,61,5,0,0,0,1,3,49,10,47,5,1,0,0,2,2,29,12,57,13,0,0,0,0,3,25,19,58,14,5,0,0,0,4,20,8,68,32,14,0,1,0,8,13,14,76,58,16,0,0,1,2,8,10,54,67,21,0,0,0,1,5,5,42,36,29,0,0,0,0,4,7,45,36,204,1,17,111Y
10014,臺東縣,10014010,臺東市,10014010-030,豐田里,0,0,29,14,77,4,2,0,0,0,4,104,27,52,1,0,0,0,0,10,108,23,61,3,0,0,0,0,21,88,22,57,11,1,0,0,0,10,71,23,64,15,4,0,0,1,13,44,31,92,25,4,0,0,2,6,24,34,103,40,1,0,0,2,5,30,28,98,41,5,0,0,0,3,9,17,85,71,8,0,0,0,3,9,11,70,53,40,0,2,0,3,14,17,62,61,241,3,23,111Y
10014,臺東縣,10014010,臺東市,10014010-031,豐年里,0,0,47,10,119,12,5,0,0,0,4,112,42,62,5,0,0,0,0,21,168,39,100,1,0,0,0,1,24,124,30,89,14,1,0,0,1,25,111,42,89,13,2,0,0,2,25,53,52,120,30,7,0,1,1,29,44,35,119,52,5,0,0,1,17,33,38,159,51,5,0,0,2,10,25,28,107,73,18,0,0,0,2,10,22,97,75,37,1,2,1,3,26,27,121,66,273,6,17,111Y
10014,臺東縣,10014010,臺東市,10014010-032,光明里,0,0,41,18,144,13,9,0,0,0,14,132,41,33,3,0,0,0,1,31,133,16,46,3,0,0,0,0,27,99,13,30,4,0,0,0,1,31,69,18,45,6,1,0,0,0,46,82,47,79,12,9,0,0,1,40,51,55,92,22,4,0,0,7,29,68,64,112,31,0,0,0,4,30,43,53,95,35,9,0,0,1,9,20,25,88,21,13,0,0,2,5,29,41,133,54,115,3,7,111Y
10014,臺東縣,10014010,臺東市,10014010-033,豐樂里,0,0,24,17,60,9,2,0,0,0,1,80,20,40,0,0,0,0,1,9,68,19,36,1,0,0,0,1,14,53,19,53,3,0,0,0,0,7,46,15,43,5,0,0,0,1,23,32,27,48,17,1,0,0,3,4,20,22,69,17,2,0,0,1,9,19,32,69,34,2,0,0,0,16,19,25,75,44,4,0,0,3,3,9,12,70,39,19,0,0,3,9,13,12,88,51,159,5,13,111Y
10014,臺東縣,10014010,臺東市,10014010-034,永樂里,0,0,39,20,110,18,4,0,0,0,13,160,39,71,2,0,0,0,1,23,133,30,57,2,0,0,0,0,27,92,17,46,5,1,0,0,1,17,60,18,47,11,1,0,0,4,44,44,45,92,19,5,0,0,5,26,46,52,93,28,4,0,0,2,34,32,45,87,43,3,0,0,4,19,27,25,113,77,16,0,0,1,8,36,17,90,76,22,0,1,6,5,26,38,79,51,214,2,25,111Y
10014,臺東縣,10014010,臺東市,10014010-035,康樂里,0,0,13,9,45,9,1,0,0,0,4,48,18,36,3,0,0,0,0,6,69,11,24,0,0,0,0,0,4,55,9,30,7,0,0,0,0,7,32,9,42,5,1,0,0,1,5,19,25,59,15,3,0,0,1,5,14,22,63,14,2,0,0,2,5,16,24,73,28,6,0,0,0,7,13,13,51,45,6,0,1,0,2,2,12,44,27,15,0,1,1,2,9,7,41,31,117,3,22,111Y
10014,臺東縣,10014010,臺東市,10014010-036,東海里,0,0,27,19,68,3,3,0,0,0,6,79,13,29,1,0,0,0,1,14,104,18,24,2,0,0,0,1,18,81,11,28,1,0,0,0,1,28,98,21,44,3,1,0,0,2,35,48,37,45,20,1,0,1,2,16,43,25,46,13,1,0,0,3,16,32,25,61,15,3,0,0,0,8,19,22,67,26,5,1,1,1,8,23,35,100,33,13,0,1,0,10,49,58,133,33,136,3,8,111Y
10014,臺東縣,10014010,臺東市,10014010-037,新興里,0,0,12,9,46,2,1,0,0,0,3,43,11,20,2,0,0,0,0,4,50,12,23,3,0,0,0,0,8,53,7,37,3,0,0,0,1,11,39,8,35,6,0,0,0,1,11,35,19,33,18,4,0,0,1,6,15,24,32,12,4,0,0,2,9,14,17,64,26,5,0,0,0,4,16,20,66,27,6,0,0,0,3,15,10,46,34,10,0,0,0,4,23,21,75,40,162,0,8,111Y
10014,臺東縣,10014010,臺東市,10014010-038,豐榮里,0,0,40,17,122,9,1,0,0,0,12,132,33,63,1,0,0,0,0,22,113,29,48,5,0,0,0,3,27,124,31,54,4,0,0,0,2,29,100,38,73,9,0,0,0,2,44,81,72,91,25,2,0,0,6,36,68,54,115,45,3,0,0,5,20,39,40,119,49,4,1,0,3,18,18,42,107,49,14,0,0,2,7,17,39,94,44,26,0,1,1,8,30,45,142,77,262,4,22,111Y
10014,臺東縣,10014010,臺東市,10014010-039,豐谷里,0,0,40,14,130,11,2,0,0,0,5,138,36,90,2,0,0,0,0,21,183,31,69,4,0,0,0,1,33,166,16,74,9,0,0,0,0,27,98,33,102,20,5,0,1,2,23,69,54,131,29,8,0,1,3,14,32,55,118,43,3,0,0,4,21,31,47,138,64,14,0,0,0,16,31,38,139,91,11,0,1,0,6,23,21,129,79,32,0,1,1,5,48,54,167,89,289,7,16,111Y
10014,臺東縣,10014010,臺東市,10014010-040,豐里里,0,0,14,10,87,11,5,0,0,0,8,81,32,53,1,1,0,0,0,13,129,25,65,2,0,0,0,1,12,102,16,57,9,3,0,0,0,13,56,28,69,17,2,0,0,0,12,27,24,69,40,3,0,0,1,14,26,23,92,33,6,0,0,1,13,22,23,92,62,10,0,0,1,10,17,25,98,77,17,0,1,0,9,13,15,61,62,24,0,0,2,4,12,19,71,58,245,3,26,111Y
10014,臺東縣,10014010,臺東市,10014010-041,豐原里,0,0,11,6,20,3,4,0,0,0,4,48,12,24,1,0,0,0,0,9,63,14,30,2,0,0,0,0,8,46,6,29,3,0,0,0,2,7,18,12,38,7,1,0,0,0,6,9,4,41,29,6,0,0,0,4,8,11,33,16,2,0,0,1,3,5,15,70,25,3,0,0,3,8,6,13,52,44,4,0,1,0,3,6,5,51,48,11,0,2,0,1,3,3,37,43,181,3,12,111Y
10014,臺東縣,10014010,臺東市,10014010-042,建和里,0,0,13,6,33,9,2,0,0,0,1,40,13,37,2,1,0,0,0,1,49,9,48,4,0,0,0,0,10,62,10,48,1,0,0,0,0,5,24,8,31,6,0,0,0,0,6,19,16,53,9,1,0,0,0,3,11,10,47,18,1,0,0,0,2,9,15,59,31,2,1,0,0,3,6,12,57,53,13,0,0,0,3,4,7,43,48,19,0,1,0,1,9,9,35,50,197,3,9,111Y
10014,臺東縣,10014010,臺東市,10014010-043,建興里,0,0,13,8,41,2,0,0,0,0,2,53,13,29,2,0,0,0,0,14,66,13,22,4,0,0,0,1,8,47,6,32,1,0,0,0,0,9,21,6,25,5,2,0,0,0,8,21,23,31,14,4,0,0,0,3,8,17,49,11,7,0,0,1,5,13,22,64,24,3,0,0,0,3,11,13,51,33,7,0,0,1,2,7,9,40,37,16,0,2,1,1,14,12,41,51,150,1,13,111Y
10014,臺東縣,10014010,臺東市,10014010-045,知本里,0,0,27,8,73,8,2,0,0,0,5,82,29,57,2,0,0,0,0,13,94,24,72,10,0,0,0,0,11,78,12,67,6,0,0,0,0,5,48,20,77,13,1,0,0,2,9,26,14,89,21,8,0,0,1,12,22,17,93,27,4,0,1,2,6,17,26,128,42,6,0,0,0,3,11,24,117,82,13,0,0,1,3,5,9,80,70,24,0,2,0,3,14,20,79,68,300,5,20,111Y
10014,臺東縣,10014010,臺東市,10014010-046,建農里,0,0,14,8,82,4,2,0,0,0,6,70,28,65,3,0,0,0,0,7,73,12,79,7,0,0,0,1,10,58,8,64,16,0,0,0,1,5,37,15,71,21,1,0,0,1,9,19,23,73,36,11,0,0,1,8,24,17,91,65,9,0,0,3,2,11,16,96,84,9,0,0,0,6,9,11,73,80,22,0,0,1,1,11,6,37,60,46,0,2,2,1,9,13,53,32,217,6,24,111Y
10014,臺東縣,10014010,臺東市,10014010-047,仁和里,0,0,34,6,97,11,0,0,0,0,6,127,28,48,3,0,0,0,0,30,132,25,47,2,0,0,0,2,32,118,27,67,5,0,0,0,1,37,127,19,57,7,0,0,1,2,31,74,35,92,23,7,0,0,2,30,54,42,100,39,6,0,0,3,25,42,44,108,35,5,1,1,1,23,35,40,135,60,6,0,1,0,6,33,36,140,63,21,0,0,0,19,56,65,197,82,225,4,20,111Y
10014,臺東縣,10014010,臺東市,10014010-048,豐安里,0,0,34,16,112,12,2,0,0,0,11,106,26,48,1,0,0,0,0,28,152,29,42,4,0,0,0,2,26,148,13,36,7,1,0,0,3,38,107,33,59,8,3,0,0,5,37,73,40,96,20,6,0,0,3,26,57,45,106,31,7,0,0,6,18,40,43,97,33,4,0,0,3,7,26,37,107,45,9,0,0,0,11,26,28,96,51,23,0,2,0,13,46,46,121,73,179,5,12,111Y
10014,臺東縣,10014010,臺東市,10014010-049,豐盛里,0,0,40,16,128,14,5,0,0,0,10,165,47,50,3,0,0,0,1,31,182,39,55,2,0,0,0,1,30,163,24,61,5,0,0,0,3,37,116,37,66,16,1,0,0,4,48,66,52,71,27,3,0,0,1,43,56,57,114,33,5,0,1,3,29,56,66,150,34,4,0,0,1,30,39,55,132,53,8,0,0,2,9,25,47,137,48,19,0,0,1,8,49,58,133,67,225,2,17,111Y
10014,臺東縣,10014020,成功鎮,10014020-001,博愛里,0,0,2,1,5,2,0,0,0,0,0,4,0,14,0,0,0,0,0,0,12,2,14,0,0,0,0,0,2,8,2,13,2,0,0,0,0,0,10,2,13,4,1,0,0,0,1,3,5,11,10,3,0,0,0,1,4,3,11,25,1,0,0,0,0,3,3,18,33,3,0,0,0,1,1,6,20,36,11,0,0,0,1,4,4,14,28,18,0,1,0,0,4,2,13,19,150,0,0,111Y
10014,臺東縣,10014020,成功鎮,10014020-002,忠孝里,0,0,4,5,25,2,1,0,0,0,0,13,4,19,1,0,0,0,0,0,24,4,27,1,0,0,0,0,1,19,6,19,5,0,0,0,0,2,15,3,31,12,2,0,0,0,1,12,9,29,27,4,0,0,0,0,5,7,21,27,2,0,0,0,3,4,9,26,30,7,0,1,0,0,3,5,32,41,20,0,0,1,1,5,1,24,41,28,0,0,0,0,2,6,19,40,191,1,1,111Y
10014,臺東縣,10014020,成功鎮,10014020-003,三仙里,0,0,9,9,36,6,0,0,0,0,0,36,7,29,1,0,0,0,0,3,33,4,41,8,1,0,0,0,1,30,4,38,8,0,0,0,0,2,14,1,35,16,3,0,0,0,0,10,9,39,36,23,0,0,0,2,9,5,28,68,10,0,0,0,3,8,7,24,63,27,0,0,0,1,0,3,18,49,49,0,1,0,0,1,4,16,45,66,1,2,0,1,1,5,26,31,249,1,10,111Y
10014,臺東縣,10014020,成功鎮,10014020-004,三民里,0,0,17,14,69,7,1,0,0,0,2,104,19,50,3,0,0,0,0,8,104,20,62,4,0,0,0,0,8,93,12,65,11,0,0,0,1,5,76,22,65,30,0,0,0,0,8,40,37,112,46,22,0,0,0,7,23,24,75,78,17,0,1,2,7,12,30,78,89,22,0,2,0,3,11,13,62,89,52,0,0,0,0,10,11,54,78,87,0,3,0,1,11,11,56,74,434,1,28,111Y
10014,臺東縣,10014020,成功鎮,10014020-005,忠智里,0,0,12,17,46,10,1,0,0,0,1,87,14,32,0,0,0,0,0,6,90,12,26,3,0,0,0,0,10,73,7,28,4,0,0,0,2,15,51,17,42,15,1,0,0,0,8,41,36,66,20,6,0,0,0,8,19,23,67,46,4,0,0,1,1,18,25,78,43,4,0,0,1,3,12,17,69,45,12,0,0,1,3,9,18,57,61,32,0,1,0,2,11,11,64,85,274,1,13,111Y
10014,臺東縣,10014020,成功鎮,10014020-006,忠仁里,0,0,22,14,75,10,1,0,0,0,2,59,17,54,1,0,0,0,0,6,71,9,42,4,0,0,0,0,4,65,9,34,6,0,0,0,0,6,45,28,55,20,5,0,0,0,6,34,34,69,35,11,0,0,0,8,17,23,89,46,8,0,1,0,8,12,25,81,70,10,0,0,0,3,6,14,64,70,27,0,0,0,2,7,18,58,82,53,0,3,0,3,7,14,61,96,308,4,6,111Y
10014,臺東縣,10014020,成功鎮,10014020-007,和平里,0,0,3,2,16,1,0,0,0,0,0,14,1,11,1,0,0,0,0,4,26,1,11,0,0,0,0,0,2,16,5,14,1,0,0,0,0,1,5,4,23,4,0,0,0,1,1,6,4,27,11,2,0,0,0,4,3,2,22,24,4,0,1,0,4,5,1,19,26,11,0,0,0,0,4,0,24,34,18,0,0,0,0,0,1,10,27,35,0,1,1,0,0,2,15,26,170,0,5,111Y
10014,臺東縣,10014020,成功鎮,10014020-008,信義里,0,0,11,8,36,6,2,0,0,0,1,46,4,34,0,0,0,0,0,3,49,6,39,2,0,0,0,0,5,49,3,32,5,0,0,0,0,4,24,10,36,28,1,0,0,0,1,21,20,51,22,21,0,0,0,7,19,17,51,61,14,0,0,0,4,13,13,53,72,29,0,0,1,5,4,13,34,78,68,0,0,0,3,10,12,32,72,61,0,1,0,0,11,8,50,55,344,0,5,111Y
10014,臺東縣,10014030,關山鎮,10014030-001,德高里,0,0,14,7,46,2,1,0,0,0,3,59,15,35,1,0,0,0,0,11,82,13,47,3,0,0,0,0,5,47,11,42,6,2,0,0,0,5,33,8,39,4,0,0,0,0,5,25,15,61,17,5,0,0,0,2,12,10,62,33,3,0,0,0,3,8,15,81,48,11,0,0,0,1,11,15,75,56,14,0,1,0,4,4,6,48,52,27,1,2,0,0,2,7,38,53,309,3,23,111Y
10014,臺東縣,10014030,關山鎮,10014030-002,豐泉里,0,0,16,4,29,1,0,0,0,0,3,48,12,23,2,0,0,0,0,6,57,2,21,0,0,0,0,1,10,39,4,20,2,1,0,0,0,6,34,7,35,8,0,0,0,1,6,30,13,32,5,1,0,0,1,8,15,9,33,14,2,0,0,0,7,9,16,52,12,5,0,0,0,4,10,14,41,23,8,0,0,0,2,3,12,55,24,12,0,0,0,2,13,22,49,39,128,1,10,111Y
10014,臺東縣,10014030,關山鎮,10014030-003,新福里,0,0,10,4,25,1,0,0,0,0,2,29,8,18,1,0,0,0,0,6,42,6,18,2,0,0,0,0,1,22,6,25,1,0,0,0,0,1,22,5,21,8,0,0,0,0,5,18,16,25,6,1,0,0,1,3,7,5,31,11,5,0,0,0,0,5,13,36,23,6,0,0,0,2,7,12,33,29,16,0,0,0,0,6,4,26,19,20,0,1,0,1,3,3,29,35,105,2,16,111Y
10014,臺東縣,10014030,關山鎮,10014030-004,中福里,0,0,5,0,24,3,1,0,0,0,1,29,9,8,0,0,0,0,0,4,31,2,7,0,0,0,0,0,6,30,2,12,0,0,0,0,0,8,25,6,17,4,0,0,0,0,9,17,11,17,5,2,0,0,0,2,19,9,18,7,0,0,0,1,5,9,13,22,7,2,0,0,2,1,10,8,33,11,3,0,0,0,1,10,5,44,11,5,0,0,0,3,13,7,67,42,75,3,7,111Y
10014,臺東縣,10014030,關山鎮,10014030-005,里壠里,0,0,10,8,47,5,1,0,0,0,2,48,16,27,2,0,0,0,1,8,84,6,36,3,0,0,0,0,11,50,3,40,4,0,0,0,0,12,45,10,38,9,2,0,0,1,9,32,14,45,7,1,0,0,0,7,35,22,59,16,4,0,0,0,6,18,11,65,24,6,0,0,0,4,19,17,68,37,13,0,0,1,2,15,8,60,47,17,0,0,0,4,28,25,104,46,179,2,22,111Y
10014,臺東縣,10014030,關山鎮,10014030-006,電光里,0,0,7,1,24,1,0,0,0,0,1,9,4,18,0,0,0,0,0,2,16,5,13,0,0,0,0,0,1,9,4,15,3,0,0,1,0,2,6,0,10,6,0,0,0,0,1,4,1,24,6,1,0,1,0,1,0,4,11,20,6,0,0,0,0,1,3,27,25,3,0,0,0,0,4,0,15,22,9,0,0,0,0,3,3,9,21,11,0,0,0,0,2,2,12,13,105,1,4,111Y
10014,臺東縣,10014030,關山鎮,10014030-007,月眉里,0,0,1,0,19,2,0,0,0,0,1,24,8,16,0,0,0,0,0,4,28,1,20,1,0,0,0,0,1,23,4,18,2,0,0,0,0,1,13,3,17,2,0,0,0,0,3,6,7,19,4,0,0,0,0,4,6,4,21,24,4,0,0,0,5,1,3,30,22,3,0,0,0,1,3,4,22,24,9,0,2,0,1,0,5,31,26,23,0,0,1,1,5,4,19,20,98,1,15,111Y
10014,臺東縣,10014040,卑南鄉,10014040-001,嘉豐村,0,0,1,2,14,1,1,0,0,0,1,11,3,19,1,0,0,0,0,1,12,4,14,2,0,0,0,0,1,4,4,16,1,0,0,0,1,1,8,4,22,15,1,0,0,0,0,3,3,16,7,5,0,0,0,1,1,2,12,18,3,0,0,0,0,0,1,8,27,5,0,0,0,0,0,3,17,22,12,0,1,0,1,2,1,13,17,14,0,0,0,0,0,4,3,11,79,3,4,111Y
10014,臺東縣,10014040,卑南鄉,10014040-002,利吉村,0,0,1,0,11,0,0,0,0,0,0,9,6,5,0,0,0,0,0,0,10,2,11,0,0,0,0,0,1,12,4,11,0,0,0,0,0,3,4,2,18,4,0,0,0,0,1,4,5,18,5,1,0,0,0,2,3,4,9,7,1,0,1,0,2,1,6,8,11,2,0,0,0,1,2,5,13,17,7,0,0,1,1,3,4,16,26,20,0,0,0,1,4,3,22,20,72,3,7,111Y
10014,臺東縣,10014040,卑南鄉,10014040-003,富山村,0,0,6,6,9,0,0,0,0,0,0,15,0,13,1,0,0,0,0,1,14,6,11,2,0,0,0,0,2,13,3,12,0,0,0,0,0,2,2,1,16,6,1,0,0,2,1,6,5,15,9,1,0,0,1,2,5,3,11,16,3,0,0,0,2,2,3,14,17,7,0,0,0,0,2,3,18,24,11,0,1,0,1,2,1,13,10,11,0,1,0,1,1,4,4,10,66,8,15,111Y
10014,臺東縣,10014040,卑南鄉,10014040-004,富源村,0,0,3,0,6,0,0,0,0,0,0,5,1,7,1,0,0,0,0,0,13,1,3,0,0,0,0,0,1,6,2,6,1,0,0,0,1,4,4,4,5,2,0,0,0,0,1,4,5,6,1,0,0,1,0,1,0,2,14,4,0,0,0,0,0,0,6,15,13,0,0,0,0,1,1,2,16,14,1,0,0,0,1,1,0,13,12,5,0,0,0,0,0,4,16,15,47,6,19,111Y
10014,臺東縣,10014040,卑南鄉,10014040-005,明峰村,0,0,10,7,38,4,0,0,0,0,0,25,5,30,1,0,0,0,0,2,34,8,27,3,0,0,0,0,8,27,10,22,1,0,0,0,0,5,26,5,34,11,0,0,0,0,5,14,16,43,12,1,0,0,0,5,7,13,57,16,4,0,0,0,4,8,11,49,25,3,0,0,0,0,8,7,45,40,16,0,1,0,1,3,3,27,35,20,0,0,0,2,6,13,59,37,156,11,25,111Y
10014,臺東縣,10014040,卑南鄉,10014040-006,初鹿村,0,0,11,9,49,3,1,0,0,0,2,37,14,38,0,0,0,0,0,6,41,9,26,2,0,0,0,0,7,26,5,34,4,0,0,0,0,2,18,6,33,8,2,0,1,0,2,16,16,51,22,7,0,0,0,6,8,14,48,23,5,0,0,0,6,10,10,63,35,2,0,0,0,5,9,9,37,44,10,0,0,0,1,6,7,26,45,19,2,1,0,2,12,11,63,22,152,7,26,111Y
10014,臺東縣,10014040,卑南鄉,10014040-007,美農村,0,0,9,8,17,4,0,0,0,0,3,40,15,28,1,0,0,0,0,3,34,8,22,3,1,0,0,0,7,28,9,24,3,0,0,0,0,3,19,2,18,12,0,0,0,0,7,10,11,29,14,0,0,0,1,0,12,2,48,22,3,0,0,1,2,12,10,60,24,1,0,0,1,3,5,14,44,34,9,0,0,1,0,4,5,34,31,15,0,0,0,2,5,13,43,31,143,2,25,111Y
10014,臺東縣,10014040,卑南鄉,10014040-008,賓朗村,0,0,14,22,91,13,0,0,0,0,6,75,26,45,3,1,0,0,3,10,97,14,59,1,0,0,0,0,8,71,19,46,4,1,0,0,0,11,49,14,39,9,4,0,0,0,11,31,23,69,18,6,0,0,0,11,23,24,75,38,1,0,1,1,11,31,17,94,48,9,0,1,0,2,19,21,112,73,15,0,0,0,6,12,6,76,54,27,0,0,1,5,29,24,100,75,266,24,25,111Y
10014,臺東縣,10014040,卑南鄉,10014040-009,泰安村,0,0,15,10,47,8,1,0,0,0,3,42,17,41,1,0,0,0,0,6,48,7,47,1,0,0,1,0,9,21,9,59,10,1,0,0,0,3,15,6,37,16,0,0,0,0,2,5,11,55,25,0,0,0,0,2,8,8,50,26,2,0,0,0,5,6,11,52,38,9,0,0,1,4,9,11,39,37,15,0,0,0,4,5,7,25,34,26,0,4,1,1,6,6,22,20,112,0,7,111Y
10014,臺東縣,10014040,卑南鄉,10014040-010,太平村,0,0,36,14,87,8,2,0,0,0,7,115,48,77,4,0,0,0,0,22,137,29,100,4,0,0,0,1,14,104,32,140,13,1,0,0,0,16,76,22,110,29,2,0,0,0,20,40,53,127,40,10,0,0,1,15,43,38,136,74,11,0,0,2,15,27,41,145,76,7,0,0,1,17,27,31,128,71,24,0,1,0,5,19,20,98,71,47,0,1,1,1,23,24,100,72,267,19,45,111Y
10014,臺東縣,10014040,卑南鄉,10014040-011,利嘉村,0,0,11,2,36,4,0,0,0,0,1,32,16,34,1,0,0,0,0,4,48,14,44,4,0,0,0,0,7,40,7,34,8,1,0,0,0,7,24,10,37,10,0,0,0,1,6,13,11,22,20,0,0,0,0,3,11,15,38,22,0,0,0,0,4,10,20,44,19,1,0,0,0,5,10,7,50,28,3,0,1,0,1,9,9,42,30,12,0,0,1,1,16,16,46,38,97,1,4,111Y
10014,臺東縣,10014040,卑南鄉,10014040-012,東興村,0,0,15,9,43,2,2,0,0,0,2,29,13,32,0,0,0,0,0,2,53,17,40,2,0,0,0,0,1,33,9,36,4,1,0,0,0,2,11,7,44,18,1,0,0,0,3,19,21,44,23,6,0,0,0,4,11,8,37,26,6,0,1,1,2,10,11,57,33,16,0,0,0,2,3,8,41,52,27,0,1,1,0,3,2,23,35,44,0,2,0,0,4,6,21,19,117,0,7,111Y
10014,臺東縣,10014040,卑南鄉,10014040-013,溫泉村,0,0,7,3,28,0,0,0,0,0,1,16,7,24,1,0,0,0,1,2,31,5,14,1,0,0,0,1,4,34,3,13,3,0,0,0,0,2,15,7,20,6,0,0,0,0,3,18,13,42,17,6,0,0,0,5,9,10,39,21,2,0,0,2,7,3,8,50,23,3,0,0,1,5,9,14,52,44,6,0,0,0,1,6,8,43,32,18,0,0,0,4,12,12,48,49,158,3,22,111Y
10014,臺東縣,10014050,鹿野鄉,10014050-001,瑞和村,0,0,7,0,19,1,0,0,0,0,0,14,4,24,0,0,0,0,0,2,19,7,30,2,0,0,0,0,5,19,2,24,1,0,0,0,0,2,6,2,15,9,0,0,0,0,0,7,5,31,14,3,0,0,0,1,6,2,24,12,1,0,0,0,2,2,3,34,19,4,0,0,0,1,1,1,26,26,14,0,1,0,0,3,2,19,19,12,0,0,0,2,3,3,19,15,93,0,7,111Y
10014,臺東縣,10014050,鹿野鄉,10014050-002,瑞豐村,0,0,12,2,27,2,0,0,0,0,0,43,9,21,0,0,0,0,0,2,28,4,11,0,0,0,0,0,3,19,5,16,2,0,0,0,0,3,17,3,24,9,2,0,0,0,2,9,17,15,11,4,1,0,0,5,3,14,39,23,3,1,0,0,0,7,9,36,18,3,0,0,0,0,2,4,32,32,4,0,1,0,0,6,7,22,23,13,0,1,0,1,11,4,26,28,136,3,33,111Y
10014,臺東縣,10014050,鹿野鄉,10014050-003,瑞源村,0,0,7,5,16,4,0,0,0,0,0,17,2,20,1,0,0,0,1,3,33,6,21,3,0,0,0,0,8,27,6,20,2,0,0,0,1,4,10,6,20,12,0,0,0,0,4,7,8,28,8,0,0,1,0,1,9,6,46,20,0,0,0,0,1,7,6,26,17,4,0,0,0,2,5,2,30,31,13,0,0,0,0,2,5,23,25,21,0,1,0,2,4,7,29,28,144,6,12,111Y
10014,臺東縣,10014050,鹿野鄉,10014050-004,永安村,0,0,11,11,31,2,0,0,0,0,2,38,21,36,0,0,0,0,0,1,50,11,34,2,0,0,0,0,4,47,6,33,3,0,0,0,0,7,29,13,41,11,0,0,1,2,4,22,19,52,21,3,1,0,1,5,7,7,52,30,5,0,0,1,6,13,16,56,43,3,0,0,1,5,15,9,57,62,16,0,0,1,3,7,13,39,50,23,0,0,0,3,18,11,46,32,188,2,18,111Y
10014,臺東縣,10014050,鹿野鄉,10014050-005,瑞隆村,0,0,7,4,36,4,0,0,0,0,1,31,9,21,0,0,0,0,0,0,21,7,20,2,0,0,0,0,2,18,6,20,8,0,0,0,0,1,17,7,20,11,2,0,0,0,4,6,7,27,15,4,0,1,0,6,7,7,24,18,2,0,0,0,1,6,11,33,24,7,0,0,0,0,6,8,28,25,12,0,0,0,0,1,1,23,37,18,0,1,0,0,3,10,31,28,142,1,11,111Y
10014,臺東縣,10014050,鹿野鄉,10014050-006,鹿野村,0,0,8,7,30,1,1,0,0,0,1,35,8,19,1,0,0,0,0,4,44,7,22,2,0,0,0,0,3,34,6,23,1,0,0,0,0,3,10,6,23,10,2,0,0,0,3,9,9,34,12,2,0,0,0,7,8,11,33,18,1,0,0,0,1,11,11,33,30,4,0,0,0,2,8,13,49,47,5,0,1,2,0,2,11,29,41,14,0,2,1,0,11,12,48,36,148,4,13,111Y
10014,臺東縣,10014050,鹿野鄉,10014050-007,龍田村,0,0,9,13,33,2,0,0,0,0,1,30,12,21,2,0,0,0,0,6,32,3,17,0,0,0,0,0,7,27,5,16,3,0,0,0,0,9,18,4,27,8,0,0,0,0,7,16,12,41,8,4,0,0,0,5,9,5,41,8,4,0,0,0,5,10,10,57,23,1,0,0,1,4,8,8,33,43,6,0,0,0,1,4,15,38,28,21,0,0,0,3,16,12,38,29,157,0,31,111Y
10014,臺東縣,10014060,池上鄉,10014060-001,福文村,0,0,11,10,31,2,1,0,0,0,1,35,16,29,1,0,0,0,0,5,39,7,26,3,0,0,0,1,2,27,5,29,1,0,0,0,0,0,17,1,26,5,1,0,0,1,1,9,14,51,5,6,0,0,0,0,15,12,43,30,9,0,0,0,4,6,9,54,27,7,0,0,0,1,4,8,43,38,10,0,1,0,2,5,4,36,36,12,0,1,0,1,7,8,36,30,180,1,17,111Y
10014,臺東縣,10014060,池上鄉,10014060-002,慶豐村,0,0,4,8,11,0,0,0,0,0,0,20,7,14,0,0,0,0,0,4,25,3,19,0,1,0,0,0,2,18,4,15,4,0,0,0,0,1,15,5,15,4,0,0,0,0,2,7,7,29,9,0,0,0,0,4,5,12,30,8,1,0,0,0,3,1,8,30,16,1,0,0,0,1,3,4,34,22,5,0,0,0,1,2,4,25,25,7,0,1,0,0,1,4,17,32,114,0,9,111Y
10014,臺東縣,10014060,池上鄉,10014060-003,大坡村,0,0,1,2,3,0,1,0,0,0,0,9,1,3,1,0,0,0,0,0,15,1,6,0,0,0,0,0,0,7,1,5,2,0,0,0,0,1,5,4,12,1,0,0,0,0,0,4,3,12,4,1,0,0,0,0,3,1,10,7,0,0,1,0,0,3,3,6,6,2,0,0,0,0,0,0,14,11,4,0,0,0,0,0,1,11,22,10,0,1,0,0,2,0,15,18,58,0,7,111Y
10014,臺東縣,10014060,池上鄉,10014060-004,大埔村,0,0,7,11,14,4,2,0,0,0,0,26,5,15,0,0,0,0,0,2,35,5,15,2,0,0,0,0,3,25,5,10,1,0,0,0,0,4,16,5,14,8,0,0,0,2,4,17,14,22,10,1,0,0,0,5,8,6,22,14,2,0,0,0,1,12,9,24,22,3,0,0,0,3,6,2,30,24,4,0,1,1,0,1,4,16,33,14,0,1,0,1,10,10,38,36,133,1,9,111Y
10014,臺東縣,10014060,池上鄉,10014060-005,福原村,0,0,24,18,44,5,2,0,0,0,3,82,23,25,0,0,0,0,1,13,78,14,30,0,0,0,0,0,11,94,11,35,4,2,0,0,0,20,50,15,37,8,1,0,0,2,12,38,29,55,12,4,0,0,0,10,36,26,71,20,4,0,0,0,8,23,28,79,26,5,0,0,1,2,6,27,76,40,6,1,0,0,2,12,21,67,48,18,0,0,0,3,19,22,101,99,216,8,20,111Y
10014,臺東縣,10014060,池上鄉,10014060-006,錦園村,0,0,2,2,4,0,0,0,0,0,0,11,1,6,1,0,0,0,0,0,12,1,3,0,0,0,0,0,1,12,1,1,0,0,0,0,0,1,8,3,8,0,0,0,0,0,0,5,2,6,6,0,0,0,0,1,3,4,17,2,0,0,0,0,0,1,0,18,6,0,0,0,0,0,3,3,24,14,0,0,0,1,2,1,1,16,13,3,0,0,0,0,1,3,16,18,56,2,5,111Y
10014,臺東縣,10014060,池上鄉,10014060-007,新興村,0,0,5,5,19,2,1,0,0,0,1,33,9,8,1,0,0,0,0,2,28,8,20,1,0,0,0,0,4,30,3,19,6,1,0,0,0,2,15,4,25,5,1,0,0,2,5,6,3,22,14,2,0,0,0,2,2,8,43,27,3,0,0,0,2,2,11,53,16,3,0,1,0,1,4,4,31,22,5,0,0,0,2,2,5,27,29,16,0,0,0,0,2,6,26,32,149,0,13,111Y
10014,臺東縣,10014060,池上鄉,10014060-008,萬安村,0,0,4,0,6,1,0,0,0,0,0,6,4,10,0,0,0,0,0,0,14,1,8,0,0,0,0,0,2,8,1,3,0,0,1,0,0,0,6,2,7,0,0,0,0,0,1,6,6,11,1,1,0,0,0,0,2,6,12,2,1,0,1,0,1,2,2,17,5,1,0,0,0,0,1,2,16,14,2,0,1,0,0,0,2,14,11,3,0,1,0,0,1,0,9,18,56,1,9,111Y
10014,臺東縣,10014060,池上鄉,10014060-009,富興村,0,0,3,3,10,2,1,0,0,0,0,8,1,14,2,0,0,0,0,2,11,1,11,1,0,0,0,0,1,7,0,11,0,0,0,0,0,3,1,1,11,2,0,0,0,0,1,3,3,18,1,0,0,0,1,0,0,1,22,15,2,0,0,0,0,0,3,16,11,3,0,0,0,1,2,4,13,11,6,0,0,0,0,1,3,14,9,17,0,1,0,1,2,1,10,16,52,2,10,111Y
10014,臺東縣,10014060,池上鄉,10014060-010,振興村,0,0,1,2,8,1,0,0,0,0,0,8,4,19,2,0,0,0,0,0,11,4,20,1,0,0,0,0,0,5,2,17,3,0,0,0,0,2,4,0,18,2,2,0,0,0,4,4,3,21,4,3,0,0,0,0,0,6,16,15,4,0,0,0,2,4,2,12,18,6,0,0,0,0,0,4,12,18,10,0,1,0,0,1,1,7,8,11,0,0,0,0,2,2,5,7,81,0,13,111Y
10014,臺東縣,10014070,東河鄉,10014070-001,北源村,0,0,7,8,31,0,0,0,0,0,0,28,8,22,3,0,0,0,0,5,28,7,23,2,0,0,0,0,4,27,7,26,10,0,0,0,0,1,16,6,52,13,4,0,0,0,2,22,13,80,38,6,0,0,0,2,7,17,67,52,4,0,1,0,2,9,14,61,66,8,0,1,1,0,2,6,57,64,26,0,2,0,2,4,5,37,61,48,1,1,0,1,5,4,36,45,294,2,14,111Y
10014,臺東縣,10014070,東河鄉,10014070-002,泰源村,0,0,10,5,25,1,3,0,0,0,1,27,10,25,1,0,0,0,0,2,37,5,22,3,0,0,0,0,1,18,5,28,11,0,0,0,1,2,12,5,39,17,4,0,0,0,4,12,5,39,26,0,0,0,1,2,3,6,43,34,12,0,0,0,3,7,10,51,28,21,0,2,0,0,6,4,28,39,35,1,1,0,1,3,8,11,38,53,0,1,0,1,3,3,21,37,219,1,13,111Y
10014,臺東縣,10014070,東河鄉,10014070-003,東河村,0,0,4,5,20,2,0,0,0,0,2,26,6,17,1,0,0,0,0,4,39,8,20,0,0,0,0,0,1,28,4,9,2,0,0,0,0,5,23,7,17,9,0,0,0,0,3,11,18,56,13,0,0,0,1,0,5,12,41,28,1,0,0,0,1,6,13,62,25,6,0,0,1,6,3,9,41,42,2,0,0,0,0,5,5,26,27,12,0,0,0,0,11,4,25,67,143,0,8,111Y
10014,臺東縣,10014070,東河鄉,10014070-004,尚德村,0,0,1,1,9,0,0,0,0,0,0,7,1,7,0,0,0,0,0,0,3,1,4,1,0,0,0,0,0,1,0,5,1,0,0,0,0,1,0,1,9,4,0,0,0,0,0,7,2,13,3,1,0,0,0,0,1,3,9,9,1,0,0,0,1,1,2,5,7,1,0,0,0,1,1,1,10,7,3,0,0,0,0,1,2,6,12,8,0,1,0,0,0,2,6,10,42,3,2,111Y
10014,臺東縣,10014070,東河鄉,10014070-005,隆昌村,0,0,7,1,13,0,1,0,0,0,0,7,3,5,0,0,0,0,0,2,14,4,4,0,0,0,0,0,1,18,1,9,0,0,0,0,0,4,4,5,10,3,1,0,0,0,1,3,2,13,4,0,0,0,0,1,5,5,26,8,1,0,0,1,2,9,10,25,12,1,0,0,0,1,4,8,19,17,1,0,1,0,0,5,0,18,25,4,0,0,0,3,5,5,12,22,113,0,6,111Y
10014,臺東縣,10014070,東河鄉,10014070-006,興昌村,0,0,10,2,30,2,0,0,0,0,1,16,6,13,1,0,0,0,0,4,28,5,23,0,0,0,0,0,2,17,3,8,0,0,0,0,1,4,9,3,12,3,0,0,0,1,3,17,6,25,16,3,0,0,1,5,14,13,37,22,2,0,0,0,9,8,8,47,25,2,0,0,1,3,10,7,27,36,9,0,0,1,3,3,5,29,34,16,0,1,2,3,7,7,28,33,203,0,15,111Y
10014,臺東縣,10014070,東河鄉,10014070-007,都蘭村,0,0,11,7,58,7,0,0,0,0,2,58,7,43,2,0,0,0,0,3,69,10,37,1,0,0,0,0,5,55,10,46,2,0,0,0,1,7,32,13,63,15,1,0,0,2,13,41,24,88,35,2,0,0,0,11,29,26,68,46,2,0,0,2,9,12,24,80,47,8,0,0,0,5,10,20,82,73,14,0,1,2,2,12,13,57,93,31,2,1,1,6,20,14,66,102,330,3,23,111Y
10014,臺東縣,10014080,長濱鄉,10014080-001,樟原村,0,0,5,3,9,1,0,0,0,0,1,6,8,16,0,0,0,0,0,2,15,4,18,1,0,0,0,0,0,3,1,14,0,0,0,0,0,1,6,3,7,2,2,0,0,0,0,4,1,17,13,2,0,0,0,0,3,2,8,30,3,0,0,1,0,6,6,25,29,0,0,0,0,1,1,0,16,35,10,0,0,0,1,3,1,16,16,16,0,0,0,2,8,2,6,19,150,0,1,111Y
10014,臺東縣,10014080,長濱鄉,10014080-002,三間村,0,0,3,6,33,3,1,0,0,0,1,16,3,22,2,0,0,0,1,1,14,4,29,3,0,0,0,0,0,14,6,20,0,1,0,0,0,2,19,9,19,11,0,0,0,1,3,10,12,47,19,2,0,0,1,5,12,6,32,42,6,0,0,0,6,10,8,36,35,15,0,0,0,0,4,9,31,59,39,0,1,1,1,4,4,21,30,40,0,1,0,1,12,7,24,41,267,2,6,111Y
10014,臺東縣,10014080,長濱鄉,10014080-003,忠勇村,0,0,2,6,18,4,0,0,0,0,0,6,6,8,0,0,0,0,0,0,15,4,15,1,0,0,0,0,3,8,1,8,2,0,0,0,0,0,3,5,15,6,0,0,0,0,3,6,0,22,11,0,0,0,0,3,3,2,12,29,2,0,0,1,2,1,6,24,21,5,0,0,0,1,2,2,15,30,12,0,0,0,1,1,2,11,22,14,0,0,0,1,5,2,5,12,106,0,2,111Y
10014,臺東縣,10014080,長濱鄉,10014080-004,長濱村,0,0,12,17,66,3,0,0,0,0,0,49,10,32,2,0,0,0,0,3,65,6,48,3,0,0,0,0,9,52,4,38,11,0,0,0,0,4,40,15,59,14,3,0,0,0,8,18,17,63,30,5,0,1,0,5,10,18,55,64,8,0,0,1,2,10,17,68,76,14,0,3,1,5,18,17,65,88,29,0,0,1,4,11,14,58,71,34,0,1,0,1,17,11,61,65,350,2,6,111Y
10014,臺東縣,10014080,長濱鄉,10014080-005,竹湖村,0,0,4,2,10,3,0,0,0,0,2,16,0,14,1,0,0,0,0,2,23,2,8,1,0,0,0,0,1,18,6,13,5,1,0,0,0,0,15,2,19,3,0,0,0,0,3,14,4,44,17,1,0,0,0,4,3,2,29,26,5,0,0,0,3,4,4,23,40,5,0,0,0,5,7,5,21,50,19,0,1,0,1,0,2,13,41,36,0,0,0,2,3,1,20,37,196,0,5,111Y
10014,臺東縣,10014080,長濱鄉,10014080-006,寧埔村,0,0,5,2,20,2,0,0,0,0,0,20,8,13,0,0,0,0,0,2,30,2,18,2,0,0,0,0,4,26,6,30,0,2,0,0,0,2,13,3,33,11,0,0,0,1,2,8,5,29,45,1,0,0,0,4,8,12,20,31,4,0,0,0,2,5,7,45,52,7,0,0,0,3,2,3,43,81,30,0,0,0,1,4,2,22,45,46,0,0,0,1,4,4,29,41,267,0,1,111Y
10014,臺東縣,10014090,太麻里鄉,10014090-001,美和村,0,0,13,9,60,4,0,0,0,0,4,41,17,38,1,0,0,0,0,2,41,6,33,7,1,0,0,0,8,35,5,39,5,0,0,0,0,3,26,13,43,11,2,0,0,0,4,18,12,53,20,1,0,0,0,4,8,18,50,29,3,0,1,1,3,2,13,55,48,4,0,1,0,0,4,9,44,47,16,0,0,0,1,0,5,30,47,26,0,1,0,0,3,3,23,25,223,0,8,111Y
10014,臺東縣,10014090,太麻里鄉,10014090-002,三和村,0,0,5,6,16,0,1,0,0,0,1,20,2,8,1,0,0,0,1,3,25,5,10,2,0,0,0,0,1,13,2,11,1,1,0,0,0,0,14,2,15,10,2,0,0,0,1,6,8,26,11,3,0,0,0,1,4,11,18,14,0,0,0,0,3,3,7,35,14,2,0,0,0,1,1,6,12,25,6,0,0,0,0,2,2,17,17,11,0,0,0,1,1,0,8,23,100,0,11,111Y
10014,臺東縣,10014090,太麻里鄉,10014090-003,華源村,0,0,4,2,11,0,1,0,0,0,1,18,3,11,1,0,0,0,0,3,25,0,8,3,0,0,0,0,1,8,4,8,0,0,0,0,0,0,11,3,15,5,0,0,0,0,1,5,10,21,2,1,0,0,0,5,11,3,30,12,0,0,0,0,2,5,6,21,20,2,0,0,0,0,3,7,20,38,3,0,1,0,0,0,4,11,8,17,0,0,0,0,2,4,13,19,125,1,31,111Y
10014,臺東縣,10014090,太麻里鄉,10014090-004,北里村,0,0,2,4,18,0,0,0,0,0,1,8,7,18,1,1,0,0,0,1,11,6,25,2,0,0,0,0,2,7,7,23,1,0,0,0,0,2,6,2,16,9,0,0,0,0,1,6,8,21,10,1,0,0,0,1,5,4,29,13,2,0,0,0,0,5,2,20,11,5,0,0,0,1,6,2,13,21,3,0,0,0,1,1,2,25,18,7,0,0,0,0,4,3,21,21,93,0,9,111Y
10014,臺東縣,10014090,太麻里鄉,10014090-005,泰和村,0,0,14,10,48,6,1,0,0,0,3,49,16,21,1,0,0,0,0,5,76,13,24,2,0,0,0,1,5,66,8,22,4,0,0,0,1,5,37,13,24,8,1,0,0,0,8,23,15,35,15,2,0,0,0,8,13,24,51,21,0,0,0,0,0,15,16,65,28,2,0,0,0,0,3,10,52,49,7,0,0,0,2,5,7,46,35,24,0,3,0,2,9,8,42,43,201,2,25,111Y
10014,臺東縣,10014090,太麻里鄉,10014090-006,大王村,0,0,17,17,65,8,3,0,0,0,1,55,21,33,2,0,0,0,0,8,55,9,29,5,0,0,0,1,9,53,14,51,4,0,0,0,2,11,39,12,44,11,2,0,0,1,6,31,20,62,24,1,0,0,2,7,21,18,74,25,2,0,0,0,7,11,13,79,25,7,0,0,0,4,10,17,59,53,19,0,1,0,3,7,9,60,48,40,0,4,0,4,16,14,58,58,282,6,36,111Y
10014,臺東縣,10014090,太麻里鄉,10014090-007,香蘭村,0,0,11,6,19,4,0,0,0,0,0,15,7,17,2,0,0,0,1,1,25,4,15,2,0,0,0,0,2,16,3,26,3,0,0,0,2,3,19,11,31,3,0,0,1,0,2,8,11,37,14,0,0,0,0,0,2,4,27,12,2,0,0,0,3,8,6,33,25,1,0,0,1,3,3,4,36,32,12,0,0,0,1,0,2,19,29,19,0,1,0,1,2,1,16,27,141,2,18,111Y
10014,臺東縣,10014090,太麻里鄉,10014090-008,金崙村,0,0,12,19,55,7,1,0,0,0,4,34,24,64,1,0,0,0,0,5,55,24,53,3,0,0,0,0,2,47,8,71,9,0,0,0,0,1,17,21,61,13,2,0,0,0,5,15,20,88,33,2,0,0,1,3,11,13,71,59,2,0,0,1,0,8,13,74,54,15,0,1,0,0,7,10,68,73,37,0,0,0,1,6,5,39,50,61,1,2,0,0,7,5,43,44,200,4,6,111Y
10014,臺東縣,10014090,太麻里鄉,10014090-009,多良村,0,0,2,10,38,2,1,0,0,0,0,13,7,34,0,0,0,0,0,1,16,14,44,2,0,0,0,0,2,12,5,30,4,0,0,0,0,1,10,4,37,15,0,0,1,0,1,9,12,39,31,1,0,1,1,2,4,8,26,45,4,0,1,0,0,2,4,25,32,19,0,0,0,3,3,1,20,32,31,0,1,0,0,4,5,16,18,41,1,1,0,0,1,3,22,15,131,2,10,111Y
10014,臺東縣,10014100,大武鄉,10014100-001,大竹村,0,0,7,6,39,4,0,0,0,0,0,16,13,18,2,0,0,0,0,1,19,2,19,1,0,0,0,0,1,12,4,23,5,1,0,0,0,0,23,4,32,12,2,0,0,0,2,21,8,41,9,3,0,0,0,2,11,11,25,12,4,0,0,0,2,2,7,10,13,14,0,0,0,0,2,1,15,35,24,0,0,0,0,0,1,14,31,40,0,0,0,0,4,8,11,15,112,1,5,111Y
10014,臺東縣,10014100,大武鄉,10014100-002,大鳥村,0,0,7,17,44,1,2,0,0,0,1,25,26,29,0,0,0,0,0,1,38,5,41,7,0,0,0,0,2,35,6,52,11,0,0,0,0,0,17,9,46,22,2,0,0,0,1,8,11,35,26,6,0,0,0,1,12,9,39,26,4,0,0,0,2,6,6,26,49,10,0,0,1,0,4,3,18,64,23,0,0,0,0,1,2,29,40,26,0,1,1,1,5,4,16,25,129,0,3,111Y
10014,臺東縣,10014100,大武鄉,10014100-003,大武村,0,0,11,16,31,5,2,0,0,0,2,41,14,26,0,0,0,0,0,8,38,12,19,0,0,0,0,1,10,38,7,38,3,0,0,0,0,5,31,8,40,11,2,0,0,0,12,19,13,54,23,2,0,0,0,5,10,26,54,23,0,0,0,1,2,13,8,43,26,9,0,0,0,4,9,9,43,45,20,0,0,0,2,4,9,31,47,35,0,0,0,0,11,4,41,36,155,0,9,111Y
10014,臺東縣,10014100,大武鄉,10014100-004,尚武村,0,0,10,6,23,4,0,0,0,0,2,33,14,25,1,0,0,0,0,5,42,9,36,2,0,0,0,0,5,27,4,28,7,0,0,0,1,3,26,9,40,13,3,0,0,0,4,26,24,48,23,0,0,0,0,6,14,16,56,23,2,0,0,1,3,5,7,53,55,7,0,0,1,0,6,10,44,47,15,0,0,0,1,6,9,37,56,35,1,1,0,1,10,7,37,42,192,2,24,111Y
10014,臺東縣,10014100,大武鄉,10014100-005,南興村,0,0,3,4,14,2,0,0,0,0,0,9,14,15,0,0,0,0,0,2,11,4,10,2,0,0,0,0,1,18,2,11,1,0,0,0,0,0,9,3,19,5,2,0,1,0,3,8,10,22,10,1,0,0,0,2,7,8,30,12,1,0,0,0,0,1,1,22,12,2,0,1,0,0,3,3,24,22,10,0,0,0,1,2,6,13,17,21,0,0,0,0,9,8,22,22,51,2,8,111Y
10014,臺東縣,10014110,綠島鄉,10014110-001,公館村,0,0,12,3,28,4,1,0,0,0,1,44,14,23,2,0,0,0,0,14,80,9,17,1,0,0,0,0,22,54,5,17,4,0,0,0,0,8,36,6,31,4,0,0,0,0,6,32,18,39,13,0,0,0,0,11,21,31,44,15,2,0,0,1,4,15,17,37,17,1,0,0,0,2,3,10,25,14,4,0,0,0,2,3,3,21,19,22,0,0,0,2,5,2,25,16,95,1,4,111Y
10014,臺東縣,10014110,綠島鄉,10014110-002,中寮村,0,0,6,5,29,3,1,0,0,0,1,45,6,14,2,0,0,0,1,11,71,8,26,4,0,0,0,0,15,60,10,35,4,1,0,0,1,16,43,14,30,7,0,0,0,1,9,19,16,42,12,1,0,0,0,5,13,14,42,19,1,0,0,1,9,11,15,45,10,0,0,0,0,4,13,11,33,25,8,0,0,0,3,8,8,29,22,21,0,0,0,0,6,3,26,14,106,0,3,111Y
10014,臺東縣,10014110,綠島鄉,10014110-003,南寮村,0,0,10,7,38,4,0,0,0,0,4,97,22,28,0,0,0,0,1,19,162,14,38,1,0,0,0,0,13,111,12,53,2,0,0,0,1,10,58,25,53,7,0,0,0,2,6,36,33,76,10,2,0,0,0,9,22,27,74,26,0,0,0,1,3,19,26,79,31,1,1,0,0,7,11,17,56,23,7,0,1,1,3,2,16,44,32,26,0,1,0,1,11,11,39,24,154,0,3,111Y
10014,臺東縣,10014120,海端鄉,10014120-001,廣原村,0,0,12,13,37,6,2,0,0,0,1,31,15,27,0,0,0,0,0,1,32,13,21,0,0,0,0,0,3,24,6,38,7,0,0,0,0,2,16,8,19,15,1,0,0,1,1,12,17,38,12,1,0,0,0,3,4,7,31,17,4,0,0,1,2,5,6,30,23,12,0,0,0,1,2,5,13,18,25,0,0,0,0,1,3,11,10,22,0,0,0,0,0,0,12,7,72,1,1,111Y
10014,臺東縣,10014120,海端鄉,10014120-002,霧鹿村,0,0,6,2,11,3,0,0,0,0,0,15,5,8,0,0,0,0,0,1,9,5,14,0,0,0,0,1,2,7,2,8,0,0,0,0,0,0,3,3,11,5,0,0,0,0,0,4,1,18,11,2,0,0,0,1,1,1,11,3,0,0,0,0,0,1,2,7,6,2,0,0,0,0,3,1,10,7,8,0,0,0,0,1,1,4,4,6,0,0,0,0,1,1,6,2,26,0,0,111Y
10014,臺東縣,10014120,海端鄉,10014120-003,利稻村,0,0,2,4,21,0,0,0,0,0,2,7,10,9,1,0,0,0,0,1,10,6,9,0,0,0,0,0,0,8,4,18,1,0,0,0,0,0,10,3,11,3,0,0,0,0,0,4,2,17,7,0,0,0,0,6,4,6,6,4,4,0,0,0,0,2,4,5,4,11,0,0,0,0,0,1,5,6,0,0,0,0,0,0,2,6,2,5,0,0,0,0,2,1,6,4,26,0,0,111Y
10014,臺東縣,10014120,海端鄉,10014120-004,海端村,0,0,10,10,43,3,4,0,0,0,1,38,22,39,1,0,0,0,0,3,30,13,38,4,0,0,0,1,1,48,11,38,3,0,0,0,0,6,24,6,45,14,1,0,0,0,6,17,16,51,12,3,0,0,0,6,5,13,48,31,2,0,0,0,0,2,10,25,21,11,0,1,0,1,5,1,20,22,24,0,0,0,1,5,5,14,17,29,0,0,0,1,7,6,14,9,87,0,2,111Y
10014,臺東縣,10014120,海端鄉,10014120-005,崁頂村,0,0,3,3,35,2,2,0,0,0,1,25,10,24,1,0,0,0,0,3,33,10,17,1,0,0,0,0,1,19,9,25,3,0,0,1,0,1,18,5,30,7,0,0,0,0,2,8,7,25,6,2,0,0,0,0,11,9,11,15,3,0,0,0,1,3,7,19,19,3,0,0,0,0,4,2,16,31,8,0,0,0,0,2,4,13,22,19,0,1,0,1,5,1,12,5,54,0,1,111Y
10014,臺東縣,10014120,海端鄉,10014120-006,加拿村,0,0,5,5,27,3,1,0,0,0,0,25,5,20,1,0,0,0,0,1,17,14,21,3,0,0,0,1,3,13,5,22,2,0,0,0,0,2,8,3,16,12,0,0,0,0,0,8,7,18,9,3,0,0,0,0,5,3,19,16,8,0,0,0,1,4,4,12,11,19,0,0,0,1,0,3,7,17,19,0,0,0,2,2,2,8,10,20,0,0,0,0,1,3,5,5,38,0,0,111Y
10014,臺東縣,10014130,延平鄉,10014130-001,武陵村,0,0,8,7,31,6,1,0,0,0,1,18,15,21,1,0,0,0,0,1,27,11,15,2,0,0,0,0,1,22,6,12,6,0,0,0,0,3,12,6,15,8,0,0,0,1,3,11,7,17,29,2,0,0,0,5,13,8,23,22,4,0,0,0,2,2,3,20,17,13,0,0,0,2,3,2,15,22,17,0,0,0,0,1,3,6,6,20,0,0,0,0,2,3,8,7,53,0,0,111Y
10014,臺東縣,10014130,延平鄉,10014130-002,永康村,0,0,4,8,11,2,0,0,0,0,0,11,4,13,1,0,0,0,0,0,12,6,11,0,0,0,0,0,3,7,1,7,2,0,0,0,0,2,11,6,14,2,1,0,0,1,2,4,4,14,5,0,0,0,0,0,3,5,14,12,1,0,0,0,0,5,3,12,22,3,0,0,0,3,1,0,6,15,10,0,0,0,0,1,0,5,5,6,0,0,0,2,0,2,6,3,22,0,1,111Y
10014,臺東縣,10014130,延平鄉,10014130-003,紅葉村,0,0,1,7,17,3,0,0,0,0,0,11,6,15,0,0,0,0,0,0,14,5,17,0,0,0,0,0,6,15,3,9,1,0,0,0,0,4,5,2,13,6,0,0,0,0,4,3,9,27,8,1,0,0,0,0,2,10,26,11,2,0,0,0,0,1,5,9,14,6,0,0,0,1,2,1,7,11,10,0,0,0,0,1,1,7,12,10,0,0,0,0,0,5,11,4,41,0,2,111Y
10014,臺東縣,10014130,延平鄉,10014130-004,鸞山村,0,0,4,7,15,0,0,0,0,0,0,28,11,24,1,0,0,0,0,2,23,4,27,1,0,0,0,0,1,10,1,16,3,0,0,0,0,4,12,7,14,11,0,0,0,1,4,4,8,33,17,2,0,0,0,1,6,11,23,15,3,0,0,0,1,3,8,21,18,6,0,0,0,0,5,2,17,26,11,0,0,0,2,3,3,8,15,15,0,0,0,1,1,1,10,7,64,0,2,111Y
10014,臺東縣,10014130,延平鄉,10014130-005,桃源村,0,0,13,14,41,6,0,0,0,0,1,40,29,33,2,0,0,0,0,7,42,16,30,2,0,0,0,2,7,32,11,37,5,1,0,0,1,3,28,16,35,18,1,0,0,0,2,16,17,35,19,4,0,0,0,11,18,8,44,22,10,0,1,1,8,7,9,40,29,11,0,1,0,2,5,13,28,25,21,0,0,1,5,8,12,23,17,22,0,0,0,0,4,5,19,10,74,0,0,111Y
10014,臺東縣,10014140,金峰鄉,10014140-001,新興村,0,0,5,10,18,2,0,0,0,0,0,22,9,15,0,0,0,0,0,2,30,10,16,0,0,0,0,0,2,20,10,15,4,0,0,0,0,2,12,9,21,8,0,0,0,0,4,4,4,27,6,1,0,1,1,5,5,8,19,5,0,0,0,0,3,8,4,18,17,0,0,0,0,4,7,5,13,27,2,0,0,0,1,1,1,16,13,26,0,0,0,1,1,2,9,5,45,0,0,111Y
10014,臺東縣,10014140,金峰鄉,10014140-002,正興村,0,0,8,9,18,3,0,0,0,0,0,27,17,16,1,0,0,0,0,1,31,10,13,0,0,0,0,0,6,25,9,21,2,2,0,0,0,1,20,4,12,2,3,0,0,0,5,8,6,24,3,0,0,0,0,4,9,6,25,7,1,0,0,0,2,4,5,26,12,2,0,0,0,0,8,3,30,23,4,0,0,1,0,7,2,22,26,14,0,0,0,0,8,4,10,12,48,0,0,111Y
10014,臺東縣,10014140,金峰鄉,10014140-003,嘉蘭村,0,0,16,13,64,3,1,0,0,0,0,53,29,46,1,0,0,0,0,0,48,24,58,3,0,0,0,0,3,54,12,47,9,0,0,0,0,2,20,9,50,15,1,0,0,0,2,14,15,47,26,3,0,0,1,4,13,15,50,34,4,0,0,0,1,9,16,39,43,12,0,0,0,0,5,5,38,42,28,0,0,0,3,2,4,24,18,39,0,0,0,1,4,4,22,20,125,0,0,111Y
10014,臺東縣,10014140,金峰鄉,10014140-004,賓茂村,0,0,1,3,13,1,0,0,0,0,0,6,8,9,0,0,0,0,0,1,14,2,9,1,0,0,0,0,1,4,2,23,0,0,0,0,0,1,3,1,12,2,0,0,0,0,1,2,3,18,9,0,0,0,0,2,2,4,12,5,1,0,0,0,4,2,1,9,8,1,0,0,0,1,6,3,15,16,5,0,0,0,0,1,2,12,11,6,0,0,0,2,4,1,9,8,33,0,0,111Y
10014,臺東縣,10014140,金峰鄉,10014140-005,歷坵村,0,0,2,3,12,0,0,0,0,0,0,11,3,11,1,0,0,0,0,1,10,5,17,0,0,0,0,0,1,10,1,15,1,0,0,0,0,0,5,2,16,2,1,0,0,0,0,5,6,14,9,1,0,0,0,0,4,2,13,6,0,0,0,0,0,0,2,5,11,1,0,0,0,0,0,2,9,16,15,0,0,0,0,0,3,15,10,8,0,0,0,0,0,1,4,9,34,0,0,111Y
10014,臺東縣,10014150,達仁鄉,10014150-001,台坂村,0,0,1,3,20,1,1,0,0,0,1,12,5,21,1,0,0,0,0,3,16,10,20,5,0,0,0,1,3,21,5,24,4,0,0,0,0,2,15,1,24,13,3,0,0,0,4,7,4,20,15,8,0,0,1,0,3,5,10,8,6,0,0,0,1,1,2,11,22,19,0,0,0,1,2,1,10,24,23,0,0,0,0,2,6,16,16,26,0,0,0,2,3,5,9,14,72,3,0,111Y
10014,臺東縣,10014150,達仁鄉,10014150-002,土坂村,0,0,10,7,24,7,1,0,0,0,0,26,19,24,0,0,0,0,0,2,32,9,29,7,0,0,0,1,3,25,7,37,2,0,0,0,0,3,15,8,25,8,5,0,0,1,3,10,10,32,12,12,0,0,0,0,12,12,20,35,16,0,0,1,3,5,8,15,34,32,0,1,0,1,4,2,14,33,30,0,0,0,1,5,2,11,20,40,0,0,0,0,1,3,16,8,94,0,0,111Y
10014,臺東縣,10014150,達仁鄉,10014150-003,新化村,0,0,1,2,16,1,0,0,0,0,0,7,5,14,1,0,0,0,0,1,7,4,12,1,0,0,0,0,1,9,1,14,0,0,0,0,0,2,4,2,14,2,1,0,0,0,2,1,2,13,4,4,0,0,0,0,3,8,20,12,0,0,0,0,1,3,3,12,13,3,0,1,0,0,1,4,9,18,9,0,0,0,0,3,1,13,12,7,0,0,0,0,1,1,11,4,51,0,0,111Y
10014,臺東縣,10014150,達仁鄉,10014150-004,安朔村,0,0,2,4,15,2,1,0,0,0,0,13,7,12,0,0,0,0,0,0,8,3,23,0,0,0,0,0,1,24,5,14,0,0,0,0,0,2,13,8,18,5,0,0,0,1,4,3,7,20,9,6,0,0,1,2,7,5,10,13,6,0,0,1,2,4,5,22,18,5,0,1,1,0,1,2,24,22,7,0,0,0,1,2,4,9,27,17,0,1,2,0,5,5,17,15,65,1,1,111Y
10014,臺東縣,10014150,達仁鄉,10014150-005,森永村,0,0,2,3,10,2,0,0,0,0,0,12,4,7,2,0,0,0,0,1,12,1,4,0,0,0,0,0,1,11,2,12,1,0,0,0,0,1,5,2,5,6,1,0,0,0,3,7,5,18,9,1,0,0,0,3,5,2,8,12,2,0,0,1,4,3,2,13,10,2,0,0,0,2,3,4,15,14,2,0,0,0,0,2,1,18,12,10,0,0,0,0,2,3,9,8,52,0,3,111Y
10014,臺東縣,10014150,達仁鄉,10014150-006,南田村,0,0,1,5,9,1,0,0,0,0,0,13,3,8,1,0,0,0,0,1,15,1,10,1,0,0,0,1,2,12,8,9,1,0,0,0,0,5,5,1,11,0,0,0,1,0,1,5,2,11,12,4,0,0,0,0,0,1,10,13,1,0,1,0,1,5,1,9,9,5,0,0,0,1,1,5,10,7,7,0,0,0,0,3,4,6,13,11,0,0,0,0,1,1,7,2,20,0,0,111Y
10014,臺東縣,10014160,蘭嶼鄉,10014160-001,東清村,0,0,15,8,56,8,2,0,0,0,0,81,5,57,1,0,0,0,0,2,81,10,54,1,0,0,0,1,7,61,2,49,6,0,0,0,0,6,33,10,60,18,1,0,0,0,5,26,18,69,41,3,0,0,0,2,24,8,72,19,3,0,0,0,1,12,6,53,34,7,0,0,0,1,8,4,24,54,10,0,0,0,0,5,2,12,45,30,0,0,0,1,1,3,9,17,108,0,2,111Y
10014,臺東縣,10014160,蘭嶼鄉,10014160-002,朗島村,0,0,16,0,38,2,0,0,0,0,1,33,5,32,1,0,0,0,0,4,59,12,30,2,0,0,0,0,4,52,4,41,3,1,0,0,0,8,17,8,51,3,0,0,0,0,2,8,7,40,24,1,0,0,1,2,10,6,22,24,0,0,0,0,0,3,3,20,31,1,0,0,0,1,2,1,14,30,0,0,0,0,2,2,3,3,27,10,0,0,0,0,1,0,5,2,80,0,1,111Y
10014,臺東縣,10014160,蘭嶼鄉,10014160-003,紅頭村,0,0,15,3,49,3,2,0,0,0,0,68,9,28,0,0,0,0,0,8,81,14,35,2,0,0,0,0,6,57,13,35,4,1,0,0,1,9,55,10,48,3,0,0,0,0,11,36,10,67,19,4,0,0,0,5,21,9,63,32,2,0,0,3,9,20,15,65,25,0,0,0,0,4,17,9,42,33,6,0,0,0,2,12,10,40,46,3,0,0,0,1,4,4,32,15,87,0,3,111Y
10014,臺東縣,10014160,蘭嶼鄉,10014160-004,椰油村,0,0,14,2,39,4,1,0,0,0,1,43,11,29,1,0,0,0,0,9,45,11,35,3,0,0,0,2,12,50,11,22,1,0,0,0,0,14,27,6,53,16,0,0,0,0,3,20,9,62,25,2,0,0,0,10,13,11,41,26,0,0,0,1,6,15,11,25,15,0,0,0,0,4,9,5,30,17,1,0,0,0,1,3,2,34,33,4,0,0,0,0,0,0,15,13,70,0,1,111Y
10014,臺東縣,10014010,臺東市,10014010-001,富岡里,0,0,16,19,87,10,3,0,0,0,2,69,19,47,3,0,0,0,0,11,80,17,51,4,0,0,0,0,7,63,14,71,5,0,0,0,0,4,40,12,80,16,1,0,0,1,13,27,29,96,36,3,0,0,0,4,18,19,85,60,6,0,0,1,6,24,19,92,65,7,0,1,0,4,12,13,73,89,24,0,2,0,4,5,6,71,91,37,0,2,2,0,7,13,66,78,342,5,23,112Y
10014,臺東縣,10014010,臺東市,10014010-003,岩灣里,0,0,26,6,59,6,2,0,0,0,5,92,25,37,1,0,0,0,1,11,131,24,47,3,0,0,0,0,22,89,10,32,6,0,0,0,2,27,73,12,47,10,0,0,0,0,25,52,43,67,23,1,0,0,0,30,41,42,81,39,6,0,0,1,31,44,48,93,44,4,0,0,0,23,26,29,78,62,9,0,0,3,13,19,30,75,33,12,0,1,2,11,32,26,83,55,152,0,13,112Y
10014,臺東縣,10014010,臺東市,10014010-004,南王里,0,0,26,13,83,13,3,0,0,1,7,125,34,53,1,2,0,0,0,18,126,40,66,1,0,0,0,1,24,136,24,61,3,0,0,0,2,21,85,16,77,13,3,0,0,5,24,66,29,90,16,7,0,0,1,20,40,48,109,23,6,0,1,3,16,26,47,118,32,6,0,0,1,16,25,43,112,72,10,1,1,1,10,24,20,103,69,34,0,1,1,5,28,42,135,72,268,2,12,112Y
10014,臺東縣,10014010,臺東市,10014010-005,卑南里,0,0,32,18,106,8,2,0,0,0,20,151,25,47,0,0,0,0,0,38,168,14,43,1,0,0,0,1,37,123,18,28,2,0,0,0,0,25,88,24,47,8,0,0,0,3,44,96,43,56,12,2,0,0,3,45,59,67,92,25,3,0,0,8,51,53,51,95,34,1,0,0,6,43,40,53,105,29,5,0,0,4,16,27,36,113,36,15,0,1,0,10,51,38,179,64,218,0,18,112Y
10014,臺東縣,10014010,臺東市,10014010-006,南榮里,0,0,28,12,96,5,1,0,0,0,8,106,23,70,5,0,0,0,0,14,120,33,79,6,0,0,0,1,22,81,14,73,5,0,0,0,1,28,69,9,52,17,1,0,0,1,19,66,28,74,20,4,0,1,3,28,34,38,84,43,6,0,0,3,24,35,44,110,54,7,0,0,1,13,18,25,77,80,22,0,0,3,9,23,19,78,70,32,0,0,3,10,44,45,136,61,242,5,22,112Y
10014,臺東縣,10014010,臺東市,10014010-007,新生里,0,0,44,14,108,14,3,0,0,0,15,151,32,40,3,1,0,0,0,43,196,24,47,4,1,0,0,2,34,159,14,63,5,1,0,0,1,39,121,21,58,5,0,0,0,5,39,105,41,76,13,6,0,0,4,49,56,54,85,29,6,0,0,8,42,45,72,112,36,7,0,0,6,32,48,57,148,52,5,0,0,3,30,39,50,124,47,13,0,0,1,21,98,79,197,87,209,2,12,112Y
10014,臺東縣,10014010,臺東市,10014010-008,民生里,0,0,19,13,73,7,0,0,0,0,7,109,17,48,1,0,0,0,0,24,111,15,29,0,0,0,0,1,41,124,9,32,5,0,0,0,2,48,91,19,36,8,0,0,0,2,38,86,50,56,17,3,0,0,1,35,56,44,74,17,8,0,0,0,21,39,40,111,25,4,0,0,2,12,38,38,96,25,5,0,1,1,13,23,35,115,37,9,0,0,1,15,86,95,258,81,184,0,19,112Y
10014,臺東縣,10014010,臺東市,10014010-009,寶桑里,0,0,14,11,39,5,5,0,0,0,1,43,11,35,2,0,0,0,0,8,40,19,34,1,0,0,0,0,7,49,4,16,1,0,0,0,1,8,46,12,32,5,0,0,0,0,6,28,20,45,10,4,0,0,3,5,26,24,58,18,2,0,0,1,2,13,16,47,30,3,0,1,1,7,11,20,49,36,1,0,0,0,7,5,11,57,41,11,0,0,0,5,14,18,84,64,143,1,11,112Y
10014,臺東縣,10014010,臺東市,10014010-010,馬蘭里,0,0,28,17,89,19,4,0,0,0,3,93,22,22,0,0,0,0,0,17,128,12,36,0,0,0,0,1,17,84,22,35,3,0,0,0,1,37,69,13,42,3,0,0,0,2,31,83,31,50,11,5,0,0,1,18,57,32,49,15,2,0,0,2,20,38,33,88,25,2,0,0,0,16,25,31,93,23,9,0,0,1,12,20,28,79,25,9,0,0,1,9,61,57,158,62,140,4,9,112Y
10014,臺東縣,10014010,臺東市,10014010-011,中心里,0,0,32,10,120,19,6,0,0,0,6,145,21,43,2,0,0,0,1,28,139,27,36,1,0,0,0,2,28,120,14,42,7,1,0,0,2,38,121,17,54,8,0,0,0,2,33,86,50,57,15,6,0,0,6,39,53,44,91,19,5,0,0,2,35,38,47,100,25,6,0,0,0,27,39,42,100,34,11,0,0,5,16,29,41,112,31,10,0,1,1,17,68,71,212,81,220,3,10,112Y
10014,臺東縣,10014010,臺東市,10014010-012,自強里,0,0,48,11,126,11,5,0,0,0,14,164,23,32,2,0,0,0,1,27,160,21,37,1,0,0,0,2,47,166,16,27,2,0,0,0,5,35,135,22,33,4,0,0,0,10,60,131,54,57,6,2,0,0,4,50,66,48,62,8,2,0,0,8,52,66,43,86,13,2,0,0,4,29,55,62,104,23,0,0,0,5,27,49,61,107,44,9,0,0,8,22,106,80,194,62,129,1,11,112Y
10014,臺東縣,10014010,臺東市,10014010-013,民族里,0,0,32,10,108,10,10,0,0,0,11,110,20,26,0,0,0,0,0,22,104,11,30,0,0,0,0,1,30,94,9,22,1,0,0,0,1,35,90,23,38,6,1,0,0,2,27,83,40,60,11,5,0,0,3,22,43,35,57,11,5,0,0,2,27,33,54,76,19,2,0,1,2,17,26,35,81,16,3,0,0,2,11,20,33,85,22,5,0,0,2,19,79,87,197,70,142,0,12,112Y
10014,臺東縣,10014010,臺東市,10014010-015,中華里,0,0,24,10,69,8,4,0,0,0,1,73,17,33,3,0,0,0,0,12,85,13,44,1,0,0,0,1,11,87,14,66,9,0,0,0,0,13,61,17,77,13,0,0,0,0,10,37,32,74,19,8,0,0,0,8,31,35,94,32,7,0,0,0,13,25,30,107,41,4,0,0,1,9,18,17,94,62,12,0,3,0,5,12,28,85,54,7,0,0,1,2,16,27,120,82,255,6,19,112Y
10014,臺東縣,10014010,臺東市,10014010-017,建國里,0,0,13,8,46,1,1,0,0,0,1,57,15,39,1,0,0,0,0,8,61,13,43,2,0,0,0,2,8,70,10,41,9,0,0,0,2,15,48,9,52,10,1,0,0,0,6,22,23,56,27,4,0,0,0,6,19,17,75,25,6,1,0,1,7,8,27,63,46,4,0,0,0,6,11,10,80,48,3,0,0,0,1,8,16,61,42,21,0,0,0,1,23,32,89,81,225,5,17,112Y
10014,臺東縣,10014010,臺東市,10014010-020,中正里,0,0,16,6,46,4,0,0,0,0,5,60,15,39,1,0,0,0,0,6,80,16,36,4,0,0,0,1,10,77,17,31,6,1,0,0,2,11,61,20,38,2,0,0,0,2,16,52,29,59,10,2,0,1,2,21,35,22,61,24,5,0,0,2,17,21,34,71,27,3,0,0,0,9,20,18,74,30,2,0,1,1,4,20,26,92,31,12,0,2,0,9,36,54,218,96,193,0,17,112Y
10014,臺東縣,10014010,臺東市,10014010-022,成功里,0,0,20,8,54,5,3,0,0,0,3,52,20,29,2,0,0,0,3,9,71,21,32,2,0,0,0,1,18,70,12,47,4,0,0,0,1,14,45,18,41,4,2,0,0,0,17,30,15,59,12,8,0,0,1,8,27,29,46,25,2,0,0,0,7,12,31,78,31,5,1,0,0,7,10,11,99,53,11,0,1,0,6,14,12,74,65,9,0,1,0,2,16,17,108,83,197,2,17,112Y
10014,臺東縣,10014010,臺東市,10014010-023,文化里,0,0,20,11,62,9,3,0,0,0,3,48,9,30,2,0,0,0,0,7,54,17,32,6,0,0,0,0,9,59,11,43,9,0,0,0,1,15,71,16,46,10,1,0,0,0,12,63,25,51,23,6,0,0,0,25,17,25,53,22,6,0,0,1,11,15,26,61,44,5,0,1,0,7,15,12,64,39,5,0,0,1,5,14,14,53,35,9,0,0,2,2,34,36,123,55,132,2,13,112Y
10014,臺東縣,10014010,臺東市,10014010-024,中山里,0,0,11,3,41,3,1,0,0,0,4,72,12,14,0,0,0,0,1,18,85,8,21,0,0,0,0,1,17,84,2,20,1,0,0,0,1,25,67,13,24,3,0,0,0,0,28,51,20,26,7,3,0,0,3,13,29,23,38,17,3,0,0,0,9,28,22,99,15,2,0,1,1,6,26,30,59,21,2,0,0,0,5,11,20,79,25,1,0,0,0,6,39,37,182,67,149,1,11,112Y
10014,臺東縣,10014010,臺東市,10014010-029,新園里,0,0,15,12,51,4,2,0,0,0,3,67,25,44,3,0,0,0,0,11,61,26,59,3,0,0,0,1,2,63,11,43,6,1,0,0,2,4,26,10,59,10,0,0,0,0,2,34,20,65,17,3,0,0,0,5,22,10,60,25,14,0,1,0,8,12,16,80,61,12,0,0,1,3,12,13,54,63,23,0,0,0,2,6,3,47,47,26,0,0,0,0,4,7,53,34,198,1,11,112Y
10014,臺東縣,10014010,臺東市,10014010-030,豐田里,0,0,24,15,81,11,4,0,0,0,4,107,23,50,1,0,0,0,0,12,103,24,53,2,0,0,0,1,23,104,21,56,11,0,0,0,0,14,86,22,61,13,3,0,0,1,15,43,32,87,26,4,0,0,3,8,27,36,98,34,3,0,0,3,7,23,29,111,43,3,0,0,0,4,16,19,88,65,6,0,0,0,3,13,10,82,53,33,0,0,0,4,14,19,67,72,242,2,25,112Y
10014,臺東縣,10014010,臺東市,10014010-031,豐年里,0,0,33,15,114,12,3,0,0,0,5,124,41,76,3,0,0,0,0,17,155,33,87,3,0,0,0,0,26,159,34,86,13,0,0,0,2,21,102,37,81,10,2,0,0,1,31,68,46,132,28,8,0,0,2,25,55,45,117,47,2,0,1,0,21,41,41,149,54,3,0,0,3,12,27,26,122,65,14,0,0,0,2,13,23,100,79,23,1,1,2,2,26,32,121,79,278,6,13,112Y
10014,臺東縣,10014010,臺東市,10014010-032,光明里,0,0,49,16,145,13,4,0,0,0,19,134,30,32,1,0,0,0,1,26,128,19,40,4,0,0,0,1,28,112,14,34,5,0,0,0,2,23,84,13,41,5,1,0,0,0,49,81,44,69,11,3,0,0,1,47,56,49,93,18,10,0,0,9,29,63,67,107,28,0,0,0,5,32,49,55,102,32,5,0,0,0,11,22,27,84,28,8,0,0,3,8,35,47,144,53,117,3,7,112Y
10014,臺東縣,10014010,臺東市,10014010-033,豐樂里,0,0,19,13,57,4,4,0,0,0,6,86,19,37,0,0,0,0,1,6,68,19,32,1,0,0,0,1,16,59,15,52,4,0,0,0,0,9,52,14,44,4,0,0,0,1,21,39,29,45,13,1,0,0,2,11,22,24,67,22,3,0,0,0,7,16,27,68,30,1,0,0,0,15,17,27,78,42,3,0,0,3,5,12,13,74,35,18,0,0,3,9,16,13,95,56,151,5,12,112Y
10014,臺東縣,10014010,臺東市,10014010-034,永樂里,0,0,40,17,105,12,4,0,0,0,14,157,39,56,4,0,0,0,1,25,135,36,58,2,1,0,0,1,25,88,14,52,3,1,0,0,1,21,69,20,43,11,0,0,0,4,42,47,40,81,18,4,0,0,5,29,47,43,88,30,6,0,0,3,35,34,42,99,41,4,0,0,3,22,24,30,97,60,8,0,0,2,7,35,21,103,77,21,0,0,6,9,37,38,91,71,212,2,23,112Y
10014,臺東縣,10014010,臺東市,10014010-035,康樂里,0,0,8,9,52,3,3,0,0,0,5,50,16,33,2,0,0,0,0,7,59,14,27,1,0,0,0,0,4,54,11,29,2,0,0,0,0,7,42,9,41,11,0,0,0,0,6,20,17,55,10,4,0,0,1,7,15,27,60,15,2,0,0,2,5,18,25,70,27,6,0,0,0,9,11,18,53,40,7,0,1,0,2,2,9,43,35,11,0,0,0,3,9,13,49,32,114,3,22,112Y
10014,臺東縣,10014010,臺東市,10014010-036,東海里,0,0,25,14,65,3,6,0,0,1,5,79,17,27,0,0,0,0,0,12,106,12,26,3,0,0,0,2,13,81,12,22,3,0,0,0,1,25,94,18,38,1,1,0,0,1,35,65,39,55,13,0,0,1,2,21,45,26,43,17,2,0,0,5,16,31,26,58,14,2,0,0,0,6,23,19,66,19,5,1,1,1,9,19,33,97,29,10,0,0,0,12,58,65,147,35,135,3,9,112Y
10014,臺東縣,10014010,臺東市,10014010-037,新興里,0,0,17,8,42,4,3,0,0,0,2,44,9,20,0,0,0,0,0,9,40,13,26,5,0,0,0,0,5,55,5,25,3,0,0,0,1,14,38,5,39,2,0,0,0,0,11,35,18,34,15,4,0,0,1,10,24,27,28,14,1,0,0,2,8,17,16,61,18,7,0,0,2,4,18,19,69,27,7,0,0,0,5,17,11,53,31,6,0,0,0,4,23,24,79,42,159,0,7,112Y
10014,臺東縣,10014010,臺東市,10014010-038,豐榮里,0,0,43,17,102,10,5,0,0,0,6,140,26,64,3,0,0,0,0,23,115,23,50,4,0,0,0,2,23,114,28,48,3,0,0,0,3,24,108,33,61,10,0,0,0,3,43,90,64,91,18,2,0,0,5,37,74,48,112,43,4,0,0,3,24,47,46,109,42,2,1,0,3,16,17,43,115,51,8,0,0,2,10,21,43,89,48,29,0,0,2,9,30,54,162,84,261,4,18,112Y
10014,臺東縣,10014010,臺東市,10014010-039,豐谷里,0,0,24,13,112,11,3,0,0,0,4,136,30,96,1,0,0,0,0,16,177,37,72,4,0,0,0,0,37,164,18,67,7,0,0,0,1,34,118,27,78,17,4,0,0,1,26,75,53,140,28,5,0,2,2,14,40,47,119,38,7,0,0,7,21,35,53,137,58,13,0,0,0,15,28,36,140,80,8,0,1,0,8,24,26,138,93,29,0,0,1,6,53,57,170,93,283,6,17,112Y
10014,臺東縣,10014010,臺東市,10014010-040,豐里里,0,0,12,10,82,7,4,0,0,1,7,76,29,54,1,1,0,0,0,20,115,19,57,3,0,0,0,0,15,116,20,64,9,2,0,0,1,10,61,21,64,12,3,0,0,0,14,35,26,70,34,2,0,0,2,11,21,25,82,28,6,0,0,1,19,21,22,89,59,7,0,0,2,11,18,28,99,78,16,0,1,0,8,12,14,68,73,22,0,0,2,5,13,20,83,64,231,3,22,112Y
10014,臺東縣,10014010,臺東市,10014010-041,豐原里,0,0,7,5,26,6,1,0,0,0,5,43,10,25,2,0,0,0,0,9,60,14,33,1,0,0,0,0,7,54,5,27,0,0,0,0,2,7,24,10,38,8,0,0,0,0,9,7,7,43,25,4,0,0,0,5,10,9,30,16,4,0,0,1,2,6,17,70,23,4,0,0,3,7,6,9,52,42,1,0,1,0,5,7,10,55,52,13,0,2,0,1,3,3,48,48,171,3,11,112Y
10014,臺東縣,10014010,臺東市,10014010-042,建和里,0,0,7,5,35,6,4,0,0,0,1,40,13,39,3,1,0,0,0,1,43,8,38,3,0,0,0,0,12,58,11,43,2,0,0,0,0,6,33,8,37,5,0,0,0,0,5,22,14,43,8,1,0,0,0,4,9,10,53,17,2,0,0,0,4,10,16,55,30,1,1,0,0,2,9,9,60,42,10,0,0,0,4,4,11,47,50,17,0,1,0,1,10,10,39,52,195,3,7,112Y
10014,臺東縣,10014010,臺東市,10014010-043,建興里,0,0,10,5,34,4,1,0,0,0,5,58,14,27,4,0,0,0,1,13,57,15,22,4,0,0,0,1,8,49,8,30,1,0,0,0,0,9,21,5,20,3,2,0,0,1,11,20,18,33,12,3,0,0,0,3,12,22,43,9,7,0,0,1,6,12,18,63,20,2,0,0,0,4,10,19,51,35,7,0,0,1,3,7,7,47,38,14,0,1,0,2,17,13,46,57,149,1,12,112Y
10014,臺東縣,10014010,臺東市,10014010-045,知本里,0,0,22,10,78,4,3,0,0,0,5,83,27,57,2,0,0,0,0,13,89,22,69,9,0,0,0,0,9,88,19,68,7,0,0,0,0,8,51,17,81,9,1,0,0,2,8,31,18,88,20,7,0,0,2,13,25,15,86,27,3,0,0,1,6,20,24,121,40,6,0,1,2,4,11,29,123,72,9,0,0,1,3,7,7,81,83,26,0,2,0,3,10,21,94,75,285,4,19,112Y
10014,臺東縣,10014010,臺東市,10014010-046,建農里,0,0,19,8,78,3,1,0,0,0,1,62,26,70,3,0,0,0,0,11,71,14,75,5,0,0,0,1,9,65,7,74,16,0,0,0,1,8,37,11,64,18,0,0,0,1,8,22,17,75,35,8,0,0,1,5,24,24,85,55,9,0,0,3,4,11,15,100,82,9,0,0,0,8,13,10,77,79,14,0,0,1,3,9,7,40,66,41,0,2,2,1,11,13,68,39,224,6,24,112Y
10014,臺東縣,10014010,臺東市,10014010-047,仁和里,0,0,34,8,84,8,5,0,0,0,3,131,24,43,1,0,0,0,0,26,135,31,48,2,0,0,0,2,32,105,23,54,3,0,0,0,1,33,132,24,52,7,1,0,1,3,31,88,29,92,18,4,0,0,1,35,56,44,95,38,8,0,0,3,20,41,42,100,30,6,0,1,1,30,39,40,131,55,5,1,1,0,6,31,43,144,64,17,0,0,0,20,63,63,219,87,222,4,18,112Y
10014,臺東縣,10014010,臺東市,10014010-048,豐安里,0,0,37,12,122,3,0,0,0,0,7,110,23,48,1,0,0,0,0,35,139,26,51,2,0,0,0,2,29,156,21,42,8,1,0,0,3,41,116,27,58,8,3,0,0,5,39,94,48,91,12,7,0,0,5,39,67,44,98,29,8,0,0,5,14,39,43,98,29,5,0,0,5,9,34,41,100,37,7,0,0,0,10,23,26,114,62,18,0,2,0,16,54,50,138,79,183,4,10,112Y
10014,臺東縣,10014010,臺東市,10014010-049,豐盛里,0,0,49,17,117,16,7,0,0,0,10,153,43,50,4,0,0,0,1,30,183,39,60,1,0,0,0,0,35,157,25,62,6,0,0,0,4,37,135,26,61,9,0,0,0,2,50,72,56,67,26,3,0,0,4,39,60,58,112,35,5,0,1,3,37,59,62,145,30,2,0,0,3,32,45,63,137,46,8,0,0,2,9,25,47,136,57,14,0,0,1,10,53,63,150,76,220,2,14,112Y
10014,臺東縣,10014020,成功鎮,10014020-001,博愛里,0,0,2,2,7,1,0,0,0,0,0,5,0,7,0,0,0,0,0,0,10,2,16,0,0,0,0,0,0,10,1,15,2,0,0,0,0,2,7,2,11,3,1,0,0,0,0,4,5,13,7,3,0,0,0,1,6,3,12,21,1,0,0,0,1,3,3,22,28,2,0,0,0,1,1,6,17,36,9,0,0,0,0,3,3,14,33,20,0,1,0,1,5,3,14,20,146,0,0,112Y
10014,臺東縣,10014020,成功鎮,10014020-002,忠孝里,0,0,3,5,24,3,0,0,0,0,0,13,3,15,1,0,0,0,0,0,21,6,31,0,0,0,0,0,1,20,6,24,4,0,0,0,0,1,16,4,21,8,3,0,0,0,0,12,6,26,24,3,0,0,0,1,7,8,24,27,2,0,0,0,2,4,9,26,29,6,0,1,0,1,4,7,31,39,15,0,0,1,1,3,1,26,40,28,0,0,0,0,5,6,21,43,181,1,1,112Y
10014,臺東縣,10014020,成功鎮,10014020-003,三仙里,0,0,13,6,34,3,1,0,0,0,0,31,9,27,0,0,0,0,0,4,40,7,39,5,1,0,0,0,2,32,3,38,8,0,0,0,0,2,17,3,32,9,2,0,0,0,0,15,7,39,33,16,0,0,0,1,5,7,33,61,14,0,0,0,4,13,6,25,66,21,0,0,0,1,1,5,21,46,40,0,0,0,0,3,5,16,52,66,1,3,0,1,1,3,29,38,252,1,9,112Y
10014,臺東縣,10014020,成功鎮,10014020-004,三民里,0,0,18,18,72,7,4,0,0,0,3,90,19,51,2,0,0,0,0,9,98,20,52,5,0,0,0,0,7,94,13,64,10,1,0,0,1,7,84,20,60,19,0,0,0,1,10,43,39,100,40,17,0,0,0,6,32,20,75,75,23,0,1,1,6,11,27,79,89,15,0,1,1,3,11,16,65,92,45,0,1,0,0,5,11,60,84,81,0,3,0,1,16,11,63,84,426,1,27,112Y
10014,臺東縣,10014020,成功鎮,10014020-005,忠智里,0,0,13,16,47,8,1,0,0,0,2,75,10,34,1,0,0,0,0,5,87,12,22,2,0,0,0,0,13,75,6,35,4,0,0,0,1,11,53,17,31,12,2,0,0,0,10,34,33,67,19,3,0,0,0,7,32,27,67,43,6,0,0,1,1,20,23,74,47,2,0,0,1,2,10,18,74,39,10,0,0,0,3,9,20,59,58,26,0,1,0,2,13,12,70,91,265,1,11,112Y
10014,臺東縣,10014020,成功鎮,10014020-006,忠仁里,0,0,21,19,60,11,1,0,0,0,2,67,15,52,1,0,0,0,0,7,68,10,41,4,0,0,0,0,4,65,7,35,5,0,0,0,0,3,57,21,50,10,4,0,0,1,5,30,35,67,38,11,0,0,0,7,27,25,86,47,7,0,1,0,9,15,24,82,63,12,0,0,1,4,5,15,57,72,26,0,0,0,2,5,19,62,81,46,0,2,0,3,8,12,74,110,299,3,6,112Y
10014,臺東縣,10014020,成功鎮,10014020-007,和平里,0,0,2,1,17,1,1,0,0,0,0,11,1,12,1,0,0,0,0,3,28,1,9,0,0,0,0,0,3,14,6,14,1,0,0,0,0,1,9,2,17,3,0,0,0,0,0,7,5,29,9,0,0,0,1,5,3,2,23,19,6,0,0,0,4,4,2,19,25,12,0,0,0,0,5,1,22,34,12,0,0,0,0,1,2,12,29,33,0,1,1,0,0,2,16,34,166,0,5,112Y
10014,臺東縣,10014020,成功鎮,10014020-008,信義里,0,0,12,8,39,4,4,0,0,0,2,41,4,32,3,0,0,0,0,1,47,4,40,1,0,0,0,0,6,47,3,30,4,0,0,0,0,2,33,8,37,24,1,0,0,0,4,24,15,55,24,12,0,0,0,6,21,20,51,48,17,0,0,0,5,14,14,52,73,29,0,0,1,5,7,11,41,72,55,0,0,0,2,9,11,31,78,65,0,0,0,1,13,12,56,65,339,0,5,112Y
10014,臺東縣,10014030,關山鎮,10014030-001,德高里,0,0,18,6,45,2,0,0,0,0,5,52,11,24,1,0,0,0,0,14,73,17,54,0,0,0,0,0,4,58,9,43,6,1,0,0,0,8,26,11,35,6,2,0,0,0,5,28,13,62,9,6,0,0,0,2,11,10,53,34,2,1,0,0,1,10,11,85,41,11,0,0,0,2,10,17,72,59,13,0,1,0,3,6,6,55,55,21,1,1,0,1,2,7,43,55,304,2,23,112Y
10014,臺東縣,10014030,關山鎮,10014030-002,豐泉里,0,0,7,5,32,7,0,0,0,0,5,54,10,19,2,0,0,0,0,6,56,4,20,0,0,0,0,0,11,41,3,18,1,1,0,0,1,9,37,10,28,6,0,0,0,0,8,29,13,35,7,0,0,0,0,8,16,10,30,12,2,0,0,0,6,11,13,46,15,4,0,0,0,5,6,18,48,13,6,0,0,0,0,6,9,51,27,9,0,0,0,3,15,25,55,44,129,1,9,112Y
10014,臺東縣,10014030,關山鎮,10014030-003,新福里,0,0,8,4,22,2,2,0,0,0,3,32,6,18,1,0,0,0,0,6,36,7,15,3,0,0,0,0,3,29,5,24,0,0,0,0,0,0,21,4,20,7,0,0,0,0,4,20,12,26,5,2,0,0,1,1,6,8,27,11,4,0,0,0,3,7,12,34,19,6,0,0,0,2,8,14,34,24,12,0,0,0,1,4,4,28,31,19,0,1,0,1,4,5,34,32,106,2,15,112Y
10014,臺東縣,10014030,關山鎮,10014030-004,中福里,0,0,8,1,21,3,0,0,0,0,1,24,6,5,0,0,0,0,0,3,29,3,12,0,0,0,0,0,7,33,0,12,0,0,0,0,0,5,27,4,10,3,0,0,0,0,9,15,11,18,5,2,0,0,0,3,24,9,17,6,0,0,0,1,5,4,11,21,6,2,0,0,2,2,11,9,26,9,3,0,0,0,1,12,6,45,13,2,0,0,0,3,11,6,75,42,74,3,6,112Y
10014,臺東縣,10014030,關山鎮,10014030-005,里壠里,0,0,15,10,45,5,0,0,0,0,3,45,13,24,1,0,0,0,1,6,70,7,30,3,0,0,0,0,10,58,2,37,4,0,0,0,0,11,41,7,33,8,3,0,0,1,10,30,14,50,7,1,0,0,0,9,40,23,45,15,3,0,0,0,8,19,9,72,19,5,0,0,0,3,17,14,59,36,12,0,0,1,2,15,15,63,42,17,0,0,0,4,29,22,112,55,168,1,21,112Y
10014,臺東縣,10014030,關山鎮,10014030-006,電光里,0,0,9,1,21,0,0,0,0,0,0,8,3,18,1,0,0,0,0,2,16,4,12,0,0,0,0,0,2,11,4,13,2,0,0,1,0,2,5,1,12,5,0,0,0,0,0,5,1,26,7,1,0,1,0,0,1,2,9,19,5,0,0,0,1,1,5,24,22,4,0,0,0,0,4,0,16,17,6,0,1,0,0,3,2,11,26,12,0,0,0,0,2,2,13,16,101,1,4,112Y
10014,臺東縣,10014030,關山鎮,10014030-007,月眉里,0,0,3,2,17,3,0,0,0,0,0,22,7,11,0,0,0,0,0,6,29,2,21,1,0,0,0,0,2,17,4,19,2,0,0,0,0,2,15,2,16,2,1,0,0,0,2,9,8,12,3,0,0,0,0,3,4,3,27,17,4,0,0,0,4,2,4,29,20,3,0,0,0,3,3,4,19,21,7,0,1,0,1,2,5,30,28,19,0,1,1,1,5,4,24,24,96,1,14,112Y
10014,臺東縣,10014040,卑南鄉,10014040-001,嘉豐村,0,0,0,1,17,2,0,0,0,0,1,10,6,15,1,0,0,0,0,1,13,5,16,2,0,0,0,0,0,5,4,15,1,0,0,0,1,1,9,6,25,11,0,0,0,0,0,4,2,17,9,3,0,0,0,1,1,2,11,13,3,0,0,0,0,0,0,8,24,4,0,0,0,0,0,3,16,19,6,0,0,0,2,2,2,11,21,18,0,1,0,0,0,4,5,12,71,3,4,112Y
10014,臺東縣,10014040,卑南鄉,10014040-002,利吉村,0,0,2,0,10,1,0,0,0,0,0,10,5,4,0,0,0,0,0,0,8,3,10,0,0,0,0,0,2,15,3,10,0,0,0,0,0,2,3,1,16,4,0,0,0,0,1,5,6,20,3,1,0,0,0,1,2,2,10,4,1,0,0,0,2,2,6,8,10,1,0,1,0,1,2,7,12,19,7,0,0,1,1,3,4,14,22,16,0,0,0,1,3,4,25,26,73,2,6,112Y
10014,臺東縣,10014040,卑南鄉,10014040-003,富山村,0,0,2,7,10,1,1,0,0,0,0,15,1,13,1,0,0,0,0,1,14,6,6,3,0,0,0,0,1,12,3,10,0,0,0,0,0,2,4,1,17,3,1,0,0,2,1,6,3,15,11,1,0,0,1,1,5,4,13,13,1,0,0,0,1,0,5,12,17,10,0,0,0,0,3,2,18,22,10,0,1,0,1,1,2,15,16,8,0,1,0,1,2,5,7,9,63,8,15,112Y
10014,臺東縣,10014040,卑南鄉,10014040-004,富源村,0,0,3,1,4,0,0,0,0,0,0,7,1,9,0,0,0,0,0,0,11,0,4,1,0,0,0,0,1,7,2,2,0,0,0,0,0,3,5,4,5,3,0,0,0,0,1,3,5,7,1,0,0,1,0,1,0,2,11,4,0,0,0,0,0,0,5,17,13,0,0,0,0,0,1,4,17,9,0,0,0,0,0,1,0,12,13,5,0,0,0,1,0,5,15,18,44,6,18,112Y
10014,臺東縣,10014040,卑南鄉,10014040-005,明峰村,0,0,8,6,34,5,3,0,0,0,1,28,5,33,1,0,0,0,0,2,28,5,25,1,1,0,0,0,6,32,10,22,3,0,0,0,0,4,29,6,29,5,0,0,0,0,6,14,15,45,16,2,0,0,0,5,8,17,44,13,4,0,0,0,5,9,10,59,23,2,0,0,0,0,5,6,45,38,16,0,1,0,1,4,2,38,35,20,0,0,0,2,8,17,63,43,142,11,22,112Y
10014,臺東縣,10014040,卑南鄉,10014040-006,初鹿村,0,0,11,5,41,1,3,0,0,0,1,42,16,32,0,0,0,0,0,7,44,9,31,1,0,0,0,0,4,30,4,22,4,0,0,0,0,5,17,6,32,5,2,0,1,0,1,19,17,47,20,5,0,0,0,5,8,13,45,26,6,0,0,0,7,11,11,65,31,3,0,0,0,5,9,8,33,42,8,0,0,0,2,8,6,28,38,18,2,1,0,2,14,15,64,35,146,5,21,112Y
10014,臺東縣,10014040,卑南鄉,10014040-007,美農村,0,0,8,5,20,1,2,0,0,0,3,35,15,23,2,0,0,0,0,4,38,10,20,4,1,0,0,0,5,34,8,23,3,0,0,0,0,5,14,4,17,9,0,0,0,0,6,14,8,21,15,0,0,0,1,0,12,5,49,23,2,0,0,1,1,13,5,65,18,0,0,0,1,4,6,16,45,37,7,0,0,1,0,6,7,36,31,13,0,0,0,2,5,13,47,34,138,2,22,112Y
10014,臺東縣,10014040,卑南鄉,10014040-008,賓朗村,0,0,23,16,77,10,4,0,0,0,9,60,31,49,4,1,0,0,0,9,97,18,58,1,0,0,0,2,9,64,16,42,2,0,0,0,0,10,62,11,46,6,3,0,0,0,13,31,20,62,20,7,0,0,0,9,24,29,77,35,1,0,1,1,13,26,16,85,42,8,0,0,0,3,25,19,105,63,11,0,1,0,5,13,6,84,62,22,0,0,1,5,32,27,110,83,257,24,22,112Y
10014,臺東縣,10014040,卑南鄉,10014040-009,泰安村,0,0,10,10,51,7,1,0,0,0,3,37,15,30,1,0,0,0,0,6,43,10,45,1,0,0,0,0,9,33,7,61,7,1,0,1,0,2,10,4,43,14,0,0,0,0,2,8,12,46,19,1,0,0,0,1,6,11,48,30,1,0,0,0,7,6,8,51,36,7,0,0,1,3,10,11,44,36,15,0,0,0,6,6,10,27,37,22,0,2,1,2,6,7,25,23,108,0,10,112Y
10014,臺東縣,10014040,卑南鄉,10014040-010,太平村,0,0,33,17,84,10,2,0,0,0,10,116,38,67,2,0,0,0,0,19,134,30,93,3,1,0,0,1,18,116,30,124,7,1,0,0,0,15,82,29,108,28,1,0,0,0,24,48,38,122,42,5,0,0,2,12,38,50,133,61,13,0,0,1,12,33,38,143,87,7,0,0,2,21,28,42,127,65,21,0,0,0,5,25,25,105,80,40,0,2,1,1,21,25,106,75,264,16,39,112Y
10014,臺東縣,10014040,卑南鄉,10014040-011,利嘉村,0,0,4,1,37,3,1,0,0,0,2,34,16,28,0,1,0,0,0,3,45,10,41,4,0,0,0,0,7,32,9,40,6,1,0,0,0,7,32,9,30,9,0,0,0,2,8,15,9,27,18,0,0,0,0,2,13,17,32,24,0,0,0,0,4,11,17,47,18,1,0,0,0,6,9,9,47,26,4,0,1,0,0,8,11,41,29,7,0,0,1,2,19,17,51,44,90,1,4,112Y
10014,臺東縣,10014040,卑南鄉,10014040-012,東興村,0,0,11,7,44,3,2,0,0,0,1,36,11,33,0,0,0,0,0,6,49,18,34,3,0,0,0,0,1,33,10,45,3,1,0,0,0,1,14,9,38,15,1,0,0,0,4,16,16,43,20,6,0,0,0,2,15,13,42,32,5,0,0,1,4,13,12,59,30,9,0,1,1,1,3,8,41,47,29,0,1,1,1,2,2,23,39,37,0,2,0,0,4,7,25,23,118,0,8,112Y
10014,臺東縣,10014040,卑南鄉,10014040-013,溫泉村,0,0,12,3,17,2,1,0,0,0,2,21,6,24,0,0,0,0,1,3,28,7,14,2,0,0,0,1,2,31,3,12,2,0,0,0,0,1,22,7,18,4,0,0,0,0,3,14,11,44,16,4,0,0,0,4,14,12,30,19,3,0,0,1,6,2,7,56,21,2,0,0,1,9,8,12,39,40,6,0,0,0,3,8,11,44,35,14,0,0,0,4,13,13,55,51,160,3,18,112Y
10014,臺東縣,10014050,鹿野鄉,10014050-001,瑞和村,0,0,3,0,22,0,0,0,0,0,0,15,4,24,0,0,0,0,0,0,18,5,29,0,0,0,0,0,6,15,4,25,3,0,0,0,0,2,8,1,13,8,0,0,0,0,0,10,5,27,13,3,0,0,0,1,6,2,25,13,1,0,0,1,1,3,4,30,14,2,0,0,0,2,1,2,30,26,12,0,0,0,0,3,1,19,20,13,0,1,0,2,3,4,19,20,91,0,4,112Y
10014,臺東縣,10014050,鹿野鄉,10014050-002,瑞豐村,0,0,11,3,24,3,0,0,0,0,1,44,5,18,2,0,0,0,0,4,30,6,10,0,0,0,0,0,2,19,5,17,1,0,0,0,0,2,17,4,22,3,2,0,0,0,2,10,13,16,13,3,0,0,0,6,7,19,37,22,4,2,0,0,1,5,9,41,18,3,0,0,0,0,2,5,30,32,2,0,1,0,0,7,7,24,27,9,0,1,0,1,11,4,29,30,133,3,33,112Y
10014,臺東縣,10014050,鹿野鄉,10014050-003,瑞源村,0,0,5,5,20,4,0,0,0,0,1,15,1,21,1,0,0,0,0,4,30,7,17,1,0,0,0,1,4,22,6,25,4,0,0,0,0,4,14,2,18,10,0,0,0,1,3,6,10,29,8,0,0,1,0,3,11,7,41,19,0,0,0,0,1,6,5,28,18,1,0,0,0,2,6,4,33,26,13,0,0,0,0,3,5,26,27,15,0,0,0,2,4,7,30,34,142,5,12,112Y
10014,臺東縣,10014050,鹿野鄉,10014050-004,永安村,0,0,9,8,26,2,0,0,0,0,3,37,21,24,0,0,0,0,0,1,46,12,36,1,0,0,0,0,1,50,10,34,2,0,0,0,0,6,31,8,35,9,1,0,0,1,6,27,17,47,22,2,1,1,0,6,7,12,57,25,3,0,0,2,6,13,14,55,39,4,0,0,1,5,14,10,57,63,15,0,0,1,3,9,12,42,52,22,0,0,0,4,17,13,54,36,186,2,15,112Y
10014,臺東縣,10014050,鹿野鄉,10014050-005,瑞隆村,0,0,8,6,35,1,0,0,0,0,1,31,8,23,0,0,0,0,0,0,23,7,20,0,0,0,0,0,2,22,6,19,8,0,0,0,0,1,20,6,15,9,3,0,0,0,2,3,6,27,14,4,0,1,0,7,10,9,21,19,2,0,0,0,2,6,9,38,22,7,0,0,0,0,5,11,30,28,9,0,0,0,0,2,1,17,33,18,0,0,0,0,3,11,35,33,136,1,10,112Y
10014,臺東縣,10014050,鹿野鄉,10014050-006,鹿野村,0,0,6,11,29,2,1,0,0,0,0,39,9,14,1,0,0,0,0,5,34,7,21,2,0,0,0,0,2,41,3,23,0,0,0,0,0,5,13,6,20,8,0,0,0,0,2,10,13,29,9,3,0,0,0,7,8,10,28,22,2,0,0,0,3,11,11,40,26,4,0,0,0,1,6,13,47,43,6,0,1,2,2,3,9,31,43,11,0,2,1,0,11,14,53,41,139,4,13,112Y
10014,臺東縣,10014050,鹿野鄉,10014050-007,龍田村,0,0,3,9,35,4,1,0,0,0,2,32,14,21,2,0,0,0,0,3,25,4,16,0,0,0,0,0,8,30,5,16,2,0,0,0,0,6,19,4,22,6,0,0,0,0,10,16,14,42,8,2,0,0,0,5,10,3,33,5,5,0,0,0,5,8,9,51,22,1,0,0,1,6,10,11,42,38,6,0,0,0,1,2,14,31,38,16,0,0,0,3,16,15,44,25,156,0,29,112Y
10014,臺東縣,10014060,池上鄉,10014060-001,福文村,0,0,7,8,35,4,0,0,0,0,0,29,12,30,1,0,0,0,0,6,40,8,23,2,0,0,0,1,2,31,4,32,3,0,0,0,0,0,19,2,25,4,0,0,0,1,1,11,10,43,7,7,0,0,0,0,12,12,40,23,6,0,0,0,4,10,13,56,31,7,0,0,0,1,4,4,40,29,8,0,1,0,2,5,9,35,37,13,0,1,0,1,8,8,41,36,172,0,16,112Y
10014,臺東縣,10014060,池上鄉,10014060-002,慶豐村,0,0,3,5,12,0,0,0,0,0,0,18,7,15,0,0,0,0,0,4,25,2,19,0,1,0,0,0,2,23,1,12,4,0,0,0,0,0,11,7,16,4,0,0,0,0,3,11,5,23,7,0,0,0,0,4,5,12,33,6,1,0,0,0,1,2,8,33,12,1,0,0,0,2,3,5,29,22,4,0,0,0,1,3,3,27,26,6,0,0,0,0,1,5,20,39,108,0,9,112Y
10014,臺東縣,10014060,池上鄉,10014060-003,大坡村,0,0,1,2,3,1,0,0,0,0,0,7,2,5,1,0,0,0,0,0,14,1,4,0,0,0,0,0,0,11,0,6,1,0,0,0,0,0,5,4,9,1,0,0,0,0,1,4,4,13,3,1,0,0,0,0,1,2,10,9,0,0,1,0,0,4,3,7,5,2,0,0,0,0,1,0,14,10,2,0,0,0,0,0,1,9,21,6,0,1,0,0,2,0,18,22,61,0,7,112Y
10014,臺東縣,10014060,池上鄉,10014060-004,大埔村,0,0,6,9,16,2,0,0,0,0,0,26,6,14,0,0,0,0,0,1,28,5,16,2,0,0,0,0,3,29,5,10,1,0,0,0,0,2,17,3,14,5,0,0,0,1,5,15,14,23,11,1,0,0,1,5,8,7,23,8,1,0,0,0,0,11,10,24,23,3,0,0,0,2,8,2,31,20,3,0,1,1,2,1,3,16,34,10,0,1,0,1,9,11,44,43,131,1,8,112Y
10014,臺東縣,10014060,池上鄉,10014060-005,福原村,0,0,20,18,46,4,1,0,0,0,4,76,23,25,0,0,0,0,1,16,81,13,34,0,0,0,0,0,9,98,13,33,2,2,0,0,0,21,52,8,35,6,1,0,0,2,10,47,30,49,13,2,0,0,0,13,37,28,61,18,5,0,0,0,8,25,29,80,23,5,0,0,1,3,8,23,69,37,5,1,0,0,1,14,25,81,47,17,0,0,0,3,21,25,109,100,206,6,19,112Y
10014,臺東縣,10014060,池上鄉,10014060-006,錦園村,0,0,1,2,5,0,0,0,0,0,0,10,1,4,1,0,0,0,0,0,10,1,5,0,0,0,0,0,1,9,1,3,0,0,0,0,0,1,11,1,5,0,0,0,0,0,0,7,3,7,5,0,0,0,0,1,3,5,10,2,0,0,0,0,0,1,0,24,7,0,0,0,0,0,2,3,20,10,0,0,0,0,2,0,1,18,13,2,0,0,1,0,2,3,18,19,54,2,5,112Y
10014,臺東縣,10014060,池上鄉,10014060-007,新興村,0,0,3,4,17,1,0,0,0,0,1,29,11,11,1,0,0,0,0,2,31,6,16,1,0,0,0,0,3,34,6,13,2,1,0,0,0,3,17,1,22,8,1,0,0,2,2,5,6,29,8,2,0,0,0,5,2,8,34,30,3,0,0,0,2,5,10,55,14,3,0,1,0,1,3,6,32,19,3,0,0,0,2,3,4,29,26,9,0,0,0,0,2,7,30,33,149,0,13,112Y
10014,臺東縣,10014060,池上鄉,10014060-008,萬安村,0,0,5,0,5,1,0,0,0,0,0,7,3,8,0,0,0,0,0,0,9,2,8,0,0,0,0,0,1,10,1,4,0,0,0,0,0,1,7,2,7,0,0,1,0,0,1,4,5,9,1,1,0,0,0,0,2,5,14,2,1,0,1,0,1,3,2,13,4,1,0,0,0,0,1,1,17,10,2,0,1,0,0,0,3,17,13,3,0,1,0,0,1,0,8,18,54,1,9,112Y
10014,臺東縣,10014060,池上鄉,10014060-009,富興村,0,0,2,3,9,1,0,0,0,0,0,8,0,15,0,0,0,0,0,3,14,2,14,3,0,0,0,0,1,5,0,7,0,0,0,0,0,3,3,1,7,0,0,0,0,0,2,3,3,21,1,0,0,0,0,0,0,1,20,10,2,0,0,0,1,0,2,20,13,2,0,0,0,0,1,4,13,9,5,0,0,0,1,2,3,14,14,14,0,1,0,1,2,1,12,16,54,2,9,112Y
10014,臺東縣,10014060,池上鄉,10014060-010,振興村,0,0,2,3,7,1,1,0,0,0,0,6,3,19,1,0,0,0,0,1,9,4,18,1,0,0,0,0,0,7,2,20,3,0,0,0,0,1,5,1,17,2,1,0,0,0,5,6,2,20,3,4,0,0,0,0,0,2,19,14,4,0,0,0,1,4,5,10,18,3,0,0,0,1,0,4,12,16,10,0,1,0,0,1,1,8,10,11,0,0,0,0,2,2,6,10,81,0,12,112Y
10014,臺東縣,10014070,東河鄉,10014070-001,北源村,0,0,5,6,29,1,0,0,0,0,2,21,11,17,1,0,0,0,0,3,34,8,32,2,0,0,0,0,3,27,4,21,11,0,0,0,0,3,18,6,42,5,2,0,0,0,1,20,11,75,33,6,0,0,0,2,10,18,63,54,5,0,0,0,2,6,14,62,57,5,0,2,1,0,4,9,55,65,26,0,2,0,1,4,7,36,63,44,1,0,0,1,6,4,40,53,279,2,14,112Y
10014,臺東縣,10014070,東河鄉,10014070-002,泰源村,0,0,6,5,25,5,1,0,0,0,1,29,8,26,1,0,0,0,0,2,36,4,22,3,0,0,0,0,1,23,5,23,8,0,0,0,1,2,14,3,34,10,4,0,0,0,3,11,7,43,24,1,0,0,0,2,5,5,36,34,8,0,0,1,2,7,8,53,30,22,0,2,0,1,4,6,34,33,29,1,1,0,1,5,4,13,41,51,0,1,0,1,3,6,20,46,223,1,8,112Y
10014,臺東縣,10014070,東河鄉,10014070-003,東河村,0,0,6,5,18,0,0,0,0,0,2,23,5,14,0,2,0,0,0,3,36,9,19,1,0,0,0,0,2,31,5,14,1,0,0,0,0,5,16,4,15,7,0,0,0,0,3,17,16,45,11,0,0,0,0,0,7,10,45,34,0,0,0,1,1,4,18,63,23,3,0,0,1,5,5,10,47,38,5,0,0,0,1,4,6,25,30,8,0,0,0,0,10,5,32,69,135,0,8,112Y
10014,臺東縣,10014070,東河鄉,10014070-004,尚德村,0,0,2,1,7,2,0,0,0,0,0,4,1,8,0,0,0,0,0,0,6,1,3,0,0,0,0,0,0,1,0,4,1,0,0,0,0,0,0,1,9,2,0,0,0,0,0,6,0,11,4,0,0,0,0,0,1,5,10,8,2,0,0,0,1,2,1,3,3,1,0,0,0,1,1,2,13,13,3,0,0,0,0,1,2,5,10,3,0,0,0,0,0,2,8,10,44,3,3,112Y
10014,臺東縣,10014070,東河鄉,10014070-005,隆昌村,0,0,2,1,16,2,0,0,0,0,1,6,2,5,0,0,0,0,0,1,13,4,4,0,0,0,0,0,2,19,2,7,0,0,0,0,0,3,9,0,8,2,0,0,0,0,1,2,3,15,3,1,0,0,0,1,5,3,19,6,1,0,0,1,2,8,9,22,12,1,0,0,0,0,5,9,25,16,1,0,1,0,1,4,2,21,25,4,0,0,0,3,8,5,13,26,110,0,6,112Y
10014,臺東縣,10014070,東河鄉,10014070-006,興昌村,0,0,11,2,31,3,0,0,0,0,0,21,2,11,1,0,0,0,0,4,21,6,20,1,0,0,0,0,3,21,6,9,0,0,0,0,1,6,11,1,11,3,0,0,0,1,3,13,5,21,11,2,0,0,1,5,14,14,38,25,3,0,0,0,6,11,9,46,24,2,0,0,0,7,12,5,28,33,5,0,0,2,3,4,7,25,35,16,0,1,2,3,7,8,37,33,197,0,13,112Y
10014,臺東縣,10014070,東河鄉,10014070-007,都蘭村,0,0,13,5,65,7,1,0,0,0,3,55,9,43,2,0,0,0,0,3,69,9,32,1,0,0,0,0,4,54,4,43,2,0,0,0,0,9,46,13,52,12,1,0,0,1,9,37,22,86,33,2,0,0,1,16,29,26,74,41,2,0,0,1,8,17,26,73,50,4,0,0,1,4,13,21,74,67,14,0,1,3,4,12,15,65,91,17,1,1,1,6,24,14,73,113,329,3,18,112Y
10014,臺東縣,10014080,長濱鄉,10014080-001,樟原村,0,0,4,3,5,0,0,0,0,0,2,7,4,18,0,0,0,0,0,1,15,5,17,1,0,0,0,0,1,6,2,11,0,0,0,0,0,1,4,3,8,2,1,0,0,0,0,4,1,15,8,2,0,0,0,1,3,0,10,27,3,0,0,0,0,6,5,22,31,0,0,0,0,1,2,3,14,32,8,0,0,0,1,1,1,19,21,13,0,0,0,2,10,2,7,21,148,0,1,112Y
10014,臺東縣,10014080,長濱鄉,10014080-002,三間村,0,0,9,3,29,2,1,0,0,0,0,17,6,21,1,0,0,0,1,1,16,4,34,3,0,0,0,0,0,18,4,15,1,1,0,0,0,2,17,11,16,6,0,0,0,1,2,10,9,42,18,2,0,0,1,5,11,12,36,41,4,0,0,0,6,9,8,34,30,13,0,0,0,3,2,8,32,63,30,0,0,1,1,4,6,25,34,46,0,1,0,0,15,7,25,45,253,2,6,112Y
10014,臺東縣,10014080,長濱鄉,10014080-003,忠勇村,0,0,2,7,20,3,0,0,0,0,0,5,6,9,0,0,0,0,0,0,18,5,11,0,0,0,0,0,0,5,0,12,2,0,0,0,0,1,5,4,11,5,0,0,0,0,2,5,0,22,8,0,0,0,0,4,4,2,15,28,2,0,0,1,1,1,4,23,21,4,0,0,0,2,1,3,13,28,11,0,0,0,1,1,3,10,22,12,0,0,0,1,4,2,7,14,103,0,2,112Y
10014,臺東縣,10014080,長濱鄉,10014080-004,長濱村,0,0,17,18,56,9,0,0,0,0,1,44,9,30,3,0,0,0,0,4,63,9,43,2,0,0,0,0,8,59,5,41,10,0,0,0,0,4,40,13,50,10,1,0,0,0,7,24,16,64,21,6,0,1,0,8,13,19,52,64,6,0,0,1,2,14,17,66,72,15,0,3,0,3,17,20,71,92,21,0,0,2,4,12,15,57,74,27,0,0,0,2,21,12,65,72,333,2,7,112Y
10014,臺東縣,10014080,長濱鄉,10014080-005,竹湖村,0,0,5,2,11,4,0,0,0,0,3,15,2,16,2,0,0,0,0,2,22,2,8,1,0,0,0,0,1,17,7,10,4,1,0,0,0,0,17,2,15,3,0,0,0,0,1,16,4,44,14,1,0,0,0,6,6,2,28,28,5,0,0,0,4,3,3,25,39,6,0,0,0,2,8,2,21,46,13,0,1,0,2,0,4,17,48,31,0,0,0,2,3,1,19,38,193,0,5,112Y
10014,臺東縣,10014080,長濱鄉,10014080-006,寧埔村,0,0,4,1,21,3,1,0,0,0,1,22,5,15,0,0,0,0,0,3,24,4,16,1,0,0,0,0,6,32,7,28,1,1,0,0,0,1,14,2,27,8,1,0,0,1,2,8,6,32,35,1,0,0,0,5,12,9,22,40,3,0,0,0,2,4,10,38,48,7,0,0,0,3,4,4,44,76,26,0,0,0,1,3,2,23,51,37,0,0,0,1,5,4,36,48,265,0,1,112Y
10014,臺東縣,10014090,太麻里鄉,10014090-001,美和村,0,0,17,8,53,1,0,0,0,0,3,44,16,36,0,0,0,0,0,2,36,8,38,7,0,0,0,0,7,39,6,33,6,1,0,0,0,6,24,10,43,8,2,0,0,0,4,16,13,49,21,1,0,0,0,1,10,14,54,27,3,0,1,1,5,2,14,58,40,4,0,1,0,1,4,10,44,42,13,0,0,0,1,0,4,36,52,22,0,1,0,0,2,5,33,29,222,0,8,112Y
10014,臺東縣,10014090,太麻里鄉,10014090-002,三和村,0,0,3,4,18,0,1,0,0,0,1,18,3,5,1,1,0,0,1,3,25,3,8,2,0,0,0,0,1,16,3,12,0,1,0,0,0,0,15,2,13,9,2,0,0,0,1,8,7,23,9,3,0,0,0,1,5,9,17,14,0,0,0,0,2,2,7,32,13,1,0,0,0,1,2,5,17,26,5,0,0,0,0,2,3,17,16,10,0,0,0,1,1,1,9,25,98,0,7,112Y
10014,臺東縣,10014090,太麻里鄉,10014090-003,華源村,0,0,4,1,10,1,0,0,0,0,2,18,2,7,1,0,0,0,0,3,21,1,8,2,0,0,0,0,2,11,4,6,1,0,0,0,0,0,9,3,12,4,0,0,0,0,1,6,10,23,4,1,0,0,0,5,7,4,26,9,0,0,0,0,2,9,4,22,15,3,0,0,0,2,3,9,22,37,2,0,1,0,0,0,3,10,14,11,0,0,0,0,1,5,14,19,124,1,26,112Y
10014,臺東縣,10014090,太麻里鄉,10014090-004,北里村,0,0,3,4,16,0,0,0,0,0,0,8,6,13,1,1,0,0,0,2,10,5,21,2,0,0,0,0,1,11,7,27,1,0,0,0,0,3,5,2,15,8,0,0,0,0,0,7,7,22,6,1,0,0,0,2,4,3,27,13,2,0,0,0,0,7,2,23,11,3,0,0,0,1,4,2,15,17,5,0,0,0,1,3,3,27,23,5,0,0,0,0,5,3,24,23,94,0,8,112Y
10014,臺東縣,10014090,太麻里鄉,10014090-005,泰和村,0,0,15,6,48,2,0,0,0,0,2,44,19,19,0,0,0,0,0,4,71,12,24,2,0,0,0,1,7,62,5,20,2,0,0,0,1,5,40,13,22,8,1,0,0,0,7,31,16,41,13,2,0,0,0,7,13,21,45,25,0,0,0,0,2,12,20,64,27,1,0,0,0,0,7,11,51,37,5,0,0,0,2,5,8,41,39,20,0,1,0,2,11,9,59,48,202,2,24,112Y
10014,臺東縣,10014090,太麻里鄉,10014090-006,大王村,0,0,21,22,58,8,0,0,0,0,1,52,22,33,2,0,0,0,0,7,58,12,27,3,0,0,0,1,4,53,11,47,4,0,0,0,0,13,40,12,44,9,2,0,0,1,6,38,22,61,19,2,0,0,2,6,19,15,72,26,2,0,0,1,8,15,18,77,32,6,0,0,1,3,6,12,68,42,15,0,1,0,4,8,11,57,56,29,0,4,0,3,18,14,69,64,289,6,30,112Y
10014,臺東縣,10014090,太麻里鄉,10014090-007,香蘭村,0,0,5,5,18,1,1,0,0,0,0,18,8,14,4,1,0,0,1,2,22,6,21,0,0,0,0,0,1,18,2,20,4,0,0,0,1,4,20,11,27,3,0,0,0,0,3,8,10,37,11,0,0,1,0,0,5,5,28,12,1,0,0,0,2,10,3,29,21,2,0,0,1,4,1,8,43,32,9,0,0,0,1,2,1,23,38,17,0,1,0,1,2,1,15,27,141,2,18,112Y
10014,臺東縣,10014090,太麻里鄉,10014090-008,金崙村,0,0,7,25,56,10,2,0,0,0,3,41,19,63,2,0,0,0,0,5,50,27,50,2,0,0,0,0,3,51,12,69,4,0,0,0,0,0,25,18,70,16,2,0,0,0,5,16,21,83,24,2,0,0,1,4,11,13,75,59,1,0,0,0,1,9,15,74,50,9,0,1,1,0,7,9,66,65,34,0,0,0,1,8,6,45,57,51,0,3,0,0,9,3,49,49,209,3,6,112Y
10014,臺東縣,10014090,太麻里鄉,10014090-009,多良村,0,0,2,9,33,0,0,0,0,0,0,13,6,36,0,0,0,0,0,1,25,15,41,1,0,0,0,0,1,14,7,37,5,0,0,0,0,1,9,3,35,6,0,0,1,0,1,12,7,41,28,0,0,1,1,2,4,9,24,42,4,0,1,0,0,2,6,29,35,13,0,0,0,3,3,2,21,32,31,0,1,0,0,5,2,16,25,38,1,1,0,0,0,7,23,15,128,3,10,112Y
10014,臺東縣,10014100,大武鄉,10014100-001,大竹村,0,0,7,7,33,7,1,0,0,0,0,22,11,24,1,0,0,0,0,0,18,3,15,2,0,0,0,0,2,17,3,18,3,1,0,0,0,0,24,5,32,7,2,0,0,0,2,14,8,40,13,3,0,0,0,2,11,11,30,15,3,0,0,0,2,5,7,10,13,12,0,0,0,0,2,0,14,23,22,0,0,0,0,0,2,17,32,32,0,0,0,0,3,8,11,21,112,1,4,112Y
10014,臺東縣,10014100,大武鄉,10014100-002,大鳥村,0,0,7,14,52,5,0,0,0,0,0,30,22,22,0,0,0,0,0,1,34,12,44,5,0,0,0,0,2,29,5,43,12,0,0,0,0,1,19,7,50,17,1,0,0,0,0,10,9,40,28,3,0,0,0,2,12,11,40,22,4,0,0,0,1,6,6,24,44,12,0,0,1,1,6,3,21,64,20,0,0,0,0,1,3,23,45,26,0,1,1,1,5,5,22,30,124,0,3,112Y
10014,臺東縣,10014100,大武鄉,10014100-003,大武村,0,0,11,12,29,5,1,0,0,0,0,33,15,21,0,1,0,0,0,9,38,15,17,0,0,0,0,1,9,45,7,36,2,0,0,0,0,6,32,7,41,7,2,0,0,0,7,20,15,42,22,2,0,0,0,8,10,21,58,21,1,0,0,1,4,14,11,44,29,7,0,0,0,2,7,9,48,40,15,0,0,0,4,5,7,32,52,33,0,0,0,0,13,8,42,42,157,0,9,112Y
10014,臺東縣,10014100,大武鄉,10014100-004,尚武村,0,0,10,7,25,4,0,0,0,0,2,29,12,21,1,0,0,0,0,5,41,10,37,1,0,0,0,1,6,29,5,30,5,0,0,0,1,3,28,9,40,9,1,0,0,1,2,25,18,44,17,2,0,0,0,7,11,22,55,26,2,0,0,1,3,9,5,52,48,3,0,0,1,0,4,11,49,54,16,0,0,0,0,7,8,33,51,30,0,1,0,2,11,10,45,53,186,3,22,112Y
10014,臺東縣,10014100,大武鄉,10014100-005,南興村,0,0,2,3,11,0,0,0,0,0,0,9,14,20,0,0,0,0,0,1,13,5,5,1,0,0,0,0,2,15,1,18,2,0,0,0,0,1,11,3,14,4,1,0,1,1,2,9,10,26,6,2,0,0,0,3,7,9,28,16,0,0,0,0,0,1,3,24,10,3,0,1,0,0,2,3,28,19,9,0,0,0,1,2,6,14,15,15,0,0,0,0,9,8,23,23,54,2,7,112Y
10014,臺東縣,10014110,綠島鄉,10014110-001,公館村,0,0,11,6,32,4,0,0,0,0,0,44,19,22,2,0,0,0,0,12,87,11,23,1,0,0,0,0,20,60,3,17,3,0,0,0,1,15,45,7,28,4,0,0,0,0,5,30,17,37,13,0,0,0,0,11,26,31,46,14,1,0,0,1,9,18,20,46,18,2,0,0,0,4,3,10,21,15,3,0,0,0,3,5,4,23,18,18,0,0,0,2,5,2,27,17,96,1,4,112Y
10014,臺東縣,10014110,綠島鄉,10014110-002,中寮村,0,0,6,4,28,1,1,0,0,0,1,46,7,13,3,0,0,0,1,7,78,9,33,5,0,0,0,0,16,71,12,29,3,0,0,0,0,18,41,14,32,5,1,0,0,1,12,32,14,38,13,1,0,0,0,4,12,16,45,17,0,0,0,1,7,13,15,41,10,1,0,0,0,9,11,12,33,23,9,0,0,0,4,11,8,30,21,18,0,0,0,1,8,5,30,16,107,0,3,112Y
10014,臺東縣,10014110,綠島鄉,10014110-003,南寮村,0,0,10,7,35,1,0,0,0,0,5,76,21,26,0,0,0,0,1,16,161,15,36,0,0,0,0,0,12,108,15,56,1,0,0,0,1,10,79,21,51,5,0,0,0,2,5,41,30,72,8,1,0,0,0,11,24,29,77,21,1,0,0,1,5,15,30,83,29,0,1,0,0,7,10,20,54,25,7,0,0,1,2,3,13,45,31,20,0,2,0,1,12,11,43,31,153,0,3,112Y
10014,臺東縣,10014120,海端鄉,10014120-001,廣原村,0,0,7,15,42,1,1,0,0,0,1,31,12,26,1,0,0,0,0,4,32,13,15,0,0,0,0,0,3,24,5,40,4,0,0,0,0,2,22,7,20,13,1,0,0,1,1,15,17,37,10,1,0,0,0,3,7,12,35,19,3,0,0,1,2,4,3,26,21,10,0,0,0,1,3,5,17,19,20,0,0,0,0,1,4,12,12,30,0,0,0,0,0,0,13,9,70,1,1,112Y
10014,臺東縣,10014120,海端鄉,10014120-002,霧鹿村,0,0,3,3,14,4,0,0,0,0,0,19,1,8,1,0,0,0,0,1,10,6,15,0,0,0,0,0,2,9,1,9,0,0,0,0,1,0,3,3,14,5,0,0,0,0,0,3,2,18,7,2,0,0,0,1,1,1,8,5,0,0,0,0,0,2,3,10,7,1,0,0,0,0,2,1,10,6,8,0,0,0,0,2,1,4,4,6,0,0,0,0,1,1,7,3,23,0,0,112Y
10014,臺東縣,10014120,海端鄉,10014120-003,利稻村,0,0,6,1,19,0,0,0,0,0,2,10,11,9,1,0,0,0,0,2,8,4,11,0,0,0,0,0,0,8,6,13,1,0,0,0,0,1,8,1,14,2,0,0,0,0,0,6,4,15,6,0,0,0,0,5,4,7,7,5,3,0,0,0,1,2,5,4,4,11,0,0,0,0,0,1,7,3,1,0,0,0,0,0,2,5,4,4,0,0,0,0,2,1,7,4,25,0,0,112Y
10014,臺東縣,10014120,海端鄉,10014120-004,海端村,0,0,8,11,48,5,2,0,0,0,1,35,17,38,0,0,0,0,0,4,39,15,38,6,0,0,0,0,0,46,12,32,3,0,0,0,1,4,26,6,48,12,0,0,0,0,8,17,13,47,11,4,0,0,0,6,8,18,47,23,2,0,0,0,1,3,9,24,27,8,0,1,0,0,5,1,28,19,22,0,0,0,2,5,4,15,20,23,0,0,0,1,7,7,15,11,89,0,2,112Y
10014,臺東縣,10014120,海端鄉,10014120-005,崁頂村,0,0,3,6,39,5,1,0,0,0,0,19,7,21,1,0,0,0,0,4,32,9,20,1,0,0,0,0,0,24,5,25,2,0,0,1,1,2,21,5,27,7,0,0,0,0,3,11,8,24,5,2,0,0,0,2,11,9,18,17,2,0,0,0,2,3,6,20,18,3,0,0,0,0,5,2,13,30,9,0,0,0,1,3,3,17,25,16,0,1,0,1,6,2,11,8,54,0,1,112Y
10014,臺東縣,10014120,海端鄉,10014120-006,加拿村,0,0,7,5,25,4,0,0,0,0,0,26,5,16,1,0,0,0,0,1,19,13,26,2,0,0,0,1,3,11,7,21,3,0,0,0,0,3,8,2,19,10,0,0,0,0,0,6,9,15,11,2,0,0,0,1,4,2,21,13,6,0,0,0,2,4,4,17,11,15,0,0,0,0,1,3,7,20,21,0,0,0,2,0,2,6,12,19,0,0,0,0,4,3,6,6,38,0,0,112Y
10014,臺東縣,10014130,延平鄉,10014130-001,武陵村,0,0,6,4,29,3,0,0,0,0,1,23,15,24,1,0,0,0,0,2,25,10,14,2,0,0,0,0,2,25,6,13,4,0,0,0,0,2,12,5,12,7,0,0,0,1,2,11,6,14,30,1,0,0,0,7,15,8,22,18,3,0,0,0,2,3,2,23,16,9,0,0,0,2,3,4,16,24,16,0,0,0,0,2,3,8,7,23,0,0,0,0,2,2,10,8,54,0,0,112Y
10014,臺東縣,10014130,延平鄉,10014130-002,永康村,0,0,3,7,10,0,0,0,0,0,0,13,7,7,1,0,0,0,0,0,8,3,15,1,0,0,0,0,1,8,3,6,1,0,0,0,0,3,11,5,8,2,0,0,0,0,2,3,6,10,5,1,0,0,1,1,5,4,15,6,1,0,0,0,0,5,4,13,25,1,0,0,0,3,2,0,7,16,9,0,0,0,0,1,0,4,7,7,0,0,0,2,0,2,6,4,18,0,1,112Y
10014,臺東縣,10014130,延平鄉,10014130-003,紅葉村,0,0,4,4,19,3,2,0,0,0,0,11,11,14,0,0,0,0,0,1,10,3,17,0,0,0,0,0,4,17,5,11,0,0,0,0,0,3,7,2,9,4,0,0,0,0,5,4,6,26,9,1,0,0,0,1,2,10,33,12,3,0,0,0,0,2,4,10,11,5,0,0,0,1,2,2,5,10,10,0,0,0,0,0,1,10,15,9,0,0,0,0,1,5,10,3,43,0,2,112Y
10014,臺東縣,10014130,延平鄉,10014130-004,鸞山村,0,0,3,2,15,0,0,0,0,0,0,28,12,19,0,0,0,0,0,3,21,6,29,2,0,0,0,0,1,12,2,17,2,0,0,0,0,3,11,6,11,8,0,0,0,1,4,6,9,30,15,2,0,0,0,0,5,10,23,16,3,0,0,0,3,4,7,20,18,5,0,0,0,0,5,4,19,24,11,0,0,0,2,3,2,9,20,12,0,0,0,1,1,2,11,6,63,0,2,112Y
10014,臺東縣,10014130,延平鄉,10014130-005,桃源村,0,0,10,12,39,1,5,0,0,0,1,34,26,31,2,0,0,0,0,7,46,18,27,2,0,0,0,1,8,34,14,34,5,1,0,0,2,2,31,13,33,13,1,0,0,0,5,12,18,38,16,2,0,0,0,10,19,8,46,22,6,0,1,1,7,7,9,40,23,12,0,1,1,3,6,12,27,19,20,0,0,0,3,5,13,20,25,22,0,0,0,2,6,8,23,10,73,0,0,112Y
10014,臺東縣,10014140,金峰鄉,10014140-001,新興村,0,0,4,9,22,2,0,0,0,0,0,24,9,19,0,0,0,0,0,1,29,12,19,0,0,0,0,0,1,21,8,16,2,0,0,0,0,3,13,8,14,7,0,0,0,0,3,5,8,32,7,1,0,1,1,3,6,5,19,5,0,0,0,0,5,8,7,18,14,0,0,0,0,4,8,5,16,26,2,0,0,0,2,1,1,15,11,17,0,0,0,1,1,1,11,10,53,0,0,112Y
10014,臺東縣,10014140,金峰鄉,10014140-002,正興村,0,0,5,8,19,2,1,0,0,0,0,29,15,19,2,0,0,0,0,1,26,12,14,0,0,0,0,0,4,30,11,16,1,2,0,0,0,3,19,3,11,1,4,0,0,0,4,7,6,26,3,0,0,0,0,3,11,5,22,4,0,0,0,0,1,5,5,28,12,2,0,0,0,2,9,4,27,21,4,0,0,1,0,8,1,24,28,11,0,0,0,0,8,5,14,15,45,0,0,112Y
10014,臺東縣,10014140,金峰鄉,10014140-003,嘉蘭村,0,0,20,11,63,8,0,0,0,0,0,54,21,48,2,0,0,0,0,2,38,24,53,1,0,0,0,0,2,54,13,41,5,0,0,0,0,2,28,10,48,12,1,0,0,0,4,12,19,55,26,2,0,0,1,3,12,14,43,30,4,0,0,0,3,13,16,52,35,10,0,0,0,0,3,6,34,54,24,0,0,0,1,3,4,26,15,41,0,0,0,4,4,3,25,24,125,0,0,112Y
10014,臺東縣,10014140,金峰鄉,10014140-004,賓茂村,0,0,2,4,12,0,0,0,0,0,0,6,8,9,0,0,0,0,0,0,12,1,10,1,0,0,0,0,2,7,2,18,0,0,0,0,0,1,2,1,12,2,0,0,0,0,0,2,2,19,8,0,0,0,0,1,2,5,12,5,1,0,0,0,6,2,1,10,7,1,0,0,0,1,5,1,13,14,3,0,0,0,0,1,4,12,16,7,0,0,0,2,4,2,12,8,31,0,0,112Y
10014,臺東縣,10014140,金峰鄉,10014140-005,歷坵村,0,0,2,2,13,0,0,0,0,0,0,11,5,14,0,0,0,0,0,1,9,3,11,1,0,0,0,0,3,14,3,20,1,0,0,0,0,1,5,3,13,0,0,0,0,0,0,6,6,12,10,1,0,0,0,0,2,2,15,6,0,0,0,0,0,3,2,9,6,0,0,0,0,0,0,3,8,16,10,0,0,0,0,0,4,14,14,13,0,0,0,0,3,1,7,9,32,0,0,112Y
10014,臺東縣,10014150,達仁鄉,10014150-001,台坂村,0,0,4,6,18,1,3,0,0,0,1,11,1,23,2,0,0,0,0,2,11,12,20,4,0,0,0,0,4,23,7,24,5,0,0,0,0,1,14,2,28,10,1,0,0,0,5,8,3,19,16,6,0,0,0,2,3,3,12,8,8,0,0,1,1,1,5,11,19,19,0,0,0,1,2,1,4,25,18,0,0,0,0,2,5,18,19,22,0,0,0,2,3,4,11,13,75,3,0,112Y
10014,臺東縣,10014150,達仁鄉,10014150-002,土坂村,0,0,8,7,33,3,0,0,1,0,1,25,17,25,0,0,0,0,0,1,33,10,30,6,0,0,0,1,1,25,8,36,1,0,0,0,0,3,13,6,28,6,3,0,0,1,2,15,10,32,12,8,0,0,0,2,12,13,23,28,20,0,0,1,2,6,9,15,35,27,0,1,0,1,4,2,16,34,30,0,0,0,0,4,3,8,23,32,0,0,0,1,2,3,17,9,101,0,0,112Y
10014,臺東縣,10014150,達仁鄉,10014150-003,新化村,0,0,1,2,14,2,0,0,0,0,0,12,4,13,1,0,0,0,0,1,7,5,15,1,0,0,0,0,0,10,0,11,0,0,0,0,0,2,5,1,16,2,1,0,0,0,1,2,3,9,4,3,0,0,0,1,3,8,19,8,1,0,0,0,1,3,3,15,14,2,0,1,0,0,1,3,9,16,6,0,0,0,0,3,3,14,13,6,0,0,0,0,1,0,11,4,53,0,0,112Y
10014,臺東縣,10014150,達仁鄉,10014150-004,安朔村,0,0,2,4,18,1,1,0,0,0,1,13,7,11,0,0,0,0,0,0,11,4,19,0,0,0,0,0,1,21,4,18,0,0,0,0,0,1,16,8,17,3,0,0,0,1,4,4,8,20,11,4,0,0,1,2,7,8,9,7,7,0,0,1,3,6,4,20,20,4,0,1,1,0,1,4,25,18,6,0,0,0,1,2,4,11,28,13,0,1,2,0,6,4,19,18,64,1,1,112Y
10014,臺東縣,10014150,達仁鄉,10014150-005,森永村,0,0,1,1,13,0,0,0,0,0,0,10,3,7,2,0,0,0,0,2,10,2,4,0,0,0,0,0,1,9,2,6,1,0,0,0,0,1,5,0,9,3,0,0,0,0,2,8,7,13,10,2,0,0,0,3,6,1,10,11,1,0,0,1,2,2,3,11,12,2,0,0,0,4,3,3,11,12,1,0,0,0,0,2,1,15,11,8,0,0,0,0,2,3,11,8,50,0,2,112Y
10014,臺東縣,10014150,達仁鄉,10014150-006,南田村,0,0,2,5,5,2,0,0,0,0,0,10,1,8,0,0,0,0,0,1,16,1,10,2,0,0,0,1,2,13,7,10,0,0,0,0,0,5,7,2,12,0,0,0,1,0,0,5,1,10,7,2,0,0,0,0,0,0,9,14,3,0,1,0,2,3,1,8,9,3,0,0,0,0,1,4,12,7,5,0,0,0,1,2,4,4,12,12,0,0,0,0,2,2,9,4,22,0,0,112Y
10014,臺東縣,10014160,蘭嶼鄉,10014160-001,東清村,0,0,13,9,55,8,3,0,0,0,1,78,8,45,1,0,0,0,0,5,80,12,61,0,0,0,0,1,5,70,3,52,5,0,0,0,0,5,45,10,55,19,1,0,0,0,6,25,15,70,35,3,0,0,0,2,25,6,67,25,3,0,0,0,2,14,11,62,32,7,0,0,0,0,5,4,25,51,7,0,0,0,0,7,1,14,49,20,0,0,0,1,0,4,10,21,112,0,1,112Y
10014,臺東縣,10014160,蘭嶼鄉,10014160-002,朗島村,0,0,12,1,36,1,0,0,0,0,1,40,4,24,0,0,0,0,0,4,56,11,34,3,0,0,0,0,2,57,8,33,3,0,0,0,0,9,18,6,55,2,1,0,0,0,3,11,6,39,18,1,0,0,1,1,8,9,27,30,0,0,0,0,1,5,3,20,29,1,0,0,0,1,2,1,17,29,0,0,0,0,1,3,3,5,33,3,0,0,0,0,0,0,4,2,84,0,1,112Y
10014,臺東縣,10014160,蘭嶼鄉,10014160-003,紅頭村,0,0,19,3,48,3,2,0,0,0,0,69,8,22,0,0,0,0,0,9,88,9,36,1,0,0,0,0,7,54,12,35,4,1,0,0,1,7,51,14,42,2,0,0,0,0,10,43,12,69,14,3,0,0,0,9,22,9,60,33,2,0,0,3,7,18,13,66,23,0,0,0,0,7,18,12,50,30,4,0,0,0,4,13,8,39,41,4,0,0,0,1,4,4,39,22,79,0,3,112Y
10014,臺東縣,10014160,蘭嶼鄉,10014160-004,椰油村,0,0,12,4,41,4,3,0,0,0,2,45,8,27,1,0,0,0,0,8,42,9,43,3,0,0,0,2,11,59,12,16,2,0,0,0,0,10,27,6,47,9,0,0,0,0,10,22,9,69,28,2,0,0,0,9,17,11,42,30,0,0,0,0,9,13,10,33,12,0,0,0,1,3,9,7,22,16,1,0,0,0,2,3,3,41,31,3,0,0,0,0,0,0,19,18,68,0,1,112Y
10014,臺東縣,10014010,臺東市,10014010-001,富岡里,0,0,24,17,81,7,1,0,0,0,3,69,22,45,3,0,0,0,0,15,78,14,50,3,0,0,0,0,6,76,13,64,6,0,0,0,0,2,34,11,86,10,1,0,0,1,8,29,24,89,36,2,0,1,0,7,21,29,88,56,5,0,0,0,7,21,17,84,60,5,0,1,1,4,13,12,88,84,21,0,0,0,4,5,9,68,95,31,0,4,2,0,9,14,77,85,337,5,22,113Y
10014,臺東縣,10014010,臺東市,10014010-003,岩灣里,0,0,24,8,60,6,0,0,0,0,4,88,22,32,0,0,0,0,1,10,137,28,46,1,0,0,0,0,26,102,10,33,6,0,0,0,2,32,79,10,44,9,1,0,0,0,27,53,40,73,19,1,0,0,1,36,48,43,82,33,4,0,0,2,29,44,45,94,39,6,0,0,0,27,33,36,79,52,6,0,0,1,16,17,32,84,45,13,0,1,3,15,37,26,96,59,145,0,13,113Y
10014,臺東縣,10014010,臺東市,10014010-004,南王里,0,0,21,13,79,13,0,0,0,0,8,113,33,46,0,2,0,0,1,25,134,39,66,2,0,0,0,1,26,143,28,61,2,0,0,0,0,19,87,17,75,11,2,0,0,6,31,79,28,76,20,6,0,0,2,23,38,47,115,20,6,0,1,3,16,26,52,108,30,6,0,0,1,15,22,45,110,63,7,1,1,1,14,28,24,103,61,25,0,0,1,5,31,46,151,90,270,2,11,113Y
10014,臺東縣,10014010,臺東市,10014010-005,卑南里,0,0,37,16,99,9,0,0,0,1,18,144,21,44,0,0,0,0,0,41,165,19,46,1,0,0,0,0,34,136,21,36,2,0,0,0,1,34,92,20,39,5,0,0,0,3,47,102,45,61,9,1,0,0,2,44,68,60,85,25,4,0,0,5,55,50,60,101,35,1,0,0,11,46,51,56,97,23,5,0,0,5,20,26,33,121,38,14,0,1,1,12,54,49,192,73,207,0,14,113Y
10014,臺東縣,10014010,臺東市,10014010-006,南榮里,0,0,30,14,90,9,0,0,0,0,8,96,20,57,2,0,0,0,0,19,116,26,87,5,0,0,0,1,22,91,14,68,6,0,0,0,1,25,72,9,57,10,0,0,0,2,17,74,25,65,21,3,0,0,4,31,33,42,91,32,7,0,1,3,26,40,43,99,60,5,0,0,2,14,22,30,85,68,19,0,0,2,12,25,17,86,72,28,0,0,4,12,41,48,136,78,238,5,15,113Y
10014,臺東縣,10014010,臺東市,10014010-007,新生里,0,0,43,18,106,16,0,0,0,0,15,149,31,37,3,2,0,0,0,36,170,21,53,5,0,0,0,1,40,174,20,63,3,1,0,0,1,33,124,22,62,5,0,0,0,4,41,112,40,78,13,4,0,0,4,48,66,48,74,22,6,0,0,5,45,44,69,105,31,7,0,0,8,35,50,59,144,55,2,0,0,3,33,39,50,125,44,10,0,0,1,24,101,89,215,90,203,2,11,113Y
10014,臺東縣,10014010,臺東市,10014010-008,民生里,0,0,24,9,72,5,0,0,0,0,6,95,16,36,1,0,0,0,0,26,109,15,31,0,0,0,0,2,33,119,7,25,4,0,0,0,0,44,100,14,35,6,0,0,0,4,45,86,47,52,14,1,0,0,1,31,67,49,68,17,8,0,0,2,22,44,44,100,24,5,0,0,2,20,39,38,95,30,5,0,1,1,11,21,30,117,30,8,0,0,1,17,90,103,267,93,167,0,16,113Y
10014,臺東縣,10014010,臺東市,10014010-009,寶桑里,0,0,15,10,39,5,1,0,0,0,1,45,12,23,2,0,0,0,0,6,43,13,34,1,0,0,0,0,8,48,10,21,0,0,0,0,1,9,42,10,29,2,0,0,0,0,6,37,20,38,10,3,0,0,3,3,23,21,57,19,3,0,0,0,3,18,17,49,26,1,0,1,1,7,10,21,50,30,2,0,0,1,5,7,11,58,41,9,0,0,0,7,13,18,93,67,137,1,9,113Y
10014,臺東縣,10014010,臺東市,10014010-010,馬蘭里,0,0,25,20,98,29,0,0,0,0,3,88,15,18,0,0,0,0,0,16,117,14,26,0,0,0,0,1,14,90,18,37,2,0,0,0,1,28,65,14,35,6,0,0,0,1,37,82,26,54,6,4,0,0,1,20,54,38,47,19,2,0,0,2,21,41,27,79,16,2,0,0,0,15,28,32,86,24,6,0,0,1,10,21,32,81,23,10,0,0,1,12,57,60,164,60,136,4,6,113Y
10014,臺東縣,10014010,臺東市,10014010-011,中心里,0,0,40,14,115,17,1,0,0,0,9,117,16,34,1,0,0,0,0,24,132,24,33,1,1,0,0,4,24,130,17,45,7,0,0,0,1,38,118,15,60,8,2,0,0,4,33,101,38,55,11,7,0,0,4,47,65,37,86,22,5,0,0,4,37,34,46,84,20,7,0,0,0,21,36,39,108,34,8,0,0,4,17,32,49,111,33,9,0,1,2,17,69,73,226,90,214,3,11,113Y
10014,臺東縣,10014010,臺東市,10014010-012,自強里,0,0,49,17,112,25,2,0,0,0,16,146,20,29,2,0,0,0,1,28,165,22,35,1,0,0,0,2,39,165,14,27,3,0,0,0,3,34,143,21,30,2,0,0,0,10,59,135,57,52,7,1,0,0,8,54,74,49,60,9,2,0,0,5,46,66,45,71,11,2,0,0,7,34,51,56,99,21,2,0,0,5,27,49,58,102,37,4,0,0,7,28,114,89,222,72,127,1,9,113Y
10014,臺東縣,10014010,臺東市,10014010-013,民族里,0,0,35,9,95,13,0,0,0,0,10,100,18,28,0,0,0,0,0,22,104,10,35,0,0,0,0,0,27,105,15,30,1,0,0,0,2,31,78,18,35,3,0,0,0,0,32,93,39,53,11,4,0,0,3,21,46,39,52,11,3,0,0,2,23,33,42,68,16,2,0,1,3,22,29,38,71,16,3,0,0,2,12,18,37,91,23,6,0,0,2,22,79,86,202,65,137,0,11,113Y
10014,臺東縣,10014010,臺東市,10014010-015,中華里,0,0,18,13,72,8,0,0,0,0,2,72,18,31,1,0,0,0,0,8,93,15,43,2,0,0,0,1,14,80,14,53,6,0,0,0,0,13,66,16,68,9,0,0,0,0,12,37,25,74,21,7,0,0,0,5,28,38,91,33,7,0,0,0,14,30,36,99,39,5,0,0,1,9,15,19,93,49,8,0,2,0,6,13,28,83,62,11,0,1,1,2,19,28,137,84,248,5,18,113Y
10014,臺東縣,10014010,臺東市,10014010-017,建國里,0,0,13,9,38,5,0,0,0,0,4,54,11,33,1,0,0,0,0,8,62,14,43,2,0,0,0,1,8,66,13,38,7,1,0,0,1,13,52,8,45,6,1,0,0,0,7,27,16,54,25,3,0,0,0,8,20,21,73,25,7,1,0,1,6,9,26,60,40,1,0,0,0,8,10,16,77,51,4,0,0,0,1,7,15,71,45,15,0,0,0,1,21,33,96,79,222,4,16,113Y
10014,臺東縣,10014010,臺東市,10014010-020,中正里,0,0,12,8,45,7,0,0,0,0,5,64,15,32,3,0,0,0,0,8,79,19,48,2,0,0,0,0,13,80,14,31,6,1,0,0,2,13,63,14,29,0,0,0,0,2,15,58,33,64,8,2,0,0,2,28,43,28,57,20,2,0,1,2,12,26,25,68,22,3,0,0,0,13,21,29,70,26,2,0,0,1,5,21,27,92,35,9,0,2,1,9,43,55,222,100,189,0,16,113Y
10014,臺東縣,10014010,臺東市,10014010-022,成功里,0,0,19,4,57,5,0,0,0,0,2,52,19,30,0,0,0,0,0,7,59,20,26,3,0,0,0,2,13,73,16,43,3,0,0,0,0,13,51,12,37,5,1,0,0,1,13,36,16,53,12,5,0,0,1,13,30,25,46,16,2,0,0,0,8,10,27,77,41,6,1,0,0,5,15,15,88,39,10,0,1,0,5,13,14,84,65,10,0,1,0,3,22,16,123,88,182,1,16,113Y
10014,臺東縣,10014010,臺東市,10014010-023,文化里,0,0,18,9,57,10,0,0,0,0,2,47,9,29,1,0,0,0,0,6,51,15,32,4,0,0,0,0,8,69,12,39,7,0,0,0,1,16,64,9,46,11,1,0,0,0,10,58,24,55,18,5,0,0,1,19,30,21,48,21,8,0,0,0,12,16,29,59,34,5,0,1,0,9,14,9,63,36,5,0,0,1,5,13,14,50,42,7,0,0,2,2,36,37,131,58,127,2,11,113Y
10014,臺東縣,10014010,臺東市,10014010-024,中山里,0,0,11,8,33,2,0,0,0,0,4,60,8,17,0,0,0,0,0,15,82,9,19,1,0,0,0,2,18,82,1,17,1,0,0,0,2,16,73,11,21,1,0,0,0,0,26,54,13,19,5,3,0,0,3,12,33,27,41,22,3,0,0,2,8,25,22,86,14,2,0,1,1,7,24,30,67,18,2,0,0,0,6,15,20,71,27,1,0,0,0,7,38,37,187,69,143,1,6,113Y
10014,臺東縣,10014010,臺東市,10014010-029,新園里,0,0,15,11,52,11,0,0,0,0,2,69,24,36,3,0,0,0,0,14,54,27,63,3,0,0,0,1,3,69,16,39,6,0,0,0,2,4,26,8,56,9,1,0,0,0,2,30,19,71,15,3,0,0,0,6,29,12,58,21,10,0,1,0,8,11,17,79,62,9,0,0,1,3,13,10,56,54,25,0,0,0,1,4,5,51,51,22,0,0,0,0,7,9,57,39,199,1,9,113Y
10014,臺東縣,10014010,臺東市,10014010-030,豐田里,0,0,32,16,77,5,1,0,0,0,4,98,22,47,1,0,0,0,0,15,103,23,53,2,0,0,0,1,17,108,29,60,6,0,0,0,0,21,92,21,59,13,3,0,0,0,16,44,30,85,22,3,0,0,2,11,36,36,91,30,3,0,0,3,8,27,36,115,40,3,0,0,0,6,18,23,87,54,4,0,0,0,5,13,10,81,61,25,0,0,0,4,17,18,82,77,244,1,23,113Y
10014,臺東縣,10014010,臺東市,10014010-031,豐年里,0,0,27,18,107,17,0,0,0,0,7,133,24,79,3,0,0,0,0,11,146,44,91,4,0,0,0,0,32,159,36,89,9,0,0,0,2,21,117,34,76,12,1,0,0,2,36,82,46,120,23,7,0,0,2,29,50,46,119,44,3,0,1,0,22,45,39,135,48,2,0,0,3,12,27,24,137,75,9,0,0,0,4,17,27,97,74,23,1,0,2,2,29,35,142,93,267,6,14,113Y
10014,臺東縣,10014010,臺東市,10014010-032,光明里,0,0,45,24,137,18,0,0,0,1,12,145,22,23,0,0,0,0,0,29,125,19,40,5,0,0,0,1,31,117,14,43,3,0,0,0,2,27,92,11,33,4,1,0,0,1,41,78,38,65,13,2,0,0,1,53,64,48,87,15,10,0,0,5,29,56,60,99,25,0,0,0,9,32,57,54,114,29,3,0,0,0,10,24,29,87,30,7,0,0,3,9,40,52,157,51,113,3,7,113Y
10014,臺東縣,10014010,臺東市,10014010-033,豐樂里,0,0,21,13,59,6,0,0,0,0,8,82,19,35,0,0,0,0,1,8,62,15,36,1,0,0,0,1,10,73,13,44,4,0,0,0,0,13,55,14,46,2,1,0,0,0,19,39,26,45,13,1,0,0,3,15,29,26,63,20,3,0,0,0,8,14,22,63,25,0,0,0,0,15,19,28,83,41,3,0,0,3,10,13,22,70,37,16,0,0,3,8,19,14,110,62,141,5,11,113Y
10014,臺東縣,10014010,臺東市,10014010-034,永樂里,0,0,43,17,109,12,0,0,0,0,14,142,35,45,3,1,0,0,0,24,130,29,62,4,1,0,0,2,24,100,17,42,1,0,0,0,1,21,76,18,50,11,1,0,0,4,33,49,38,72,15,3,0,0,3,41,46,39,80,27,4,0,0,5,32,34,44,99,37,6,0,0,3,24,27,38,100,57,6,0,0,1,8,33,17,96,77,19,0,0,7,9,39,40,102,82,207,2,19,113Y
10014,臺東縣,10014010,臺東市,10014010-035,康樂里,0,0,13,8,44,11,0,0,0,0,4,46,13,34,3,0,0,0,0,11,65,23,32,0,0,0,0,0,10,56,12,27,2,0,0,0,0,7,55,9,36,10,0,0,0,1,6,27,21,52,8,4,0,0,0,7,15,24,61,10,1,0,0,3,4,18,25,70,27,5,0,0,0,9,10,24,56,37,7,0,1,0,4,6,11,50,36,10,0,0,0,3,9,15,52,38,111,3,21,113Y
10014,臺東縣,10014010,臺東市,10014010-036,東海里,0,0,25,16,60,5,1,0,0,0,3,87,12,22,0,0,0,0,1,14,106,11,23,3,0,0,0,2,16,91,14,21,2,0,0,0,1,23,90,17,29,2,0,0,0,2,37,65,31,53,9,1,0,0,2,18,50,33,41,19,2,0,1,5,20,29,28,53,12,2,0,0,0,5,23,13,65,11,4,0,1,0,7,20,33,95,33,7,1,0,1,14,61,70,162,40,128,2,9,113Y
10014,臺東縣,10014010,臺東市,10014010-037,新興里,0,0,16,5,49,4,0,0,0,0,3,44,11,16,0,1,0,0,0,8,40,10,28,3,0,0,0,0,10,48,7,17,2,0,0,0,1,12,39,5,36,2,0,0,0,0,13,36,15,34,14,2,0,0,1,9,23,28,36,10,3,0,0,1,6,15,17,50,18,5,0,0,2,6,17,19,68,24,7,0,0,0,5,18,14,57,32,2,0,0,0,4,25,24,81,52,156,1,6,113Y
10014,臺東縣,10014010,臺東市,10014010-038,豐榮里,0,0,34,18,99,15,0,0,0,0,10,136,22,56,2,0,0,0,1,25,110,26,51,5,0,0,1,2,19,115,21,43,2,0,0,0,4,33,102,25,63,9,0,0,0,3,30,102,56,85,16,2,0,0,3,44,63,64,107,41,4,0,0,2,30,59,43,122,39,3,1,0,4,20,24,45,105,55,7,0,0,2,9,20,39,95,44,16,0,0,1,9,36,59,173,91,254,3,17,113Y
10014,臺東縣,10014010,臺東市,10014010-039,豐谷里,0,0,18,7,115,15,0,0,0,0,7,118,34,86,2,1,0,0,1,18,172,32,75,4,0,0,0,0,33,177,23,64,4,0,0,0,1,30,125,22,77,11,3,0,0,2,30,84,50,133,22,3,0,1,2,17,47,47,116,39,11,0,1,7,20,29,48,133,58,10,0,0,0,19,33,42,134,71,10,0,1,0,8,27,25,137,94,29,0,0,1,9,54,60,191,107,273,6,14,113Y
10014,臺東縣,10014010,臺東市,10014010-040,豐里里,0,0,15,9,96,7,0,0,0,0,6,74,26,51,3,0,0,0,1,23,88,23,53,3,0,0,0,0,13,132,21,59,9,0,0,0,1,16,63,16,56,9,4,0,0,0,16,34,30,78,40,3,0,0,2,13,23,28,73,26,5,0,0,2,19,19,23,92,51,8,0,0,0,11,19,27,91,75,12,0,1,1,8,13,16,78,73,20,0,0,2,6,15,23,92,73,223,3,21,113Y
10014,臺東縣,10014010,臺東市,10014010-041,豐原里,0,0,5,6,29,4,0,0,0,0,5,37,6,22,1,0,0,0,0,9,51,10,23,1,0,0,0,0,8,59,9,31,1,0,0,0,2,8,26,8,27,7,0,0,0,0,7,12,6,44,19,3,0,0,0,8,9,7,38,19,5,0,0,1,1,8,19,52,21,4,0,0,2,6,5,12,60,39,0,0,1,0,7,8,10,48,39,11,0,2,0,1,4,5,59,62,170,3,9,113Y
10014,臺東縣,10014010,臺東市,10014010-042,建和里,0,0,5,5,44,6,0,0,0,0,1,36,12,34,4,1,0,0,0,1,41,10,36,3,0,0,0,1,10,63,9,44,2,0,0,0,0,7,33,9,38,4,0,0,0,0,6,18,12,43,6,0,0,0,0,6,13,12,49,15,3,0,0,0,3,12,13,52,32,0,1,0,0,6,7,10,56,38,7,0,0,0,4,2,12,55,50,13,0,1,0,2,12,11,47,56,187,3,7,113Y
10014,臺東縣,10014010,臺東市,10014010-043,建興里,0,0,12,3,38,2,0,0,0,0,5,47,14,24,4,0,0,0,1,10,57,12,24,3,0,0,0,0,12,51,8,30,3,0,0,0,1,7,23,6,22,1,1,0,0,1,14,21,12,27,10,4,0,0,0,1,13,20,41,9,7,0,0,0,7,14,23,55,23,2,0,0,1,4,10,20,65,31,3,0,0,1,2,7,9,44,41,14,0,1,0,3,18,13,53,58,150,1,12,113Y
10014,臺東縣,10014010,臺東市,10014010-045,知本里,0,0,22,13,77,5,0,0,0,0,3,83,19,48,3,0,0,0,0,14,86,27,68,8,0,0,0,0,11,96,22,68,7,0,0,0,0,7,64,15,73,8,1,0,0,2,9,31,16,85,19,3,0,0,1,14,24,14,89,26,6,0,0,2,6,21,19,109,37,3,0,1,2,6,17,33,122,59,5,0,0,1,4,5,10,101,90,28,0,1,0,3,14,23,101,90,272,3,19,113Y
10014,臺東縣,10014010,臺東市,10014010-046,建農里,0,0,21,8,67,10,0,0,0,0,1,70,19,62,1,0,0,0,0,9,67,16,70,6,0,0,0,1,9,68,9,75,10,0,0,0,1,6,36,7,65,18,0,0,0,1,6,24,15,75,33,7,0,0,0,4,21,25,84,48,8,0,0,2,4,17,20,98,82,9,0,0,2,7,12,12,80,79,11,0,0,0,3,8,11,45,66,35,0,1,3,1,13,14,71,46,225,5,24,113Y
10014,臺東縣,10014010,臺東市,10014010-047,仁和里,0,0,29,8,85,13,0,0,0,0,5,129,24,40,1,0,0,0,0,16,120,28,43,1,0,0,0,1,35,120,18,47,4,0,0,0,1,29,131,26,59,5,0,0,1,3,39,93,30,85,16,3,0,0,2,28,55,44,85,34,7,0,0,3,29,43,43,97,34,8,0,1,2,30,42,43,123,43,6,1,1,0,9,28,40,140,64,14,0,0,0,20,66,69,243,101,217,3,15,113Y
10014,臺東縣,10014010,臺東市,10014010-048,豐安里,0,0,28,14,114,17,0,0,0,0,6,119,16,48,1,0,0,0,0,34,136,21,53,1,0,0,0,2,37,169,22,38,10,0,0,0,3,41,142,24,58,9,4,0,0,7,43,104,45,88,9,3,0,0,5,48,75,42,91,27,11,0,0,3,15,36,48,112,30,4,0,0,6,13,38,43,96,31,6,0,0,1,8,21,23,119,53,14,0,1,1,20,56,55,157,92,184,4,11,113Y
10014,臺東縣,10014010,臺東市,10014010-049,豐盛里,0,0,43,19,133,12,1,0,0,0,9,141,40,49,3,0,0,0,2,29,177,36,53,2,0,0,0,1,37,173,28,54,2,0,0,0,4,29,136,28,64,4,0,0,0,0,48,82,57,73,28,3,0,0,5,44,61,51,105,35,5,0,0,3,44,56,70,135,32,3,0,1,3,30,49,61,147,38,8,0,0,4,10,29,56,139,57,8,0,0,1,11,53,69,163,92,212,2,11,113Y
10014,臺東縣,10014020,成功鎮,10014020-001,博愛里,0,0,2,2,6,0,0,0,0,0,0,8,0,7,0,0,0,0,0,0,11,2,18,0,0,0,0,0,0,10,0,17,2,0,0,0,0,2,7,3,11,3,1,0,0,0,1,4,4,15,8,2,0,0,0,1,4,5,14,16,1,0,0,0,1,3,1,18,22,1,0,0,0,1,1,7,20,40,6,0,0,0,0,3,4,14,37,16,0,1,0,1,5,3,15,27,140,0,0,113Y
10014,臺東縣,10014020,成功鎮,10014020-002,忠孝里,0,0,2,5,25,3,0,0,0,0,0,11,3,18,1,0,0,0,0,0,20,2,24,0,0,0,0,0,1,17,7,26,3,0,0,0,0,2,16,1,17,5,2,0,0,0,0,13,10,21,21,4,0,0,0,1,10,7,31,28,2,0,0,0,2,3,10,24,33,2,0,1,0,1,5,8,26,38,15,0,0,1,1,2,1,31,35,27,0,0,0,0,6,5,22,50,173,1,1,113Y
10014,臺東縣,10014020,成功鎮,10014020-003,三仙里,0,0,14,6,31,2,1,0,0,0,0,34,9,20,1,0,0,0,0,2,38,11,39,3,1,0,0,0,3,39,3,33,8,0,0,0,0,1,21,3,31,7,2,0,0,0,1,16,6,43,29,14,0,0,0,1,3,9,32,55,16,0,0,0,3,15,5,28,69,16,0,0,0,2,2,7,24,46,32,0,0,0,0,3,5,18,53,62,0,3,0,1,1,4,32,46,250,2,6,113Y
10014,臺東縣,10014020,成功鎮,10014020-004,三民里,0,0,14,20,64,6,0,0,0,0,4,74,15,53,3,0,0,0,0,6,102,22,54,4,0,0,0,0,9,99,15,51,4,0,0,0,1,8,85,16,59,20,1,0,0,1,3,43,31,89,34,11,0,0,0,10,42,30,90,70,28,0,1,1,6,12,22,75,82,17,0,1,1,4,12,18,68,101,30,0,1,0,0,3,10,57,89,75,0,1,0,1,19,14,74,94,422,1,27,113Y
10014,臺東縣,10014020,成功鎮,10014020-005,忠智里,0,0,17,16,47,9,1,0,0,0,2,61,13,30,1,0,0,0,0,4,91,14,29,2,0,0,0,0,9,78,6,31,2,0,0,0,1,10,51,11,30,8,1,0,0,0,12,41,25,62,22,4,0,0,0,10,32,35,72,34,6,0,0,1,1,21,20,69,55,2,0,0,1,2,11,21,72,34,9,0,0,0,3,9,17,61,57,18,0,1,0,2,15,17,74,97,262,1,10,113Y
10014,臺東縣,10014020,成功鎮,10014020-006,忠仁里,0,0,19,18,56,8,0,0,0,0,2,71,14,50,0,0,0,0,0,8,57,13,41,4,0,0,0,0,5,67,6,37,3,0,0,0,0,2,63,21,42,10,1,0,0,1,6,29,34,63,31,7,0,0,0,7,28,27,78,40,14,0,1,0,6,13,21,84,59,10,0,0,1,6,7,20,67,67,22,0,0,0,2,2,19,59,77,40,0,2,0,4,11,14,85,129,297,3,5,113Y
10014,臺東縣,10014020,成功鎮,10014020-007,和平里,0,0,3,3,14,1,0,0,0,0,0,9,1,12,1,0,0,0,0,1,20,0,10,0,0,0,0,0,5,22,5,10,0,0,0,0,0,1,11,3,16,5,0,0,0,0,1,6,4,22,5,0,0,0,1,4,3,3,24,23,4,0,0,0,4,4,1,16,21,6,0,0,0,1,7,1,26,35,15,0,0,0,0,3,2,14,26,32,0,1,1,0,0,2,21,37,167,0,4,113Y
10014,臺東縣,10014020,成功鎮,10014020-008,信義里,0,0,8,7,41,4,3,0,0,0,2,40,9,34,3,0,0,0,0,2,51,6,30,0,0,0,0,0,4,54,3,36,4,0,0,0,0,4,33,4,36,19,1,0,0,0,5,27,17,46,26,8,0,0,0,4,23,21,57,40,18,0,0,0,5,13,14,47,68,25,0,0,1,4,6,10,47,76,48,0,0,0,3,9,10,30,68,68,0,0,0,1,14,14,64,80,323,0,4,113Y
10014,臺東縣,10014030,關山鎮,10014030-001,德高里,0,0,15,6,43,0,1,0,0,0,3,48,10,23,1,0,0,0,0,14,69,12,48,0,0,0,0,1,7,61,9,47,5,0,0,0,0,7,31,9,31,6,2,0,0,0,8,30,13,55,9,5,0,0,0,2,14,12,48,24,4,0,0,0,3,8,9,86,39,5,0,0,0,1,11,16,73,55,13,0,1,0,1,6,9,60,60,20,1,1,0,1,5,7,49,67,285,2,22,113Y
10014,臺東縣,10014030,關山鎮,10014030-002,豐泉里,0,0,9,3,28,5,0,0,0,0,3,47,10,15,2,0,0,0,0,10,57,6,26,0,0,0,0,0,10,42,4,14,2,0,0,0,1,8,33,6,27,4,1,0,0,0,8,32,14,37,7,0,0,0,0,6,17,11,31,14,1,1,0,0,8,16,10,42,14,4,0,0,0,6,6,20,51,10,6,0,0,0,2,7,7,42,27,9,0,0,0,3,14,27,69,47,124,1,9,113Y
10014,臺東縣,10014030,關山鎮,10014030-003,新福里,0,0,9,3,24,4,0,0,0,0,1,29,4,18,1,0,0,0,0,7,33,9,17,3,0,0,0,0,2,34,5,21,0,0,0,0,0,0,18,4,23,5,0,0,0,0,2,17,12,28,5,2,0,0,0,2,9,8,24,12,2,0,0,1,3,9,11,32,17,7,0,0,0,2,5,14,33,30,9,0,0,0,1,5,6,23,31,16,0,1,0,1,4,6,40,32,106,2,14,113Y
10014,臺東縣,10014030,關山鎮,10014030-004,中福里,0,0,10,2,19,4,0,0,0,0,0,24,4,5,0,0,0,0,0,3,25,4,11,0,0,0,0,0,3,36,0,12,0,0,0,0,0,6,22,3,8,2,0,0,0,0,7,20,7,14,6,1,0,0,0,3,22,11,17,5,1,0,0,1,3,4,9,20,6,2,0,0,2,5,9,12,26,10,3,0,0,0,1,11,5,37,10,1,0,0,0,3,15,9,86,42,74,3,6,113Y
10014,臺東縣,10014030,關山鎮,10014030-005,里壠里,0,0,15,9,39,5,0,0,0,0,1,48,9,23,1,0,0,0,1,9,61,10,30,3,0,0,0,0,9,52,3,34,3,0,0,0,1,9,38,5,36,7,1,0,0,1,8,36,14,44,7,2,0,0,1,11,39,21,51,17,3,0,0,0,11,21,14,64,16,4,0,0,0,1,21,15,62,32,11,0,0,1,3,12,13,61,38,15,0,0,0,4,34,25,115,66,164,1,17,113Y
10014,臺東縣,10014030,關山鎮,10014030-006,電光里,0,0,4,2,15,0,0,0,0,0,0,14,1,19,1,0,0,0,0,2,13,6,12,0,0,0,0,0,1,12,3,12,2,0,0,0,0,2,6,2,14,4,0,0,1,0,0,5,1,26,6,1,0,0,0,0,1,1,7,18,2,0,1,0,1,1,6,20,17,7,0,0,0,0,4,1,20,21,5,0,1,0,0,2,1,14,27,9,0,0,0,0,3,2,14,16,100,1,3,113Y
10014,臺東縣,10014030,關山鎮,10014030-007,月眉里,0,0,5,2,16,0,0,0,0,0,2,16,6,12,0,0,0,0,0,5,28,3,19,1,0,0,0,0,4,17,4,18,2,0,0,0,0,1,13,4,18,2,1,0,0,0,2,11,8,9,2,0,0,0,0,3,5,3,21,12,2,0,0,0,5,1,2,31,18,3,0,0,0,4,4,4,22,22,7,0,0,0,1,2,5,23,27,16,0,2,1,1,5,6,31,30,96,1,13,113Y
10014,臺東縣,10014040,卑南鄉,10014040-001,嘉豐村,0,0,1,2,19,1,0,0,0,0,0,6,2,12,0,0,0,0,0,1,10,6,20,2,0,0,0,0,1,7,3,17,1,0,0,0,1,1,9,6,21,7,0,0,0,0,0,5,4,20,10,2,0,0,0,1,2,2,12,13,4,0,0,0,0,0,0,4,25,2,0,0,0,0,0,1,17,19,6,0,0,0,2,2,4,12,21,13,0,1,0,1,0,4,6,13,71,3,3,113Y
10014,臺東縣,10014040,卑南鄉,10014040-002,利吉村,0,0,1,1,9,1,0,0,0,0,0,10,4,3,0,0,0,0,0,0,8,3,9,0,0,0,0,0,0,14,3,7,0,0,0,0,0,3,5,0,18,2,0,0,0,0,1,4,7,18,5,1,0,0,0,0,3,3,11,3,1,0,0,0,2,2,5,5,8,1,0,0,0,1,3,7,15,15,3,0,0,1,1,3,3,15,24,13,0,0,0,2,2,5,25,27,77,2,6,113Y
10014,臺東縣,10014040,卑南鄉,10014040-003,富山村,0,0,1,6,9,1,0,0,0,0,0,14,2,15,1,0,0,0,0,2,10,6,6,2,0,0,0,0,1,18,3,13,2,0,0,0,0,3,5,1,14,2,1,0,0,2,1,4,2,16,8,1,0,0,1,0,6,5,15,11,1,0,0,0,2,1,5,10,19,9,0,0,0,0,3,2,13,20,8,0,1,0,1,1,2,18,18,9,0,0,0,1,3,5,10,11,63,7,13,113Y
10014,臺東縣,10014040,卑南鄉,10014040-004,富源村,0,0,1,1,5,3,0,0,0,0,0,9,1,8,0,0,0,0,0,0,9,0,5,1,0,0,0,0,0,9,2,2,0,0,0,0,0,2,5,4,6,1,0,0,0,0,1,4,5,6,3,1,0,0,0,1,1,0,12,1,0,0,0,0,0,0,5,15,11,0,0,0,0,0,0,5,15,11,0,0,0,0,1,2,0,13,13,2,0,0,0,1,0,5,17,20,47,6,16,113Y
10014,臺東縣,10014040,卑南鄉,10014040-005,明峰村,0,0,6,8,35,1,0,0,0,0,1,24,6,29,1,0,0,0,0,4,32,4,27,3,0,0,0,0,3,33,5,23,2,0,0,0,0,5,26,9,26,5,0,0,0,0,5,18,14,39,14,2,0,0,0,4,7,14,43,12,3,0,0,0,6,7,15,57,20,2,0,0,0,0,4,5,49,40,12,0,1,0,0,6,2,40,36,22,0,0,0,2,10,17,67,44,139,11,22,113Y
10014,臺東縣,10014040,卑南鄉,10014040-006,初鹿村,0,0,11,4,40,3,2,0,0,0,2,43,12,29,0,0,0,0,0,4,40,7,33,1,1,0,0,1,4,38,3,23,1,0,0,0,0,5,13,7,31,3,0,0,0,0,3,17,14,48,17,6,0,1,0,3,12,15,45,29,5,0,0,0,9,10,11,61,25,4,0,0,0,5,8,10,39,40,6,0,0,0,2,10,5,28,41,15,1,1,0,3,13,15,65,39,144,6,20,113Y
10014,臺東縣,10014040,卑南鄉,10014040-007,美農村,0,0,5,7,20,0,1,0,0,0,3,38,10,14,3,0,0,0,0,4,31,12,25,3,1,0,0,0,7,39,8,20,3,0,0,0,0,4,17,3,15,8,0,0,0,0,7,16,8,22,18,0,0,0,0,0,12,6,42,22,2,0,0,2,1,11,7,64,17,0,0,0,1,2,6,14,49,37,6,0,0,1,2,6,7,38,30,12,0,0,0,2,6,16,58,39,137,2,19,113Y
10014,臺東縣,10014040,卑南鄉,10014040-008,賓朗村,0,0,24,16,71,9,1,0,0,0,4,64,28,46,5,1,0,0,0,12,92,20,57,2,0,0,0,1,12,74,15,43,1,0,0,0,0,9,55,10,43,3,2,0,0,0,10,32,17,58,17,7,0,0,0,9,25,28,67,30,2,0,1,1,13,26,19,93,34,7,0,0,0,3,30,17,86,61,10,0,1,0,5,15,9,97,70,19,0,0,1,7,35,27,120,84,252,21,19,113Y
10014,臺東縣,10014040,卑南鄉,10014040-009,泰安村,0,0,8,8,47,6,0,0,0,0,1,44,13,29,3,0,0,0,0,6,45,12,43,1,0,0,0,0,11,34,5,54,5,0,0,1,0,2,15,7,50,17,1,0,0,0,2,6,12,50,17,0,0,0,0,0,8,11,48,31,1,0,0,0,4,7,7,54,35,8,0,0,1,6,9,11,42,35,11,0,0,0,8,7,11,29,41,21,0,1,1,2,7,11,30,28,106,0,9,113Y
10014,臺東縣,10014040,卑南鄉,10014040-010,太平村,0,0,28,16,90,5,0,0,0,0,6,121,31,60,2,0,0,0,0,19,131,31,77,2,0,0,0,1,21,115,31,117,6,2,0,0,0,12,84,24,113,16,0,0,0,0,25,62,31,115,44,5,0,0,3,9,31,55,132,56,9,0,0,1,13,39,36,130,87,10,0,0,2,18,26,44,141,65,14,0,0,0,12,24,27,99,82,36,0,2,1,1,23,23,119,84,266,15,38,113Y
10014,臺東縣,10014040,卑南鄉,10014040-011,利嘉村,0,0,11,5,25,2,0,0,0,0,2,31,12,24,0,1,0,0,0,3,42,12,40,2,0,0,0,0,4,38,7,37,7,0,0,0,0,14,31,10,33,6,1,0,0,2,7,18,6,28,16,0,0,0,0,3,15,17,30,19,0,0,0,0,4,10,16,47,18,1,0,0,1,4,9,12,46,26,3,0,1,0,2,7,11,41,25,8,0,0,0,2,20,17,63,55,88,0,3,113Y
10014,臺東縣,10014040,卑南鄉,10014040-012,東興村,0,0,10,6,43,3,0,0,0,0,1,41,17,31,0,0,0,0,0,5,40,14,39,3,0,0,0,0,2,42,15,42,3,0,0,0,0,1,16,7,41,11,1,0,0,0,3,16,14,51,18,5,0,0,0,3,12,17,36,35,5,0,0,1,5,17,8,55,27,7,0,1,1,2,4,9,47,46,24,0,1,1,1,2,5,22,39,34,0,0,0,0,4,7,30,29,121,0,10,113Y
10014,臺東縣,10014040,卑南鄉,10014040-013,溫泉村,0,0,9,2,17,0,0,0,0,0,0,23,8,17,0,0,0,0,0,5,20,7,20,2,0,0,0,1,3,33,4,16,3,0,0,0,0,3,28,6,18,3,0,0,0,0,1,12,8,35,9,4,0,0,0,6,12,9,33,20,3,0,0,1,5,6,11,50,25,2,0,0,1,12,7,13,48,33,5,0,0,0,4,10,18,41,46,12,0,0,0,4,13,15,63,55,155,2,18,113Y
10014,臺東縣,10014050,鹿野鄉,10014050-001,瑞和村,0,0,0,0,21,0,0,0,0,0,0,17,4,18,0,0,0,0,0,0,13,3,32,0,0,0,0,0,5,20,6,24,2,0,0,0,0,2,8,2,15,6,0,0,0,0,1,12,5,23,14,3,0,0,0,1,4,3,29,12,2,0,0,1,2,5,4,27,12,1,0,0,0,1,1,1,32,25,10,0,0,0,1,1,2,21,23,11,0,1,0,2,6,4,20,22,90,0,4,113Y
10014,臺東縣,10014050,鹿野鄉,10014050-002,瑞豐村,0,0,5,3,23,1,0,0,0,0,3,45,6,17,2,0,0,0,0,4,29,6,15,0,0,0,0,0,1,13,5,13,0,0,0,0,0,0,17,2,19,4,1,0,0,0,3,8,10,23,16,3,0,0,0,3,8,18,31,17,5,2,0,0,4,6,10,38,20,3,0,0,0,0,4,6,32,30,1,0,0,0,0,7,7,28,27,7,0,1,0,1,11,6,30,33,130,3,31,113Y
10014,臺東縣,10014050,鹿野鄉,10014050-003,瑞源村,0,0,3,5,18,4,1,0,0,0,1,19,2,17,1,0,0,0,0,3,28,5,18,0,0,0,0,1,5,22,6,27,3,0,0,0,0,5,13,3,12,10,0,0,0,1,3,6,9,24,7,0,0,1,0,3,10,7,38,18,0,0,0,0,1,4,5,37,16,1,0,0,0,1,4,4,35,21,11,0,0,0,1,5,7,29,34,15,0,0,0,2,5,7,30,35,137,4,10,113Y
10014,臺東縣,10014050,鹿野鄉,10014050-004,永安村,0,0,9,7,25,1,0,0,0,0,3,44,20,21,0,0,0,0,0,3,48,12,34,1,0,0,0,0,0,46,12,37,2,0,0,0,0,4,31,6,28,5,1,0,0,0,5,23,17,45,20,2,1,1,1,8,9,14,51,28,3,0,0,2,6,12,7,55,37,5,0,0,0,3,18,14,55,53,10,0,0,2,5,8,10,49,60,21,0,0,0,4,17,14,60,43,182,1,13,113Y
10014,臺東縣,10014050,鹿野鄉,10014050-005,瑞隆村,0,0,6,3,30,2,0,0,0,0,0,30,10,24,0,0,0,0,0,1,26,6,19,0,0,0,0,0,1,21,8,23,6,0,0,0,0,2,21,5,14,10,3,0,0,0,2,6,3,25,9,4,0,1,0,6,11,8,23,21,1,0,0,0,3,4,8,30,17,5,0,0,0,0,8,13,31,29,11,0,0,0,0,3,2,19,34,14,0,0,0,0,3,11,37,34,137,1,8,113Y
10014,臺東縣,10014050,鹿野鄉,10014050-006,鹿野村,0,0,9,14,19,1,1,0,0,0,0,34,6,18,0,0,0,0,0,4,34,8,19,2,0,0,0,0,3,43,3,20,1,0,0,0,0,2,17,4,21,8,0,0,0,0,3,12,10,26,10,3,0,0,0,7,7,9,29,18,2,0,0,0,2,11,10,34,21,1,0,0,0,3,8,13,43,47,5,0,1,2,1,4,9,35,43,6,0,1,1,0,11,16,57,45,138,2,10,113Y
10014,臺東縣,10014050,鹿野鄉,10014050-007,龍田村,0,0,8,4,34,3,0,0,0,0,2,29,12,15,1,0,0,0,0,4,28,6,22,1,0,0,0,0,8,31,2,12,1,0,0,0,0,7,19,8,20,4,0,0,0,0,9,17,13,38,10,1,0,0,0,5,11,4,35,6,6,0,0,0,6,8,9,46,18,1,0,0,0,5,9,10,48,38,5,0,0,1,2,4,14,27,37,9,0,0,0,2,16,16,46,29,159,1,25,113Y
10014,臺東縣,10014060,池上鄉,10014060-001,福文村,0,0,10,7,29,4,0,0,0,0,0,31,12,27,0,0,0,0,0,4,34,9,28,2,0,0,0,0,4,37,3,30,5,0,0,0,0,0,19,3,28,5,0,0,0,1,1,11,9,33,5,5,0,0,0,0,12,11,46,17,7,0,0,0,4,12,13,54,31,6,0,0,0,2,7,4,43,25,9,0,1,0,1,5,8,34,39,7,0,1,0,2,8,9,45,41,163,0,15,113Y
10014,臺東縣,10014060,池上鄉,10014060-002,慶豐村,0,0,1,3,10,1,0,0,0,0,0,20,7,14,0,0,0,0,0,3,26,3,15,0,1,0,0,0,3,15,1,14,4,0,0,0,0,0,12,7,16,3,0,0,0,0,3,11,3,23,5,0,0,0,0,3,6,12,33,8,0,0,0,0,0,2,6,32,11,1,0,0,0,3,3,6,25,18,4,0,0,0,1,3,1,28,24,5,0,0,0,0,1,7,23,43,102,0,9,113Y
10014,臺東縣,10014060,池上鄉,10014060-003,大坡村,0,0,0,1,3,1,0,0,0,0,2,3,2,6,0,0,0,0,0,0,11,2,3,2,0,0,0,0,0,15,0,8,1,0,0,0,0,0,4,4,6,1,0,0,0,0,0,5,4,15,1,1,0,0,0,0,1,1,11,10,0,0,0,0,0,3,3,8,5,1,0,1,0,0,2,1,13,6,1,0,0,0,0,1,1,6,21,6,0,1,0,0,3,0,21,24,61,0,7,113Y
10014,臺東縣,10014060,池上鄉,10014060-004,大埔村,0,0,5,5,15,2,0,0,0,0,0,22,7,11,0,0,0,0,0,1,28,4,13,1,0,0,0,0,3,34,5,8,2,0,0,0,0,3,13,4,14,2,0,0,0,1,4,17,11,22,7,1,0,0,1,5,9,11,22,13,0,0,0,0,1,8,5,26,21,4,0,0,0,2,11,5,31,19,2,0,1,0,2,1,4,20,30,6,0,0,0,1,10,8,41,48,127,1,8,113Y
10014,臺東縣,10014060,池上鄉,10014060-005,福原村,0,0,12,19,42,7,0,0,0,0,7,79,20,24,0,1,0,0,1,18,72,13,27,0,0,0,0,0,11,106,11,34,0,1,0,0,0,20,47,7,36,8,2,0,0,2,13,56,26,45,5,1,0,0,0,11,30,29,61,20,4,0,0,0,10,30,32,79,23,5,0,0,1,4,11,22,75,37,5,1,0,0,2,10,26,81,46,14,0,0,0,2,25,30,118,101,198,6,18,113Y
10014,臺東縣,10014060,池上鄉,10014060-006,錦園村,0,0,0,2,8,1,0,0,0,0,1,7,2,4,1,0,0,0,0,1,10,1,4,0,0,0,0,0,1,7,0,3,0,0,0,0,0,1,10,1,6,0,0,0,0,0,1,8,3,5,3,0,0,0,0,1,4,4,7,3,1,0,0,0,0,1,1,24,4,0,0,0,0,0,0,2,18,9,0,0,0,0,1,2,2,20,16,2,0,0,0,1,2,3,19,18,50,2,5,113Y
10014,臺東縣,10014060,池上鄉,10014060-007,新興村,0,0,5,1,14,1,0,0,0,0,1,27,11,10,1,0,0,0,0,3,24,7,15,1,0,0,0,1,2,38,6,13,1,0,0,0,0,3,12,2,20,5,2,0,0,1,3,9,4,26,9,2,0,0,0,4,4,9,32,27,2,0,0,0,3,6,10,54,16,4,0,1,0,1,0,7,40,14,2,0,0,0,1,6,4,29,25,9,0,0,0,1,2,8,34,34,145,0,11,113Y
10014,臺東縣,10014060,池上鄉,10014060-008,萬安村,0,0,1,1,4,2,0,0,0,0,0,9,2,7,0,0,0,0,0,0,7,2,6,0,0,0,0,0,1,12,1,5,0,0,0,0,0,1,6,1,6,0,0,1,0,0,2,4,1,11,1,1,0,0,0,0,3,8,12,2,0,0,1,0,1,3,0,12,2,2,0,0,0,1,1,2,15,9,1,0,1,0,0,0,3,20,15,4,0,1,0,0,1,1,7,17,51,1,8,113Y
10014,臺東縣,10014060,池上鄉,10014060-009,富興村,0,0,1,2,9,0,0,0,0,0,0,9,0,15,0,0,0,0,0,2,12,2,15,2,0,0,0,0,1,4,0,10,0,0,0,0,0,2,3,1,4,0,0,0,0,0,2,3,2,19,1,0,0,0,0,0,1,2,20,10,2,0,0,1,1,0,1,16,9,2,0,0,0,0,1,5,12,11,5,0,0,0,1,1,2,14,12,12,0,0,0,1,3,2,16,19,54,2,9,113Y
10014,臺東縣,10014060,池上鄉,10014060-010,振興村,0,0,1,2,9,1,0,0,0,0,0,8,3,15,1,0,0,0,0,0,6,5,18,1,0,0,0,0,2,9,2,19,1,0,0,0,0,1,6,1,15,3,2,0,0,0,3,5,1,22,3,4,0,0,0,2,1,3,16,9,1,0,0,0,1,4,5,14,17,4,0,0,0,1,0,4,11,18,7,0,1,0,0,0,2,9,12,13,0,0,0,0,2,1,8,12,74,0,10,113Y
10014,臺東縣,10014070,東河鄉,10014070-001,北源村,0,0,3,7,23,3,0,0,0,0,1,18,11,25,3,0,0,0,0,4,30,7,25,5,0,0,0,0,2,29,5,30,5,0,0,0,0,2,18,6,40,11,1,0,0,0,2,17,12,71,26,5,0,0,0,1,14,20,61,51,4,0,0,0,2,6,10,63,57,8,0,2,0,1,7,14,62,60,24,0,2,1,0,4,5,42,63,31,0,0,0,1,5,6,44,65,278,3,11,113Y
10014,臺東縣,10014070,東河鄉,10014070-002,泰源村,0,0,3,6,30,4,2,0,0,0,1,20,7,23,0,0,0,0,0,3,43,4,28,3,0,0,0,0,3,21,6,15,6,0,0,0,0,2,12,4,41,7,1,0,0,1,1,15,5,39,26,4,0,0,0,4,7,7,38,32,4,0,0,1,1,4,8,50,29,15,0,1,0,2,7,7,37,27,32,1,1,0,1,5,0,19,42,45,0,1,0,1,3,9,20,52,224,1,8,113Y
10014,臺東縣,10014070,東河鄉,10014070-003,東河村,0,0,6,5,17,2,0,0,0,0,0,18,6,14,0,1,0,0,0,5,30,7,20,1,0,0,0,0,2,36,7,14,0,0,0,0,0,3,21,2,12,6,0,0,0,0,6,20,16,39,9,0,0,0,0,0,4,8,44,25,0,0,0,2,1,7,18,60,26,2,0,0,1,2,3,12,49,31,4,0,1,0,4,3,4,32,36,7,0,0,0,0,11,6,37,75,126,0,3,113Y
10014,臺東縣,10014070,東河鄉,10014070-004,尚德村,0,0,2,2,6,1,0,0,0,0,0,7,0,8,0,0,0,0,0,0,6,1,4,0,0,0,0,0,0,0,0,4,1,0,0,0,0,0,1,1,9,2,0,0,0,0,0,5,0,10,4,0,0,0,0,0,2,4,9,5,1,0,0,0,0,1,0,7,6,0,0,0,0,2,2,3,12,11,3,0,0,0,0,2,2,6,12,3,0,0,0,0,0,2,8,9,43,3,3,113Y
10014,臺東縣,10014070,東河鄉,10014070-005,隆昌村,0,0,3,1,13,1,0,0,0,0,1,7,2,6,0,0,0,0,0,1,9,3,4,0,0,0,0,0,1,19,1,8,0,0,0,0,0,4,9,1,8,2,0,0,0,0,1,3,2,12,2,1,0,0,0,0,4,3,18,5,2,0,0,0,1,9,10,24,11,0,0,0,1,2,3,8,22,16,2,0,1,1,1,5,1,22,18,2,0,0,0,2,10,5,17,32,104,0,6,113Y
10014,臺東縣,10014070,東河鄉,10014070-006,興昌村,0,0,7,7,25,3,0,0,0,0,0,29,0,12,1,0,0,0,0,4,16,5,20,1,0,0,0,0,4,24,5,14,0,0,0,0,1,5,16,3,9,3,0,0,0,1,5,15,5,17,9,2,0,0,1,5,11,14,36,16,3,0,0,0,4,13,8,44,31,1,0,0,0,9,13,5,30,30,5,0,0,1,2,4,7,25,38,14,0,1,2,2,6,10,40,37,189,0,12,113Y
10014,臺東縣,10014070,東河鄉,10014070-007,都蘭村,0,0,11,7,56,2,1,0,0,0,3,52,11,38,1,0,0,0,0,5,68,9,38,3,0,0,0,0,4,59,4,34,2,0,0,0,0,10,47,11,54,6,1,0,0,2,9,37,17,78,29,2,0,0,1,16,31,27,77,38,1,0,0,1,6,21,23,74,51,2,0,0,1,7,13,25,74,57,15,0,1,1,6,12,16,69,95,11,0,1,3,7,26,15,84,121,320,4,16,113Y
10014,臺東縣,10014080,長濱鄉,10014080-001,樟原村,0,0,3,1,4,1,0,0,0,0,1,9,3,13,0,0,0,0,0,2,9,6,17,1,0,0,0,0,1,12,2,13,0,0,0,0,0,1,3,2,8,0,0,0,0,0,0,5,1,11,8,3,0,0,0,1,2,0,11,22,3,0,0,0,0,6,4,19,32,0,0,0,0,1,2,4,18,32,6,0,0,0,2,1,3,18,20,12,0,0,0,2,10,3,8,25,143,0,1,113Y
10014,臺東縣,10014080,長濱鄉,10014080-002,三間村,0,0,6,5,29,4,0,0,0,0,1,19,7,17,1,0,0,0,1,0,17,2,32,3,0,0,0,0,0,19,2,16,1,1,0,0,1,0,15,9,16,3,0,0,0,0,3,13,14,34,17,2,0,0,2,1,8,9,38,33,3,0,0,0,6,9,8,40,37,9,0,0,0,5,5,7,29,51,25,0,0,1,1,4,9,31,47,48,0,1,0,1,14,7,26,49,241,2,6,113Y
10014,臺東縣,10014080,長濱鄉,10014080-003,忠勇村,0,0,0,6,18,5,0,0,0,0,0,4,7,14,0,0,0,0,0,0,17,5,8,0,0,0,0,0,0,5,1,17,2,0,0,0,0,1,6,2,10,5,0,0,0,0,1,5,2,22,7,0,0,0,0,4,4,1,14,23,1,0,0,1,0,2,4,22,23,3,0,0,0,3,1,4,17,23,9,0,0,0,1,1,2,10,26,12,0,0,0,1,5,3,11,15,100,0,2,113Y
10014,臺東縣,10014080,長濱鄉,10014080-004,長濱村,0,0,16,12,51,5,0,0,0,0,1,43,14,34,4,0,0,0,0,3,56,10,43,1,0,0,0,0,8,65,4,39,8,0,0,0,0,4,43,10,43,8,1,0,0,0,10,30,16,65,19,6,0,1,0,6,16,15,47,63,7,0,0,1,3,13,16,76,63,10,0,1,0,4,17,17,66,86,18,0,1,2,4,13,16,68,87,28,0,0,0,3,20,12,67,76,325,1,6,113Y
10014,臺東縣,10014080,長濱鄉,10014080-005,竹湖村,0,0,4,3,9,7,0,0,0,0,2,14,3,12,2,0,0,0,0,2,19,1,9,0,0,0,0,0,2,20,3,10,1,1,0,0,0,0,16,6,16,7,0,0,0,0,0,11,3,43,5,1,0,0,0,6,9,3,29,30,5,0,0,0,3,2,4,23,34,4,0,0,1,2,9,1,23,44,14,0,1,0,3,0,5,19,54,22,0,0,0,2,4,2,20,40,193,0,4,113Y
10014,臺東縣,10014080,長濱鄉,10014080-006,寧埔村,0,0,3,2,21,5,0,0,0,0,0,22,5,13,0,0,0,0,0,2,20,4,15,1,0,0,0,1,3,34,7,26,1,0,0,0,0,3,18,2,27,3,2,0,0,1,1,11,6,35,28,1,0,0,0,2,16,8,28,46,2,0,0,0,6,5,10,30,47,6,0,0,0,4,6,6,44,64,21,0,0,0,1,3,2,28,52,34,0,0,0,0,6,4,36,57,263,0,1,113Y
10014,臺東縣,10014090,太麻里鄉,10014090-001,美和村,0,0,22,8,35,2,0,0,0,0,0,48,13,31,0,0,0,0,0,4,37,8,39,7,0,0,0,0,6,30,6,34,3,1,0,0,0,5,32,12,37,7,1,0,0,0,5,21,11,51,18,2,0,0,0,2,10,11,56,27,3,0,0,1,5,3,17,58,36,5,0,2,0,1,4,11,46,43,11,0,0,0,0,1,4,39,53,19,0,0,0,1,2,6,35,32,214,0,9,113Y
10014,臺東縣,10014090,太麻里鄉,10014090-002,三和村,0,0,2,4,18,1,0,0,0,0,0,15,3,4,1,1,0,0,1,4,25,3,7,2,0,0,0,0,1,17,3,11,0,0,0,0,0,0,10,1,8,6,3,0,0,0,1,14,6,27,8,1,0,0,0,1,3,7,16,14,2,0,0,0,1,3,9,28,16,0,0,0,0,2,2,6,23,21,3,0,0,0,0,3,2,20,17,11,0,0,0,1,1,2,10,27,101,0,7,113Y
10014,臺東縣,10014090,太麻里鄉,10014090-003,華源村,0,0,3,2,7,1,0,0,0,0,2,18,1,8,0,0,0,0,0,3,24,3,7,3,0,0,0,0,0,16,3,6,1,0,0,0,0,0,9,2,9,2,0,0,0,0,0,5,7,23,5,0,0,0,0,4,5,7,20,7,1,0,0,0,3,9,2,27,13,2,0,0,0,2,4,9,24,30,3,0,0,0,0,1,5,10,25,10,0,1,0,0,1,6,16,19,120,1,22,113Y
10014,臺東縣,10014090,太麻里鄉,10014090-004,北里村,0,0,4,2,11,1,0,0,0,0,0,8,7,9,1,1,0,0,0,1,14,6,18,2,0,0,0,0,2,11,6,24,1,0,0,0,0,2,5,3,18,4,0,0,0,0,1,8,7,21,8,1,0,0,0,1,4,2,25,14,2,0,0,0,0,6,3,24,11,3,0,0,0,1,3,2,13,16,3,0,0,0,1,4,2,23,24,5,0,0,0,0,5,4,30,27,92,0,5,113Y
10014,臺東縣,10014090,太麻里鄉,10014090-005,泰和村,0,0,18,5,36,5,0,0,0,0,2,40,13,16,0,0,0,0,0,5,67,14,24,0,0,0,0,1,7,65,8,25,3,0,0,0,1,5,47,10,20,5,0,0,0,0,7,35,15,36,15,2,0,0,0,8,16,22,36,26,0,0,0,0,3,12,16,59,24,1,0,0,0,1,6,15,52,36,5,0,0,0,2,4,6,49,35,17,0,1,0,2,12,15,59,56,198,2,23,113Y
10014,臺東縣,10014090,太麻里鄉,10014090-006,大王村,0,0,18,22,60,6,0,0,0,0,1,53,25,29,3,0,0,0,0,7,60,12,31,3,0,0,0,0,7,51,11,42,3,0,0,0,1,9,35,11,38,9,2,0,0,2,11,36,23,61,19,2,0,0,1,6,23,13,65,29,2,0,0,1,6,19,20,81,28,2,0,0,0,4,7,12,76,37,12,0,0,0,2,10,14,53,57,22,0,4,0,3,17,15,78,74,282,6,27,113Y
10014,臺東縣,10014090,太麻里鄉,10014090-007,香蘭村,0,0,2,4,21,2,1,0,0,0,0,18,11,12,1,1,0,0,0,1,19,5,21,2,0,0,0,1,2,26,3,19,2,0,0,0,1,3,17,5,24,5,0,0,0,0,3,8,10,34,9,0,0,1,0,1,6,7,27,11,1,0,0,0,2,7,1,25,18,2,0,0,0,3,3,8,44,28,3,0,0,1,2,2,2,22,39,17,0,1,0,1,2,1,19,32,135,2,15,113Y
10014,臺東縣,10014090,太麻里鄉,10014090-008,金崙村,0,0,14,18,53,7,0,0,0,0,2,46,24,64,2,0,0,0,0,5,45,26,46,1,0,0,0,0,3,57,16,74,5,0,0,0,0,1,29,14,70,11,0,0,0,0,4,18,22,84,26,4,0,0,0,4,13,15,73,53,2,0,0,1,1,12,15,75,48,8,0,0,1,0,7,10,66,60,32,0,1,0,2,8,6,48,65,47,0,2,0,0,8,5,51,57,207,2,6,113Y
10014,臺東縣,10014090,太麻里鄉,10014090-009,多良村,0,0,8,7,26,4,0,0,0,0,0,9,11,40,0,0,0,0,0,1,18,10,35,1,0,0,0,0,1,20,8,39,5,0,0,0,0,1,10,4,35,5,0,0,1,0,0,9,6,45,18,0,0,1,1,2,4,10,23,48,3,0,1,0,1,5,5,32,35,10,0,0,0,2,3,4,19,26,23,0,1,0,1,4,1,18,32,38,1,1,0,0,1,8,28,16,127,3,11,113Y
10014,臺東縣,10014100,大武鄉,10014100-001,大竹村,0,0,12,7,27,4,0,0,0,0,0,23,7,22,1,0,0,0,0,0,17,4,19,2,0,0,0,1,1,21,3,17,1,0,0,0,0,0,16,6,29,8,2,0,0,0,1,21,5,36,13,2,0,0,0,2,13,15,29,14,4,0,0,0,2,6,9,16,10,5,0,0,0,1,2,0,11,28,25,0,0,0,0,0,2,17,22,29,0,0,0,0,3,7,14,28,113,1,4,113Y
10014,臺東縣,10014100,大武鄉,10014100-002,大鳥村,0,0,11,10,41,6,0,0,0,0,0,31,20,24,0,0,0,0,0,2,30,17,43,6,0,0,0,0,2,35,8,36,8,0,0,0,1,1,15,10,47,17,1,0,0,0,0,12,10,44,26,3,0,0,0,1,12,13,32,22,4,0,0,0,2,5,6,28,39,11,0,0,1,1,4,4,21,60,12,0,0,0,0,4,3,20,48,26,0,1,1,1,4,4,25,38,115,0,2,113Y
10014,臺東縣,10014100,大武鄉,10014100-003,大武村,0,0,12,10,25,4,0,0,0,0,0,33,22,25,1,1,0,0,0,7,35,11,13,0,0,0,0,1,10,43,4,32,2,0,0,0,0,7,35,6,41,6,1,0,0,0,4,19,19,41,17,2,0,0,0,10,16,17,52,20,1,0,0,1,3,11,14,48,36,2,0,0,0,3,8,6,39,35,18,0,0,0,4,4,7,43,46,26,0,0,0,0,11,10,44,53,160,0,7,113Y
10014,臺東縣,10014100,大武鄉,10014100-004,尚武村,0,0,8,7,20,2,0,0,0,0,1,31,14,15,1,0,0,0,0,1,41,10,38,2,0,0,0,1,8,28,5,29,3,0,0,0,1,1,25,7,38,12,0,0,0,1,3,25,18,40,16,3,0,0,0,6,15,25,56,26,1,0,0,0,4,7,6,52,42,2,0,0,2,1,3,16,50,49,11,0,0,0,0,7,7,37,45,31,0,1,0,3,10,12,51,64,180,2,19,113Y
10014,臺東縣,10014100,大武鄉,10014100-005,南興村,0,0,3,3,7,2,0,0,0,0,0,10,11,17,0,0,0,0,0,1,10,5,10,1,0,0,0,0,2,13,3,13,2,0,0,0,0,2,14,3,12,3,0,0,1,1,3,8,10,21,6,2,0,0,0,3,7,12,27,14,1,0,0,0,0,1,6,26,8,1,0,0,0,0,2,5,23,14,9,0,1,0,1,2,5,18,20,12,0,0,0,0,8,9,23,23,54,2,5,113Y
10014,臺東縣,10014110,綠島鄉,10014110-001,公館村,0,0,10,6,31,2,1,0,0,0,0,43,12,22,1,0,0,0,0,8,98,8,23,3,0,0,0,1,22,70,7,20,3,0,0,0,1,15,45,7,24,1,0,0,0,0,7,33,8,38,12,0,0,0,0,8,32,26,43,13,1,0,0,1,9,18,17,40,23,2,0,0,0,6,6,10,27,14,2,0,0,0,4,5,3,23,12,19,0,0,0,2,5,5,33,22,95,1,4,113Y
10014,臺東縣,10014110,綠島鄉,10014110-002,中寮村,0,0,6,4,22,7,0,0,0,0,2,40,9,16,2,0,0,0,1,7,74,8,25,4,0,0,0,0,15,80,10,28,2,0,0,0,0,15,46,15,34,2,1,0,0,1,14,34,13,29,11,1,0,0,0,6,9,14,45,16,0,0,0,0,4,16,16,41,16,2,0,0,0,9,11,14,35,20,8,0,0,0,2,10,11,32,20,13,0,0,0,4,10,5,36,19,107,0,3,113Y
10014,臺東縣,10014110,綠島鄉,10014110-003,南寮村,0,0,10,5,35,6,0,0,0,0,4,72,33,28,0,1,0,0,1,15,147,22,34,0,0,0,0,0,15,128,17,43,1,1,0,0,0,12,87,19,59,3,0,0,0,1,3,41,31,70,6,0,0,0,2,13,24,29,69,22,2,0,0,1,6,15,30,68,26,0,1,0,0,7,10,20,67,28,4,0,0,1,3,5,14,46,31,18,0,2,0,0,13,14,52,28,152,0,2,113Y
10014,臺東縣,10014120,海端鄉,10014120-001,廣原村,0,0,8,18,39,4,0,0,0,0,2,31,14,22,1,0,0,0,0,4,31,11,16,0,0,0,0,0,3,32,5,35,2,0,0,0,0,2,19,7,24,13,1,0,0,0,1,17,12,34,11,0,0,0,0,2,8,15,30,18,2,0,0,1,2,3,5,33,15,10,0,0,0,2,3,6,17,21,15,0,0,0,0,3,4,13,9,30,0,0,0,0,0,0,15,13,67,1,1,113Y
10014,臺東縣,10014120,海端鄉,10014120-002,霧鹿村,0,0,1,2,19,2,1,0,0,0,0,18,1,7,1,0,0,0,0,1,12,5,12,1,0,0,0,0,2,10,1,13,0,0,0,0,1,1,3,4,13,3,0,0,0,0,0,3,3,16,8,1,0,0,0,1,3,1,9,6,1,0,0,0,0,3,3,11,7,1,0,0,0,0,2,3,12,5,6,0,0,0,0,0,1,3,5,6,0,0,0,0,3,2,7,4,26,0,0,113Y
10014,臺東縣,10014120,海端鄉,10014120-003,利稻村,0,0,9,3,18,2,0,0,0,0,0,8,7,14,0,0,0,0,0,3,8,5,8,1,0,0,0,0,1,11,5,12,0,0,0,0,0,2,8,2,17,3,0,0,0,0,0,7,5,15,6,0,0,0,1,3,3,7,6,3,2,0,0,0,3,3,5,6,6,9,0,0,0,0,0,2,8,3,3,0,0,0,0,0,1,5,4,3,0,0,0,0,2,2,8,3,24,0,0,113Y
10014,臺東縣,10014120,海端鄉,10014120-004,海端村,0,0,11,12,48,7,0,0,0,0,0,33,18,38,0,0,0,0,0,7,37,15,39,5,0,0,0,0,1,43,12,27,1,0,0,0,1,4,31,10,45,9,0,0,0,1,5,21,13,44,11,4,0,0,0,9,11,16,53,18,3,0,0,0,1,3,10,28,32,7,0,1,0,0,7,2,25,15,17,0,0,0,2,6,4,22,17,21,0,0,0,1,7,8,18,18,89,0,1,113Y
10014,臺東縣,10014120,海端鄉,10014120-005,崁頂村,0,0,10,6,38,3,1,0,0,0,0,17,8,18,0,0,0,0,0,4,27,10,19,1,0,0,0,0,2,24,4,23,2,0,0,1,1,3,22,8,27,6,0,0,0,0,3,13,6,21,7,1,0,0,0,4,8,9,21,13,2,0,0,0,2,7,9,19,16,3,0,0,0,0,4,3,16,28,6,0,0,0,2,4,2,18,23,13,0,1,0,1,6,3,12,14,58,0,0,113Y
10014,臺東縣,10014120,海端鄉,10014120-006,加拿村,0,0,7,6,27,5,0,0,0,0,0,25,4,15,1,0,0,0,0,0,21,10,23,1,0,0,0,0,3,13,11,19,2,0,0,0,1,4,10,2,22,9,0,0,0,0,0,8,7,14,11,1,0,0,0,1,2,7,20,12,5,0,0,0,2,7,4,18,13,14,0,0,0,0,1,4,8,18,22,0,0,0,2,0,1,5,11,19,0,0,0,0,4,4,6,10,37,0,0,113Y
10014,臺東縣,10014130,延平鄉,10014130-001,武陵村,0,0,8,5,21,3,0,0,0,0,0,26,13,22,1,0,0,0,0,4,19,13,20,0,0,0,0,0,2,30,3,12,5,0,0,0,0,1,13,7,15,5,0,0,0,1,2,12,4,11,26,1,0,0,0,6,14,11,25,24,2,0,0,0,5,5,2,21,15,7,0,0,0,2,2,2,17,21,15,0,0,0,0,3,3,9,10,25,0,0,0,1,2,3,10,9,53,0,0,113Y
10014,臺東縣,10014130,延平鄉,10014130-002,永康村,0,0,2,8,8,1,0,0,0,0,0,15,8,4,1,0,0,0,0,0,7,6,18,1,0,0,0,0,1,9,4,8,1,0,0,0,0,5,10,4,6,2,0,0,0,0,2,7,6,11,4,2,0,0,1,1,6,4,13,6,0,0,0,0,0,7,3,13,22,2,0,0,0,2,2,1,9,18,7,0,0,0,1,1,0,5,6,6,0,0,0,2,1,2,7,6,19,0,1,113Y
10014,臺東縣,10014130,延平鄉,10014130-003,紅葉村,0,0,4,3,25,2,0,0,0,0,0,12,11,7,0,0,0,0,0,1,13,3,20,0,0,0,0,0,1,16,5,14,0,0,0,0,0,4,9,2,10,3,0,0,0,0,5,3,4,21,9,1,0,0,0,2,3,11,38,7,3,0,0,0,0,1,4,11,14,2,0,0,0,0,5,2,3,11,9,0,0,0,1,0,0,11,11,8,0,0,0,1,0,6,11,9,41,0,2,113Y
10014,臺東縣,10014130,延平鄉,10014130-004,鸞山村,0,0,2,1,16,0,0,0,0,0,0,23,8,22,0,0,0,0,0,1,24,7,26,1,0,0,0,0,2,14,4,20,2,0,0,0,0,2,10,3,12,7,0,0,0,0,3,7,10,29,13,1,0,0,0,1,6,9,22,15,3,0,0,0,2,3,9,21,15,5,0,0,0,1,4,3,20,24,8,0,0,0,2,4,3,8,24,8,0,0,0,0,1,2,14,7,63,0,1,113Y
10014,臺東縣,10014130,延平鄉,10014130-005,桃源村,0,0,4,13,43,4,0,0,0,0,0,37,14,32,1,0,0,0,0,6,42,26,27,2,0,0,0,1,7,43,10,30,4,0,0,0,1,3,30,12,36,10,2,0,0,0,3,18,17,31,16,2,0,0,0,11,16,6,49,22,4,0,1,1,8,9,12,35,19,14,0,0,1,4,7,10,31,21,14,0,1,0,2,3,11,21,26,23,0,0,0,3,8,8,28,11,70,0,0,113Y
10014,臺東縣,10014140,金峰鄉,10014140-001,新興村,0,0,7,7,23,2,0,0,0,0,0,20,11,19,0,0,0,0,0,0,26,7,12,0,0,0,0,0,3,30,10,18,0,0,0,0,0,2,14,8,15,8,0,0,0,0,0,7,9,27,7,1,0,1,1,4,7,4,22,3,0,0,0,0,6,7,6,17,10,0,0,0,0,4,9,6,17,24,1,0,0,0,2,1,1,13,18,10,0,0,0,1,1,1,15,9,57,0,0,113Y
10014,臺東縣,10014140,金峰鄉,10014140-002,正興村,0,0,4,5,18,3,0,0,0,0,0,22,14,16,1,0,0,0,0,1,34,13,16,0,0,0,0,0,4,28,10,17,1,1,0,0,0,4,18,4,11,2,2,0,0,0,4,9,5,25,2,2,0,0,0,4,10,4,16,4,0,0,0,0,1,5,4,32,8,2,0,0,0,2,8,6,22,20,4,0,0,1,0,7,2,29,24,9,0,0,0,0,11,5,17,23,45,0,0,113Y
10014,臺東縣,10014140,金峰鄉,10014140-003,嘉蘭村,0,0,17,8,58,8,0,0,0,0,1,53,16,43,0,0,0,0,0,0,45,26,59,2,0,0,0,0,3,51,10,41,5,0,0,0,0,4,32,14,37,8,1,0,0,0,2,15,18,62,23,2,0,0,1,3,12,11,42,32,4,0,0,0,3,12,16,52,33,5,0,0,0,0,6,9,34,44,21,0,0,0,1,3,5,33,27,33,0,0,0,4,4,4,26,24,131,0,0,113Y
10014,臺東縣,10014140,金峰鄉,10014140-004,賓茂村,0,0,1,4,13,1,0,0,0,0,0,8,6,12,0,0,0,0,0,0,11,5,8,1,0,0,0,0,1,9,1,14,0,0,0,0,0,0,1,1,18,1,0,0,0,0,1,4,2,16,5,0,0,0,0,1,1,5,16,6,1,0,0,0,6,3,2,10,8,1,0,0,0,1,4,1,10,10,3,0,0,0,1,1,4,13,19,6,0,0,0,2,6,2,14,10,27,0,0,113Y
10014,臺東縣,10014140,金峰鄉,10014140-005,歷坵村,0,0,3,3,13,1,0,0,0,0,0,12,4,12,0,0,0,0,0,0,8,5,15,1,0,0,0,0,4,13,3,16,1,0,0,0,0,1,5,3,13,0,0,0,0,0,0,7,5,14,6,1,0,0,0,0,3,5,13,9,0,0,0,0,0,2,1,11,6,0,0,0,0,0,0,3,6,14,8,0,0,0,0,0,4,14,13,11,0,0,0,0,3,3,8,10,33,0,0,113Y
10014,臺東縣,10014150,達仁鄉,10014150-001,台坂村,0,0,4,5,24,1,0,0,0,0,0,10,2,14,1,0,0,0,0,2,11,10,26,3,0,0,0,0,5,25,8,18,6,0,0,0,0,1,12,4,31,8,1,0,0,0,5,9,3,17,15,5,0,0,1,3,3,2,14,11,7,0,0,1,1,2,5,11,16,15,0,0,0,1,1,3,5,22,17,0,0,0,0,2,3,16,24,24,0,0,0,1,2,5,13,16,76,3,0,113Y
10014,臺東縣,10014150,達仁鄉,10014150-002,土坂村,0,0,6,5,36,2,0,0,0,0,1,29,11,19,0,0,0,0,0,1,33,13,26,6,0,0,0,1,0,28,8,39,0,0,0,0,0,3,18,4,33,5,2,0,0,0,4,13,11,27,12,6,0,0,1,2,14,15,28,24,22,0,0,1,2,6,8,16,35,20,0,1,0,1,4,2,12,34,31,0,0,0,0,4,4,12,27,29,0,0,0,1,2,3,18,12,104,0,0,113Y
10014,臺東縣,10014150,達仁鄉,10014150-003,新化村,0,0,2,2,15,0,0,0,0,0,0,13,2,13,1,0,0,0,0,0,6,7,12,1,0,0,0,0,1,12,1,10,0,0,0,0,0,2,6,1,15,1,1,0,0,0,1,4,4,5,3,2,0,0,0,1,3,4,20,8,2,0,0,0,0,2,9,16,13,2,0,0,0,0,2,2,8,19,4,0,1,0,0,2,2,14,11,8,0,0,0,0,2,1,13,5,50,0,0,113Y
10014,臺東縣,10014150,達仁鄉,10014150-004,安朔村,0,0,3,4,12,0,0,0,0,0,2,12,6,14,0,0,0,0,0,0,12,5,15,0,0,0,0,0,1,22,2,22,1,0,0,0,0,1,14,9,14,2,0,0,0,0,4,8,11,21,10,3,0,0,2,1,7,9,13,5,6,0,0,1,3,4,4,16,23,6,0,0,0,1,3,6,24,14,5,0,1,1,1,2,4,13,25,12,0,0,2,0,6,4,19,21,62,1,2,113Y
10014,臺東縣,10014150,達仁鄉,10014150-005,森永村,0,0,2,1,11,1,0,0,0,0,0,9,4,4,1,0,0,0,0,1,8,2,4,0,0,0,0,0,1,9,1,7,1,0,0,0,0,1,5,0,5,2,0,0,0,0,3,5,5,9,9,2,0,0,0,1,6,2,11,9,1,0,0,1,2,3,2,9,11,1,0,0,0,4,3,2,12,14,2,0,0,0,0,2,1,15,12,5,0,0,0,0,3,3,13,10,45,0,2,113Y
10014,臺東縣,10014150,達仁鄉,10014150-006,南田村,0,0,3,5,7,2,0,0,0,0,0,10,3,7,0,0,0,0,0,2,15,2,9,2,0,0,0,1,2,14,6,12,1,0,0,0,0,3,7,2,12,0,0,0,0,0,1,6,0,7,6,1,0,1,0,0,1,1,10,14,3,0,1,0,2,2,0,11,7,3,0,0,0,0,1,4,8,10,4,0,0,0,0,2,4,8,10,12,0,0,0,0,2,4,9,5,24,0,0,113Y
10014,臺東縣,10014160,蘭嶼鄉,10014160-001,東清村,0,0,19,6,50,7,0,0,0,0,2,73,5,39,1,0,0,0,0,5,81,11,63,1,0,0,0,1,7,73,8,51,4,0,0,0,0,5,49,9,49,13,1,0,0,0,4,28,14,71,33,2,0,0,0,4,21,11,65,29,2,0,0,0,1,18,11,62,27,5,0,0,0,1,6,3,31,48,7,0,0,0,0,5,1,17,56,14,0,0,0,1,1,3,10,25,117,0,0,113Y
10014,臺東縣,10014160,蘭嶼鄉,10014160-002,朗島村,0,0,12,1,28,1,0,0,0,0,1,41,3,22,0,0,0,0,0,4,48,10,37,3,0,0,0,0,5,58,8,36,3,0,0,0,0,6,31,7,51,0,1,0,0,0,5,13,5,49,14,0,0,0,1,2,3,7,24,32,1,0,0,0,1,8,6,17,21,0,0,0,0,1,1,1,17,38,1,0,0,0,1,3,2,9,31,2,0,0,0,0,1,0,5,7,79,0,1,113Y
10014,臺東縣,10014160,蘭嶼鄉,10014160-003,紅頭村,0,0,15,2,52,2,0,0,0,0,2,64,5,22,0,0,0,0,0,7,85,9,35,0,0,0,0,0,9,58,11,30,4,1,0,0,1,6,58,13,38,2,0,0,0,0,7,43,18,60,13,3,0,0,0,13,24,7,59,31,2,0,0,1,6,17,12,72,21,0,0,0,1,8,21,12,50,29,3,0,0,0,4,11,8,37,37,5,0,0,0,1,6,7,48,28,71,0,3,113Y
10014,臺東縣,10014160,蘭嶼鄉,10014160-004,椰油村,0,0,11,5,47,5,0,0,0,0,0,41,7,26,0,0,0,0,0,7,47,10,45,4,0,0,0,2,15,58,9,15,2,0,0,0,0,10,26,8,41,4,0,0,0,0,11,25,8,68,27,2,0,0,0,10,14,10,41,31,0,0,0,0,9,18,10,33,14,0,0,0,1,3,9,8,26,19,1,0,0,0,3,2,2,42,23,2,0,0,0,0,1,1,20,23,65,0,1,113Y
