LCODE_C1,LCODE_C2,LCODE_C3,LCODEC_C1,LCODEC_C2,LCODEC_C3,METHOD,DATATIME,MDDI_ORG,Shape_Leng,Shape_Area,分類,area_ha
01,0103,000000,農業利用土地,果園, ,0,201809,日陞空間資訊股份有限公司,263.631227631999991,2655.211383960000148,01農業利用土地,0.265521138396000
01,0103,000000,農業利用土地,果園, ,0,201809,日陞空間資訊股份有限公司,287.069771037999999,3956.464943859999948,01農業利用土地,0.395646494386000
01,0103,000000,農業利用土地,果園, ,0,201809,日陞空間資訊股份有限公司,86.730543330800003,538.499671752000040,01農業利用土地,0.053849967175200
01,0103,000000,農業利用土地,果園, ,0,201809,日陞空間資訊股份有限公司,102.870825624000005,710.558840396000051,01農業利用土地,0.071055884039600
01,0103,000000,農業利用土地,果園, ,0,201809,日陞空間資訊股份有限公司,177.885152820000002,1273.682786549999946,01農業利用土地,0.127368278655000
01,0103,000000,農業利用土地,果園, ,0,201809,日陞空間資訊股份有限公司,154.165042970000002,1327.272468489999937,01農業利用土地,0.132727246849000
01,0103,000000,農業利用土地,果園, ,0,201809,日陞空間資訊股份有限公司,278.261166251000020,2023.697940419999895,01農業利用土地,0.202369794042000
01,0103,000000,農業利用土地,果園, ,0,201809,日陞空間資訊股份有限公司,104.212102572000006,587.600849867999955,01農業利用土地,0.058760084986800
01,0103,000000,農業利用土地,果園, ,0,201809,日陞空間資訊股份有限公司,336.462575624999999,3632.729235700000118,01農業利用土地,0.363272923570000
01,0103,000000,農業利用土地,果園, ,0,201809,日陞空間資訊股份有限公司,293.154697096000007,3122.700166449999870,01農業利用土地,0.312270016645000
01,0103,000000,農業利用土地,果園, ,0,201809,日陞空間資訊股份有限公司,521.430922712999973,6894.512071330000254,01農業利用土地,0.689451207133000
01,0103,000000,農業利用土地,果園, ,0,201809,日陞空間資訊股份有限公司,125.782335016999994,852.609459567000044,01農業利用土地,0.085260945956700
01,0103,000000,農業利用土地,果園, ,0,201809,日陞空間資訊股份有限公司,210.212315179000001,1945.547051940000074,01農業利用土地,0.194554705194000
01,0103,000000,農業利用土地,果園, ,0,201809,日陞空間資訊股份有限公司,107.897483794999999,612.264278511000043,01農業利用土地,0.061226427851100
01,0103,000000,農業利用土地,果園, ,0,201809,日陞空間資訊股份有限公司,166.864145868999998,1080.051775820000103,01農業利用土地,0.108005177582000
01,0104,000000,農業利用土地,水產養殖, ,0,201809,日陞空間資訊股份有限公司,167.811062944000014,1471.064512919999970,01農業利用土地,0.147106451292000
01,0105,000000,農業利用土地,畜牧, ,0,201809,日陞空間資訊股份有限公司,1034.932164929999999,40770.391028500001994,01農業利用土地,4.077039102850000
01,0105,000000,農業利用土地,畜牧, ,1,201809,日陞空間資訊股份有限公司,83.443752859000000,276.261713413999985,01農業利用土地,0.027626171341400
01,0105,000000,農業利用土地,畜牧, ,1,201809,日陞空間資訊股份有限公司,84.329057509699993,379.358045285000003,01農業利用土地,0.037935804528500
01,0105,000000,農業利用土地,畜牧, ,1,201809,日陞空間資訊股份有限公司,57.872929077199998,189.918659487000014,01農業利用土地,0.018991865948700
01,0105,000000,農業利用土地,畜牧, ,1,201809,日陞空間資訊股份有限公司,37.066682822700002,66.839487293500000,01農業利用土地,0.006683948729350
01,0105,000000,農業利用土地,畜牧, ,1,201809,日陞空間資訊股份有限公司,57.547706526799999,142.383706179999990,01農業利用土地,0.014238370618000
01,0105,000000,農業利用土地,畜牧, ,1,201809,日陞空間資訊股份有限公司,77.040500265500000,170.923612423000009,01農業利用土地,0.017092361242300
01,0105,000000,農業利用土地,畜牧, ,1,201809,日陞空間資訊股份有限公司,29.728458110599998,54.792677629200000,01農業利用土地,0.005479267762920
01,0106,000000,農業利用土地,農業相關設施, ,0,201809,日陞空間資訊股份有限公司,22.006328234300000,26.286298497600001,01農業利用土地,0.002628629849760
01,0106,000000,農業利用土地,農業相關設施, ,0,201809,日陞空間資訊股份有限公司,49.529286684900001,134.192188367999989,01農業利用土地,0.013419218836800
01,0106,000000,農業利用土地,農業相關設施, ,0,201809,日陞空間資訊股份有限公司,22.327893957600001,30.550748965699999,01農業利用土地,0.003055074896570
01,0106,000000,農業利用土地,農業相關設施, ,0,201809,日陞空間資訊股份有限公司,42.900499597699998,87.292745485899999,01農業利用土地,0.008729274548590
01,0106,000000,農業利用土地,農業相關設施, ,0,201809,日陞空間資訊股份有限公司,23.683857769599999,31.097645498999999,01農業利用土地,0.003109764549900
01,0106,000000,農業利用土地,農業相關設施, ,0,201809,日陞空間資訊股份有限公司,32.569579972900002,52.989500358400001,01農業利用土地,0.005298950035840
01,0106,000000,農業利用土地,農業相關設施, ,0,201809,日陞空間資訊股份有限公司,25.814511873000001,38.738230552600001,01農業利用土地,0.003873823055260
01,0106,000000,農業利用土地,農業相關設施, ,1,201809,日陞空間資訊股份有限公司,46.364598561199998,105.780859996999993,01農業利用土地,0.010578085999700
01,0106,000000,農業利用土地,農業相關設施, ,1,201809,日陞空間資訊股份有限公司,25.941215082599999,37.850719108900002,01農業利用土地,0.003785071910890
01,0106,000000,農業利用土地,農業相關設施, ,1,201809,日陞空間資訊股份有限公司,55.781744968700004,149.601274090000004,01農業利用土地,0.014960127409000
01,0106,000000,農業利用土地,農業相關設施, ,1,201809,日陞空間資訊股份有限公司,22.408767359300001,30.385311270399999,01農業利用土地,0.003038531127040
01,0106,000000,農業利用土地,農業相關設施, ,1,201809,日陞空間資訊股份有限公司,78.010022057300006,279.692739937999988,01農業利用土地,0.027969273993800
01,0106,000000,農業利用土地,農業相關設施, ,1,201809,日陞空間資訊股份有限公司,23.780198323299999,30.776902997800001,01農業利用土地,0.003077690299780
01,0106,000000,農業利用土地,農業相關設施, ,1,201809,日陞空間資訊股份有限公司,37.664699286400001,82.713997249200006,01農業利用土地,0.008271399724920
01,0106,000000,農業利用土地,農業相關設施, ,1,201809,日陞空間資訊股份有限公司,36.028330058800002,80.780225484900001,01農業利用土地,0.008078022548490
01,0106,000000,農業利用土地,農業相關設施, ,1,201809,日陞空間資訊股份有限公司,19.164174766999999,21.539232658100001,01農業利用土地,0.002153923265810
01,0106,000000,農業利用土地,農業相關設施, ,1,201809,日陞空間資訊股份有限公司,26.492775950599999,36.472986650700001,01農業利用土地,0.003647298665070
01,0106,000000,農業利用土地,農業相關設施, ,1,201809,日陞空間資訊股份有限公司,23.417426994200000,32.231508158200000,01農業利用土地,0.003223150815820
02,0202,000000,森林利用土地,闊葉林, ,0,201809,日陞空間資訊股份有限公司,141.111807569999996,1186.319770130000052,02森林利用土地,0.118631977013000
02,0202,000000,森林利用土地,闊葉林, ,0,201809,日陞空間資訊股份有限公司,2346.507431160000124,108563.218200000002980,02森林利用土地,10.856321820000000
02,0202,000000,森林利用土地,闊葉林, ,0,201809,日陞空間資訊股份有限公司,2940.407986839999921,152391.677155000012135,02森林利用土地,15.239167715500001
02,0202,000000,森林利用土地,闊葉林, ,0,201809,日陞空間資訊股份有限公司,1022.801328300000023,10039.269175199999154,02森林利用土地,1.003926917520000
02,0202,000000,森林利用土地,闊葉林, ,0,201809,日陞空間資訊股份有限公司,438.203536456999984,4455.784123010000258,02森林利用土地,0.445578412301000
02,0202,000000,森林利用土地,闊葉林, ,0,201809,日陞空間資訊股份有限公司,673.747343816000011,10153.706712900000639,02森林利用土地,1.015370671290000
02,0202,000000,森林利用土地,闊葉林, ,0,201809,日陞空間資訊股份有限公司,265.600107025000000,1548.319058649999988,02森林利用土地,0.154831905865000
02,0202,000000,森林利用土地,闊葉林, ,0,201809,日陞空間資訊股份有限公司,229.778374213000006,2328.370657190000202,02森林利用土地,0.232837065719000
02,0202,000000,森林利用土地,闊葉林, ,0,201809,日陞空間資訊股份有限公司,364.815687233999995,3056.648117920000004,02森林利用土地,0.305664811792000
02,0202,000000,森林利用土地,闊葉林, ,0,201809,日陞空間資訊股份有限公司,1503.469744010000113,70018.343308299998171,02森林利用土地,7.001834330830000
02,0202,000000,森林利用土地,闊葉林, ,0,201809,日陞空間資訊股份有限公司,2530.674543340000128,175064.359820000012405,02森林利用土地,17.506435981999999
02,0202,000000,森林利用土地,闊葉林, ,0,201809,日陞空間資訊股份有限公司,230.393222299999991,2156.232611460000044,02森林利用土地,0.215623261146000
02,0202,000000,森林利用土地,闊葉林, ,0,201809,日陞空間資訊股份有限公司,337.788910668000028,2227.416429540000081,02森林利用土地,0.222741642954000
02,0202,000000,森林利用土地,闊葉林, ,0,201809,日陞空間資訊股份有限公司,3842.499784550000186,227767.361502000014298,02森林利用土地,22.776736150200001
02,0202,000000,森林利用土地,闊葉林, ,0,201809,日陞空間資訊股份有限公司,246.747573904000006,1733.005283019999979,02森林利用土地,0.173300528302000
02,0202,000000,森林利用土地,闊葉林, ,0,201809,日陞空間資訊股份有限公司,224.483499751000011,1674.717316590000109,02森林利用土地,0.167471731659000
02,0202,000000,森林利用土地,闊葉林, ,0,201809,日陞空間資訊股份有限公司,3199.692059540000173,100257.387191999994684,02森林利用土地,10.025738719200000
02,0202,000000,森林利用土地,闊葉林, ,0,201809,日陞空間資訊股份有限公司,371.343501306000007,3344.237815169999976,02森林利用土地,0.334423781517000
02,0202,000000,森林利用土地,闊葉林, ,0,201809,日陞空間資訊股份有限公司,188.549151762000008,1237.366848840000102,02森林利用土地,0.123736684884000
02,0202,000000,森林利用土地,闊葉林, ,0,201809,日陞空間資訊股份有限公司,186.347953549000010,922.038357950999966,02森林利用土地,0.092203835795100
02,0202,000000,森林利用土地,闊葉林, ,0,201809,日陞空間資訊股份有限公司,551.177135096000029,6366.455579849999594,02森林利用土地,0.636645557985000
02,0202,000000,森林利用土地,闊葉林, ,0,201809,日陞空間資訊股份有限公司,334.958727527999997,3896.747866340000201,02森林利用土地,0.389674786634000
02,0202,000000,森林利用土地,闊葉林, ,0,201809,日陞空間資訊股份有限公司,148.659594819999995,1059.647216600000093,02森林利用土地,0.105964721660000
02,0202,000000,森林利用土地,闊葉林, ,0,201809,日陞空間資訊股份有限公司,3470.800092030000087,102810.075563000005786,02森林利用土地,10.281007556300001
02,0202,000000,森林利用土地,闊葉林, ,0,201809,日陞空間資訊股份有限公司,371.020773344000020,4463.352266939999936,02森林利用土地,0.446335226694000
02,0202,000000,森林利用土地,闊葉林, ,0,201809,日陞空間資訊股份有限公司,5330.798185650000050,123661.076921999992919,02森林利用土地,12.366107692200000
02,0202,000000,森林利用土地,闊葉林, ,0,201809,日陞空間資訊股份有限公司,141.461150548000006,1026.863630690000036,02森林利用土地,0.102686363069000
02,0202,000000,森林利用土地,闊葉林, ,0,201809,日陞空間資訊股份有限公司,1093.400250249999999,15482.759834300000875,02森林利用土地,1.548275983430000
02,0202,000000,森林利用土地,闊葉林, ,0,201809,日陞空間資訊股份有限公司,654.858214323999960,12024.863705199999458,02森林利用土地,1.202486370520000
02,0202,000000,森林利用土地,闊葉林, ,0,201809,日陞空間資訊股份有限公司,239.101635799000007,2533.368275090000225,02森林利用土地,0.253336827509000
02,0202,000000,森林利用土地,闊葉林, ,0,201809,日陞空間資訊股份有限公司,194.739238236999995,1153.025796769999943,02森林利用土地,0.115302579677000
02,0202,000000,森林利用土地,闊葉林, ,0,201809,日陞空間資訊股份有限公司,2188.624498440000025,85523.845327799994266,02森林利用土地,8.552384532780000
02,0202,000000,森林利用土地,闊葉林, ,0,201809,日陞空間資訊股份有限公司,1057.312345150000056,33999.515365999999631,02森林利用土地,3.399951536600000
02,0202,000000,森林利用土地,闊葉林, ,0,201809,日陞空間資訊股份有限公司,2014.812243809999927,26019.702723700000206,02森林利用土地,2.601970272370000
02,0202,000000,森林利用土地,闊葉林, ,0,201809,日陞空間資訊股份有限公司,657.021945298999981,3811.659680539999954,02森林利用土地,0.381165968054000
02,0202,000000,森林利用土地,闊葉林, ,0,201809,日陞空間資訊股份有限公司,632.705193347999966,14178.285029200000281,02森林利用土地,1.417828502920000
02,0202,000000,森林利用土地,闊葉林, ,0,201809,日陞空間資訊股份有限公司,3800.709216230000038,124822.245750000001863,02森林利用土地,12.482224575000000
02,0202,000000,森林利用土地,闊葉林, ,0,201809,日陞空間資訊股份有限公司,47812.473530900002515,6076983.374909999780357,02森林利用土地,607.698337490999961
02,0202,000000,森林利用土地,闊葉林, ,0,201809,日陞空間資訊股份有限公司,5009.987641280000389,228951.592894000001252,02森林利用土地,22.895159289399999
02,0202,000000,森林利用土地,闊葉林, ,0,201809,日陞空間資訊股份有限公司,677.676450808000027,7243.077653020000071,02森林利用土地,0.724307765302000
02,0202,000000,森林利用土地,闊葉林, ,0,201809,日陞空間資訊股份有限公司,2077.233862080000108,17605.508665299999848,02森林利用土地,1.760550866530000
02,0202,000000,森林利用土地,闊葉林, ,1,201809,日陞空間資訊股份有限公司,32466.687648499999341,3002737.850000000093132,02森林利用土地,300.273784999999975
02,0203,000000,森林利用土地,竹林, ,0,201809,日陞空間資訊股份有限公司,99.032093172800003,705.740166012000032,02森林利用土地,0.070574016601200
02,0203,000000,森林利用土地,竹林, ,0,201809,日陞空間資訊股份有限公司,461.263988922000010,7528.123774939999748,02森林利用土地,0.752812377494000
02,0203,000000,森林利用土地,竹林, ,0,201809,日陞空間資訊股份有限公司,166.444249953999986,2054.831685959999959,02森林利用土地,0.205483168596000
02,0203,000000,森林利用土地,竹林, ,0,201809,日陞空間資訊股份有限公司,106.446390097999995,744.115645595000046,02森林利用土地,0.074411564559500
03,0301,000000,交通利用土地,機場, ,1,201809,日陞空間資訊股份有限公司,2986.585872520000066,17347.872495200001140,03交通利用土地,1.734787249520000
03,0301,000000,交通利用土地,機場, ,1,201809,日陞空間資訊股份有限公司,2493.205345240000042,68569.483865100002731,03交通利用土地,6.856948386510000
03,0308,000000,交通利用土地,一般道路, ,1,201809,日陞空間資訊股份有限公司,78892.518554399997811,240203.264563000004273,03交通利用土地,24.020326456300001
03,0309,000000,交通利用土地,道路相關設施, ,1,201809,日陞空間資訊股份有限公司,284.282239197000024,4849.040321340000446,03交通利用土地,0.484904032134000
03,0309,000000,交通利用土地,道路相關設施, ,1,201809,日陞空間資訊股份有限公司,77.595640178300002,191.530042083000012,03交通利用土地,0.019153004208300
03,0309,000000,交通利用土地,道路相關設施, ,1,201809,日陞空間資訊股份有限公司,46.032979328800003,75.876552487900000,03交通利用土地,0.007587655248790
03,0309,000000,交通利用土地,道路相關設施, ,1,201809,日陞空間資訊股份有限公司,109.890397995000001,366.961522666999997,03交通利用土地,0.036696152266700
03,0309,000000,交通利用土地,道路相關設施, ,1,201809,日陞空間資訊股份有限公司,1061.009693460000108,1125.588533260000077,03交通利用土地,0.112558853326000
03,0309,000000,交通利用土地,道路相關設施, ,1,201809,日陞空間資訊股份有限公司,64.802390953699998,125.000755781999999,03交通利用土地,0.012500075578200
03,0309,000000,交通利用土地,道路相關設施, ,1,201809,日陞空間資訊股份有限公司,4490.042256089999682,4317.909531229999629,03交通利用土地,0.431790953123000
03,0309,000000,交通利用土地,道路相關設施, ,1,201809,日陞空間資訊股份有限公司,63.076119391299997,96.208596280300000,03交通利用土地,0.009620859628030
03,0309,000000,交通利用土地,道路相關設施, ,1,201809,日陞空間資訊股份有限公司,147.699539941000012,780.086600681000050,03交通利用土地,0.078008660068100
03,0309,000000,交通利用土地,道路相關設施, ,1,201809,日陞空間資訊股份有限公司,282.927920461999975,2251.236652860000049,03交通利用土地,0.225123665286000
03,0309,000000,交通利用土地,道路相關設施, ,1,201809,日陞空間資訊股份有限公司,92.256028611299996,305.313503649999973,03交通利用土地,0.030531350365000
03,0309,000000,交通利用土地,道路相關設施, ,1,201809,日陞空間資訊股份有限公司,84.006316129699997,251.401582444000013,03交通利用土地,0.025140158244400
03,0309,000000,交通利用土地,道路相關設施, ,1,201809,日陞空間資訊股份有限公司,58.339096260600002,73.173441812799993,03交通利用土地,0.007317344181280
03,0309,000000,交通利用土地,道路相關設施, ,1,201809,日陞空間資訊股份有限公司,223.694592986000004,449.224256443000002,03交通利用土地,0.044922425644300
03,0309,000000,交通利用土地,道路相關設施, ,1,201809,日陞空間資訊股份有限公司,108.004458682999996,441.608100908999972,03交通利用土地,0.044160810090900
03,0309,000000,交通利用土地,道路相關設施, ,1,201809,日陞空間資訊股份有限公司,114.452334495000002,717.719952321000051,03交通利用土地,0.071771995232100
03,0309,000000,交通利用土地,道路相關設施, ,1,201809,日陞空間資訊股份有限公司,194.987251267000005,1024.323307699999987,03交通利用土地,0.102432330770000
03,0309,000000,交通利用土地,道路相關設施, ,1,201809,日陞空間資訊股份有限公司,425.114022391999981,5475.396113519999744,03交通利用土地,0.547539611352000
03,0309,000000,交通利用土地,道路相關設施, ,1,201809,日陞空間資訊股份有限公司,229.196189634999996,360.785607839000022,03交通利用土地,0.036078560783900
03,0309,000000,交通利用土地,道路相關設施, ,1,201809,日陞空間資訊股份有限公司,115.875411635999995,257.993137386000001,03交通利用土地,0.025799313738600
03,0309,000000,交通利用土地,道路相關設施, ,1,201809,日陞空間資訊股份有限公司,110.986186524999994,591.949866490999966,03交通利用土地,0.059194986649100
03,0309,000000,交通利用土地,道路相關設施, ,1,201809,日陞空間資訊股份有限公司,105.258206952999998,618.866045844000041,03交通利用土地,0.061886604584400
03,0309,000000,交通利用土地,道路相關設施, ,1,201809,日陞空間資訊股份有限公司,116.549931743000002,446.187192333999974,03交通利用土地,0.044618719233400
03,0309,000000,交通利用土地,道路相關設施, ,1,201809,日陞空間資訊股份有限公司,30.636866760699998,31.285708676900001,03交通利用土地,0.003128570867690
03,0309,000000,交通利用土地,道路相關設施, ,1,201809,日陞空間資訊股份有限公司,61.440649514800000,128.240876050999987,03交通利用土地,0.012824087605100
03,0309,000000,交通利用土地,道路相關設施, ,1,201809,日陞空間資訊股份有限公司,57.877781454800001,91.205679177199997,03交通利用土地,0.009120567917720
03,0309,000000,交通利用土地,道路相關設施, ,1,201809,日陞空間資訊股份有限公司,249.791014985999993,2686.545380370000203,03交通利用土地,0.268654538037000
03,0309,000000,交通利用土地,道路相關設施, ,1,201809,日陞空間資訊股份有限公司,86.528503069500005,559.737876634000031,03交通利用土地,0.055973787663400
03,0309,000000,交通利用土地,道路相關設施, ,1,201809,日陞空間資訊股份有限公司,138.983006531000001,540.322434082999962,03交通利用土地,0.054032243408300
03,0309,000000,交通利用土地,道路相關設施, ,1,201809,日陞空間資訊股份有限公司,117.858541633000002,361.114150226999982,03交通利用土地,0.036111415022700
03,0309,000000,交通利用土地,道路相關設施, ,1,201809,日陞空間資訊股份有限公司,30.978383831199999,56.597406379399999,03交通利用土地,0.005659740637940
03,0309,000000,交通利用土地,道路相關設施, ,1,201809,日陞空間資訊股份有限公司,37.439748252299999,84.547608537700000,03交通利用土地,0.008454760853770
03,0309,000000,交通利用土地,道路相關設施, ,1,201809,日陞空間資訊股份有限公司,98.499768541999998,313.168413741999984,03交通利用土地,0.031316841374200
03,0309,000000,交通利用土地,道路相關設施, ,1,201809,日陞空間資訊股份有限公司,149.282653549999992,527.736708174000000,03交通利用土地,0.052773670817400
03,0309,000000,交通利用土地,道路相關設施, ,1,201809,日陞空間資訊股份有限公司,57.219074398200000,159.545089154000010,03交通利用土地,0.015954508915400
03,0309,000000,交通利用土地,道路相關設施, ,1,201809,日陞空間資訊股份有限公司,218.112279809000000,463.751055994000012,03交通利用土地,0.046375105599400
03,0310,000000,交通利用土地,港口, ,1,201809,日陞空間資訊股份有限公司,393.649907072000019,2540.750531570000021,03交通利用土地,0.254075053157000
03,0310,000000,交通利用土地,港口, ,1,201809,日陞空間資訊股份有限公司,112.359823667000001,794.944365219000019,03交通利用土地,0.079494436521900
03,0310,000000,交通利用土地,港口, ,1,201809,日陞空間資訊股份有限公司,1081.062390609999966,10869.185273099999904,03交通利用土地,1.086918527310000
03,0310,000000,交通利用土地,港口, ,1,201809,日陞空間資訊股份有限公司,1488.885134760000028,8256.010438100000101,03交通利用土地,0.825601043810000
03,0310,000000,交通利用土地,港口, ,1,201809,日陞空間資訊股份有限公司,330.573116046999985,2267.914098050000121,03交通利用土地,0.226791409805000
03,0310,000000,交通利用土地,港口, ,1,201809,日陞空間資訊股份有限公司,1326.357300079999959,8142.564421889999721,03交通利用土地,0.814256442189000
03,0310,000000,交通利用土地,港口, ,1,201809,日陞空間資訊股份有限公司,779.097930750000046,6245.351338610000312,03交通利用土地,0.624535133861000
03,0310,000000,交通利用土地,港口, ,1,201809,日陞空間資訊股份有限公司,627.122757300999979,19088.820471200000611,03交通利用土地,1.908882047120000
04,0401,000000,水利利用土地,河道, ,1,201809,日陞空間資訊股份有限公司,226.573305099999999,651.885393712999985,04水利用土地,0.065188539371300
04,0401,000000,水利利用土地,河道, ,1,201809,日陞空間資訊股份有限公司,113.256782501999993,269.978327521999972,04水利用土地,0.026997832752200
04,0401,000000,水利利用土地,河道, ,1,201809,日陞空間資訊股份有限公司,311.072322217000021,860.707432279000045,04水利用土地,0.086070743227900
04,0401,000000,水利利用土地,河道, ,1,201809,日陞空間資訊股份有限公司,1247.360123129999920,2123.449585899999875,04水利用土地,0.212344958590000
04,0401,000000,水利利用土地,河道, ,1,201809,日陞空間資訊股份有限公司,994.243569549999961,1820.914203640000096,04水利用土地,0.182091420364000
04,0401,000000,水利利用土地,河道, ,1,201809,日陞空間資訊股份有限公司,794.931311269000048,1891.189053009999952,04水利用土地,0.189118905301000
04,0401,000000,水利利用土地,河道, ,1,201809,日陞空間資訊股份有限公司,143.004807741999997,272.148041723000006,04水利用土地,0.027214804172300
04,0401,000000,水利利用土地,河道, ,1,201809,日陞空間資訊股份有限公司,127.355883727000005,195.150597032000007,04水利用土地,0.019515059703200
04,0401,000000,水利利用土地,河道, ,1,201809,日陞空間資訊股份有限公司,36.424164703499997,53.281629621800001,04水利用土地,0.005328162962180
04,0401,000000,水利利用土地,河道, ,1,201809,日陞空間資訊股份有限公司,110.974383605000000,251.568478736000003,04水利用土地,0.025156847873600
04,0401,000000,水利利用土地,河道, ,1,201809,日陞空間資訊股份有限公司,1356.235215200000084,2730.409267040000032,04水利用土地,0.273040926704000
04,0401,000000,水利利用土地,河道, ,1,201809,日陞空間資訊股份有限公司,2848.588248560000011,6812.590715510000337,04水利用土地,0.681259071551000
04,0401,000000,水利利用土地,河道, ,1,201809,日陞空間資訊股份有限公司,255.543015330000003,646.881509101000006,04水利用土地,0.064688150910100
04,0401,000000,水利利用土地,河道, ,1,201809,日陞空間資訊股份有限公司,1753.739870350000047,4202.051536089999900,04水利用土地,0.420205153609000
04,0401,000000,水利利用土地,河道, ,1,201809,日陞空間資訊股份有限公司,4246.673450799999955,12945.410421900000074,04水利用土地,1.294541042190000
04,0401,000000,水利利用土地,河道, ,1,201809,日陞空間資訊股份有限公司,897.362412076000055,940.815421951999951,04水利用土地,0.094081542195200
04,0401,000000,水利利用土地,河道, ,1,201809,日陞空間資訊股份有限公司,359.267376152999987,965.533859638999957,04水利用土地,0.096553385963900
04,0401,000000,水利利用土地,河道, ,1,201809,日陞空間資訊股份有限公司,1178.689511069999980,4034.570950169999833,04水利用土地,0.403457095017000
04,0401,000000,水利利用土地,河道, ,1,201809,日陞空間資訊股份有限公司,130.592086055000010,229.216256490999996,04水利用土地,0.022921625649100
04,0401,000000,水利利用土地,河道, ,1,201809,日陞空間資訊股份有限公司,416.990757547999976,955.460144722999985,04水利用土地,0.095546014472300
04,0401,000000,水利利用土地,河道, ,1,201809,日陞空間資訊股份有限公司,40.213522504200000,67.493041036899996,04水利用土地,0.006749304103690
04,0401,000000,水利利用土地,河道, ,1,201809,日陞空間資訊股份有限公司,554.358957587999953,866.486861297000019,04水利用土地,0.086648686129700
04,0401,000000,水利利用土地,河道, ,1,201809,日陞空間資訊股份有限公司,32.106168534600002,40.627069561500001,04水利用土地,0.004062706956150
04,0401,000000,水利利用土地,河道, ,1,201809,日陞空間資訊股份有限公司,43.869310993299997,44.072605160599998,04水利用土地,0.004407260516060
04,0401,000000,水利利用土地,河道, ,1,201809,日陞空間資訊股份有限公司,1292.102469650000103,2604.578494519999822,04水利用土地,0.260457849452000
04,0401,000000,水利利用土地,河道, ,1,201809,日陞空間資訊股份有限公司,18.953275417299999,18.585803231600000,04水利用土地,0.001858580323160
04,0401,000000,水利利用土地,河道, ,1,201809,日陞空間資訊股份有限公司,340.852166306000015,1109.157239849999996,04水利用土地,0.110915723985000
04,0401,000000,水利利用土地,河道, ,1,201809,日陞空間資訊股份有限公司,330.716440229999989,968.179604543999972,04水利用土地,0.096817960454400
04,0401,000000,水利利用土地,河道, ,1,201809,日陞空間資訊股份有限公司,298.653279743999974,763.194558896999979,04水利用土地,0.076319455889700
04,0401,000000,水利利用土地,河道, ,1,201809,日陞空間資訊股份有限公司,209.429723653999986,566.607228194999948,04水利用土地,0.056660722819500
04,0402,000000,水利利用土地,堤防, ,1,201809,日陞空間資訊股份有限公司,382.973468782999987,2651.602550009999959,04水利用土地,0.265160255001000
04,0402,000000,水利利用土地,堤防, ,1,201809,日陞空間資訊股份有限公司,119.833394361000003,443.343867396000007,04水利用土地,0.044334386739600
04,0402,000000,水利利用土地,堤防, ,1,201809,日陞空間資訊股份有限公司,132.566082794000010,504.719885796000028,04水利用土地,0.050471988579600
04,0402,000000,水利利用土地,堤防, ,1,201809,日陞空間資訊股份有限公司,318.996789906999993,842.585943646000032,04水利用土地,0.084258594364600
04,0402,000000,水利利用土地,堤防, ,1,201809,日陞空間資訊股份有限公司,171.299907674999986,868.014561950000029,04水利用土地,0.086801456195000
04,0402,000000,水利利用土地,堤防, ,1,201809,日陞空間資訊股份有限公司,870.774440516000027,10776.808519300000626,04水利用土地,1.077680851930000
04,0402,000000,水利利用土地,堤防, ,1,201809,日陞空間資訊股份有限公司,275.764306165999983,970.856475692999993,04水利用土地,0.097085647569300
04,0402,000000,水利利用土地,堤防, ,1,201809,日陞空間資訊股份有限公司,2110.623213180000221,18132.515392900000734,04水利用土地,1.813251539290000
04,0402,000000,水利利用土地,堤防, ,1,201809,日陞空間資訊股份有限公司,591.618619997999986,4618.249485010000171,04水利用土地,0.461824948501000
04,0402,000000,水利利用土地,堤防, ,1,201809,日陞空間資訊股份有限公司,363.296346357000004,2427.539178170000014,04水利用土地,0.242753917817000
04,0402,000000,水利利用土地,堤防, ,1,201809,日陞空間資訊股份有限公司,338.028584629000022,2260.193723070000033,04水利用土地,0.226019372307000
04,0402,000000,水利利用土地,堤防, ,1,201809,日陞空間資訊股份有限公司,111.956978876999997,426.644110361000003,04水利用土地,0.042664411036100
04,0402,000000,水利利用土地,堤防, ,1,201809,日陞空間資訊股份有限公司,268.121385567000004,720.985427641999991,04水利用土地,0.072098542764200
04,0402,000000,水利利用土地,堤防, ,1,201809,日陞空間資訊股份有限公司,353.228318290000004,1686.957284450000088,04水利用土地,0.168695728445000
04,0402,000000,水利利用土地,堤防, ,1,201809,日陞空間資訊股份有限公司,128.586135995000006,247.795146913999986,04水利用土地,0.024779514691400
04,0402,000000,水利利用土地,堤防, ,1,201809,日陞空間資訊股份有限公司,269.828264552000007,1211.140721239999948,04水利用土地,0.121114072124000
04,0402,000000,水利利用土地,堤防, ,1,201809,日陞空間資訊股份有限公司,1709.213188440000067,6650.276092080000126,04水利用土地,0.665027609208000
04,0402,000000,水利利用土地,堤防, ,1,201809,日陞空間資訊股份有限公司,1157.222327610000093,7284.242584470000111,04水利用土地,0.728424258447000
04,0403,000000,水利利用土地,溝渠, ,1,201809,日陞空間資訊股份有限公司,535.940722477999998,926.087384232999966,04水利用土地,0.092608738423300
04,0403,000000,水利利用土地,溝渠, ,1,201809,日陞空間資訊股份有限公司,242.013178358999994,488.391366638000022,04水利用土地,0.048839136663800
04,0403,000000,水利利用土地,溝渠, ,1,201809,日陞空間資訊股份有限公司,213.860594380999999,515.113286399999993,04水利用土地,0.051511328640000
04,0403,000000,水利利用土地,溝渠, ,1,201809,日陞空間資訊股份有限公司,360.485683111000014,998.576421073999995,04水利用土地,0.099857642107400
04,0403,000000,水利利用土地,溝渠, ,1,201809,日陞空間資訊股份有限公司,823.073184483999967,2526.542085739999948,04水利用土地,0.252654208574000
04,0403,000000,水利利用土地,溝渠, ,1,201809,日陞空間資訊股份有限公司,431.014874426000006,910.929918216000033,04水利用土地,0.091092991821600
04,0403,000000,水利利用土地,溝渠, ,1,201809,日陞空間資訊股份有限公司,726.310968253000055,1554.808747369999992,04水利用土地,0.155480874737000
04,0403,000000,水利利用土地,溝渠, ,1,201809,日陞空間資訊股份有限公司,149.663140797000011,330.346104532000027,04水利用土地,0.033034610453200
04,0403,000000,水利利用土地,溝渠, ,1,201809,日陞空間資訊股份有限公司,702.172280051000030,1288.248585640000101,04水利用土地,0.128824858564000
04,0403,000000,水利利用土地,溝渠, ,1,201809,日陞空間資訊股份有限公司,335.004346219000013,949.007650638999962,04水利用土地,0.094900765063900
04,0403,000000,水利利用土地,溝渠, ,1,201809,日陞空間資訊股份有限公司,245.457067792000004,759.966472401000033,04水利用土地,0.075996647240100
04,0403,000000,水利利用土地,溝渠, ,1,201809,日陞空間資訊股份有限公司,92.098763862400006,221.405191134999995,04水利用土地,0.022140519113500
04,0403,000000,水利利用土地,溝渠, ,1,201809,日陞空間資訊股份有限公司,438.161181366999983,915.920121863999952,04水利用土地,0.091592012186400
04,0403,000000,水利利用土地,溝渠, ,1,201809,日陞空間資訊股份有限公司,2258.170132539999940,4857.209536780000235,04水利用土地,0.485720953678000
04,0403,000000,水利利用土地,溝渠, ,1,201809,日陞空間資訊股份有限公司,1149.284966559999930,4248.491193759999987,04水利用土地,0.424849119376000
04,0403,000000,水利利用土地,溝渠, ,1,201809,日陞空間資訊股份有限公司,1193.122767359999898,3505.925770889999967,04水利用土地,0.350592577089000
04,0403,000000,水利利用土地,溝渠, ,1,201809,日陞空間資訊股份有限公司,562.883447166999986,1323.174695259999908,04水利用土地,0.132317469526000
04,0403,000000,水利利用土地,溝渠, ,1,201809,日陞空間資訊股份有限公司,985.452925702000016,2075.725387890000093,04水利用土地,0.207572538789000
04,0403,000000,水利利用土地,溝渠, ,1,201809,日陞空間資訊股份有限公司,933.226214327999969,1578.842731810000032,04水利用土地,0.157884273181000
04,0403,000000,水利利用土地,溝渠, ,1,201809,日陞空間資訊股份有限公司,2024.712093899999900,4045.485414339999807,04水利用土地,0.404548541434000
04,0403,000000,水利利用土地,溝渠, ,1,201809,日陞空間資訊股份有限公司,1055.584584700000050,1606.168312000000014,04水利用土地,0.160616831200000
04,0403,000000,水利利用土地,溝渠, ,1,201809,日陞空間資訊股份有限公司,61.770958345300002,128.551278346000004,04水利用土地,0.012855127834600
04,0404,000000,水利利用土地,水庫, ,1,201809,日陞空間資訊股份有限公司,965.216755606999982,9454.919666530000541,04水利用土地,0.945491966653000
04,0406,000000,水利利用土地,蓄水池, ,0,201809,日陞空間資訊股份有限公司,74.554159788199996,346.241324114000008,04水利用土地,0.034624132411400
04,0406,000000,水利利用土地,蓄水池, ,0,201809,日陞空間資訊股份有限公司,100.089651549999999,621.986658392999971,04水利用土地,0.062198665839300
04,0406,000000,水利利用土地,蓄水池, ,0,201809,日陞空間資訊股份有限公司,101.946235709000007,377.408394686000008,04水利用土地,0.037740839468600
04,0406,000000,水利利用土地,蓄水池, ,0,201809,日陞空間資訊股份有限公司,20.583533173900001,24.021072493399998,04水利用土地,0.002402107249340
04,0406,000000,水利利用土地,蓄水池, ,0,201809,日陞空間資訊股份有限公司,46.691526702899999,115.152324594999996,04水利用土地,0.011515232459500
04,0406,000000,水利利用土地,蓄水池, ,0,201809,日陞空間資訊股份有限公司,93.610498538800002,393.477122313999985,04水利用土地,0.039347712231400
04,0406,000000,水利利用土地,蓄水池, ,0,201809,日陞空間資訊股份有限公司,66.894537066100000,281.596827204000022,04水利用土地,0.028159682720400
04,0406,000000,水利利用土地,蓄水池, ,0,201809,日陞空間資訊股份有限公司,65.780755520200003,262.869673735999982,04水利用土地,0.026286967373600
04,0406,000000,水利利用土地,蓄水池, ,0,201809,日陞空間資訊股份有限公司,186.079679338999995,2568.122820739999952,04水利用土地,0.256812282074000
04,0406,000000,水利利用土地,蓄水池, ,1,201809,日陞空間資訊股份有限公司,40.000730386000001,113.929545665999996,04水利用土地,0.011392954566600
04,0406,000000,水利利用土地,蓄水池, ,1,201809,日陞空間資訊股份有限公司,28.449003308000002,53.921565537699998,04水利用土地,0.005392156553770
04,0406,000000,水利利用土地,蓄水池, ,1,201809,日陞空間資訊股份有限公司,18.560722501699999,23.350563074899998,04水利用土地,0.002335056307490
04,0406,000000,水利利用土地,蓄水池, ,1,201809,日陞空間資訊股份有限公司,72.421823175300005,292.697273460000019,04水利用土地,0.029269727346000
04,0408,000000,水利利用土地,水利構造物, ,0,201809,日陞空間資訊股份有限公司,55.332383978199999,80.942179855000006,04水利用土地,0.008094217985500
04,0408,000000,水利利用土地,水利構造物, ,1,201809,日陞空間資訊股份有限公司,190.039999227000010,1450.935140099999899,04水利用土地,0.145093514010000
04,0410,000000,水利利用土地,海面, ,1,201809,日陞空間資訊股份有限公司,61099.429813299997477,48417532.218400001525879,04水利用土地,4841.753221840000151
05,0501,000000,建築利用土地,商業, ,1,201809,日陞空間資訊股份有限公司,244.734233335999988,2460.758089049999853,05建築利用土地,0.246075808905000
05,0501,000000,建築利用土地,商業, ,1,201809,日陞空間資訊股份有限公司,138.265032367000003,1129.963425870000037,05建築利用土地,0.112996342587000
05,0501,000000,建築利用土地,商業, ,1,201809,日陞空間資訊股份有限公司,229.324992486000014,1647.571165639999890,05建築利用土地,0.164757116564000
05,0501,000000,建築利用土地,商業, ,1,201809,日陞空間資訊股份有限公司,121.009264275999996,606.193007583000053,05建築利用土地,0.060619300758300
05,0501,000000,建築利用土地,商業, ,1,201809,日陞空間資訊股份有限公司,88.577706984200006,448.218957531999990,05建築利用土地,0.044821895753200
05,0501,000000,建築利用土地,商業, ,1,201809,日陞空間資訊股份有限公司,79.660542304299994,206.008763933000012,05建築利用土地,0.020600876393300
05,0501,000000,建築利用土地,商業, ,1,201809,日陞空間資訊股份有限公司,54.208817664999998,168.170573246999993,05建築利用土地,0.016817057324700
05,0501,000000,建築利用土地,商業, ,1,201809,日陞空間資訊股份有限公司,51.781654407900000,165.782022895000011,05建築利用土地,0.016578202289500
05,0501,000000,建築利用土地,商業, ,1,201809,日陞空間資訊股份有限公司,86.346728627600001,452.492780990000028,05建築利用土地,0.045249278099000
05,0501,000000,建築利用土地,商業, ,1,201809,日陞空間資訊股份有限公司,67.682967450700005,281.888371061999976,05建築利用土地,0.028188837106200
05,0501,000000,建築利用土地,商業, ,1,201809,日陞空間資訊股份有限公司,86.655423314800004,394.201281617999996,05建築利用土地,0.039420128161800
05,0501,000000,建築利用土地,商業, ,1,201809,日陞空間資訊股份有限公司,183.072216271999991,1628.964735530000098,05建築利用土地,0.162896473553000
05,0501,000000,建築利用土地,商業, ,1,201809,日陞空間資訊股份有限公司,48.235450783499999,149.789470507999994,05建築利用土地,0.014978947050800
05,0501,000000,建築利用土地,商業, ,1,201809,日陞空間資訊股份有限公司,188.256895082000000,1019.589925939999944,05建築利用土地,0.101958992594000
05,0501,000000,建築利用土地,商業, ,1,201809,日陞空間資訊股份有限公司,92.024361501900003,436.411183215999984,05建築利用土地,0.043641118321600
05,0501,000000,建築利用土地,商業, ,1,201809,日陞空間資訊股份有限公司,216.429548380999989,1859.438804290000007,05建築利用土地,0.185943880429000
05,0501,000000,建築利用土地,商業, ,1,201809,日陞空間資訊股份有限公司,49.965619520499999,134.620958081999987,05建築利用土地,0.013462095808200
05,0501,000000,建築利用土地,商業, ,1,201809,日陞空間資訊股份有限公司,310.256771608999998,2997.241153769999983,05建築利用土地,0.299724115377000
05,0501,000000,建築利用土地,商業, ,1,201809,日陞空間資訊股份有限公司,63.240108781799997,191.042952700999990,05建築利用土地,0.019104295270100
05,0501,000000,建築利用土地,商業, ,1,201809,日陞空間資訊股份有限公司,216.349590986000010,1288.093637129999934,05建築利用土地,0.128809363713000
05,0501,000000,建築利用土地,商業, ,1,201809,日陞空間資訊股份有限公司,96.532049727800000,586.020355833000053,05建築利用土地,0.058602035583300
05,0501,000000,建築利用土地,商業, ,1,201809,日陞空間資訊股份有限公司,95.392749991700001,568.797627153999997,05建築利用土地,0.056879762715400
05,0501,000000,建築利用土地,商業, ,1,201809,日陞空間資訊股份有限公司,87.682890076199996,457.783070480999982,05建築利用土地,0.045778307048100
05,0501,000000,建築利用土地,商業, ,1,201809,日陞空間資訊股份有限公司,100.333246587999994,427.311275949999981,05建築利用土地,0.042731127595000
05,0501,000000,建築利用土地,商業, ,1,201809,日陞空間資訊股份有限公司,185.874672301000004,1002.547867229999952,05建築利用土地,0.100254786723000
05,0501,000000,建築利用土地,商業, ,1,201809,日陞空間資訊股份有限公司,81.461553252000002,280.189036412000007,05建築利用土地,0.028018903641200
05,0501,000000,建築利用土地,商業, ,1,201809,日陞空間資訊股份有限公司,115.906607226999995,745.275525699000013,05建築利用土地,0.074527552569900
05,0501,000000,建築利用土地,商業, ,1,201809,日陞空間資訊股份有限公司,103.569947158000005,666.216191320000007,05建築利用土地,0.066621619132000
05,0501,000000,建築利用土地,商業, ,1,201809,日陞空間資訊股份有限公司,228.414829832000009,3129.475224069999967,05建築利用土地,0.312947522407000
05,0501,000000,建築利用土地,商業, ,1,201809,日陞空間資訊股份有限公司,347.940742877999980,2896.646297320000031,05建築利用土地,0.289664629732000
05,0501,000000,建築利用土地,商業, ,1,201809,日陞空間資訊股份有限公司,141.036435175000008,1059.897658300000103,05建築利用土地,0.105989765830000
05,0501,000000,建築利用土地,商業, ,1,201809,日陞空間資訊股份有限公司,63.700823790500003,244.367480709000006,05建築利用土地,0.024436748070900
05,0501,000000,建築利用土地,商業, ,1,201809,日陞空間資訊股份有限公司,85.671390758000001,225.796572411000000,05建築利用土地,0.022579657241100
05,0501,000000,建築利用土地,商業, ,1,201809,日陞空間資訊股份有限公司,88.040218895600006,248.705824823999990,05建築利用土地,0.024870582482400
05,0501,000000,建築利用土地,商業, ,1,201809,日陞空間資訊股份有限公司,259.327529646000016,1894.170200179999938,05建築利用土地,0.189417020018000
05,0501,000000,建築利用土地,商業, ,1,201809,日陞空間資訊股份有限公司,185.615040576000013,1401.137672040000098,05建築利用土地,0.140113767204000
05,0501,000000,建築利用土地,商業, ,1,201809,日陞空間資訊股份有限公司,136.748282224000008,1048.721116760000086,05建築利用土地,0.104872111676000
05,0501,000000,建築利用土地,商業, ,1,201809,日陞空間資訊股份有限公司,223.548663113000003,3074.308157680000022,05建築利用土地,0.307430815768000
05,0501,000000,建築利用土地,商業, ,1,201809,日陞空間資訊股份有限公司,135.016286492000006,828.466492137000046,05建築利用土地,0.082846649213700
05,0501,000000,建築利用土地,商業, ,1,201809,日陞空間資訊股份有限公司,90.084849541400004,446.286873652999986,05建築利用土地,0.044628687365300
05,0501,000000,建築利用土地,商業, ,1,201809,日陞空間資訊股份有限公司,109.660496257999995,568.019177537000019,05建築利用土地,0.056801917753700
05,0501,000000,建築利用土地,商業, ,1,201809,日陞空間資訊股份有限公司,54.515074709399997,137.314999889999996,05建築利用土地,0.013731499989000
05,0501,000000,建築利用土地,商業, ,1,201809,日陞空間資訊股份有限公司,173.265039664000000,1237.496287189999975,05建築利用土地,0.123749628719000
05,0501,000000,建築利用土地,商業, ,1,201809,日陞空間資訊股份有限公司,127.759407475000003,798.918364024999960,05建築利用土地,0.079891836402500
05,0501,000000,建築利用土地,商業, ,1,201809,日陞空間資訊股份有限公司,158.069816816000014,1420.601806630000056,05建築利用土地,0.142060180663000
05,0501,000000,建築利用土地,商業, ,1,201809,日陞空間資訊股份有限公司,69.809259644199997,255.056871989000001,05建築利用土地,0.025505687198900
05,0501,000000,建築利用土地,商業, ,1,201809,日陞空間資訊股份有限公司,63.755366420599998,219.388748600000014,05建築利用土地,0.021938874860000
05,0501,000000,建築利用土地,商業, ,1,201809,日陞空間資訊股份有限公司,49.854544997700003,107.019644468999999,05建築利用土地,0.010701964446900
05,0501,000000,建築利用土地,商業, ,1,201809,日陞空間資訊股份有限公司,129.392144002000009,584.731196126999976,05建築利用土地,0.058473119612700
05,0501,000000,建築利用土地,商業, ,1,201809,日陞空間資訊股份有限公司,87.259830193400006,464.442526855999972,05建築利用土地,0.046444252685600
05,0501,000000,建築利用土地,商業, ,1,201809,日陞空間資訊股份有限公司,36.646404405299997,83.722687028400003,05建築利用土地,0.008372268702840
05,0501,000000,建築利用土地,商業, ,1,201809,日陞空間資訊股份有限公司,151.580330196999995,1026.559830899999952,05建築利用土地,0.102655983090000
05,0501,000000,建築利用土地,商業, ,1,201809,日陞空間資訊股份有限公司,80.854149750000005,407.882060419000027,05建築利用土地,0.040788206041900
05,0501,000000,建築利用土地,商業, ,1,201809,日陞空間資訊股份有限公司,73.572235047500001,247.006310831000008,05建築利用土地,0.024700631083100
05,0501,000000,建築利用土地,商業, ,1,201809,日陞空間資訊股份有限公司,283.059532661999981,2194.882909389999895,05建築利用土地,0.219488290939000
05,0501,000000,建築利用土地,商業, ,1,201809,日陞空間資訊股份有限公司,54.081996540600002,161.600214356999999,05建築利用土地,0.016160021435700
05,0501,000000,建築利用土地,商業, ,1,201809,日陞空間資訊股份有限公司,155.359429643999988,1184.211649309999984,05建築利用土地,0.118421164931000
05,0501,000000,建築利用土地,商業, ,1,201809,日陞空間資訊股份有限公司,58.884987501900000,123.764168196000000,05建築利用土地,0.012376416819600
05,0501,000000,建築利用土地,商業, ,1,201809,日陞空間資訊股份有限公司,96.830514749599999,586.559176128999979,05建築利用土地,0.058655917612900
05,0501,000000,建築利用土地,商業, ,1,201809,日陞空間資訊股份有限公司,148.656801109000014,972.974571930000025,05建築利用土地,0.097297457193000
05,0501,000000,建築利用土地,商業, ,1,201809,日陞空間資訊股份有限公司,66.450067489000006,253.034222526999997,05建築利用土地,0.025303422252700
05,0501,000000,建築利用土地,商業, ,1,201809,日陞空間資訊股份有限公司,112.276447071999996,738.117555687000049,05建築利用土地,0.073811755568700
05,0501,000000,建築利用土地,商業, ,1,201809,日陞空間資訊股份有限公司,65.447494017200000,208.840625149999994,05建築利用土地,0.020884062515000
05,0501,000000,建築利用土地,商業, ,1,201809,日陞空間資訊股份有限公司,63.552581216400000,175.037568098000008,05建築利用土地,0.017503756809800
05,0501,000000,建築利用土地,商業, ,1,201809,日陞空間資訊股份有限公司,62.688182481100000,229.933925703000000,05建築利用土地,0.022993392570300
05,0501,000000,建築利用土地,商業, ,1,201809,日陞空間資訊股份有限公司,65.402797176799993,204.286850039000001,05建築利用土地,0.020428685003900
05,0501,000000,建築利用土地,商業, ,1,201809,日陞空間資訊股份有限公司,72.564293983100001,299.498463757000025,05建築利用土地,0.029949846375700
05,0501,000000,建築利用土地,商業, ,1,201809,日陞空間資訊股份有限公司,135.555480619000008,973.195035726000015,05建築利用土地,0.097319503572600
05,0501,000000,建築利用土地,商業, ,1,201809,日陞空間資訊股份有限公司,80.779448379300007,325.945916752000016,05建築利用土地,0.032594591675200
05,0501,000000,建築利用土地,商業, ,1,201809,日陞空間資訊股份有限公司,109.538400861000000,543.511898731999963,05建築利用土地,0.054351189873200
05,0501,000000,建築利用土地,商業, ,1,201809,日陞空間資訊股份有限公司,162.625536164000010,1481.588424649999979,05建築利用土地,0.148158842465000
05,0501,000000,建築利用土地,商業, ,1,201809,日陞空間資訊股份有限公司,159.835851880000007,1217.048934639999970,05建築利用土地,0.121704893464000
05,0501,000000,建築利用土地,商業, ,1,201809,日陞空間資訊股份有限公司,50.622943045400000,150.648682650000012,05建築利用土地,0.015064868265000
05,0501,000000,建築利用土地,商業, ,1,201809,日陞空間資訊股份有限公司,107.138345397999998,715.355505344999983,05建築利用土地,0.071535550534500
05,0501,000000,建築利用土地,商業, ,1,201809,日陞空間資訊股份有限公司,51.118484545199998,161.793925445000013,05建築利用土地,0.016179392544500
05,0501,000000,建築利用土地,商業, ,1,201809,日陞空間資訊股份有限公司,77.436624011899994,350.186363863999986,05建築利用土地,0.035018636386400
05,0501,000000,建築利用土地,商業, ,1,201809,日陞空間資訊股份有限公司,157.111989606000009,1609.222694979999915,05建築利用土地,0.160922269498000
05,0501,000000,建築利用土地,商業, ,1,201809,日陞空間資訊股份有限公司,62.475157748900003,223.044576064000012,05建築利用土地,0.022304457606400
05,0501,000000,建築利用土地,商業, ,1,201809,日陞空間資訊股份有限公司,85.062701802199996,341.038344347000020,05建築利用土地,0.034103834434700
05,0501,000000,建築利用土地,商業, ,1,201809,日陞空間資訊股份有限公司,69.377238689799995,156.527521680000007,05建築利用土地,0.015652752168000
05,0501,000000,建築利用土地,商業, ,1,201809,日陞空間資訊股份有限公司,227.631277248999993,1545.294046250000065,05建築利用土地,0.154529404625000
05,0501,000000,建築利用土地,商業, ,1,201809,日陞空間資訊股份有限公司,125.353859471999996,700.434712204999983,05建築利用土地,0.070043471220500
05,0501,000000,建築利用土地,商業, ,1,201809,日陞空間資訊股份有限公司,157.019212017999990,1244.251817900000106,05建築利用土地,0.124425181790000
05,0501,000000,建築利用土地,商業, ,1,201809,日陞空間資訊股份有限公司,152.051575087000003,1325.975831689999950,05建築利用土地,0.132597583169000
05,0501,000000,建築利用土地,商業, ,1,201809,日陞空間資訊股份有限公司,60.951685069000000,231.900173813000009,05建築利用土地,0.023190017381300
05,0501,000000,建築利用土地,商業, ,1,201809,日陞空間資訊股份有限公司,131.591991089999993,383.252428882999993,05建築利用土地,0.038325242888300
05,0501,000000,建築利用土地,商業, ,1,201809,日陞空間資訊股份有限公司,151.934918960999994,1144.253555400000096,05建築利用土地,0.114425355540000
05,0501,000000,建築利用土地,商業, ,1,201809,日陞空間資訊股份有限公司,216.477892929000006,2890.836837670000023,05建築利用土地,0.289083683767000
05,0501,000000,建築利用土地,商業, ,1,201809,日陞空間資訊股份有限公司,81.721378801100002,250.993004622000001,05建築利用土地,0.025099300462200
05,0501,000000,建築利用土地,商業, ,1,201809,日陞空間資訊股份有限公司,159.412300382000012,1029.656580620000113,05建築利用土地,0.102965658062000
05,0501,000000,建築利用土地,商業, ,1,201809,日陞空間資訊股份有限公司,76.595363857600006,265.134580868000000,05建築利用土地,0.026513458086800
05,0501,000000,建築利用土地,商業, ,1,201809,日陞空間資訊股份有限公司,77.344881875900001,366.090461944000026,05建築利用土地,0.036609046194400
05,0501,000000,建築利用土地,商業, ,1,201809,日陞空間資訊股份有限公司,55.543292630400003,165.877403793000013,05建築利用土地,0.016587740379300
05,0501,000000,建築利用土地,商業, ,1,201809,日陞空間資訊股份有限公司,146.974173917000002,887.993878300000006,05建築利用土地,0.088799387830000
05,0501,000000,建築利用土地,商業, ,1,201809,日陞空間資訊股份有限公司,97.283681122299996,567.328966294999987,05建築利用土地,0.056732896629500
05,0501,000000,建築利用土地,商業, ,1,201809,日陞空間資訊股份有限公司,45.520721696599999,92.453711243399994,05建築利用土地,0.009245371124340
05,0501,000000,建築利用土地,商業, ,1,201809,日陞空間資訊股份有限公司,80.128623453000003,279.433713364000027,05建築利用土地,0.027943371336400
05,0501,000000,建築利用土地,商業, ,1,201809,日陞空間資訊股份有限公司,82.381232974000000,349.495360772000026,05建築利用土地,0.034949536077200
05,0501,000000,建築利用土地,商業, ,1,201809,日陞空間資訊股份有限公司,77.122455248999998,247.216432698000006,05建築利用土地,0.024721643269800
05,0501,000000,建築利用土地,商業, ,1,201809,日陞空間資訊股份有限公司,40.587691565400000,60.451977924500000,05建築利用土地,0.006045197792450
05,0501,000000,建築利用土地,商業, ,1,201809,日陞空間資訊股份有限公司,91.298969309300006,325.781768682000006,05建築利用土地,0.032578176868200
05,0501,000000,建築利用土地,商業, ,1,201809,日陞空間資訊股份有限公司,32.851133537599999,57.801299934600003,05建築利用土地,0.005780129993460
05,0501,000000,建築利用土地,商業, ,1,201809,日陞空間資訊股份有限公司,57.617478126800002,168.174000955999986,05建築利用土地,0.016817400095600
05,0501,000000,建築利用土地,商業, ,1,201809,日陞空間資訊股份有限公司,56.824040072700001,193.028071313999988,05建築利用土地,0.019302807131400
05,0501,000000,建築利用土地,商業, ,1,201809,日陞空間資訊股份有限公司,76.568745619699996,369.812256196000021,05建築利用土地,0.036981225619600
05,0501,000000,建築利用土地,商業, ,1,201809,日陞空間資訊股份有限公司,35.729641929700001,63.914339473500000,05建築利用土地,0.006391433947350
05,0501,000000,建築利用土地,商業, ,1,201809,日陞空間資訊股份有限公司,54.055482705000003,179.706229584999988,05建築利用土地,0.017970622958500
05,0501,000000,建築利用土地,商業, ,1,201809,日陞空間資訊股份有限公司,112.665794265000002,550.785696366000025,05建築利用土地,0.055078569636600
05,0501,000000,建築利用土地,商業, ,1,201809,日陞空間資訊股份有限公司,168.986864679999996,523.550156688000015,05建築利用土地,0.052355015668800
05,0501,000000,建築利用土地,商業, ,1,201809,日陞空間資訊股份有限公司,53.005332854499997,164.648429012999998,05建築利用土地,0.016464842901300
05,0501,000000,建築利用土地,商業, ,1,201809,日陞空間資訊股份有限公司,60.299267720800003,134.204629815000004,05建築利用土地,0.013420462981500
05,0501,000000,建築利用土地,商業, ,1,201809,日陞空間資訊股份有限公司,97.404850269299999,494.762625673999992,05建築利用土地,0.049476262567400
05,0501,000000,建築利用土地,商業, ,1,201809,日陞空間資訊股份有限公司,46.916377635600000,127.943994059999994,05建築利用土地,0.012794399406000
05,0501,000000,建築利用土地,商業, ,1,201809,日陞空間資訊股份有限公司,61.206171843400000,227.719308457000011,05建築利用土地,0.022771930845700
05,0501,000000,建築利用土地,商業, ,1,201809,日陞空間資訊股份有限公司,55.834213670799997,177.033819657000009,05建築利用土地,0.017703381965700
05,0501,000000,建築利用土地,商業, ,1,201809,日陞空間資訊股份有限公司,53.734313036499998,182.339023544000014,05建築利用土地,0.018233902354400
05,0501,000000,建築利用土地,商業, ,1,201809,日陞空間資訊股份有限公司,104.274748798999994,647.787527623999949,05建築利用土地,0.064778752762400
05,0501,000000,建築利用土地,商業, ,1,201809,日陞空間資訊股份有限公司,92.993933087900004,310.558796234999988,05建築利用土地,0.031055879623500
05,0501,000000,建築利用土地,商業, ,1,201809,日陞空間資訊股份有限公司,33.944338283800001,62.591516550199998,05建築利用土地,0.006259151655020
05,0501,000000,建築利用土地,商業, ,1,201809,日陞空間資訊股份有限公司,134.181316153000012,612.466516288999969,05建築利用土地,0.061246651628900
05,0501,000000,建築利用土地,商業, ,1,201809,日陞空間資訊股份有限公司,74.827378752000001,285.432230758999992,05建築利用土地,0.028543223075900
05,0501,000000,建築利用土地,商業, ,1,201809,日陞空間資訊股份有限公司,29.773230835100001,46.553196996200001,05建築利用土地,0.004655319699620
05,0501,000000,建築利用土地,商業, ,1,201809,日陞空間資訊股份有限公司,109.629674326000000,734.308518340999967,05建築利用土地,0.073430851834100
05,0501,000000,建築利用土地,商業, ,1,201809,日陞空間資訊股份有限公司,48.697477699799997,126.549270402999994,05建築利用土地,0.012654927040300
05,0501,000000,建築利用土地,商業, ,1,201809,日陞空間資訊股份有限公司,56.978843165400001,186.940822144999998,05建築利用土地,0.018694082214500
05,0501,000000,建築利用土地,商業, ,1,201809,日陞空間資訊股份有限公司,269.506544594999980,2430.560614240000177,05建築利用土地,0.243056061424000
05,0501,000000,建築利用土地,商業, ,1,201809,日陞空間資訊股份有限公司,97.911696735500001,552.203406789000041,05建築利用土地,0.055220340678900
05,0501,000000,建築利用土地,商業, ,1,201809,日陞空間資訊股份有限公司,60.366220212899997,200.378264209000008,05建築利用土地,0.020037826420900
05,0501,000000,建築利用土地,商業, ,1,201809,日陞空間資訊股份有限公司,77.575019236299994,308.877559328000018,05建築利用土地,0.030887755932800
05,0501,000000,建築利用土地,商業, ,1,201809,日陞空間資訊股份有限公司,93.403945926299997,366.029776876000028,05建築利用土地,0.036602977687600
05,0501,000000,建築利用土地,商業, ,1,201809,日陞空間資訊股份有限公司,100.838298112999993,611.021573844000045,05建築利用土地,0.061102157384400
05,0501,000000,建築利用土地,商業, ,1,201809,日陞空間資訊股份有限公司,177.437710707000008,1369.180579059999900,05建築利用土地,0.136918057906000
05,0501,000000,建築利用土地,商業, ,1,201809,日陞空間資訊股份有限公司,64.394015943499994,241.494786438999995,05建築利用土地,0.024149478643900
05,0501,000000,建築利用土地,商業, ,1,201809,日陞空間資訊股份有限公司,52.479643190099999,160.332692710000003,05建築利用土地,0.016033269271000
05,0501,000000,建築利用土地,商業, ,1,201809,日陞空間資訊股份有限公司,56.467062339500004,169.466902011000002,05建築利用土地,0.016946690201100
05,0501,000000,建築利用土地,商業, ,1,201809,日陞空間資訊股份有限公司,84.293815659100005,445.913937668000017,05建築利用土地,0.044591393766800
05,0501,000000,建築利用土地,商業, ,1,201809,日陞空間資訊股份有限公司,62.875324187899999,216.828797774999998,05建築利用土地,0.021682879777500
05,0501,000000,建築利用土地,商業, ,1,201809,日陞空間資訊股份有限公司,238.530433525999996,2181.608125820000168,05建築利用土地,0.218160812582000
05,0501,000000,建築利用土地,商業, ,1,201809,日陞空間資訊股份有限公司,67.771331844700001,261.065154391000021,05建築利用土地,0.026106515439100
05,0501,000000,建築利用土地,商業, ,1,201809,日陞空間資訊股份有限公司,84.609019870599994,446.346570316999987,05建築利用土地,0.044634657031700
05,0501,000000,建築利用土地,商業, ,1,201809,日陞空間資訊股份有限公司,83.456072335100004,391.874273334999998,05建築利用土地,0.039187427333500
05,0501,000000,建築利用土地,商業, ,1,201809,日陞空間資訊股份有限公司,109.612760221000002,713.628909120999992,05建築利用土地,0.071362890912100
05,0501,000000,建築利用土地,商業, ,1,201809,日陞空間資訊股份有限公司,237.930395201000010,1030.672237400000085,05建築利用土地,0.103067223740000
05,0501,000000,建築利用土地,商業, ,1,201809,日陞空間資訊股份有限公司,152.418264603000011,814.761404287000005,05建築利用土地,0.081476140428700
05,0501,000000,建築利用土地,商業, ,1,201809,日陞空間資訊股份有限公司,105.772681832999993,545.000631151999983,05建築利用土地,0.054500063115200
05,0501,000000,建築利用土地,商業, ,1,201809,日陞空間資訊股份有限公司,79.024297216500003,368.425107045999994,05建築利用土地,0.036842510704600
05,0501,000000,建築利用土地,商業, ,1,201809,日陞空間資訊股份有限公司,99.892332701100003,543.571889046000024,05建築利用土地,0.054357188904600
05,0501,000000,建築利用土地,商業, ,1,201809,日陞空間資訊股份有限公司,37.868411201000001,68.523613102599995,05建築利用土地,0.006852361310260
05,0501,000000,建築利用土地,商業, ,1,201809,日陞空間資訊股份有限公司,69.594994489900003,257.974244784999996,05建築利用土地,0.025797424478500
05,0501,000000,建築利用土地,商業, ,1,201809,日陞空間資訊股份有限公司,118.689365222999996,694.983963442999993,05建築利用土地,0.069498396344300
05,0501,000000,建築利用土地,商業, ,1,201809,日陞空間資訊股份有限公司,107.631540969000000,359.242039520999981,05建築利用土地,0.035924203952100
05,0501,000000,建築利用土地,商業, ,1,201809,日陞空間資訊股份有限公司,227.975795561000012,1426.123303529999930,05建築利用土地,0.142612330353000
05,0501,000000,建築利用土地,商業, ,1,201809,日陞空間資訊股份有限公司,67.473608089500004,239.519986488999990,05建築利用土地,0.023951998648900
05,0501,000000,建築利用土地,商業, ,1,201809,日陞空間資訊股份有限公司,50.158059111400000,146.249277132000003,05建築利用土地,0.014624927713200
05,0501,000000,建築利用土地,商業, ,1,201809,日陞空間資訊股份有限公司,58.590967654499998,212.463593292000013,05建築利用土地,0.021246359329200
05,0501,000000,建築利用土地,商業, ,1,201809,日陞空間資訊股份有限公司,120.033686584999998,398.451737467999976,05建築利用土地,0.039845173746800
05,0501,000000,建築利用土地,商業, ,1,201809,日陞空間資訊股份有限公司,246.136306652000002,2868.050373219999983,05建築利用土地,0.286805037322000
05,0501,000000,建築利用土地,商業, ,1,201809,日陞空間資訊股份有限公司,137.434454788000011,795.358030866000036,05建築利用土地,0.079535803086600
05,0501,000000,建築利用土地,商業, ,1,201809,日陞空間資訊股份有限公司,113.599112762000004,576.051463983999952,05建築利用土地,0.057605146398400
05,0501,000000,建築利用土地,商業, ,1,201809,日陞空間資訊股份有限公司,102.059479762999999,573.075153432999969,05建築利用土地,0.057307515343300
05,0501,000000,建築利用土地,商業, ,1,201809,日陞空間資訊股份有限公司,84.754618726100006,422.619370532999994,05建築利用土地,0.042261937053300
05,0501,000000,建築利用土地,商業, ,1,201809,日陞空間資訊股份有限公司,82.740968073700003,306.633717296999976,05建築利用土地,0.030663371729700
05,0501,000000,建築利用土地,商業, ,1,201809,日陞空間資訊股份有限公司,220.424477125999999,1336.287285829999973,05建築利用土地,0.133628728583000
05,0501,000000,建築利用土地,商業, ,1,201809,日陞空間資訊股份有限公司,79.612829419600004,386.040079850999973,05建築利用土地,0.038604007985100
05,0501,000000,建築利用土地,商業, ,1,201809,日陞空間資訊股份有限公司,183.851578409000012,1655.062828020000097,05建築利用土地,0.165506282802000
05,0501,000000,建築利用土地,商業, ,1,201809,日陞空間資訊股份有限公司,89.659536414499996,383.845532021999986,05建築利用土地,0.038384553202200
05,0501,000000,建築利用土地,商業, ,1,201809,日陞空間資訊股份有限公司,243.433388416000014,2615.919922909999968,05建築利用土地,0.261591992291000
05,0501,000000,建築利用土地,商業, ,1,201809,日陞空間資訊股份有限公司,92.910193103099999,488.438838938000004,05建築利用土地,0.048843883893800
05,0502,000000,建築利用土地,純住宅, ,1,201809,日陞空間資訊股份有限公司,85.695097979600007,344.114319405999993,05建築利用土地,0.034411431940600
05,0502,000000,建築利用土地,純住宅, ,1,201809,日陞空間資訊股份有限公司,80.456348570399996,365.213654056999985,05建築利用土地,0.036521365405700
05,0502,000000,建築利用土地,純住宅, ,1,201809,日陞空間資訊股份有限公司,111.001899007999995,322.179722989000027,05建築利用土地,0.032217972298900
05,0502,000000,建築利用土地,純住宅, ,1,201809,日陞空間資訊股份有限公司,329.396507030999999,3037.315972200000033,05建築利用土地,0.303731597220000
05,0502,000000,建築利用土地,純住宅, ,1,201809,日陞空間資訊股份有限公司,71.244077359599999,289.199307105999992,05建築利用土地,0.028919930710600
05,0502,000000,建築利用土地,純住宅, ,1,201809,日陞空間資訊股份有限公司,28.975042105699998,51.456636426099998,05建築利用土地,0.005145663642610
05,0502,000000,建築利用土地,純住宅, ,1,201809,日陞空間資訊股份有限公司,27.927509680899998,45.978560563700000,05建築利用土地,0.004597856056370
05,0502,000000,建築利用土地,純住宅, ,1,201809,日陞空間資訊股份有限公司,110.974971116000006,396.958232371000008,05建築利用土地,0.039695823237100
05,0502,000000,建築利用土地,純住宅, ,1,201809,日陞空間資訊股份有限公司,277.949020847999975,1415.807375659999934,05建築利用土地,0.141580737566000
05,0502,000000,建築利用土地,純住宅, ,1,201809,日陞空間資訊股份有限公司,50.272059007000003,106.354369676999994,05建築利用土地,0.010635436967700
05,0502,000000,建築利用土地,純住宅, ,1,201809,日陞空間資訊股份有限公司,59.384282755400001,169.114909922000010,05建築利用土地,0.016911490992200
05,0502,000000,建築利用土地,純住宅, ,1,201809,日陞空間資訊股份有限公司,141.311759668000008,923.444338359999961,05建築利用土地,0.092344433836000
05,0502,000000,建築利用土地,純住宅, ,1,201809,日陞空間資訊股份有限公司,46.388168650799997,132.626956924000012,05建築利用土地,0.013262695692400
05,0502,000000,建築利用土地,純住宅, ,1,201809,日陞空間資訊股份有限公司,53.769171301800000,168.852552965999990,05建築利用土地,0.016885255296600
05,0502,000000,建築利用土地,純住宅, ,1,201809,日陞空間資訊股份有限公司,84.175964682599997,185.866008031999996,05建築利用土地,0.018586600803200
05,0502,000000,建築利用土地,純住宅, ,1,201809,日陞空間資訊股份有限公司,88.581871424900001,247.532271011000006,05建築利用土地,0.024753227101100
05,0502,000000,建築利用土地,純住宅, ,1,201809,日陞空間資訊股份有限公司,81.448582568099994,296.346020012999986,05建築利用土地,0.029634602001300
05,0502,000000,建築利用土地,純住宅, ,1,201809,日陞空間資訊股份有限公司,36.022470458500003,67.215815287200002,05建築利用土地,0.006721581528720
05,0502,000000,建築利用土地,純住宅, ,1,201809,日陞空間資訊股份有限公司,266.980487358000005,1636.224779129999888,05建築利用土地,0.163622477913000
05,0502,000000,建築利用土地,純住宅, ,1,201809,日陞空間資訊股份有限公司,45.983977192099999,107.566881217000002,05建築利用土地,0.010756688121700
05,0502,000000,建築利用土地,純住宅, ,1,201809,日陞空間資訊股份有限公司,93.855298196099994,499.413463971999988,05建築利用土地,0.049941346397200
05,0502,000000,建築利用土地,純住宅, ,1,201809,日陞空間資訊股份有限公司,134.101350792999995,659.450595466999971,05建築利用土地,0.065945059546700
05,0502,000000,建築利用土地,純住宅, ,1,201809,日陞空間資訊股份有限公司,190.714949354999987,1338.853233999999929,05建築利用土地,0.133885323400000
05,0502,000000,建築利用土地,純住宅, ,1,201809,日陞空間資訊股份有限公司,197.664842523000004,1186.713304090000065,05建築利用土地,0.118671330409000
05,0502,000000,建築利用土地,純住宅, ,1,201809,日陞空間資訊股份有限公司,125.766783665000005,777.523299522000002,05建築利用土地,0.077752329952200
05,0502,000000,建築利用土地,純住宅, ,1,201809,日陞空間資訊股份有限公司,140.407841386000001,563.610356310000043,05建築利用土地,0.056361035631000
05,0502,000000,建築利用土地,純住宅, ,1,201809,日陞空間資訊股份有限公司,70.242537546299999,262.860432359000015,05建築利用土地,0.026286043235900
05,0502,000000,建築利用土地,純住宅, ,1,201809,日陞空間資訊股份有限公司,150.319312736999990,696.380092551999951,05建築利用土地,0.069638009255200
05,0502,000000,建築利用土地,純住宅, ,1,201809,日陞空間資訊股份有限公司,127.209337618000006,755.974745389999953,05建築利用土地,0.075597474539000
05,0502,000000,建築利用土地,純住宅, ,1,201809,日陞空間資訊股份有限公司,58.882949038500001,175.159705357999997,05建築利用土地,0.017515970535800
05,0502,000000,建築利用土地,純住宅, ,1,201809,日陞空間資訊股份有限公司,155.063203369999997,1157.484639960000095,05建築利用土地,0.115748463996000
05,0502,000000,建築利用土地,純住宅, ,1,201809,日陞空間資訊股份有限公司,53.237191320400001,116.614764778999998,05建築利用土地,0.011661476477900
05,0502,000000,建築利用土地,純住宅, ,1,201809,日陞空間資訊股份有限公司,72.778718338900006,314.366353430999993,05建築利用土地,0.031436635343100
05,0502,000000,建築利用土地,純住宅, ,1,201809,日陞空間資訊股份有限公司,61.420286897099999,160.847688210000001,05建築利用土地,0.016084768821000
05,0502,000000,建築利用土地,純住宅, ,1,201809,日陞空間資訊股份有限公司,52.881201878500001,104.939455899999999,05建築利用土地,0.010493945590000
05,0502,000000,建築利用土地,純住宅, ,1,201809,日陞空間資訊股份有限公司,68.882208301199995,257.704161397999997,05建築利用土地,0.025770416139800
05,0502,000000,建築利用土地,純住宅, ,1,201809,日陞空間資訊股份有限公司,604.287770680999984,5166.849603679999746,05建築利用土地,0.516684960368000
05,0502,000000,建築利用土地,純住宅, ,1,201809,日陞空間資訊股份有限公司,84.983552405099999,309.026454150999996,05建築利用土地,0.030902645415100
05,0502,000000,建築利用土地,純住宅, ,1,201809,日陞空間資訊股份有限公司,88.071600899399996,447.122414520000007,05建築利用土地,0.044712241452000
05,0502,000000,建築利用土地,純住宅, ,1,201809,日陞空間資訊股份有限公司,86.862576114099994,452.411855300000013,05建築利用土地,0.045241185530000
05,0502,000000,建築利用土地,純住宅, ,1,201809,日陞空間資訊股份有限公司,66.851942912300004,215.424615418000002,05建築利用土地,0.021542461541800
05,0502,000000,建築利用土地,純住宅, ,1,201809,日陞空間資訊股份有限公司,100.841442740000005,625.310644622000041,05建築利用土地,0.062531064462200
05,0502,000000,建築利用土地,純住宅, ,1,201809,日陞空間資訊股份有限公司,108.067195838999993,356.067934300999980,05建築利用土地,0.035606793430100
05,0502,000000,建築利用土地,純住宅, ,1,201809,日陞空間資訊股份有限公司,134.816755977000014,717.255325986999992,05建築利用土地,0.071725532598700
05,0502,000000,建築利用土地,純住宅, ,1,201809,日陞空間資訊股份有限公司,78.406923486400004,381.012781544999996,05建築利用土地,0.038101278154500
05,0502,000000,建築利用土地,純住宅, ,1,201809,日陞空間資訊股份有限公司,46.118672537300000,123.540001232999998,05建築利用土地,0.012354000123300
05,0502,000000,建築利用土地,純住宅, ,1,201809,日陞空間資訊股份有限公司,153.632625945000001,696.458729371999993,05建築利用土地,0.069645872937200
05,0502,000000,建築利用土地,純住宅, ,1,201809,日陞空間資訊股份有限公司,102.794012679999994,660.133167446000016,05建築利用土地,0.066013316744600
05,0502,000000,建築利用土地,純住宅, ,1,201809,日陞空間資訊股份有限公司,121.898338506000002,795.730115435000016,05建築利用土地,0.079573011543500
05,0502,000000,建築利用土地,純住宅, ,1,201809,日陞空間資訊股份有限公司,56.257003255900003,164.881259797000013,05建築利用土地,0.016488125979700
05,0502,000000,建築利用土地,純住宅, ,1,201809,日陞空間資訊股份有限公司,54.593282068299999,163.909254325000006,05建築利用土地,0.016390925432500
05,0502,000000,建築利用土地,純住宅, ,1,201809,日陞空間資訊股份有限公司,124.639661120000000,382.449425838000025,05建築利用土地,0.038244942583800
05,0502,000000,建築利用土地,純住宅, ,1,201809,日陞空間資訊股份有限公司,68.559537266500001,172.574437869000008,05建築利用土地,0.017257443786900
05,0502,000000,建築利用土地,純住宅, ,1,201809,日陞空間資訊股份有限公司,192.962936632000009,1103.055349259999957,05建築利用土地,0.110305534926000
05,0502,000000,建築利用土地,純住宅, ,1,201809,日陞空間資訊股份有限公司,145.413506355000010,702.894990454999970,05建築利用土地,0.070289499045500
05,0502,000000,建築利用土地,純住宅, ,1,201809,日陞空間資訊股份有限公司,80.013906934800005,300.559464115000026,05建築利用土地,0.030055946411500
05,0502,000000,建築利用土地,純住宅, ,1,201809,日陞空間資訊股份有限公司,45.998329668700002,128.401156603999993,05建築利用土地,0.012840115660400
05,0502,000000,建築利用土地,純住宅, ,1,201809,日陞空間資訊股份有限公司,62.140047035099997,182.800821977999988,05建築利用土地,0.018280082197800
05,0502,000000,建築利用土地,純住宅, ,1,201809,日陞空間資訊股份有限公司,66.039398977199994,273.134914571000024,05建築利用土地,0.027313491457100
05,0502,000000,建築利用土地,純住宅, ,1,201809,日陞空間資訊股份有限公司,194.454556677999989,725.147524610000005,05建築利用土地,0.072514752461000
05,0502,000000,建築利用土地,純住宅, ,1,201809,日陞空間資訊股份有限公司,63.016559801800000,247.712993855000008,05建築利用土地,0.024771299385500
05,0502,000000,建築利用土地,純住宅, ,1,201809,日陞空間資訊股份有限公司,86.605590917000001,452.910065329000020,05建築利用土地,0.045291006532900
05,0502,000000,建築利用土地,純住宅, ,1,201809,日陞空間資訊股份有限公司,111.652016176999993,546.087395251999965,05建築利用土地,0.054608739525200
05,0502,000000,建築利用土地,純住宅, ,1,201809,日陞空間資訊股份有限公司,169.645516138000005,440.801228044000027,05建築利用土地,0.044080122804400
05,0502,000000,建築利用土地,純住宅, ,1,201809,日陞空間資訊股份有限公司,75.422356459200003,276.183351083999980,05建築利用土地,0.027618335108400
05,0502,000000,建築利用土地,純住宅, ,1,201809,日陞空間資訊股份有限公司,83.166398044199994,415.857977705999986,05建築利用土地,0.041585797770600
05,0502,000000,建築利用土地,純住宅, ,1,201809,日陞空間資訊股份有限公司,72.426255501900002,278.735149472999979,05建築利用土地,0.027873514947300
05,0502,000000,建築利用土地,純住宅, ,1,201809,日陞空間資訊股份有限公司,177.255550981999988,1893.902238449999913,05建築利用土地,0.189390223845000
05,0502,000000,建築利用土地,純住宅, ,1,201809,日陞空間資訊股份有限公司,73.025949467600000,318.687378220000028,05建築利用土地,0.031868737822000
05,0502,000000,建築利用土地,純住宅, ,1,201809,日陞空間資訊股份有限公司,190.689086758999991,784.117723953999985,05建築利用土地,0.078411772395400
05,0502,000000,建築利用土地,純住宅, ,1,201809,日陞空間資訊股份有限公司,139.529736275000005,826.957568580000043,05建築利用土地,0.082695756858000
05,0502,000000,建築利用土地,純住宅, ,1,201809,日陞空間資訊股份有限公司,58.278233221900003,209.706041618999990,05建築利用土地,0.020970604161900
05,0502,000000,建築利用土地,純住宅, ,1,201809,日陞空間資訊股份有限公司,142.649827326999997,1046.401789629999939,05建築利用土地,0.104640178963000
05,0502,000000,建築利用土地,純住宅, ,1,201809,日陞空間資訊股份有限公司,135.420844170999999,678.160068710000019,05建築利用土地,0.067816006871000
05,0502,000000,建築利用土地,純住宅, ,1,201809,日陞空間資訊股份有限公司,105.173216062999998,564.281944881999948,05建築利用土地,0.056428194488200
05,0502,000000,建築利用土地,純住宅, ,1,201809,日陞空間資訊股份有限公司,91.939422147000002,404.555740017999995,05建築利用土地,0.040455574001800
05,0502,000000,建築利用土地,純住宅, ,1,201809,日陞空間資訊股份有限公司,39.633935096599998,63.131192294400002,05建築利用土地,0.006313119229440
05,0502,000000,建築利用土地,純住宅, ,1,201809,日陞空間資訊股份有限公司,39.516427425600000,92.394416671399995,05建築利用土地,0.009239441667140
05,0502,000000,建築利用土地,純住宅, ,1,201809,日陞空間資訊股份有限公司,601.107117456999958,4802.967481439999574,05建築利用土地,0.480296748144000
05,0502,000000,建築利用土地,純住宅, ,1,201809,日陞空間資訊股份有限公司,52.320170087000001,145.799823298000007,05建築利用土地,0.014579982329800
05,0502,000000,建築利用土地,純住宅, ,1,201809,日陞空間資訊股份有限公司,51.737922938399997,138.693737427000002,05建築利用土地,0.013869373742700
05,0502,000000,建築利用土地,純住宅, ,1,201809,日陞空間資訊股份有限公司,87.935889330899997,244.038522820999987,05建築利用土地,0.024403852282100
05,0502,000000,建築利用土地,純住宅, ,1,201809,日陞空間資訊股份有限公司,108.658861544999993,734.617246449000049,05建築利用土地,0.073461724644900
05,0502,000000,建築利用土地,純住宅, ,1,201809,日陞空間資訊股份有限公司,410.916205276000028,2776.419719229999828,05建築利用土地,0.277641971923000
05,0502,000000,建築利用土地,純住宅, ,1,201809,日陞空間資訊股份有限公司,49.449600440300003,153.775832452000003,05建築利用土地,0.015377583245200
05,0502,000000,建築利用土地,純住宅, ,1,201809,日陞空間資訊股份有限公司,58.900011430799999,136.616384665999988,05建築利用土地,0.013661638466600
05,0502,000000,建築利用土地,純住宅, ,1,201809,日陞空間資訊股份有限公司,107.807676079999993,554.378124433000039,05建築利用土地,0.055437812443300
05,0502,000000,建築利用土地,純住宅, ,1,201809,日陞空間資訊股份有限公司,47.123300111100001,126.801596175000000,05建築利用土地,0.012680159617500
05,0502,000000,建築利用土地,純住宅, ,1,201809,日陞空間資訊股份有限公司,31.383939333099999,46.895546239200002,05建築利用土地,0.004689554623920
05,0502,000000,建築利用土地,純住宅, ,1,201809,日陞空間資訊股份有限公司,106.482906123000006,406.366095597000026,05建築利用土地,0.040636609559700
05,0502,000000,建築利用土地,純住宅, ,1,201809,日陞空間資訊股份有限公司,68.545981351600005,203.291163167000008,05建築利用土地,0.020329116316700
05,0502,000000,建築利用土地,純住宅, ,1,201809,日陞空間資訊股份有限公司,421.801095598000018,4840.952504210000370,05建築利用土地,0.484095250421000
05,0502,000000,建築利用土地,純住宅, ,1,201809,日陞空間資訊股份有限公司,57.731786851099997,149.548114408999993,05建築利用土地,0.014954811440900
05,0502,000000,建築利用土地,純住宅, ,1,201809,日陞空間資訊股份有限公司,269.146879504000026,2292.902240490000167,05建築利用土地,0.229290224049000
05,0502,000000,建築利用土地,純住宅, ,1,201809,日陞空間資訊股份有限公司,70.354555321399999,259.253144933999977,05建築利用土地,0.025925314493400
05,0502,000000,建築利用土地,純住宅, ,1,201809,日陞空間資訊股份有限公司,139.513065210000008,1055.090455239999983,05建築利用土地,0.105509045524000
05,0502,000000,建築利用土地,純住宅, ,1,201809,日陞空間資訊股份有限公司,207.097034603999987,1271.654311120000102,05建築利用土地,0.127165431112000
05,0502,000000,建築利用土地,純住宅, ,1,201809,日陞空間資訊股份有限公司,65.794935099400007,208.361074852000002,05建築利用土地,0.020836107485200
05,0502,000000,建築利用土地,純住宅, ,1,201809,日陞空間資訊股份有限公司,31.572514387500000,56.026497108800001,05建築利用土地,0.005602649710880
05,0502,000000,建築利用土地,純住宅, ,1,201809,日陞空間資訊股份有限公司,122.851779202000003,857.794983841999965,05建築利用土地,0.085779498384200
05,0502,000000,建築利用土地,純住宅, ,1,201809,日陞空間資訊股份有限公司,70.616995074399995,288.279605334999985,05建築利用土地,0.028827960533500
05,0502,000000,建築利用土地,純住宅, ,1,201809,日陞空間資訊股份有限公司,74.862589658600001,294.886378515999979,05建築利用土地,0.029488637851600
05,0502,000000,建築利用土地,純住宅, ,1,201809,日陞空間資訊股份有限公司,50.776393018500002,144.292342821000005,05建築利用土地,0.014429234282100
05,0502,000000,建築利用土地,純住宅, ,1,201809,日陞空間資訊股份有限公司,308.029897573000028,1864.115744870000071,05建築利用土地,0.186411574487000
05,0502,000000,建築利用土地,純住宅, ,1,201809,日陞空間資訊股份有限公司,317.340264009000009,2810.997956669999894,05建築利用土地,0.281099795667000
05,0502,000000,建築利用土地,純住宅, ,1,201809,日陞空間資訊股份有限公司,493.180251553000005,3568.802899539999999,05建築利用土地,0.356880289954000
05,0502,000000,建築利用土地,純住宅, ,1,201809,日陞空間資訊股份有限公司,57.558671262200001,168.378093326999988,05建築利用土地,0.016837809332700
05,0502,000000,建築利用土地,純住宅, ,1,201809,日陞空間資訊股份有限公司,33.071316632799999,67.770918566099994,05建築利用土地,0.006777091856610
05,0502,000000,建築利用土地,純住宅, ,1,201809,日陞空間資訊股份有限公司,190.009914712000011,1128.045827359999976,05建築利用土地,0.112804582736000
05,0502,000000,建築利用土地,純住宅, ,1,201809,日陞空間資訊股份有限公司,52.756357967800000,162.594155091999994,05建築利用土地,0.016259415509200
05,0502,000000,建築利用土地,純住宅, ,1,201809,日陞空間資訊股份有限公司,138.902495259000005,549.647164113000031,05建築利用土地,0.054964716411300
05,0502,000000,建築利用土地,純住宅, ,1,201809,日陞空間資訊股份有限公司,104.467049261000000,519.988577701000054,05建築利用土地,0.051998857770100
05,0502,000000,建築利用土地,純住宅, ,1,201809,日陞空間資訊股份有限公司,106.804045060999997,749.715308566999965,05建築利用土地,0.074971530856700
05,0502,000000,建築利用土地,純住宅, ,1,201809,日陞空間資訊股份有限公司,181.605369203000009,765.627794977999997,05建築利用土地,0.076562779497800
05,0502,000000,建築利用土地,純住宅, ,1,201809,日陞空間資訊股份有限公司,75.117709133500000,226.120202188000007,05建築利用土地,0.022612020218800
05,0502,000000,建築利用土地,純住宅, ,1,201809,日陞空間資訊股份有限公司,39.293431707700002,96.039471009400003,05建築利用土地,0.009603947100940
05,0502,000000,建築利用土地,純住宅, ,1,201809,日陞空間資訊股份有限公司,65.177964244199998,268.320265179999978,05建築利用土地,0.026832026518000
05,0502,000000,建築利用土地,純住宅, ,1,201809,日陞空間資訊股份有限公司,82.545496274700000,275.672202455999980,05建築利用土地,0.027567220245600
05,0502,000000,建築利用土地,純住宅, ,1,201809,日陞空間資訊股份有限公司,59.642015431700003,180.298382647000011,05建築利用土地,0.018029838264700
05,0502,000000,建築利用土地,純住宅, ,1,201809,日陞空間資訊股份有限公司,488.416189046999989,3167.078005970000049,05建築利用土地,0.316707800597000
05,0502,000000,建築利用土地,純住宅, ,1,201809,日陞空間資訊股份有限公司,64.251114878899998,255.824836371000004,05建築利用土地,0.025582483637100
05,0502,000000,建築利用土地,純住宅, ,1,201809,日陞空間資訊股份有限公司,123.752888188000000,473.097589029000005,05建築利用土地,0.047309758902900
05,0502,000000,建築利用土地,純住宅, ,1,201809,日陞空間資訊股份有限公司,60.115265209500002,211.933321688000007,05建築利用土地,0.021193332168800
05,0502,000000,建築利用土地,純住宅, ,1,201809,日陞空間資訊股份有限公司,63.234610030799999,242.696585567999989,05建築利用土地,0.024269658556800
05,0502,000000,建築利用土地,純住宅, ,1,201809,日陞空間資訊股份有限公司,216.342726486000004,1085.853447050000113,05建築利用土地,0.108585344705000
05,0502,000000,建築利用土地,純住宅, ,1,201809,日陞空間資訊股份有限公司,53.806359581300001,157.592196078000001,05建築利用土地,0.015759219607800
05,0502,000000,建築利用土地,純住宅, ,1,201809,日陞空間資訊股份有限公司,73.615447514799996,337.239410619000012,05建築利用土地,0.033723941061900
05,0503,000000,建築利用土地,混合使用住宅, ,1,201809,日陞空間資訊股份有限公司,104.329823802000007,348.735540906999972,05建築利用土地,0.034873554090700
05,0503,000000,建築利用土地,混合使用住宅, ,1,201809,日陞空間資訊股份有限公司,48.743066419100003,141.527084464000012,05建築利用土地,0.014152708446400
05,0503,000000,建築利用土地,混合使用住宅, ,1,201809,日陞空間資訊股份有限公司,69.157560564500002,242.485207293999991,05建築利用土地,0.024248520729400
05,0503,000000,建築利用土地,混合使用住宅, ,1,201809,日陞空間資訊股份有限公司,65.962939494899999,244.520095816000008,05建築利用土地,0.024452009581600
05,0503,000000,建築利用土地,混合使用住宅, ,1,201809,日陞空間資訊股份有限公司,77.024331383399996,287.134928770999977,05建築利用土地,0.028713492877100
05,0504,000000,建築利用土地,製造業, ,1,201809,日陞空間資訊股份有限公司,441.384090000000015,6095.256765619999896,05建築利用土地,0.609525676562000
05,0504,000000,建築利用土地,製造業, ,1,201809,日陞空間資訊股份有限公司,55.233837436700000,159.888768902000010,05建築利用土地,0.015988876890200
05,0505,000000,建築利用土地,倉儲, ,0,201809,日陞空間資訊股份有限公司,97.731100834700001,404.842114666999976,05建築利用土地,0.040484211466700
05,0505,000000,建築利用土地,倉儲, ,0,201809,日陞空間資訊股份有限公司,35.111597118299997,75.299449416100003,05建築利用土地,0.007529944941610
05,0505,000000,建築利用土地,倉儲, ,0,201809,日陞空間資訊股份有限公司,29.804419787200001,49.545257113300003,05建築利用土地,0.004954525711330
05,0505,000000,建築利用土地,倉儲, ,1,201809,日陞空間資訊股份有限公司,43.991614196299999,120.110644828000005,05建築利用土地,0.012011064482800
05,0505,000000,建築利用土地,倉儲, ,1,201809,日陞空間資訊股份有限公司,24.168185720000000,25.629482602600000,05建築利用土地,0.002562948260260
05,0505,000000,建築利用土地,倉儲, ,1,201809,日陞空間資訊股份有限公司,110.872958186000005,682.905306586000052,05建築利用土地,0.068290530658600
05,0505,000000,建築利用土地,倉儲, ,1,201809,日陞空間資訊股份有限公司,19.588859945900001,23.963864504499998,05建築利用土地,0.002396386450450
05,0505,000000,建築利用土地,倉儲, ,1,201809,日陞空間資訊股份有限公司,26.159159813300001,36.630102499600000,05建築利用土地,0.003663010249960
05,0505,000000,建築利用土地,倉儲, ,1,201809,日陞空間資訊股份有限公司,68.664750077799994,255.656204467000009,05建築利用土地,0.025565620446700
05,0505,000000,建築利用土地,倉儲, ,1,201809,日陞空間資訊股份有限公司,30.451240537000000,54.962821995299997,05建築利用土地,0.005496282199530
05,0505,000000,建築利用土地,倉儲, ,1,201809,日陞空間資訊股份有限公司,17.656492289199999,17.994655499200000,05建築利用土地,0.001799465549920
05,0505,000000,建築利用土地,倉儲, ,1,201809,日陞空間資訊股份有限公司,41.519909898599998,71.530987198299997,05建築利用土地,0.007153098719830
05,0505,000000,建築利用土地,倉儲, ,1,201809,日陞空間資訊股份有限公司,43.264655163000000,109.889911498000004,05建築利用土地,0.010988991149800
05,0505,000000,建築利用土地,倉儲, ,1,201809,日陞空間資訊股份有限公司,22.161273592499999,30.692377291200000,05建築利用土地,0.003069237729120
05,0505,000000,建築利用土地,倉儲, ,1,201809,日陞空間資訊股份有限公司,59.147753404600003,186.530034574000013,05建築利用土地,0.018653003457400
05,0505,000000,建築利用土地,倉儲, ,1,201809,日陞空間資訊股份有限公司,28.344111630899999,49.466062328400000,05建築利用土地,0.004946606232840
05,0505,000000,建築利用土地,倉儲, ,1,201809,日陞空間資訊股份有限公司,67.521570468400000,260.361901412999998,05建築利用土地,0.026036190141300
05,0505,000000,建築利用土地,倉儲, ,1,201809,日陞空間資訊股份有限公司,97.060892886399998,582.491619434999961,05建築利用土地,0.058249161943500
05,0505,000000,建築利用土地,倉儲, ,1,201809,日陞空間資訊股份有限公司,100.927715081000002,493.624497276000000,05建築利用土地,0.049362449727600
05,0505,000000,建築利用土地,倉儲, ,1,201809,日陞空間資訊股份有限公司,27.214017912999999,47.119926305699998,05建築利用土地,0.004711992630570
05,0505,000000,建築利用土地,倉儲, ,1,201809,日陞空間資訊股份有限公司,62.894752683800000,169.765355172000000,05建築利用土地,0.016976535517200
05,0505,000000,建築利用土地,倉儲, ,1,201809,日陞空間資訊股份有限公司,42.340652482700001,91.838342241800007,05建築利用土地,0.009183834224180
05,0505,000000,建築利用土地,倉儲, ,1,201809,日陞空間資訊股份有限公司,35.258474028700000,53.995931089599999,05建築利用土地,0.005399593108960
05,0505,000000,建築利用土地,倉儲, ,1,201809,日陞空間資訊股份有限公司,43.576391351100000,62.528632604099997,05建築利用土地,0.006252863260410
05,0505,000000,建築利用土地,倉儲, ,1,201809,日陞空間資訊股份有限公司,17.824284895600002,15.813894533099999,05建築利用土地,0.001581389453310
05,0505,000000,建築利用土地,倉儲, ,1,201809,日陞空間資訊股份有限公司,49.723347045399997,150.446578194000011,05建築利用土地,0.015044657819400
05,0505,000000,建築利用土地,倉儲, ,1,201809,日陞空間資訊股份有限公司,14.093347136800000,11.539674092600000,05建築利用土地,0.001153967409260
05,0505,000000,建築利用土地,倉儲, ,1,201809,日陞空間資訊股份有限公司,23.746813799600002,31.657011521899999,05建築利用土地,0.003165701152190
05,0505,000000,建築利用土地,倉儲, ,1,201809,日陞空間資訊股份有限公司,22.475195082700001,27.726975330300000,05建築利用土地,0.002772697533030
05,0505,000000,建築利用土地,倉儲, ,1,201809,日陞空間資訊股份有限公司,51.404770485599997,156.389272707000003,05建築利用土地,0.015638927270700
05,0505,000000,建築利用土地,倉儲, ,1,201809,日陞空間資訊股份有限公司,32.427393817300000,61.019234795400003,05建築利用土地,0.006101923479540
05,0505,000000,建築利用土地,倉儲, ,1,201809,日陞空間資訊股份有限公司,38.306777228900003,84.485591134600000,05建築利用土地,0.008448559113460
05,0505,000000,建築利用土地,倉儲, ,1,201809,日陞空間資訊股份有限公司,66.312052536699994,257.590809305999983,05建築利用土地,0.025759080930600
05,0505,000000,建築利用土地,倉儲, ,1,201809,日陞空間資訊股份有限公司,65.189867429900005,244.780639858000001,05建築利用土地,0.024478063985800
05,0505,000000,建築利用土地,倉儲, ,1,201809,日陞空間資訊股份有限公司,34.518799115299998,50.814839323400001,05建築利用土地,0.005081483932340
05,0505,000000,建築利用土地,倉儲, ,1,201809,日陞空間資訊股份有限公司,69.019051087899996,278.672918553999978,05建築利用土地,0.027867291855400
05,0505,000000,建築利用土地,倉儲, ,1,201809,日陞空間資訊股份有限公司,33.248348655299999,62.951826213700002,05建築利用土地,0.006295182621370
05,0505,000000,建築利用土地,倉儲, ,1,201809,日陞空間資訊股份有限公司,90.274073447299997,234.023282029000001,05建築利用土地,0.023402328202900
05,0505,000000,建築利用土地,倉儲, ,1,201809,日陞空間資訊股份有限公司,92.445045171800004,442.904206903999977,05建築利用土地,0.044290420690400
05,0505,000000,建築利用土地,倉儲, ,1,201809,日陞空間資訊股份有限公司,22.606189759799999,31.844725698200001,05建築利用土地,0.003184472569820
05,0505,000000,建築利用土地,倉儲, ,1,201809,日陞空間資訊股份有限公司,73.828148280700006,223.846549086000010,05建築利用土地,0.022384654908600
05,0505,000000,建築利用土地,倉儲, ,1,201809,日陞空間資訊股份有限公司,110.937757579000007,458.686289316999989,05建築利用土地,0.045868628931700
05,0505,000000,建築利用土地,倉儲, ,1,201809,日陞空間資訊股份有限公司,56.360284214600000,186.448613275000014,05建築利用土地,0.018644861327500
05,0505,000000,建築利用土地,倉儲, ,1,201809,日陞空間資訊股份有限公司,18.129390551299998,18.506893499800000,05建築利用土地,0.001850689349980
05,0505,000000,建築利用土地,倉儲, ,1,201809,日陞空間資訊股份有限公司,138.923078236000009,346.861787145999983,05建築利用土地,0.034686178714600
05,0505,000000,建築利用土地,倉儲, ,1,201809,日陞空間資訊股份有限公司,147.527404633000003,882.496930633000034,05建築利用土地,0.088249693063300
05,0505,000000,建築利用土地,倉儲, ,1,201809,日陞空間資訊股份有限公司,39.972039574800000,67.858677482399997,05建築利用土地,0.006785867748240
05,0505,000000,建築利用土地,倉儲, ,1,201809,日陞空間資訊股份有限公司,79.665845069699998,209.113799183999987,05建築利用土地,0.020911379918400
05,0505,000000,建築利用土地,倉儲, ,1,201809,日陞空間資訊股份有限公司,134.413291428000008,440.268233558000020,05建築利用土地,0.044026823355800
05,0505,000000,建築利用土地,倉儲, ,1,201809,日陞空間資訊股份有限公司,32.916298862300003,63.499474875099999,05建築利用土地,0.006349947487510
05,0505,000000,建築利用土地,倉儲, ,1,201809,日陞空間資訊股份有限公司,62.385139540700003,227.268776473999992,05建築利用土地,0.022726877647400
05,0505,000000,建築利用土地,倉儲, ,1,201809,日陞空間資訊股份有限公司,27.807224134199998,43.286161406600002,05建築利用土地,0.004328616140660
05,0505,000000,建築利用土地,倉儲, ,1,201809,日陞空間資訊股份有限公司,39.036304173900000,91.566783576099994,05建築利用土地,0.009156678357610
05,0505,000000,建築利用土地,倉儲, ,1,201809,日陞空間資訊股份有限公司,31.681443319600000,42.350297037099999,05建築利用土地,0.004235029703710
05,0505,000000,建築利用土地,倉儲, ,1,201809,日陞空間資訊股份有限公司,35.324019021600002,68.291950263199993,05建築利用土地,0.006829195026320
05,0505,000000,建築利用土地,倉儲, ,1,201809,日陞空間資訊股份有限公司,14.288639852799999,12.756373192400000,05建築利用土地,0.001275637319240
05,0505,000000,建築利用土地,倉儲, ,1,201809,日陞空間資訊股份有限公司,28.521471734100000,41.989396747500003,05建築利用土地,0.004198939674750
05,0505,000000,建築利用土地,倉儲, ,1,201809,日陞空間資訊股份有限公司,22.424245260999999,28.990366703999999,05建築利用土地,0.002899036670400
05,0505,000000,建築利用土地,倉儲, ,1,201809,日陞空間資訊股份有限公司,59.992357868399999,194.289478045000010,05建築利用土地,0.019428947804500
05,0505,000000,建築利用土地,倉儲, ,1,201809,日陞空間資訊股份有限公司,64.126115409099995,219.285375893999998,05建築利用土地,0.021928537589400
05,0505,000000,建築利用土地,倉儲, ,1,201809,日陞空間資訊股份有限公司,21.270708891599998,27.711236106400001,05建築利用土地,0.002771123610640
05,0505,000000,建築利用土地,倉儲, ,1,201809,日陞空間資訊股份有限公司,75.888839855800001,144.196305641000009,05建築利用土地,0.014419630564100
05,0505,000000,建築利用土地,倉儲, ,1,201809,日陞空間資訊股份有限公司,54.280982639999998,181.244305166000004,05建築利用土地,0.018124430516600
05,0505,000000,建築利用土地,倉儲, ,1,201809,日陞空間資訊股份有限公司,72.845909021099999,210.997678941000004,05建築利用土地,0.021099767894100
05,0505,000000,建築利用土地,倉儲, ,1,201809,日陞空間資訊股份有限公司,41.341906382499999,106.045050145999994,05建築利用土地,0.010604505014600
05,0505,000000,建築利用土地,倉儲, ,1,201809,日陞空間資訊股份有限公司,24.073772369499999,36.058805002600003,05建築利用土地,0.003605880500260
05,0505,000000,建築利用土地,倉儲, ,1,201809,日陞空間資訊股份有限公司,54.489876200300003,169.170241989000004,05建築利用土地,0.016917024198900
05,0505,000000,建築利用土地,倉儲, ,1,201809,日陞空間資訊股份有限公司,46.494980599000002,133.320129801999997,05建築利用土地,0.013332012980200
05,0505,000000,建築利用土地,倉儲, ,1,201809,日陞空間資訊股份有限公司,45.953928877899997,128.319157138000008,05建築利用土地,0.012831915713800
05,0505,000000,建築利用土地,倉儲, ,1,201809,日陞空間資訊股份有限公司,19.747308456100001,24.344198197200001,05建築利用土地,0.002434419819720
05,0505,000000,建築利用土地,倉儲, ,1,201809,日陞空間資訊股份有限公司,21.601142464399999,28.616253332100001,05建築利用土地,0.002861625333210
05,0505,000000,建築利用土地,倉儲, ,1,201809,日陞空間資訊股份有限公司,62.188902607199999,231.211480384999987,05建築利用土地,0.023121148038500
05,0505,000000,建築利用土地,倉儲, ,1,201809,日陞空間資訊股份有限公司,24.116134168500000,31.498092901500002,05建築利用土地,0.003149809290150
05,0505,000000,建築利用土地,倉儲, ,1,201809,日陞空間資訊股份有限公司,37.589843793000000,58.660147706700002,05建築利用土地,0.005866014770670
05,0505,000000,建築利用土地,倉儲, ,1,201809,日陞空間資訊股份有限公司,23.806676339700001,35.376497563199997,05建築利用土地,0.003537649756320
05,0505,000000,建築利用土地,倉儲, ,1,201809,日陞空間資訊股份有限公司,46.829422892600000,134.889140359999999,05建築利用土地,0.013488914036000
05,0505,000000,建築利用土地,倉儲, ,1,201809,日陞空間資訊股份有限公司,16.607819670400001,15.530160491900000,05建築利用土地,0.001553016049190
05,0505,000000,建築利用土地,倉儲, ,1,201809,日陞空間資訊股份有限公司,22.164064428200000,30.210573425600000,05建築利用土地,0.003021057342560
05,0505,000000,建築利用土地,倉儲, ,1,201809,日陞空間資訊股份有限公司,26.329474502200000,38.785809609600001,05建築利用土地,0.003878580960960
05,0505,000000,建築利用土地,倉儲, ,1,201809,日陞空間資訊股份有限公司,45.675008261400002,90.182512968899999,05建築利用土地,0.009018251296890
05,0505,000000,建築利用土地,倉儲, ,1,201809,日陞空間資訊股份有限公司,47.927014166200003,107.284492815999997,05建築利用土地,0.010728449281600
05,0505,000000,建築利用土地,倉儲, ,1,201809,日陞空間資訊股份有限公司,47.209750112700000,109.396389773999999,05建築利用土地,0.010939638977400
05,0505,000000,建築利用土地,倉儲, ,1,201809,日陞空間資訊股份有限公司,19.273239478099999,21.789259774100000,05建築利用土地,0.002178925977410
05,0505,000000,建築利用土地,倉儲, ,1,201809,日陞空間資訊股份有限公司,73.279189619299999,170.212480706000008,05建築利用土地,0.017021248070600
05,0505,000000,建築利用土地,倉儲, ,1,201809,日陞空間資訊股份有限公司,74.321370242599997,274.470634356999994,05建築利用土地,0.027447063435700
05,0505,000000,建築利用土地,倉儲, ,1,201809,日陞空間資訊股份有限公司,226.458178621999991,2053.245568670000011,05建築利用土地,0.205324556867000
05,0505,000000,建築利用土地,倉儲, ,1,201809,日陞空間資訊股份有限公司,41.265526682100003,99.456761678399999,05建築利用土地,0.009945676167840
05,0505,000000,建築利用土地,倉儲, ,1,201809,日陞空間資訊股份有限公司,59.973204167600002,224.343899359999995,05建築利用土地,0.022434389936000
05,0506,000000,建築利用土地,宗教, ,1,201809,日陞空間資訊股份有限公司,38.887772784399999,83.929114664699995,05建築利用土地,0.008392911466470
05,0506,000000,建築利用土地,宗教, ,1,201809,日陞空間資訊股份有限公司,75.232658591800003,282.199723828999993,05建築利用土地,0.028219972382900
05,0506,000000,建築利用土地,宗教, ,1,201809,日陞空間資訊股份有限公司,35.474975098900003,61.827722296799998,05建築利用土地,0.006182772229680
05,0506,000000,建築利用土地,宗教, ,1,201809,日陞空間資訊股份有限公司,34.035460063800002,69.064489475299993,05建築利用土地,0.006906448947530
05,0506,000000,建築利用土地,宗教, ,1,201809,日陞空間資訊股份有限公司,29.649132707300001,49.333058177399998,05建築利用土地,0.004933305817740
05,0506,000000,建築利用土地,宗教, ,1,201809,日陞空間資訊股份有限公司,43.094898623600002,112.778773470000004,05建築利用土地,0.011277877347000
05,0506,000000,建築利用土地,宗教, ,1,201809,日陞空間資訊股份有限公司,44.574449052500000,108.329388733000002,05建築利用土地,0.010832938873300
05,0506,000000,建築利用土地,宗教, ,1,201809,日陞空間資訊股份有限公司,73.365800724400003,277.737213492000024,05建築利用土地,0.027773721349200
05,0506,000000,建築利用土地,宗教, ,1,201809,日陞空間資訊股份有限公司,53.548673440300000,120.082388679000005,05建築利用土地,0.012008238867900
05,0506,000000,建築利用土地,宗教, ,1,201809,日陞空間資訊股份有限公司,68.271540452899998,224.535420737000010,05建築利用土地,0.022453542073700
05,0506,000000,建築利用土地,宗教, ,1,201809,日陞空間資訊股份有限公司,134.947223874999992,793.585170389000041,05建築利用土地,0.079358517038900
05,0506,000000,建築利用土地,宗教, ,1,201809,日陞空間資訊股份有限公司,128.718867574999990,945.608907952999971,05建築利用土地,0.094560890795300
05,0506,000000,建築利用土地,宗教, ,1,201809,日陞空間資訊股份有限公司,110.366616836999995,593.975691449000010,05建築利用土地,0.059397569144900
05,0506,000000,建築利用土地,宗教, ,1,201809,日陞空間資訊股份有限公司,31.951858877700001,29.784957245699999,05建築利用土地,0.002978495724570
05,0506,000000,建築利用土地,宗教, ,1,201809,日陞空間資訊股份有限公司,65.665046815400004,214.810419757000005,05建築利用土地,0.021481041975700
05,0506,000000,建築利用土地,宗教, ,1,201809,日陞空間資訊股份有限公司,73.203700425600005,287.993126328000017,05建築利用土地,0.028799312632800
05,0506,000000,建築利用土地,宗教, ,1,201809,日陞空間資訊股份有限公司,107.040871354000004,669.541178578999961,05建築利用土地,0.066954117857900
05,0506,000000,建築利用土地,宗教, ,1,201809,日陞空間資訊股份有限公司,40.561215097000002,93.089721857399994,05建築利用土地,0.009308972185740
05,0506,000000,建築利用土地,宗教, ,1,201809,日陞空間資訊股份有限公司,30.489745719199998,57.971155540200002,05建築利用土地,0.005797115554020
05,0507,000000,建築利用土地,殯葬設施, ,0,201809,日陞空間資訊股份有限公司,61.374551961800002,207.690095245999998,05建築利用土地,0.020769009524600
05,0507,000000,建築利用土地,殯葬設施, ,1,201809,日陞空間資訊股份有限公司,480.330962310000018,10794.024147500000254,05建築利用土地,1.079402414750000
05,0507,000000,建築利用土地,殯葬設施, ,1,201809,日陞空間資訊股份有限公司,467.305880718000026,4882.095917530000406,05建築利用土地,0.488209591753000
05,0507,000000,建築利用土地,殯葬設施, ,1,201809,日陞空間資訊股份有限公司,30.408209172500001,66.413204731999997,05建築利用土地,0.006641320473200
05,0507,000000,建築利用土地,殯葬設施, ,1,201809,日陞空間資訊股份有限公司,32.967220611300000,59.809115943700000,05建築利用土地,0.005980911594370
05,0507,000000,建築利用土地,殯葬設施, ,1,201809,日陞空間資訊股份有限公司,48.561580998300002,133.940047816999993,05建築利用土地,0.013394004781700
05,0507,000000,建築利用土地,殯葬設施, ,1,201809,日陞空間資訊股份有限公司,60.928707082499997,203.678480172000008,05建築利用土地,0.020367848017200
05,0507,000000,建築利用土地,殯葬設施, ,1,201809,日陞空間資訊股份有限公司,30.561314444000001,55.892920900999997,05建築利用土地,0.005589292090100
05,0507,000000,建築利用土地,殯葬設施, ,1,201809,日陞空間資訊股份有限公司,78.803042463799997,304.677133084999980,05建築利用土地,0.030467713308500
05,0507,000000,建築利用土地,殯葬設施, ,1,201809,日陞空間資訊股份有限公司,43.704886942999998,118.040619573000001,05建築利用土地,0.011804061957300
05,0507,000000,建築利用土地,殯葬設施, ,1,201809,日陞空間資訊股份有限公司,27.468047223900001,49.933387582400002,05建築利用土地,0.004993338758240
05,0507,000000,建築利用土地,殯葬設施, ,1,201809,日陞空間資訊股份有限公司,84.945698765800003,443.682399259000022,05建築利用土地,0.044368239925900
05,0507,000000,建築利用土地,殯葬設施, ,1,201809,日陞空間資訊股份有限公司,88.020672230399995,359.221113272000025,05建築利用土地,0.035922111327200
05,0507,000000,建築利用土地,殯葬設施, ,1,201809,日陞空間資訊股份有限公司,1017.451264850000030,29259.974855199998274,05建築利用土地,2.925997485520000
05,0507,000000,建築利用土地,殯葬設施, ,1,201809,日陞空間資訊股份有限公司,77.004058740199994,292.042326904999982,05建築利用土地,0.029204232690500
05,0507,000000,建築利用土地,殯葬設施, ,1,201809,日陞空間資訊股份有限公司,42.900531151000003,112.875242059000001,05建築利用土地,0.011287524205900
05,0507,000000,建築利用土地,殯葬設施, ,1,201809,日陞空間資訊股份有限公司,193.883328696000007,2425.844270219999999,05建築利用土地,0.242584427022000
05,0507,000000,建築利用土地,殯葬設施, ,1,201809,日陞空間資訊股份有限公司,320.867998736999994,5053.608209109999734,05建築利用土地,0.505360820911000
05,0507,000000,建築利用土地,殯葬設施, ,1,201809,日陞空間資訊股份有限公司,57.498456030100002,174.105700861999992,05建築利用土地,0.017410570086200
05,0507,000000,建築利用土地,殯葬設施, ,1,201809,日陞空間資訊股份有限公司,429.005127405999986,9759.152876449999894,05建築利用土地,0.975915287645000
05,0507,000000,建築利用土地,殯葬設施, ,1,201809,日陞空間資訊股份有限公司,111.219296502999995,526.840362587999948,05建築利用土地,0.052684036258800
05,0508,000000,建築利用土地,其他建築用地, ,0,201809,日陞空間資訊股份有限公司,67.307739244999993,251.552101615999987,05建築利用土地,0.025155210161600
05,0508,000000,建築利用土地,其他建築用地, ,0,201809,日陞空間資訊股份有限公司,30.771848433500001,58.220156311499998,05建築利用土地,0.005822015631150
05,0508,000000,建築利用土地,其他建築用地, ,1,201809,日陞空間資訊股份有限公司,26.634660285900001,47.872211043000000,05建築利用土地,0.004787221104300
05,0508,000000,建築利用土地,其他建築用地, ,1,201809,日陞空間資訊股份有限公司,26.005877098599999,40.862297749299998,05建築利用土地,0.004086229774930
05,0508,000000,建築利用土地,其他建築用地, ,1,201809,日陞空間資訊股份有限公司,22.787173384599999,31.280522243299998,05建築利用土地,0.003128052224330
05,0508,000000,建築利用土地,其他建築用地, ,1,201809,日陞空間資訊股份有限公司,22.016024890699999,29.576361586099999,05建築利用土地,0.002957636158610
05,0508,000000,建築利用土地,其他建築用地, ,1,201809,日陞空間資訊股份有限公司,22.242780893399999,30.721632193300000,05建築利用土地,0.003072163219330
05,0508,000000,建築利用土地,其他建築用地, ,1,201809,日陞空間資訊股份有限公司,97.239453000799998,333.256694453000023,05建築利用土地,0.033325669445300
05,0508,000000,建築利用土地,其他建築用地, ,1,201809,日陞空間資訊股份有限公司,20.168623994899999,24.216482912699998,05建築利用土地,0.002421648291270
05,0508,000000,建築利用土地,其他建築用地, ,1,201809,日陞空間資訊股份有限公司,56.709300679999998,154.147026269000008,05建築利用土地,0.015414702626900
05,0508,000000,建築利用土地,其他建築用地, ,1,201809,日陞空間資訊股份有限公司,70.562776236500000,262.453576933000022,05建築利用土地,0.026245357693300
05,0508,000000,建築利用土地,其他建築用地, ,1,201809,日陞空間資訊股份有限公司,26.839413800999999,44.987182998400002,05建築利用土地,0.004498718299840
05,0508,000000,建築利用土地,其他建築用地, ,1,201809,日陞空間資訊股份有限公司,24.015171855199998,32.012848685300000,05建築利用土地,0.003201284868530
05,0508,000000,建築利用土地,其他建築用地, ,1,201809,日陞空間資訊股份有限公司,28.745144393899999,51.126924545300000,05建築利用土地,0.005112692454530
05,0508,000000,建築利用土地,其他建築用地, ,1,201809,日陞空間資訊股份有限公司,95.884787715300007,530.717960635000054,05建築利用土地,0.053071796063500
05,0508,000000,建築利用土地,其他建築用地, ,1,201809,日陞空間資訊股份有限公司,111.429604599000001,503.848706277000019,05建築利用土地,0.050384870627700
05,0508,000000,建築利用土地,其他建築用地, ,1,201809,日陞空間資訊股份有限公司,86.669868549599997,310.471964639000021,05建築利用土地,0.031047196463900
05,0508,000000,建築利用土地,其他建築用地, ,1,201809,日陞空間資訊股份有限公司,112.229289879999996,466.459395506000021,05建築利用土地,0.046645939550600
05,0508,000000,建築利用土地,其他建築用地, ,1,201809,日陞空間資訊股份有限公司,64.436507812800002,170.575490462999994,05建築利用土地,0.017057549046300
05,0508,000000,建築利用土地,其他建築用地, ,1,201809,日陞空間資訊股份有限公司,68.933622926499993,184.781852673000003,05建築利用土地,0.018478185267300
05,0508,000000,建築利用土地,其他建築用地, ,1,201809,日陞空間資訊股份有限公司,42.140746686900002,110.347272141000005,05建築利用土地,0.011034727214100
05,0508,000000,建築利用土地,其他建築用地, ,1,201809,日陞空間資訊股份有限公司,47.677312517399997,137.422145943999993,05建築利用土地,0.013742214594400
05,0508,000000,建築利用土地,其他建築用地, ,1,201809,日陞空間資訊股份有限公司,45.113632676000002,113.525103748000006,05建築利用土地,0.011352510374800
05,0508,000000,建築利用土地,其他建築用地, ,1,201809,日陞空間資訊股份有限公司,100.403943201999994,376.834500955000010,05建築利用土地,0.037683450095500
05,0508,000000,建築利用土地,其他建築用地, ,1,201809,日陞空間資訊股份有限公司,27.240632454400000,46.146869991000003,05建築利用土地,0.004614686999100
05,0508,000000,建築利用土地,其他建築用地, ,1,201809,日陞空間資訊股份有限公司,45.238154373699999,126.680371996999995,05建築利用土地,0.012668037199700
05,0508,000000,建築利用土地,其他建築用地, ,1,201809,日陞空間資訊股份有限公司,35.159146698400001,69.966836094599998,05建築利用土地,0.006996683609460
05,0508,000000,建築利用土地,其他建築用地, ,1,201809,日陞空間資訊股份有限公司,50.956454200899998,113.254774038999997,05建築利用土地,0.011325477403900
05,0508,000000,建築利用土地,其他建築用地, ,1,201809,日陞空間資訊股份有限公司,22.001744371099999,30.245766299400000,05建築利用土地,0.003024576629940
05,0508,000000,建築利用土地,其他建築用地, ,1,201809,日陞空間資訊股份有限公司,49.635229633400002,84.613020063099995,05建築利用土地,0.008461302006310
05,0508,000000,建築利用土地,其他建築用地, ,1,201809,日陞空間資訊股份有限公司,82.495548688599996,407.524273221999977,05建築利用土地,0.040752427322200
05,0508,000000,建築利用土地,其他建築用地, ,1,201809,日陞空間資訊股份有限公司,20.367482199200001,24.529400953000000,05建築利用土地,0.002452940095300
05,0508,000000,建築利用土地,其他建築用地, ,1,201809,日陞空間資訊股份有限公司,75.157752700499998,280.618960529999981,05建築利用土地,0.028061896053000
05,0508,000000,建築利用土地,其他建築用地, ,1,201809,日陞空間資訊股份有限公司,29.230595569500000,52.628865537800003,05建築利用土地,0.005262886553780
05,0508,000000,建築利用土地,其他建築用地, ,1,201809,日陞空間資訊股份有限公司,76.891454608000004,217.879475719999988,05建築利用土地,0.021787947572000
05,0508,000000,建築利用土地,其他建築用地, ,1,201809,日陞空間資訊股份有限公司,69.795321022300001,252.717544499000013,05建築利用土地,0.025271754449900
05,0508,000000,建築利用土地,其他建築用地, ,1,201809,日陞空間資訊股份有限公司,33.173604493299997,44.744811154499999,05建築利用土地,0.004474481115450
05,0508,000000,建築利用土地,其他建築用地, ,1,201809,日陞空間資訊股份有限公司,45.333717350900002,112.270892352999994,05建築利用土地,0.011227089235300
05,0508,000000,建築利用土地,其他建築用地, ,1,201809,日陞空間資訊股份有限公司,86.865564157500003,410.561833576000026,05建築利用土地,0.041056183357600
05,0508,000000,建築利用土地,其他建築用地, ,1,201809,日陞空間資訊股份有限公司,32.902751776700001,38.444304013599996,05建築利用土地,0.003844430401360
05,0508,000000,建築利用土地,其他建築用地, ,1,201809,日陞空間資訊股份有限公司,61.809991867199997,116.977717978000001,05建築利用土地,0.011697771797800
05,0508,000000,建築利用土地,其他建築用地, ,1,201809,日陞空間資訊股份有限公司,66.583242376399994,235.458925394999994,05建築利用土地,0.023545892539500
05,0508,000000,建築利用土地,其他建築用地, ,1,201809,日陞空間資訊股份有限公司,185.984999197000008,1275.944611560000112,05建築利用土地,0.127594461156000
05,0508,000000,建築利用土地,其他建築用地, ,1,201809,日陞空間資訊股份有限公司,46.572353953300002,125.002217263999995,05建築利用土地,0.012500221726400
05,0508,000000,建築利用土地,其他建築用地, ,1,201809,日陞空間資訊股份有限公司,79.219992478799995,395.068173344999991,05建築利用土地,0.039506817334500
05,0508,000000,建築利用土地,其他建築用地, ,1,201809,日陞空間資訊股份有限公司,31.272196851400000,60.822118789900003,05建築利用土地,0.006082211878990
05,0508,000000,建築利用土地,其他建築用地, ,1,201809,日陞空間資訊股份有限公司,182.697080198999998,1110.573333029999958,05建築利用土地,0.111057333303000
05,0508,000000,建築利用土地,其他建築用地, ,1,201809,日陞空間資訊股份有限公司,28.766721272400002,47.231592555799999,05建築利用土地,0.004723159255580
05,0508,000000,建築利用土地,其他建築用地, ,1,201809,日陞空間資訊股份有限公司,25.995508718400000,41.852808335500001,05建築利用土地,0.004185280833550
05,0508,000000,建築利用土地,其他建築用地, ,1,201809,日陞空間資訊股份有限公司,20.820145812400000,24.826776069200001,05建築利用土地,0.002482677606920
05,0508,000000,建築利用土地,其他建築用地, ,1,201809,日陞空間資訊股份有限公司,28.775647254500001,44.847674862200002,05建築利用土地,0.004484767486220
05,0508,000000,建築利用土地,其他建築用地, ,1,201809,日陞空間資訊股份有限公司,37.403849824200002,67.382010005500007,05建築利用土地,0.006738201000550
05,0508,000000,建築利用土地,其他建築用地, ,1,201809,日陞空間資訊股份有限公司,70.937052790400003,287.977056631999972,05建築利用土地,0.028797705663200
05,0508,000000,建築利用土地,其他建築用地, ,1,201809,日陞空間資訊股份有限公司,21.305330188799999,27.757289001200000,05建築利用土地,0.002775728900120
05,0508,000000,建築利用土地,其他建築用地, ,1,201809,日陞空間資訊股份有限公司,78.483529526900000,198.519665166000010,05建築利用土地,0.019851966516600
05,0508,000000,建築利用土地,其他建築用地, ,1,201809,日陞空間資訊股份有限公司,54.625635883999998,186.332678289999990,05建築利用土地,0.018633267829000
05,0508,000000,建築利用土地,其他建築用地, ,1,201809,日陞空間資訊股份有限公司,20.707646068900001,23.539325319600000,05建築利用土地,0.002353932531960
05,0508,000000,建築利用土地,其他建築用地, ,1,201809,日陞空間資訊股份有限公司,16.027781267300000,15.828114870400000,05建築利用土地,0.001582811487040
05,0508,000000,建築利用土地,其他建築用地, ,1,201809,日陞空間資訊股份有限公司,50.596133603500000,127.174175906000002,05建築利用土地,0.012717417590600
05,0508,000000,建築利用土地,其他建築用地, ,1,201809,日陞空間資訊股份有限公司,18.127082339299999,19.760140495600002,05建築利用土地,0.001976014049560
05,0508,000000,建築利用土地,其他建築用地, ,1,201809,日陞空間資訊股份有限公司,36.444086551799998,55.610126655499997,05建築利用土地,0.005561012665550
05,0508,000000,建築利用土地,其他建築用地, ,1,201809,日陞空間資訊股份有限公司,63.540353807899997,238.082133279000004,05建築利用土地,0.023808213327900
05,0508,000000,建築利用土地,其他建築用地, ,1,201809,日陞空間資訊股份有限公司,46.873242333699999,133.952591146000003,05建築利用土地,0.013395259114600
05,0508,000000,建築利用土地,其他建築用地, ,1,201809,日陞空間資訊股份有限公司,56.863002163300003,169.168241295999991,05建築利用土地,0.016916824129600
05,0508,000000,建築利用土地,其他建築用地, ,1,201809,日陞空間資訊股份有限公司,80.718521518599999,380.964144938000004,05建築利用土地,0.038096414493800
05,0508,000000,建築利用土地,其他建築用地, ,1,201809,日陞空間資訊股份有限公司,22.180100825000000,25.277137868400001,05建築利用土地,0.002527713786840
05,0508,000000,建築利用土地,其他建築用地, ,1,201809,日陞空間資訊股份有限公司,102.431172066000002,598.318939323999984,05建築利用土地,0.059831893932400
05,0508,000000,建築利用土地,其他建築用地, ,1,201809,日陞空間資訊股份有限公司,41.008849634599997,70.075564551900001,05建築利用土地,0.007007556455190
05,0508,000000,建築利用土地,其他建築用地, ,1,201809,日陞空間資訊股份有限公司,128.561859787999992,796.530264204999980,05建築利用土地,0.079653026420500
05,0508,000000,建築利用土地,其他建築用地, ,1,201809,日陞空間資訊股份有限公司,45.268887962800001,124.846291120999993,05建築利用土地,0.012484629112100
05,0508,000000,建築利用土地,其他建築用地, ,1,201809,日陞空間資訊股份有限公司,16.775749607900000,14.659196501100000,05建築利用土地,0.001465919650110
05,0508,000000,建築利用土地,其他建築用地, ,1,201809,日陞空間資訊股份有限公司,123.509522176999994,937.136690000000044,05建築利用土地,0.093713669000000
05,0508,000000,建築利用土地,其他建築用地, ,1,201809,日陞空間資訊股份有限公司,55.222553847400000,144.029814955999996,05建築利用土地,0.014402981495600
05,0508,000000,建築利用土地,其他建築用地, ,1,201809,日陞空間資訊股份有限公司,21.181357234800000,26.738615649200000,05建築利用土地,0.002673861564920
05,0508,000000,建築利用土地,其他建築用地, ,1,201809,日陞空間資訊股份有限公司,26.339100541600001,22.860457652000001,05建築利用土地,0.002286045765200
05,0508,000000,建築利用土地,其他建築用地, ,1,201809,日陞空間資訊股份有限公司,70.434661415899996,218.759027518000011,05建築利用土地,0.021875902751800
05,0508,000000,建築利用土地,其他建築用地, ,1,201809,日陞空間資訊股份有限公司,45.716387002799998,121.275552860999994,05建築利用土地,0.012127555286100
05,0508,000000,建築利用土地,其他建築用地, ,1,201809,日陞空間資訊股份有限公司,40.868900970799999,107.716944890999997,05建築利用土地,0.010771694489100
05,0508,000000,建築利用土地,其他建築用地, ,1,201809,日陞空間資訊股份有限公司,69.683223070300002,186.652060269999993,05建築利用土地,0.018665206027000
05,0508,000000,建築利用土地,其他建築用地, ,1,201809,日陞空間資訊股份有限公司,104.783207028999996,533.755334356000049,05建築利用土地,0.053375533435600
05,0508,000000,建築利用土地,其他建築用地, ,1,201809,日陞空間資訊股份有限公司,78.776419116000000,386.430169012000022,05建築利用土地,0.038643016901200
05,0508,000000,建築利用土地,其他建築用地, ,1,201809,日陞空間資訊股份有限公司,29.603921605200000,40.276113732900001,05建築利用土地,0.004027611373290
05,0508,000000,建築利用土地,其他建築用地, ,1,201809,日陞空間資訊股份有限公司,32.981523968300003,59.449180330300003,05建築利用土地,0.005944918033030
05,0508,000000,建築利用土地,其他建築用地, ,1,201809,日陞空間資訊股份有限公司,98.564982674700005,385.729145033999998,05建築利用土地,0.038572914503400
05,0508,000000,建築利用土地,其他建築用地, ,1,201809,日陞空間資訊股份有限公司,18.940502314500002,20.791256206500002,05建築利用土地,0.002079125620650
05,0508,000000,建築利用土地,其他建築用地, ,1,201809,日陞空間資訊股份有限公司,25.776711380399998,41.918593442300001,05建築利用土地,0.004191859344230
05,0508,000000,建築利用土地,其他建築用地, ,1,201809,日陞空間資訊股份有限公司,66.774532737900003,259.237941615000011,05建築利用土地,0.025923794161500
05,0508,000000,建築利用土地,其他建築用地, ,1,201809,日陞空間資訊股份有限公司,23.506890511400002,31.197190149699999,05建築利用土地,0.003119719014970
05,0508,000000,建築利用土地,其他建築用地, ,1,201809,日陞空間資訊股份有限公司,101.465558453000000,585.631627236999975,05建築利用土地,0.058563162723700
05,0508,000000,建築利用土地,其他建築用地, ,1,201809,日陞空間資訊股份有限公司,30.924672045900000,50.338676770799999,05建築利用土地,0.005033867677080
05,0508,000000,建築利用土地,其他建築用地, ,1,201809,日陞空間資訊股份有限公司,144.206955475999990,1295.131596369999897,05建築利用土地,0.129513159637000
05,0508,000000,建築利用土地,其他建築用地, ,1,201809,日陞空間資訊股份有限公司,41.319379061900001,91.782324423999995,05建築利用土地,0.009178232442400
05,0508,000000,建築利用土地,其他建築用地, ,1,201809,日陞空間資訊股份有限公司,50.798115200500000,142.142943567999993,05建築利用土地,0.014214294356800
05,0508,000000,建築利用土地,其他建築用地, ,1,201809,日陞空間資訊股份有限公司,70.552887994900004,220.282667983000010,05建築利用土地,0.022028266798300
05,0508,000000,建築利用土地,其他建築用地, ,1,201809,日陞空間資訊股份有限公司,82.291905456600006,392.167610204000027,05建築利用土地,0.039216761020400
05,0508,000000,建築利用土地,其他建築用地, ,1,201809,日陞空間資訊股份有限公司,105.984412356000007,567.041918900000042,05建築利用土地,0.056704191890000
05,0508,000000,建築利用土地,其他建築用地, ,1,201809,日陞空間資訊股份有限公司,49.579434378599998,127.162973699000005,05建築利用土地,0.012716297369900
05,0508,000000,建築利用土地,其他建築用地, ,1,201809,日陞空間資訊股份有限公司,60.369719215200000,181.288210036999999,05建築利用土地,0.018128821003700
05,0508,000000,建築利用土地,其他建築用地, ,1,201809,日陞空間資訊股份有限公司,88.054521863399998,370.876554286999976,05建築利用土地,0.037087655428700
05,0508,000000,建築利用土地,其他建築用地, ,1,201809,日陞空間資訊股份有限公司,37.025643207599998,82.900401417900000,05建築利用土地,0.008290040141790
05,0508,000000,建築利用土地,其他建築用地, ,1,201809,日陞空間資訊股份有限公司,35.114333199999997,56.657662089500000,05建築利用土地,0.005665766208950
05,0508,000000,建築利用土地,其他建築用地, ,1,201809,日陞空間資訊股份有限公司,46.835634074799998,80.834591504000002,05建築利用土地,0.008083459150400
05,0508,000000,建築利用土地,其他建築用地, ,1,201809,日陞空間資訊股份有限公司,31.693731139800001,62.697006356199999,05建築利用土地,0.006269700635620
05,0508,000000,建築利用土地,其他建築用地, ,1,201809,日陞空間資訊股份有限公司,65.097148222000001,167.220292790000002,05建築利用土地,0.016722029279000
05,0508,000000,建築利用土地,其他建築用地, ,1,201809,日陞空間資訊股份有限公司,59.135453971300002,210.387227865999989,05建築利用土地,0.021038722786600
05,0508,000000,建築利用土地,其他建築用地, ,1,201809,日陞空間資訊股份有限公司,26.541635308600000,43.694641045700003,05建築利用土地,0.004369464104570
05,0508,000000,建築利用土地,其他建築用地, ,1,201809,日陞空間資訊股份有限公司,34.268437174299997,51.229190773500001,05建築利用土地,0.005122919077350
05,0508,000000,建築利用土地,其他建築用地, ,1,201809,日陞空間資訊股份有限公司,39.496889126399999,97.348011004300005,05建築利用土地,0.009734801100430
05,0508,000000,建築利用土地,其他建築用地, ,1,201809,日陞空間資訊股份有限公司,18.054393520900000,19.502519498000002,05建築利用土地,0.001950251949800
05,0508,000000,建築利用土地,其他建築用地, ,1,201809,日陞空間資訊股份有限公司,38.737785166800002,63.211001648699998,05建築利用土地,0.006321100164870
05,0508,000000,建築利用土地,其他建築用地, ,1,201809,日陞空間資訊股份有限公司,30.454947736600001,51.713402318100002,05建築利用土地,0.005171340231810
05,0508,000000,建築利用土地,其他建築用地, ,1,201809,日陞空間資訊股份有限公司,77.589980012599995,354.665774223000028,05建築利用土地,0.035466577422300
05,0508,000000,建築利用土地,其他建築用地, ,1,201809,日陞空間資訊股份有限公司,63.371068258800001,234.499244236000010,05建築利用土地,0.023449924423600
05,0508,000000,建築利用土地,其他建築用地, ,1,201809,日陞空間資訊股份有限公司,97.461230320100000,429.955172532000006,05建築利用土地,0.042995517253200
05,0508,000000,建築利用土地,其他建築用地, ,1,201809,日陞空間資訊股份有限公司,88.153749836200006,394.436634132999984,05建築利用土地,0.039443663413300
05,0508,000000,建築利用土地,其他建築用地, ,1,201809,日陞空間資訊股份有限公司,29.111395300400002,50.288844176799998,05建築利用土地,0.005028884417680
05,0508,000000,建築利用土地,其他建築用地, ,1,201809,日陞空間資訊股份有限公司,164.040530638000007,940.085182859000042,05建築利用土地,0.094008518285900
06,0601,000000,公共利用土地,政府機關, ,0,201809,日陞空間資訊股份有限公司,98.795380201300006,588.036634681000010,06公共利用土地,0.058803663468100
06,0601,000000,公共利用土地,政府機關, ,1,201809,日陞空間資訊股份有限公司,2188.795292769999833,131273.312625999999000,06公共利用土地,13.127331262600000
06,0601,000000,公共利用土地,政府機關, ,1,201809,日陞空間資訊股份有限公司,82.353592884700006,401.183946920999972,06公共利用土地,0.040118394692100
06,0601,000000,公共利用土地,政府機關, ,1,201809,日陞空間資訊股份有限公司,137.743099631999996,1250.065993780000099,06公共利用土地,0.125006599378000
06,0601,000000,公共利用土地,政府機關, ,1,201809,日陞空間資訊股份有限公司,176.624686247000000,1559.932617740000069,06公共利用土地,0.155993261774000
06,0601,000000,公共利用土地,政府機關, ,1,201809,日陞空間資訊股份有限公司,141.280784299000004,1262.756529089999958,06公共利用土地,0.126275652909000
06,0601,000000,公共利用土地,政府機關, ,1,201809,日陞空間資訊股份有限公司,156.356777050999995,1366.071469270000080,06公共利用土地,0.136607146927000
06,0601,000000,公共利用土地,政府機關, ,1,201809,日陞空間資訊股份有限公司,229.973740643000014,2450.776719980000053,06公共利用土地,0.245077671998000
06,0601,000000,公共利用土地,政府機關, ,1,201809,日陞空間資訊股份有限公司,823.444647361999955,27167.614541499999177,06公共利用土地,2.716761454150000
06,0601,000000,公共利用土地,政府機關, ,1,201809,日陞空間資訊股份有限公司,138.747939021000008,967.501661385000034,06公共利用土地,0.096750166138500
06,0601,000000,公共利用土地,政府機關, ,1,201809,日陞空間資訊股份有限公司,68.865980379299998,164.712699388999994,06公共利用土地,0.016471269938900
06,0601,000000,公共利用土地,政府機關, ,1,201809,日陞空間資訊股份有限公司,465.960153434000006,7589.024552380000387,06公共利用土地,0.758902455238000
06,0601,000000,公共利用土地,政府機關, ,1,201809,日陞空間資訊股份有限公司,64.189918181199999,257.134783180999989,06公共利用土地,0.025713478318100
06,0601,000000,公共利用土地,政府機關, ,1,201809,日陞空間資訊股份有限公司,813.142403463000051,35863.617241100000683,06公共利用土地,3.586361724110000
06,0602,000000,公共利用土地,學校, ,1,201809,日陞空間資訊股份有限公司,461.206125475000022,10287.662973799999236,06公共利用土地,1.028766297380000
06,0602,000000,公共利用土地,學校, ,1,201809,日陞空間資訊股份有限公司,388.263593082000000,8049.450462939999852,06公共利用土地,0.804945046294000
06,0602,000000,公共利用土地,學校, ,1,201809,日陞空間資訊股份有限公司,390.534416707999981,6838.189283790000445,06公共利用土地,0.683818928379000
06,0603,000000,公共利用土地,醫療保健, ,1,201809,日陞空間資訊股份有限公司,47.864977017800001,85.049497299500004,06公共利用土地,0.008504949729950
06,0604,000000,公共利用土地,社會福利設施, ,1,201809,日陞空間資訊股份有限公司,152.321197326999993,1243.105428359999905,06公共利用土地,0.124310542836000
06,0604,000000,公共利用土地,社會福利設施, ,1,201809,日陞空間資訊股份有限公司,59.595179276899998,222.255223640999986,06公共利用土地,0.022225522364100
06,0604,000000,公共利用土地,社會福利設施, ,1,201809,日陞空間資訊股份有限公司,95.420799912400000,484.215072519999978,06公共利用土地,0.048421507252000
06,0604,000000,公共利用土地,社會福利設施, ,1,201809,日陞空間資訊股份有限公司,50.559116252000003,157.577045755000000,06公共利用土地,0.015757704575500
06,0604,000000,公共利用土地,社會福利設施, ,1,201809,日陞空間資訊股份有限公司,123.058704918000004,898.630227544000036,06公共利用土地,0.089863022754400
06,0604,000000,公共利用土地,社會福利設施, ,1,201809,日陞空間資訊股份有限公司,136.200750999999997,914.759261586999969,06公共利用土地,0.091475926158700
06,0604,000000,公共利用土地,社會福利設施, ,1,201809,日陞空間資訊股份有限公司,478.249556142000017,12663.991829299999154,06公共利用土地,1.266399182930000
06,0605,000000,公共利用土地,公用設備, ,1,201809,日陞空間資訊股份有限公司,159.650915755999989,1383.767909820000114,06公共利用土地,0.138376790982000
06,0605,000000,公共利用土地,公用設備, ,1,201809,日陞空間資訊股份有限公司,346.818208597000023,6001.272660669999823,06公共利用土地,0.600127266067000
06,0606,000000,公共利用土地,環保設施, ,1,201809,日陞空間資訊股份有限公司,319.289050952000025,6172.230500990000110,06公共利用土地,0.617223050099000
06,0606,000000,公共利用土地,環保設施, ,1,201809,日陞空間資訊股份有限公司,27.164574475399998,45.157748276500001,06公共利用土地,0.004515774827650
06,0606,000000,公共利用土地,環保設施, ,1,201809,日陞空間資訊股份有限公司,46.532564602800001,129.001151993999997,06公共利用土地,0.012900115199400
06,0606,000000,公共利用土地,環保設施, ,1,201809,日陞空間資訊股份有限公司,19.001083424600001,16.404953043500001,06公共利用土地,0.001640495304350
06,0606,000000,公共利用土地,環保設施, ,1,201809,日陞空間資訊股份有限公司,87.392042687499995,353.634403621999979,06公共利用土地,0.035363440362200
06,0606,000000,公共利用土地,環保設施, ,1,201809,日陞空間資訊股份有限公司,359.504482934999999,7869.207183710000209,06公共利用土地,0.786920718371000
06,0606,000000,公共利用土地,環保設施, ,1,201809,日陞空間資訊股份有限公司,29.500089921000001,54.248053412600001,06公共利用土地,0.005424805341260
07,0701,000000,遊憩利用土地,文化設施, ,1,201809,日陞空間資訊股份有限公司,431.247284019000006,6762.425440650000382,07遊憩利用土地,0.676242544065000
07,0701,000000,遊憩利用土地,文化設施, ,1,201809,日陞空間資訊股份有限公司,77.332808944199996,350.206405741000026,07遊憩利用土地,0.035020640574100
07,0701,000000,遊憩利用土地,文化設施, ,1,201809,日陞空間資訊股份有限公司,207.317047468999988,2300.892009910000070,07遊憩利用土地,0.230089200991000
07,0701,000000,遊憩利用土地,文化設施, ,1,201809,日陞空間資訊股份有限公司,1294.216773030000013,66941.124196300006588,07遊憩利用土地,6.694112419630000
07,0702,000000,遊憩利用土地,公園綠地廣場, ,1,201809,日陞空間資訊股份有限公司,583.194764897000027,597.515064843000005,07遊憩利用土地,0.059751506484300
07,0702,000000,遊憩利用土地,公園綠地廣場, ,1,201809,日陞空間資訊股份有限公司,88.517425730300005,329.629346913000006,07遊憩利用土地,0.032962934691300
07,0702,000000,遊憩利用土地,公園綠地廣場, ,1,201809,日陞空間資訊股份有限公司,705.809850480000023,3049.746640779999780,07遊憩利用土地,0.304974664078000
07,0702,000000,遊憩利用土地,公園綠地廣場, ,1,201809,日陞空間資訊股份有限公司,113.218597301000003,610.448130461000005,07遊憩利用土地,0.061044813046100
07,0702,000000,遊憩利用土地,公園綠地廣場, ,1,201809,日陞空間資訊股份有限公司,24.105026151699999,36.312277933399997,07遊憩利用土地,0.003631227793340
07,0702,000000,遊憩利用土地,公園綠地廣場, ,1,201809,日陞空間資訊股份有限公司,55.455402171599999,183.111198696999992,07遊憩利用土地,0.018311119869700
07,0702,000000,遊憩利用土地,公園綠地廣場, ,1,201809,日陞空間資訊股份有限公司,118.519984011999995,350.379764002999991,07遊憩利用土地,0.035037976400300
07,0702,000000,遊憩利用土地,公園綠地廣場, ,1,201809,日陞空間資訊股份有限公司,400.058545966999986,539.807079393999970,07遊憩利用土地,0.053980707939400
07,0702,000000,遊憩利用土地,公園綠地廣場, ,1,201809,日陞空間資訊股份有限公司,64.857317706100005,264.318217557000025,07遊憩利用土地,0.026431821755700
07,0702,000000,遊憩利用土地,公園綠地廣場, ,1,201809,日陞空間資訊股份有限公司,1303.833921689999897,2856.186458499999844,07遊憩利用土地,0.285618645850000
07,0702,000000,遊憩利用土地,公園綠地廣場, ,1,201809,日陞空間資訊股份有限公司,61.204362578300000,192.647127266000012,07遊憩利用土地,0.019264712726600
07,0702,000000,遊憩利用土地,公園綠地廣場, ,1,201809,日陞空間資訊股份有限公司,92.702445701399995,472.526531186000000,07遊憩利用土地,0.047252653118600
07,0702,000000,遊憩利用土地,公園綠地廣場, ,1,201809,日陞空間資訊股份有限公司,175.468184197999989,1763.168605410000055,07遊憩利用土地,0.176316860541000
07,0702,000000,遊憩利用土地,公園綠地廣場, ,1,201809,日陞空間資訊股份有限公司,48.988270668900000,132.076419350999998,07遊憩利用土地,0.013207641935100
07,0702,000000,遊憩利用土地,公園綠地廣場, ,1,201809,日陞空間資訊股份有限公司,31.617810734300001,59.967391085000003,07遊憩利用土地,0.005996739108500
07,0702,000000,遊憩利用土地,公園綠地廣場, ,1,201809,日陞空間資訊股份有限公司,159.114515982999990,1138.996914020000077,07遊憩利用土地,0.113899691402000
07,0702,000000,遊憩利用土地,公園綠地廣場, ,1,201809,日陞空間資訊股份有限公司,486.304262062000021,8471.564826929999981,07遊憩利用土地,0.847156482693000
07,0702,000000,遊憩利用土地,公園綠地廣場, ,1,201809,日陞空間資訊股份有限公司,39.302141014000000,93.750468457500006,07遊憩利用土地,0.009375046845750
07,0702,000000,遊憩利用土地,公園綠地廣場, ,1,201809,日陞空間資訊股份有限公司,328.164417613000012,2153.094827429999896,07遊憩利用土地,0.215309482743000
07,0703,000000,遊憩利用土地,休閒設施, ,1,201809,日陞空間資訊股份有限公司,859.478751468000041,8540.304642819999572,07遊憩利用土地,0.854030464282000
07,0703,000000,遊憩利用土地,休閒設施, ,1,201809,日陞空間資訊股份有限公司,466.572866868999995,11847.373560300000463,07遊憩利用土地,1.184737356030000
07,0703,000000,遊憩利用土地,休閒設施, ,1,201809,日陞空間資訊股份有限公司,59.613084064200002,220.295401652000010,07遊憩利用土地,0.022029540165200
07,0703,000000,遊憩利用土地,休閒設施, ,1,201809,日陞空間資訊股份有限公司,2531.431365550000010,219019.795416999986628,07遊憩利用土地,21.901979541700001
07,0703,000000,遊憩利用土地,休閒設施, ,1,201809,日陞空間資訊股份有限公司,745.459115172999986,13592.142220800000359,07遊憩利用土地,1.359214222080000
08,0802,000000,礦鹽利用土地,土石及相關設, ,1,201809,日陞空間資訊股份有限公司,100.092715239000000,458.728870040999993,08礦鹽利用土地,0.045872887004100
08,0802,000000,礦鹽利用土地,土石及相關設, ,1,201809,日陞空間資訊股份有限公司,197.732233801000007,1774.157469210000045,08礦鹽利用土地,0.177415746921000
08,0802,000000,礦鹽利用土地,土石及相關設, ,1,201809,日陞空間資訊股份有限公司,169.305496784000013,1502.828556079999998,08礦鹽利用土地,0.150282855608000
08,0802,000000,礦鹽利用土地,土石及相關設, ,1,201809,日陞空間資訊股份有限公司,330.069051068000022,4283.309329300000172,08礦鹽利用土地,0.428330932930000
09,0902,000000,其他利用土地,草生地, ,0,201809,日陞空間資訊股份有限公司,1035.592870330000096,29220.773949400001584,09其他利用土地,2.922077394940000
09,0902,000000,其他利用土地,草生地, ,0,201809,日陞空間資訊股份有限公司,768.923052599000016,19601.444566300000588,09其他利用土地,1.960144456630000
09,0902,000000,其他利用土地,草生地, ,0,201809,日陞空間資訊股份有限公司,311.038357749999989,2370.933598099999926,09其他利用土地,0.237093359810000
09,0902,000000,其他利用土地,草生地, ,0,201809,日陞空間資訊股份有限公司,272.039628334999975,1942.857215989999986,09其他利用土地,0.194285721599000
09,0902,000000,其他利用土地,草生地, ,0,201809,日陞空間資訊股份有限公司,1266.453426399999898,16445.721513500000583,09其他利用土地,1.644572151350000
09,0902,000000,其他利用土地,草生地, ,0,201809,日陞空間資訊股份有限公司,168.816342635000012,1177.558448550000094,09其他利用土地,0.117755844855000
09,0902,000000,其他利用土地,草生地, ,0,201809,日陞空間資訊股份有限公司,195.768646968000013,1229.130214179999939,09其他利用土地,0.122913021418000
09,0902,000000,其他利用土地,草生地, ,0,201809,日陞空間資訊股份有限公司,461.983547833999978,3652.511791020000146,09其他利用土地,0.365251179102000
09,0902,000000,其他利用土地,草生地, ,0,201809,日陞空間資訊股份有限公司,458.707041881000009,6657.447546589999547,09其他利用土地,0.665744754659000
09,0902,000000,其他利用土地,草生地, ,0,201809,日陞空間資訊股份有限公司,203.259395296000008,2426.396221160000096,09其他利用土地,0.242639622116000
09,0902,000000,其他利用土地,草生地, ,0,201809,日陞空間資訊股份有限公司,255.428608080999993,3456.075506610000048,09其他利用土地,0.345607550661000
09,0902,000000,其他利用土地,草生地, ,0,201809,日陞空間資訊股份有限公司,144.717495380000003,1475.198667919999934,09其他利用土地,0.147519866792000
09,0902,000000,其他利用土地,草生地, ,0,201809,日陞空間資訊股份有限公司,854.482944385999986,10614.522322700000586,09其他利用土地,1.061452232270000
09,0902,000000,其他利用土地,草生地, ,0,201809,日陞空間資訊股份有限公司,412.763336998000000,5107.657327189999705,09其他利用土地,0.510765732719000
09,0902,000000,其他利用土地,草生地, ,0,201809,日陞空間資訊股份有限公司,498.828011264999986,6597.445541330000196,09其他利用土地,0.659744554133000
09,0902,000000,其他利用土地,草生地, ,0,201809,日陞空間資訊股份有限公司,325.088588211999991,4889.030049439999857,09其他利用土地,0.488903004944000
09,0902,000000,其他利用土地,草生地, ,0,201809,日陞空間資訊股份有限公司,149.989111557000001,1121.897678529999894,09其他利用土地,0.112189767853000
09,0902,000000,其他利用土地,草生地, ,0,201809,日陞空間資訊股份有限公司,370.609497090999980,3071.255227510000168,09其他利用土地,0.307125522751000
09,0902,000000,其他利用土地,草生地, ,0,201809,日陞空間資訊股份有限公司,89.871675311999994,589.356876198999998,09其他利用土地,0.058935687619900
09,0902,000000,其他利用土地,草生地, ,0,201809,日陞空間資訊股份有限公司,154.564478204000011,845.882727691000014,09其他利用土地,0.084588272769100
09,0902,000000,其他利用土地,草生地, ,0,201809,日陞空間資訊股份有限公司,748.721130381999956,6056.549975769999946,09其他利用土地,0.605654997577000
09,0902,000000,其他利用土地,草生地, ,0,201809,日陞空間資訊股份有限公司,203.267081133999994,2220.538723650000065,09其他利用土地,0.222053872365000
09,0902,000000,其他利用土地,草生地, ,0,201809,日陞空間資訊股份有限公司,66.402496726699994,322.932365597000000,09其他利用土地,0.032293236559700
09,0902,000000,其他利用土地,草生地, ,0,201809,日陞空間資訊股份有限公司,71.760972203300000,360.898674262999975,09其他利用土地,0.036089867426300
09,0902,000000,其他利用土地,草生地, ,0,201809,日陞空間資訊股份有限公司,830.785049224999966,13466.705991400000130,09其他利用土地,1.346670599140000
09,0902,000000,其他利用土地,草生地, ,0,201809,日陞空間資訊股份有限公司,319.184072760999982,4176.273688039999797,09其他利用土地,0.417627368804000
09,0902,000000,其他利用土地,草生地, ,0,201809,日陞空間資訊股份有限公司,273.718869476000009,2199.048234360000151,09其他利用土地,0.219904823436000
09,0902,000000,其他利用土地,草生地, ,0,201809,日陞空間資訊股份有限公司,211.826375485999989,1845.347656509999979,09其他利用土地,0.184534765651000
09,0902,000000,其他利用土地,草生地, ,0,201809,日陞空間資訊股份有限公司,288.958052694000003,1903.536961979999887,09其他利用土地,0.190353696198000
09,0902,000000,其他利用土地,草生地, ,0,201809,日陞空間資訊股份有限公司,224.172954680999993,2907.962584160000006,09其他利用土地,0.290796258416000
09,0902,000000,其他利用土地,草生地, ,0,201809,日陞空間資訊股份有限公司,136.490968382999995,874.308110836999958,09其他利用土地,0.087430811083700
09,0902,000000,其他利用土地,草生地, ,0,201809,日陞空間資訊股份有限公司,279.708153388000028,2746.026813970000148,09其他利用土地,0.274602681397000
09,0902,000000,其他利用土地,草生地, ,0,201809,日陞空間資訊股份有限公司,61.879118650199999,198.952475625999995,09其他利用土地,0.019895247562600
09,0902,000000,其他利用土地,草生地, ,0,201809,日陞空間資訊股份有限公司,223.002387894000009,2330.016594260000147,09其他利用土地,0.233001659426000
09,0902,000000,其他利用土地,草生地, ,0,201809,日陞空間資訊股份有限公司,82.988035289099997,463.085339137999995,09其他利用土地,0.046308533913800
09,0902,000000,其他利用土地,草生地, ,0,201809,日陞空間資訊股份有限公司,133.696992596000001,979.433778802999996,09其他利用土地,0.097943377880300
09,0902,000000,其他利用土地,草生地, ,0,201809,日陞空間資訊股份有限公司,127.014606853000004,854.456720907999966,09其他利用土地,0.085445672090800
09,0902,000000,其他利用土地,草生地, ,0,201809,日陞空間資訊股份有限公司,132.586966176000004,693.208901435000030,09其他利用土地,0.069320890143500
09,0902,000000,其他利用土地,草生地, ,0,201809,日陞空間資訊股份有限公司,869.749464615999955,15175.977607599999828,09其他利用土地,1.517597760760000
09,0903,000000,其他利用土地,裸露地, ,0,201809,日陞空間資訊股份有限公司,61.609231046300003,188.144067258000007,09其他利用土地,0.018814406725800
09,0903,000000,其他利用土地,裸露地, ,0,201809,日陞空間資訊股份有限公司,165.527017989999990,1105.246045030000005,09其他利用土地,0.110524604503000
09,0903,000000,其他利用土地,裸露地, ,0,201809,日陞空間資訊股份有限公司,969.063223559999983,18111.916653799999040,09其他利用土地,1.811191665380000
09,0903,000000,其他利用土地,裸露地, ,0,201809,日陞空間資訊股份有限公司,10587.044826900000771,472759.936117000004742,09其他利用土地,47.275993611700002
09,0903,000000,其他利用土地,裸露地, ,0,201809,日陞空間資訊股份有限公司,321.849752405999993,4634.977922029999718,09其他利用土地,0.463497792203000
09,0903,000000,其他利用土地,裸露地, ,0,201809,日陞空間資訊股份有限公司,159.065147805000009,827.443406406999998,09其他利用土地,0.082744340640700
09,0903,000000,其他利用土地,裸露地, ,0,201809,日陞空間資訊股份有限公司,194.862565738999990,1516.337137920000032,09其他利用土地,0.151633713792000
09,0903,000000,其他利用土地,裸露地, ,0,201809,日陞空間資訊股份有限公司,270.073151919999987,1108.045673679999936,09其他利用土地,0.110804567368000
09,0903,000000,其他利用土地,裸露地, ,0,201809,日陞空間資訊股份有限公司,237.224315506000011,1540.572437479999962,09其他利用土地,0.154057243748000
09,0903,000000,其他利用土地,裸露地, ,0,201809,日陞空間資訊股份有限公司,257.826363081000011,2462.642388010000104,09其他利用土地,0.246264238801000
09,0903,000000,其他利用土地,裸露地, ,0,201809,日陞空間資訊股份有限公司,82.911674102399999,476.173072312999977,09其他利用土地,0.047617307231300
09,0903,000000,其他利用土地,裸露地, ,0,201809,日陞空間資訊股份有限公司,64.024035283100005,289.906565625999974,09其他利用土地,0.028990656562600
09,0903,000000,其他利用土地,裸露地, ,0,201809,日陞空間資訊股份有限公司,136.565523753999997,895.792848306999986,09其他利用土地,0.089579284830700
09,0903,000000,其他利用土地,裸露地, ,0,201809,日陞空間資訊股份有限公司,145.547273996999991,1167.218114219999961,09其他利用土地,0.116721811422000
09,0903,000000,其他利用土地,裸露地, ,0,201809,日陞空間資訊股份有限公司,6214.420600120000017,157280.388124999997672,09其他利用土地,15.728038812499999
09,0903,000000,其他利用土地,裸露地, ,0,201809,日陞空間資訊股份有限公司,2077.555301010000221,47932.767693599998893,09其他利用土地,4.793276769360000
09,0903,000000,其他利用土地,裸露地, ,0,201809,日陞空間資訊股份有限公司,289.600515524000002,2146.484072839999953,09其他利用土地,0.214648407284000
09,0903,000000,其他利用土地,裸露地, ,0,201809,日陞空間資訊股份有限公司,138.071196391999990,658.307692456000041,09其他利用土地,0.065830769245600
09,0903,000000,其他利用土地,裸露地, ,0,201809,日陞空間資訊股份有限公司,1297.092690449999964,30480.293975199998386,09其他利用土地,3.048029397520000
09,0903,000000,其他利用土地,裸露地, ,0,201809,日陞空間資訊股份有限公司,745.031558556000050,17376.438784800000576,09其他利用土地,1.737643878480000
09,0903,000000,其他利用土地,裸露地, ,0,201809,日陞空間資訊股份有限公司,1013.935573090000048,25844.460117200000241,09其他利用土地,2.584446011720000
09,0903,000000,其他利用土地,裸露地, ,0,201809,日陞空間資訊股份有限公司,608.143646002999958,18774.683369999998831,09其他利用土地,1.877468337000000
09,0903,000000,其他利用土地,裸露地, ,0,201809,日陞空間資訊股份有限公司,151.534941615999998,1716.139742300000080,09其他利用土地,0.171613974230000
09,0903,000000,其他利用土地,裸露地, ,0,201809,日陞空間資訊股份有限公司,1019.996082300000012,36824.433353899999929,09其他利用土地,3.682443335390000
09,0903,000000,其他利用土地,裸露地, ,0,201809,日陞空間資訊股份有限公司,689.910424950999982,9135.691272620000746,09其他利用土地,0.913569127262000
09,0903,000000,其他利用土地,裸露地, ,0,201809,日陞空間資訊股份有限公司,169.565716105000007,1239.297533160000057,09其他利用土地,0.123929753316000
09,0903,000000,其他利用土地,裸露地, ,0,201809,日陞空間資訊股份有限公司,116.533249741000006,545.990627844999949,09其他利用土地,0.054599062784500
09,0903,000000,其他利用土地,裸露地, ,0,201809,日陞空間資訊股份有限公司,102.411252367000003,409.103898124000011,09其他利用土地,0.040910389812400
09,0903,000000,其他利用土地,裸露地, ,0,201809,日陞空間資訊股份有限公司,313.922438020000016,4292.919020479999745,09其他利用土地,0.429291902048000
09,0903,000000,其他利用土地,裸露地, ,0,201809,日陞空間資訊股份有限公司,43.871469172600001,130.969933260999994,09其他利用土地,0.013096993326100
09,0903,000000,其他利用土地,裸露地, ,0,201809,日陞空間資訊股份有限公司,62.617402237599997,288.172328484999980,09其他利用土地,0.028817232848500
09,0903,000000,其他利用土地,裸露地, ,0,201809,日陞空間資訊股份有限公司,160.171586082999994,983.408299930999988,09其他利用土地,0.098340829993100
09,0903,000000,其他利用土地,裸露地, ,0,201809,日陞空間資訊股份有限公司,258.688205395000011,1247.740277910000032,09其他利用土地,0.124774027791000
09,0903,000000,其他利用土地,裸露地, ,0,201809,日陞空間資訊股份有限公司,320.751612882000018,4560.340294810000159,09其他利用土地,0.456034029481000
09,0903,000000,其他利用土地,裸露地, ,0,201809,日陞空間資訊股份有限公司,181.176022789000001,2028.276528449999887,09其他利用土地,0.202827652845000
09,0903,000000,其他利用土地,裸露地, ,0,201809,日陞空間資訊股份有限公司,1424.578607420000026,32560.924028299999918,09其他利用土地,3.256092402830000
09,0903,000000,其他利用土地,裸露地, ,0,201809,日陞空間資訊股份有限公司,294.225763615999995,1008.320135800000003,09其他利用土地,0.100832013580000
09,0903,000000,其他利用土地,裸露地, ,0,201809,日陞空間資訊股份有限公司,116.765060790000007,896.141001407999966,09其他利用土地,0.089614100140800
09,0903,000000,其他利用土地,裸露地, ,0,201809,日陞空間資訊股份有限公司,666.077195705999998,18854.329982800001744,09其他利用土地,1.885432998280000
09,0903,000000,其他利用土地,裸露地, ,0,201809,日陞空間資訊股份有限公司,1281.427840479999986,31659.555201399998623,09其他利用土地,3.165955520140000
09,0903,000000,其他利用土地,裸露地, ,0,201809,日陞空間資訊股份有限公司,230.704684162999996,1327.727732500000002,09其他利用土地,0.132772773250000
09,0903,000000,其他利用土地,裸露地, ,0,201809,日陞空間資訊股份有限公司,106.687008969000004,670.853152789999967,09其他利用土地,0.067085315279000
09,0903,000000,其他利用土地,裸露地, ,0,201809,日陞空間資訊股份有限公司,465.076150229000007,5574.134367849999762,09其他利用土地,0.557413436785000
09,0903,000000,其他利用土地,裸露地, ,0,201809,日陞空間資訊股份有限公司,122.692806943999997,695.695590725999978,09其他利用土地,0.069569559072600
09,0903,000000,其他利用土地,裸露地, ,0,201809,日陞空間資訊股份有限公司,230.632474696000003,2137.657039650000115,09其他利用土地,0.213765703965000
09,0903,000000,其他利用土地,裸露地, ,0,201809,日陞空間資訊股份有限公司,65.042791923500005,270.076440155000000,09其他利用土地,0.027007644015500
09,0903,000000,其他利用土地,裸露地, ,0,201809,日陞空間資訊股份有限公司,756.540405559999954,27218.339501599999494,09其他利用土地,2.721833950160000
09,0903,000000,其他利用土地,裸露地, ,0,201809,日陞空間資訊股份有限公司,111.340508654000004,547.842600094999966,09其他利用土地,0.054784260009500
09,0903,000000,其他利用土地,裸露地, ,0,201809,日陞空間資訊股份有限公司,1292.601670230000082,65089.870404499997676,09其他利用土地,6.508987040450000
09,0903,000000,其他利用土地,裸露地, ,0,201809,日陞空間資訊股份有限公司,1999.341342500000110,77825.456644000005326,09其他利用土地,7.782545664400000
09,0903,000000,其他利用土地,裸露地, ,0,201809,日陞空間資訊股份有限公司,4520.273755459999848,214096.277073000004748,09其他利用土地,21.409627707300000
09,0903,000000,其他利用土地,裸露地, ,0,201809,日陞空間資訊股份有限公司,12490.774268999999549,548861.254495000001043,09其他利用土地,54.886125449500000
09,0903,000000,其他利用土地,裸露地, ,0,201809,日陞空間資訊股份有限公司,36.213138074200003,88.428399311000007,09其他利用土地,0.008842839931100
09,0903,000000,其他利用土地,裸露地, ,0,201809,日陞空間資訊股份有限公司,49.606626956500001,167.729229838000009,09其他利用土地,0.016772922983800
09,0903,000000,其他利用土地,裸露地, ,0,201809,日陞空間資訊股份有限公司,60.499540173000000,260.694843424999988,09其他利用土地,0.026069484342500
09,0903,000000,其他利用土地,裸露地, ,0,201809,日陞空間資訊股份有限公司,194.639062641999999,2265.339929740000116,09其他利用土地,0.226533992974000
09,0903,000000,其他利用土地,裸露地, ,0,201809,日陞空間資訊股份有限公司,92.435574346600006,472.561337469000023,09其他利用土地,0.047256133746900
09,0903,000000,其他利用土地,裸露地, ,0,201809,日陞空間資訊股份有限公司,80.867740144400003,448.433930035999992,09其他利用土地,0.044843393003600
09,0903,000000,其他利用土地,裸露地, ,0,201809,日陞空間資訊股份有限公司,659.494397605000017,13424.070743700000094,09其他利用土地,1.342407074370000
09,0903,000000,其他利用土地,裸露地, ,0,201809,日陞空間資訊股份有限公司,138.664318973999997,1195.919016789999887,09其他利用土地,0.119591901679000
09,0903,000000,其他利用土地,裸露地, ,1,201809,日陞空間資訊股份有限公司,4015.747735100000227,141434.518818000011379,09其他利用土地,14.143451881800001
09,0905,000000,其他利用土地,空置地, ,0,201809,日陞空間資訊股份有限公司,105.254504780000005,565.744176984999967,09其他利用土地,0.056574417698500
09,0905,000000,其他利用土地,空置地, ,0,201809,日陞空間資訊股份有限公司,453.486260071999993,5208.006084110000302,09其他利用土地,0.520800608411000
09,0905,000000,其他利用土地,空置地, ,0,201809,日陞空間資訊股份有限公司,111.672142954999998,708.477866228000039,09其他利用土地,0.070847786622800
09,0905,000000,其他利用土地,空置地, ,0,201809,日陞空間資訊股份有限公司,482.034862594000003,2964.706398840000020,09其他利用土地,0.296470639884000
09,0905,000000,其他利用土地,空置地, ,0,201809,日陞空間資訊股份有限公司,445.670633866999992,4351.070553550000113,09其他利用土地,0.435107055355000
09,0905,000000,其他利用土地,空置地, ,0,201809,日陞空間資訊股份有限公司,493.577301326999986,2585.939756039999793,09其他利用土地,0.258593975604000
09,0905,000000,其他利用土地,空置地, ,0,201809,日陞空間資訊股份有限公司,76.332872721499996,204.236601951000011,09其他利用土地,0.020423660195100
09,0905,000000,其他利用土地,空置地, ,0,201809,日陞空間資訊股份有限公司,1241.199189420000039,11010.479968699999517,09其他利用土地,1.101047996870000
09,0905,000000,其他利用土地,空置地, ,0,201809,日陞空間資訊股份有限公司,1092.166748879999886,5825.117894539999725,09其他利用土地,0.582511789454000
09,0905,000000,其他利用土地,空置地, ,0,201809,日陞空間資訊股份有限公司,631.035079840999970,4710.686186650000309,09其他利用土地,0.471068618665000
09,0905,000000,其他利用土地,空置地, ,0,201809,日陞空間資訊股份有限公司,420.715326930999993,3363.718509110000014,09其他利用土地,0.336371850911000
09,0905,000000,其他利用土地,空置地, ,0,201809,日陞空間資訊股份有限公司,389.778505177000000,2242.287152540000079,09其他利用土地,0.224228715254000
09,0905,000000,其他利用土地,空置地, ,0,201809,日陞空間資訊股份有限公司,165.644475512000014,705.691631913000037,09其他利用土地,0.070569163191300
09,0905,000000,其他利用土地,空置地, ,0,201809,日陞空間資訊股份有限公司,72.327399679699994,236.747739593999995,09其他利用土地,0.023674773959400
09,0905,000000,其他利用土地,空置地, ,0,201809,日陞空間資訊股份有限公司,343.455284027000005,2552.213806610000120,09其他利用土地,0.255221380661000
09,0905,000000,其他利用土地,空置地, ,0,201809,日陞空間資訊股份有限公司,52.354157988799997,123.871126290000007,09其他利用土地,0.012387112629000
09,0905,000000,其他利用土地,空置地, ,0,201809,日陞空間資訊股份有限公司,219.530827947000006,1427.467111270000032,09其他利用土地,0.142746711127000
09,0905,000000,其他利用土地,空置地, ,0,201809,日陞空間資訊股份有限公司,80.635791921800006,222.665660529000007,09其他利用土地,0.022266566052900
09,0905,000000,其他利用土地,空置地, ,0,201809,日陞空間資訊股份有限公司,34.723384743899999,54.665660828900002,09其他利用土地,0.005466566082890
09,0905,000000,其他利用土地,空置地, ,0,201809,日陞空間資訊股份有限公司,54.449267472400003,77.221250401099994,09其他利用土地,0.007722125040110
09,0905,000000,其他利用土地,空置地, ,0,201809,日陞空間資訊股份有限公司,161.708451736000001,610.231309320000037,09其他利用土地,0.061023130932000
09,0905,000000,其他利用土地,空置地, ,0,201809,日陞空間資訊股份有限公司,258.274512082999991,1687.396589680000034,09其他利用土地,0.168739658968000
09,0905,000000,其他利用土地,空置地, ,0,201809,日陞空間資訊股份有限公司,342.401340156000003,1414.509631690000106,09其他利用土地,0.141450963169000
09,0905,000000,其他利用土地,空置地, ,0,201809,日陞空間資訊股份有限公司,170.244304558000010,980.586230022999985,09其他利用土地,0.098058623002300
09,0905,000000,其他利用土地,空置地, ,0,201809,日陞空間資訊股份有限公司,106.225657478000002,545.341544184999975,09其他利用土地,0.054534154418500
09,0905,000000,其他利用土地,空置地, ,0,201809,日陞空間資訊股份有限公司,228.330772243000013,1131.821474970000054,09其他利用土地,0.113182147497000
09,0905,000000,其他利用土地,空置地, ,0,201809,日陞空間資訊股份有限公司,572.192991474999985,2534.967617830000108,09其他利用土地,0.253496761783000
09,0905,000000,其他利用土地,空置地, ,0,201809,日陞空間資訊股份有限公司,436.958133085999975,2979.925996590000068,09其他利用土地,0.297992599659000
09,0905,000000,其他利用土地,空置地, ,0,201809,日陞空間資訊股份有限公司,592.057380489000025,2768.444456109999919,09其他利用土地,0.276844445611000
09,0905,000000,其他利用土地,空置地, ,0,201809,日陞空間資訊股份有限公司,76.504875552800002,362.890089307999972,09其他利用土地,0.036289008930800
09,0905,000000,其他利用土地,空置地, ,0,201809,日陞空間資訊股份有限公司,85.973107716900003,427.713186326000027,09其他利用土地,0.042771318632600
09,0905,000000,其他利用土地,空置地, ,0,201809,日陞空間資訊股份有限公司,151.542547971999994,577.764990377999993,09其他利用土地,0.057776499037800
09,0905,000000,其他利用土地,空置地, ,0,201809,日陞空間資訊股份有限公司,177.363755806999990,1567.251947299999983,09其他利用土地,0.156725194730000
09,0905,000000,其他利用土地,空置地, ,0,201809,日陞空間資訊股份有限公司,96.903345603999995,344.547883833000014,09其他利用土地,0.034454788383300
09,0905,000000,其他利用土地,空置地, ,0,201809,日陞空間資訊股份有限公司,175.347448090000000,1460.760943049999923,09其他利用土地,0.146076094305000
09,0905,000000,其他利用土地,空置地, ,0,201809,日陞空間資訊股份有限公司,215.311515409999998,1361.002172030000111,09其他利用土地,0.136100217203000
09,0905,000000,其他利用土地,空置地, ,0,201809,日陞空間資訊股份有限公司,636.401671424000028,4604.817152200000237,09其他利用土地,0.460481715220000
09,0905,000000,其他利用土地,空置地, ,0,201809,日陞空間資訊股份有限公司,109.159408872000000,905.525808675000007,09其他利用土地,0.090552580867500
09,0905,000000,其他利用土地,空置地, ,0,201809,日陞空間資訊股份有限公司,89.004767843500005,579.578063883000027,09其他利用土地,0.057957806388300
09,0905,000000,其他利用土地,空置地, ,0,201809,日陞空間資訊股份有限公司,134.335020629000013,393.270342264000021,09其他利用土地,0.039327034226400
09,0905,000000,其他利用土地,空置地, ,0,201809,日陞空間資訊股份有限公司,84.203461236400003,517.863948940999990,09其他利用土地,0.051786394894100
09,0905,000000,其他利用土地,空置地, ,0,201809,日陞空間資訊股份有限公司,114.889960822999996,972.494363854999960,09其他利用土地,0.097249436385500
09,0905,000000,其他利用土地,空置地, ,0,201809,日陞空間資訊股份有限公司,125.484619667999993,973.410585019999985,09其他利用土地,0.097341058502000
09,0905,000000,其他利用土地,空置地, ,0,201809,日陞空間資訊股份有限公司,115.001240375999998,966.070485800000029,09其他利用土地,0.096607048580000
09,0905,000000,其他利用土地,空置地, ,0,201809,日陞空間資訊股份有限公司,777.186568329000011,7384.297914710000441,09其他利用土地,0.738429791471000
09,0905,000000,其他利用土地,空置地, ,0,201809,日陞空間資訊股份有限公司,232.939468226999992,1835.632182020000073,09其他利用土地,0.183563218202000
09,0905,000000,其他利用土地,空置地, ,0,201809,日陞空間資訊股份有限公司,55.710872356099998,49.504230185700003,09其他利用土地,0.004950423018570
09,0905,000000,其他利用土地,空置地, ,0,201809,日陞空間資訊股份有限公司,110.644546606999995,335.517988188000004,09其他利用土地,0.033551798818800
09,0905,000000,其他利用土地,空置地, ,0,201809,日陞空間資訊股份有限公司,368.465508960000022,3584.398370330000034,09其他利用土地,0.358439837033000
09,0905,000000,其他利用土地,空置地, ,0,201809,日陞空間資訊股份有限公司,105.856479085000004,203.877120471000012,09其他利用土地,0.020387712047100
09,0905,000000,其他利用土地,空置地, ,0,201809,日陞空間資訊股份有限公司,80.645096277700006,206.276951881999992,09其他利用土地,0.020627695188200
09,0905,000000,其他利用土地,空置地, ,0,201809,日陞空間資訊股份有限公司,293.804748856000003,2259.875033979999898,09其他利用土地,0.225987503398000
09,0905,000000,其他利用土地,空置地, ,0,201809,日陞空間資訊股份有限公司,88.265614913600004,482.337436189000016,09其他利用土地,0.048233743618900
09,0905,000000,其他利用土地,空置地, ,0,201809,日陞空間資訊股份有限公司,71.479075283399993,68.484887204100005,09其他利用土地,0.006848488720410
09,0905,000000,其他利用土地,空置地, ,0,201809,日陞空間資訊股份有限公司,517.107918477999988,2081.049518029999945,09其他利用土地,0.208104951803000
09,0905,000000,其他利用土地,空置地, ,0,201809,日陞空間資訊股份有限公司,93.084875889100005,107.010664798999997,09其他利用土地,0.010701066479900
09,0905,000000,其他利用土地,空置地, ,0,201809,日陞空間資訊股份有限公司,115.725875912000006,700.820204277000016,09其他利用土地,0.070082020427700
09,0905,000000,其他利用土地,空置地, ,0,201809,日陞空間資訊股份有限公司,58.388237902599997,216.402386667000002,09其他利用土地,0.021640238666700
09,0905,000000,其他利用土地,空置地, ,0,201809,日陞空間資訊股份有限公司,72.716190158399996,221.943562363000012,09其他利用土地,0.022194356236300
09,0905,000000,其他利用土地,空置地, ,0,201809,日陞空間資訊股份有限公司,122.205961126000005,986.248972976999994,09其他利用土地,0.098624897297700
09,0905,000000,其他利用土地,空置地, ,0,201809,日陞空間資訊股份有限公司,564.105674010000030,2950.969863180000175,09其他利用土地,0.295096986318000
09,0905,000000,其他利用土地,空置地, ,0,201809,日陞空間資訊股份有限公司,1349.924734389999912,9464.856631650000054,09其他利用土地,0.946485663165000
09,0905,000000,其他利用土地,空置地, ,0,201809,日陞空間資訊股份有限公司,188.576101232000013,844.385559775000047,09其他利用土地,0.084438555977500
09,0905,000000,其他利用土地,空置地, ,0,201809,日陞空間資訊股份有限公司,102.382586579999995,670.239463813000043,09其他利用土地,0.067023946381300
09,0905,000000,其他利用土地,空置地, ,0,201809,日陞空間資訊股份有限公司,248.510381047999999,1787.366229389999944,09其他利用土地,0.178736622939000
09,0905,000000,其他利用土地,空置地, ,0,201809,日陞空間資訊股份有限公司,175.610543242000006,1575.688774810000041,09其他利用土地,0.157568877481000
09,0905,000000,其他利用土地,空置地, ,0,201809,日陞空間資訊股份有限公司,263.932523168999978,2539.891760280000199,09其他利用土地,0.253989176028000
09,0905,000000,其他利用土地,空置地, ,0,201809,日陞空間資訊股份有限公司,134.873889415999997,402.558063964999974,09其他利用土地,0.040255806396500
09,0905,000000,其他利用土地,空置地, ,0,201809,日陞空間資訊股份有限公司,147.535948764000011,488.724555969999983,09其他利用土地,0.048872455597000
09,0905,000000,其他利用土地,空置地, ,0,201809,日陞空間資訊股份有限公司,414.043225033999988,4083.482563850000133,09其他利用土地,0.408348256385000
09,0905,000000,其他利用土地,空置地, ,0,201809,日陞空間資訊股份有限公司,67.217621394099993,274.884400065000023,09其他利用土地,0.027488440006500
09,0905,000000,其他利用土地,空置地, ,0,201809,日陞空間資訊股份有限公司,52.794364116899999,98.166745346499994,09其他利用土地,0.009816674534650
09,0905,000000,其他利用土地,空置地, ,0,201809,日陞空間資訊股份有限公司,863.688979345000007,14378.715620200000558,09其他利用土地,1.437871562020000
09,0905,000000,其他利用土地,空置地, ,0,201809,日陞空間資訊股份有限公司,91.981934958099998,219.320804656000007,09其他利用土地,0.021932080465600
09,0905,000000,其他利用土地,空置地, ,0,201809,日陞空間資訊股份有限公司,428.047788001000015,12034.167117799999687,09其他利用土地,1.203416711780000
09,0905,000000,其他利用土地,空置地, ,0,201809,日陞空間資訊股份有限公司,129.674986622000006,752.216092617999948,09其他利用土地,0.075221609261800
09,0905,000000,其他利用土地,空置地, ,0,201809,日陞空間資訊股份有限公司,97.960779789000000,627.775976689999993,09其他利用土地,0.062777597669000
09,0905,000000,其他利用土地,空置地, ,0,201809,日陞空間資訊股份有限公司,100.662182096999999,221.716468001000010,09其他利用土地,0.022171646800100
09,0905,000000,其他利用土地,空置地, ,0,201809,日陞空間資訊股份有限公司,123.083874030999993,641.131270813000015,09其他利用土地,0.064113127081300
09,0905,000000,其他利用土地,空置地, ,0,201809,日陞空間資訊股份有限公司,122.297190051000001,565.606835897999986,09其他利用土地,0.056560683589800
09,0905,000000,其他利用土地,空置地, ,0,201809,日陞空間資訊股份有限公司,178.309023883999998,1070.039660780000077,09其他利用土地,0.107003966078000
09,0905,000000,其他利用土地,空置地, ,0,201809,日陞空間資訊股份有限公司,127.965436715999999,1017.979135019999944,09其他利用土地,0.101797913502000
09,0905,000000,其他利用土地,空置地, ,0,201809,日陞空間資訊股份有限公司,38.986874625100000,42.265100293400003,09其他利用土地,0.004226510029340
09,0905,000000,其他利用土地,空置地, ,0,201809,日陞空間資訊股份有限公司,752.531008710000037,11900.092721700000766,09其他利用土地,1.190009272170000
09,0905,000000,其他利用土地,空置地, ,0,201809,日陞空間資訊股份有限公司,146.658751209999991,889.720908645999998,09其他利用土地,0.088972090864600
09,0905,000000,其他利用土地,空置地, ,0,201809,日陞空間資訊股份有限公司,188.868449575999989,801.173545392000051,09其他利用土地,0.080117354539200
09,0905,000000,其他利用土地,空置地, ,0,201809,日陞空間資訊股份有限公司,93.170906971700006,469.607148336000023,09其他利用土地,0.046960714833600
09,0905,000000,其他利用土地,空置地, ,0,201809,日陞空間資訊股份有限公司,236.474679791999989,1530.071780900000022,09其他利用土地,0.153007178090000
09,0905,000000,其他利用土地,空置地, ,0,201809,日陞空間資訊股份有限公司,196.272912310000009,1063.872460759999967,09其他利用土地,0.106387246076000
09,0905,000000,其他利用土地,空置地, ,0,201809,日陞空間資訊股份有限公司,226.411922373000010,2477.178260399999999,09其他利用土地,0.247717826040000
09,0905,000000,其他利用土地,空置地, ,0,201809,日陞空間資訊股份有限公司,605.438126087000001,5885.567349040000408,09其他利用土地,0.588556734904000
09,0905,000000,其他利用土地,空置地, ,0,201809,日陞空間資訊股份有限公司,136.423532877000014,628.099550884999985,09其他利用土地,0.062809955088500
09,0905,000000,其他利用土地,空置地, ,0,201809,日陞空間資訊股份有限公司,330.886929812000005,2366.833104410000033,09其他利用土地,0.236683310441000
09,0905,000000,其他利用土地,空置地, ,0,201809,日陞空間資訊股份有限公司,32.563327493599999,65.812515645299996,09其他利用土地,0.006581251564530
09,0905,000000,其他利用土地,空置地, ,0,201809,日陞空間資訊股份有限公司,37.659818456899998,87.498772992300005,09其他利用土地,0.008749877299230
09,0905,000000,其他利用土地,空置地, ,0,201809,日陞空間資訊股份有限公司,174.053126783000010,1550.938673959999960,09其他利用土地,0.155093867396000
09,0905,000000,其他利用土地,空置地, ,0,201809,日陞空間資訊股份有限公司,227.158792400999999,288.667181072999995,09其他利用土地,0.028866718107300
09,0905,000000,其他利用土地,空置地, ,0,201809,日陞空間資訊股份有限公司,73.380024350699998,328.432178454999985,09其他利用土地,0.032843217845500
09,0905,000000,其他利用土地,空置地, ,0,201809,日陞空間資訊股份有限公司,541.874253694000004,3240.628024180000011,09其他利用土地,0.324062802418000
09,0905,000000,其他利用土地,空置地, ,0,201809,日陞空間資訊股份有限公司,74.628739404200005,345.974460220000026,09其他利用土地,0.034597446022000
09,0905,000000,其他利用土地,空置地, ,0,201809,日陞空間資訊股份有限公司,182.180516119000004,1511.518268150000040,09其他利用土地,0.151151826815000
09,0905,000000,其他利用土地,空置地, ,0,201809,日陞空間資訊股份有限公司,1550.643489670000008,11438.132126000000426,09其他利用土地,1.143813212600000
09,0905,000000,其他利用土地,空置地, ,0,201809,日陞空間資訊股份有限公司,64.148753787700002,253.174612438999986,09其他利用土地,0.025317461243900
09,0905,000000,其他利用土地,空置地, ,0,201809,日陞空間資訊股份有限公司,237.978959062999991,1916.344519259999970,09其他利用土地,0.191634451926000
09,0905,000000,其他利用土地,空置地, ,0,201809,日陞空間資訊股份有限公司,52.822982745799997,78.331397248900004,09其他利用土地,0.007833139724890
09,0905,000000,其他利用土地,空置地, ,0,201809,日陞空間資訊股份有限公司,29.433422899300002,51.273809438999997,09其他利用土地,0.005127380943900
09,0905,000000,其他利用土地,空置地, ,0,201809,日陞空間資訊股份有限公司,210.765907854000005,1121.616010790000018,09其他利用土地,0.112161601079000
09,0905,000000,其他利用土地,空置地, ,0,201809,日陞空間資訊股份有限公司,129.409017008000006,590.935778716999948,09其他利用土地,0.059093577871700
09,0905,000000,其他利用土地,空置地, ,0,201809,日陞空間資訊股份有限公司,24.165849486799999,33.006654837399999,09其他利用土地,0.003300665483740
09,0905,000000,其他利用土地,空置地, ,0,201809,日陞空間資訊股份有限公司,95.867346047200002,611.857159561000003,09其他利用土地,0.061185715956100
09,0905,000000,其他利用土地,空置地, ,0,201809,日陞空間資訊股份有限公司,103.080294567999999,347.519964771999980,09其他利用土地,0.034751996477200
09,0905,000000,其他利用土地,空置地, ,0,201809,日陞空間資訊股份有限公司,100.000029607000002,419.960550731000012,09其他利用土地,0.041996055073100
09,0905,000000,其他利用土地,空置地, ,0,201809,日陞空間資訊股份有限公司,605.296328241999959,6052.384134189999713,09其他利用土地,0.605238413419000
09,0905,000000,其他利用土地,空置地, ,0,201809,日陞空間資訊股份有限公司,651.636765487000048,7969.849625799999558,09其他利用土地,0.796984962580000
09,0905,000000,其他利用土地,空置地, ,0,201809,日陞空間資訊股份有限公司,397.932171618999973,3463.069832189999943,09其他利用土地,0.346306983219000
09,0905,000000,其他利用土地,空置地, ,0,201809,日陞空間資訊股份有限公司,82.015537762700006,279.454868191000003,09其他利用土地,0.027945486819100
09,0905,000000,其他利用土地,空置地, ,0,201809,日陞空間資訊股份有限公司,322.676884465000001,2323.652019539999856,09其他利用土地,0.232365201954000
09,0905,000000,其他利用土地,空置地, ,0,201809,日陞空間資訊股份有限公司,81.498010789899993,269.419192710000004,09其他利用土地,0.026941919271000
09,0905,000000,其他利用土地,空置地, ,0,201809,日陞空間資訊股份有限公司,83.007114603900007,334.803795572000013,09其他利用土地,0.033480379557200
09,0905,000000,其他利用土地,空置地, ,0,201809,日陞空間資訊股份有限公司,167.936626614000005,861.068749957000023,09其他利用土地,0.086106874995700
09,0905,000000,其他利用土地,空置地, ,0,201809,日陞空間資訊股份有限公司,229.960547184000006,2880.800041869999859,09其他利用土地,0.288080004187000
09,0905,000000,其他利用土地,空置地, ,0,201809,日陞空間資訊股份有限公司,101.781247235999999,166.101235011999989,09其他利用土地,0.016610123501200
09,0905,000000,其他利用土地,空置地, ,0,201809,日陞空間資訊股份有限公司,31.971735858399999,34.736969996500001,09其他利用土地,0.003473696999650
09,0905,000000,其他利用土地,空置地, ,0,201809,日陞空間資訊股份有限公司,355.738456489999976,2141.100171139999929,09其他利用土地,0.214110017114000
09,0905,000000,其他利用土地,空置地, ,0,201809,日陞空間資訊股份有限公司,235.233059966000013,683.643619732000047,09其他利用土地,0.068364361973200
09,0905,000000,其他利用土地,空置地, ,0,201809,日陞空間資訊股份有限公司,103.245973331000002,384.867503096999997,09其他利用土地,0.038486750309700
09,0905,000000,其他利用土地,空置地, ,0,201809,日陞空間資訊股份有限公司,64.586072227200006,134.123418256999997,09其他利用土地,0.013412341825700
09,0905,000000,其他利用土地,空置地, ,0,201809,日陞空間資訊股份有限公司,638.564785320000055,4956.806383500000265,09其他利用土地,0.495680638350000
09,0905,000000,其他利用土地,空置地, ,0,201809,日陞空間資訊股份有限公司,170.872490281000012,1022.328120720000015,09其他利用土地,0.102232812072000
09,0905,000000,其他利用土地,空置地, ,0,201809,日陞空間資訊股份有限公司,62.778869435600001,177.230359434000007,09其他利用土地,0.017723035943400
09,0905,000000,其他利用土地,空置地, ,0,201809,日陞空間資訊股份有限公司,151.411211548000011,494.417029446000015,09其他利用土地,0.049441702944600
09,0905,000000,其他利用土地,空置地, ,0,201809,日陞空間資訊股份有限公司,160.506704288000009,1144.411203379999961,09其他利用土地,0.114441120338000
09,0905,000000,其他利用土地,空置地, ,0,201809,日陞空間資訊股份有限公司,58.670782843900000,86.015524328300003,09其他利用土地,0.008601552432830
09,0905,000000,其他利用土地,空置地, ,0,201809,日陞空間資訊股份有限公司,162.309552970999988,612.205093250999994,09其他利用土地,0.061220509325100
09,0905,000000,其他利用土地,空置地, ,0,201809,日陞空間資訊股份有限公司,50.919034775100002,151.656861491000001,09其他利用土地,0.015165686149100
09,0905,000000,其他利用土地,空置地, ,0,201809,日陞空間資訊股份有限公司,300.207736502999978,3427.688579180000033,09其他利用土地,0.342768857918000
09,0905,000000,其他利用土地,空置地, ,0,201809,日陞空間資訊股份有限公司,743.013759197000013,3202.342671240000072,09其他利用土地,0.320234267124000
09,0905,000000,其他利用土地,空置地, ,0,201809,日陞空間資訊股份有限公司,116.604797211000005,346.019838656999980,09其他利用土地,0.034601983865700
09,0905,000000,其他利用土地,空置地, ,0,201809,日陞空間資訊股份有限公司,634.838481956999999,18031.896604800000205,09其他利用土地,1.803189660480000
09,0905,000000,其他利用土地,空置地, ,0,201809,日陞空間資訊股份有限公司,112.375611964000001,595.110431037000012,09其他利用土地,0.059511043103700
09,0905,000000,其他利用土地,空置地, ,0,201809,日陞空間資訊股份有限公司,36.493140475300002,68.354591115800005,09其他利用土地,0.006835459111580
09,0905,000000,其他利用土地,空置地, ,0,201809,日陞空間資訊股份有限公司,159.542418629999986,391.482046726000021,09其他利用土地,0.039148204672600
09,0905,000000,其他利用土地,空置地, ,0,201809,日陞空間資訊股份有限公司,39.945412164700002,99.155678437999995,09其他利用土地,0.009915567843800
09,0905,000000,其他利用土地,空置地, ,0,201809,日陞空間資訊股份有限公司,144.516680750999996,792.162096589000043,09其他利用土地,0.079216209658900
09,0905,000000,其他利用土地,空置地, ,0,201809,日陞空間資訊股份有限公司,63.608512710200003,247.164818996000008,09其他利用土地,0.024716481899600
09,0905,000000,其他利用土地,空置地, ,0,201809,日陞空間資訊股份有限公司,101.458057116000006,666.457477885000003,09其他利用土地,0.066645747788500
09,0905,000000,其他利用土地,空置地, ,0,201809,日陞空間資訊股份有限公司,192.027055480999991,456.643241644999989,09其他利用土地,0.045664324164500
09,0905,000000,其他利用土地,空置地, ,0,201809,日陞空間資訊股份有限公司,296.651894035999987,2220.693172729999787,09其他利用土地,0.222069317273000
09,0905,000000,其他利用土地,空置地, ,0,201809,日陞空間資訊股份有限公司,77.462923423000007,368.990509719999977,09其他利用土地,0.036899050972000
09,0905,000000,其他利用土地,空置地, ,0,201809,日陞空間資訊股份有限公司,55.959616426600000,169.949530462000013,09其他利用土地,0.016994953046200
09,0905,000000,其他利用土地,空置地, ,0,201809,日陞空間資訊股份有限公司,126.613144251999998,906.717937664000033,09其他利用土地,0.090671793766400
09,0905,000000,其他利用土地,空置地, ,0,201809,日陞空間資訊股份有限公司,152.481880366000013,701.264405079999960,09其他利用土地,0.070126440508000
09,0905,000000,其他利用土地,空置地, ,0,201809,日陞空間資訊股份有限公司,195.182353881000012,1441.049363450000101,09其他利用土地,0.144104936345000
09,0905,000000,其他利用土地,空置地, ,0,201809,日陞空間資訊股份有限公司,536.978168500000038,8239.368566990000545,09其他利用土地,0.823936856699000
09,0905,000000,其他利用土地,空置地, ,0,201809,日陞空間資訊股份有限公司,137.054275168999993,684.342452596000044,09其他利用土地,0.068434245259600
09,0905,000000,其他利用土地,空置地, ,0,201809,日陞空間資訊股份有限公司,72.316345992500004,300.208567653999978,09其他利用土地,0.030020856765400
09,0905,000000,其他利用土地,空置地, ,0,201809,日陞空間資訊股份有限公司,74.515562107799994,345.064422562000004,09其他利用土地,0.034506442256200
09,0905,000000,其他利用土地,空置地, ,0,201809,日陞空間資訊股份有限公司,73.068701375700002,221.059640188999992,09其他利用土地,0.022105964018900
09,0905,000000,其他利用土地,空置地, ,0,201809,日陞空間資訊股份有限公司,99.672842339100001,340.272616531999972,09其他利用土地,0.034027261653200
09,0905,000000,其他利用土地,空置地, ,0,201809,日陞空間資訊股份有限公司,132.541893929999986,454.613389675000008,09其他利用土地,0.045461338967500
09,0905,000000,其他利用土地,空置地, ,0,201809,日陞空間資訊股份有限公司,216.252192119999989,1886.372958780000090,09其他利用土地,0.188637295878000
09,0905,000000,其他利用土地,空置地, ,0,201809,日陞空間資訊股份有限公司,149.528738540999996,1288.210687360000065,09其他利用土地,0.128821068736000
09,0905,000000,其他利用土地,空置地, ,0,201809,日陞空間資訊股份有限公司,306.633948483999973,2079.279554889999872,09其他利用土地,0.207927955489000
09,0905,000000,其他利用土地,空置地, ,0,201809,日陞空間資訊股份有限公司,129.566140885000010,628.030537209000045,09其他利用土地,0.062803053720900
09,0905,000000,其他利用土地,空置地, ,0,201809,日陞空間資訊股份有限公司,203.635613298000010,1891.986740520000012,09其他利用土地,0.189198674052000
09,0905,000000,其他利用土地,空置地, ,0,201809,日陞空間資訊股份有限公司,63.731565721400003,238.226005531999988,09其他利用土地,0.023822600553200
09,0905,000000,其他利用土地,空置地, ,0,201809,日陞空間資訊股份有限公司,143.785100279999995,1076.619893739999952,09其他利用土地,0.107661989374000
09,0905,000000,其他利用土地,空置地, ,0,201809,日陞空間資訊股份有限公司,543.963199235000047,7244.264856169999803,09其他利用土地,0.724426485617000
09,0905,000000,其他利用土地,空置地, ,0,201809,日陞空間資訊股份有限公司,264.375324664999994,3009.562393830000019,09其他利用土地,0.300956239383000
09,0905,000000,其他利用土地,空置地, ,0,201809,日陞空間資訊股份有限公司,416.352504294000028,4721.765959590000421,09其他利用土地,0.472176595959000
09,0905,000000,其他利用土地,空置地, ,1,201809,日陞空間資訊股份有限公司,259.320264500000008,722.723988008999982,09其他利用土地,0.072272398800900
09,0905,000000,其他利用土地,空置地, ,1,201809,日陞空間資訊股份有限公司,78.456309963300001,249.307285285000006,09其他利用土地,0.024930728528500
09,0905,000000,其他利用土地,空置地, ,1,201809,日陞空間資訊股份有限公司,1285.290137100000038,13472.841613399999915,09其他利用土地,1.347284161340000
09,0905,000000,其他利用土地,空置地, ,1,201809,日陞空間資訊股份有限公司,29.055017468100001,47.882197276799999,09其他利用土地,0.004788219727680
09,0905,000000,其他利用土地,空置地, ,1,201809,日陞空間資訊股份有限公司,396.189587336999978,3248.550567360000059,09其他利用土地,0.324855056736000
09,0905,000000,其他利用土地,空置地, ,1,201809,日陞空間資訊股份有限公司,217.704726510000000,1579.623619680000047,09其他利用土地,0.157962361968000
09,0905,000000,其他利用土地,空置地, ,1,201809,日陞空間資訊股份有限公司,165.155467294000005,1265.974864309999930,09其他利用土地,0.126597486431000
09,0905,000000,其他利用土地,空置地, ,1,201809,日陞空間資訊股份有限公司,42.866688740299999,100.518515649999998,09其他利用土地,0.010051851565000
09,0905,000000,其他利用土地,空置地, ,1,201809,日陞空間資訊股份有限公司,348.806168553000020,1464.592933180000045,09其他利用土地,0.146459293318000
09,0905,000000,其他利用土地,空置地, ,1,201809,日陞空間資訊股份有限公司,61.070075487600000,153.862848898999999,09其他利用土地,0.015386284889900
09,0905,000000,其他利用土地,空置地, ,1,201809,日陞空間資訊股份有限公司,79.295388477399996,282.811175558999992,09其他利用土地,0.028281117555900
09,0905,000000,其他利用土地,空置地, ,1,201809,日陞空間資訊股份有限公司,885.334225041999957,6629.581293549999828,09其他利用土地,0.662958129355000
09,0905,000000,其他利用土地,空置地, ,1,201809,日陞空間資訊股份有限公司,47.818678552300000,78.610366688300005,09其他利用土地,0.007861036668830
09,0905,000000,其他利用土地,空置地, ,1,201809,日陞空間資訊股份有限公司,313.265105274999996,976.119102135000048,09其他利用土地,0.097611910213500
09,0905,000000,其他利用土地,空置地, ,1,201809,日陞空間資訊股份有限公司,44.319551411299997,95.621784389699997,09其他利用土地,0.009562178438970
09,0905,000000,其他利用土地,空置地, ,1,201809,日陞空間資訊股份有限公司,55.416448611699998,147.768522146999999,09其他利用土地,0.014776852214700
09,0905,000000,其他利用土地,空置地, ,1,201809,日陞空間資訊股份有限公司,41.227695668700001,99.043892855899998,09其他利用土地,0.009904389285590
09,0905,000000,其他利用土地,空置地, ,1,201809,日陞空間資訊股份有限公司,110.246264105999998,333.505606508000028,09其他利用土地,0.033350560650800
09,0905,000000,其他利用土地,空置地, ,1,201809,日陞空間資訊股份有限公司,156.719329702000010,764.159448526000006,09其他利用土地,0.076415944852600
09,0905,000000,其他利用土地,空置地, ,1,201809,日陞空間資訊股份有限公司,262.276112339999997,2288.134710480000194,09其他利用土地,0.228813471048000
09,0905,000000,其他利用土地,空置地, ,1,201809,日陞空間資訊股份有限公司,83.814387282300004,378.176956527000016,09其他利用土地,0.037817695652700
09,0905,000000,其他利用土地,空置地, ,1,201809,日陞空間資訊股份有限公司,49.175557308099997,143.988566682999988,09其他利用土地,0.014398856668300
09,0905,000000,其他利用土地,空置地, ,1,201809,日陞空間資訊股份有限公司,62.885849792400002,187.164426772000013,09其他利用土地,0.018716442677200
09,0905,000000,其他利用土地,空置地, ,1,201809,日陞空間資訊股份有限公司,38.361931568300001,91.694111187199994,09其他利用土地,0.009169411118720
09,0905,000000,其他利用土地,空置地, ,1,201809,日陞空間資訊股份有限公司,36.678505415700002,83.108078233000001,09其他利用土地,0.008310807823300
09,0905,000000,其他利用土地,空置地, ,1,201809,日陞空間資訊股份有限公司,54.574171384200000,111.906743001999999,09其他利用土地,0.011190674300200
09,0905,000000,其他利用土地,空置地, ,1,201809,日陞空間資訊股份有限公司,43.414270815099997,116.336964444000003,09其他利用土地,0.011633696444400
09,0905,000000,其他利用土地,空置地, ,1,201809,日陞空間資訊股份有限公司,160.408897279000001,596.526141628999994,09其他利用土地,0.059652614162900
09,0905,000000,其他利用土地,空置地, ,1,201809,日陞空間資訊股份有限公司,48.449225014400000,136.367295039999988,09其他利用土地,0.013636729504000
09,0905,000000,其他利用土地,空置地, ,1,201809,日陞空間資訊股份有限公司,37.952725278400003,66.031993063700000,09其他利用土地,0.006603199306370
09,0905,000000,其他利用土地,空置地, ,1,201809,日陞空間資訊股份有限公司,47.062419065299999,95.861886796799993,09其他利用土地,0.009586188679680
09,0905,000000,其他利用土地,空置地, ,1,201809,日陞空間資訊股份有限公司,139.322570864999989,615.063431663999950,09其他利用土地,0.061506343166400
09,0905,000000,其他利用土地,空置地, ,1,201809,日陞空間資訊股份有限公司,139.859226580000012,340.223963371000025,09其他利用土地,0.034022396337100
09,0905,000000,其他利用土地,空置地, ,1,201809,日陞空間資訊股份有限公司,116.114784890999999,676.247046384999976,09其他利用土地,0.067624704638500
09,0905,000000,其他利用土地,空置地, ,1,201809,日陞空間資訊股份有限公司,70.701389818699994,94.003430822799999,09其他利用土地,0.009400343082280
09,0905,000000,其他利用土地,空置地, ,1,201809,日陞空間資訊股份有限公司,90.045754517999995,346.682920142000000,09其他利用土地,0.034668292014200
09,0905,000000,其他利用土地,空置地, ,1,201809,日陞空間資訊股份有限公司,216.702568374000009,855.573061120000034,09其他利用土地,0.085557306112000
09,0905,000000,其他利用土地,空置地, ,1,201809,日陞空間資訊股份有限公司,65.258174502599999,193.945254755999997,09其他利用土地,0.019394525475600
09,0905,000000,其他利用土地,空置地, ,1,201809,日陞空間資訊股份有限公司,46.708765214899998,117.860361413000007,09其他利用土地,0.011786036141300
09,0905,000000,其他利用土地,空置地, ,1,201809,日陞空間資訊股份有限公司,144.324068869000001,722.755239566000000,09其他利用土地,0.072275523956600
09,0905,000000,其他利用土地,空置地, ,1,201809,日陞空間資訊股份有限公司,313.892436542999974,3374.729110369999944,09其他利用土地,0.337472911037000
09,0905,000000,其他利用土地,空置地, ,1,201809,日陞空間資訊股份有限公司,299.283457693000003,1062.969765549999920,09其他利用土地,0.106296976555000
09,0905,000000,其他利用土地,空置地, ,1,201809,日陞空間資訊股份有限公司,17.444281350899999,14.535408621800000,09其他利用土地,0.001453540862180
09,0905,000000,其他利用土地,空置地, ,1,201809,日陞空間資訊股份有限公司,145.638857610999992,414.651572902999987,09其他利用土地,0.041465157290300
09,0905,000000,其他利用土地,空置地, ,1,201809,日陞空間資訊股份有限公司,25.202615717200000,37.514924146699997,09其他利用土地,0.003751492414670
09,0905,000000,其他利用土地,空置地, ,1,201809,日陞空間資訊股份有限公司,150.055621366999986,1181.189774870000065,09其他利用土地,0.118118977487000
09,0905,000000,其他利用土地,空置地, ,1,201809,日陞空間資訊股份有限公司,1356.966502880000007,24463.847647999999026,09其他利用土地,2.446384764800000
01,0102,000000,農業利用土地,旱田, ,0,201809,日陞空間資訊股份有限公司,155.782044511000009,1557.500788390000025,01農業利用土地,0.155750078839000
01,0102,000000,農業利用土地,旱田, ,0,201809,日陞空間資訊股份有限公司,594.742747043999998,6786.979876350000268,01農業利用土地,0.678697987635000
01,0102,000000,農業利用土地,旱田, ,0,201809,日陞空間資訊股份有限公司,96.469215637000005,461.347092400999998,01農業利用土地,0.046134709240100
01,0102,000000,農業利用土地,旱田, ,0,201809,日陞空間資訊股份有限公司,166.111781365000013,1339.375903789999938,01農業利用土地,0.133937590379000
01,0102,000000,農業利用土地,旱田, ,0,201809,日陞空間資訊股份有限公司,91.213792944500000,528.428758477999963,01農業利用土地,0.052842875847800
01,0102,000000,農業利用土地,旱田, ,0,201809,日陞空間資訊股份有限公司,256.925070258000005,3932.135309979999874,01農業利用土地,0.393213530998000
01,0102,000000,農業利用土地,旱田, ,0,201809,日陞空間資訊股份有限公司,83.593962268400006,436.531037901999980,01農業利用土地,0.043653103790200
01,0102,000000,農業利用土地,旱田, ,0,201809,日陞空間資訊股份有限公司,147.039093890000004,1318.380010829999947,01農業利用土地,0.131838001083000
01,0102,000000,農業利用土地,旱田, ,0,201809,日陞空間資訊股份有限公司,190.531186606000006,1651.908811790000073,01農業利用土地,0.165190881179000
01,0102,000000,農業利用土地,旱田, ,0,201809,日陞空間資訊股份有限公司,114.689372348000006,539.484624177999990,01農業利用土地,0.053948462417800
01,0102,000000,農業利用土地,旱田, ,0,201809,日陞空間資訊股份有限公司,163.764458555000004,1649.954713419999962,01農業利用土地,0.164995471342000
01,0102,000000,農業利用土地,旱田, ,0,201809,日陞空間資訊股份有限公司,952.690211004000048,23280.313533799999277,01農業利用土地,2.328031353380000
01,0102,000000,農業利用土地,旱田, ,0,201809,日陞空間資訊股份有限公司,218.039255708000013,2891.494930039999872,01農業利用土地,0.289149493004000
01,0102,000000,農業利用土地,旱田, ,0,201809,日陞空間資訊股份有限公司,73.098833174500001,365.754613532000008,01農業利用土地,0.036575461353200
01,0102,000000,農業利用土地,旱田, ,0,201809,日陞空間資訊股份有限公司,124.621257978000003,1027.967445150000003,01農業利用土地,0.102796744515000
01,0102,000000,農業利用土地,旱田, ,0,201809,日陞空間資訊股份有限公司,101.345565195000006,621.964367785000036,01農業利用土地,0.062196436778500
01,0102,000000,農業利用土地,旱田, ,0,201809,日陞空間資訊股份有限公司,111.222538842999995,728.533136500999944,01農業利用土地,0.072853313650100
01,0102,000000,農業利用土地,旱田, ,0,201809,日陞空間資訊股份有限公司,549.597665332000020,11644.993636200000765,01農業利用土地,1.164499363620000
01,0102,000000,農業利用土地,旱田, ,0,201809,日陞空間資訊股份有限公司,273.193258479999997,3669.474335179999798,01農業利用土地,0.366947433518000
01,0102,000000,農業利用土地,旱田, ,0,201809,日陞空間資訊股份有限公司,635.065512371999944,16142.418005400000766,01農業利用土地,1.614241800540000
01,0102,000000,農業利用土地,旱田, ,0,201809,日陞空間資訊股份有限公司,623.673849519999976,8326.709590939999543,01農業利用土地,0.832670959094000
01,0102,000000,農業利用土地,旱田, ,0,201809,日陞空間資訊股份有限公司,101.880339746999994,600.953809361000026,01農業利用土地,0.060095380936100
01,0102,000000,農業利用土地,旱田, ,0,201809,日陞空間資訊股份有限公司,206.538454992999988,1714.164761940000062,01農業利用土地,0.171416476194000
01,0102,000000,農業利用土地,旱田, ,0,201809,日陞空間資訊股份有限公司,950.767739247000009,13242.121470500000214,01農業利用土地,1.324212147050000
01,0102,000000,農業利用土地,旱田, ,0,201809,日陞空間資訊股份有限公司,81.091440786400000,377.387959615000000,01農業利用土地,0.037738795961500
01,0102,000000,農業利用土地,旱田, ,0,201809,日陞空間資訊股份有限公司,138.959170967999995,910.669151628999998,01農業利用土地,0.091066915162900
01,0102,000000,農業利用土地,旱田, ,0,201809,日陞空間資訊股份有限公司,570.867081028000030,10397.673784200000227,01農業利用土地,1.039767378420000
01,0102,000000,農業利用土地,旱田, ,0,201809,日陞空間資訊股份有限公司,495.418109932999982,4259.287737609999567,01農業利用土地,0.425928773761000
01,0102,000000,農業利用土地,旱田, ,0,201809,日陞空間資訊股份有限公司,125.931847536999996,488.411285673000009,01農業利用土地,0.048841128567300
01,0102,000000,農業利用土地,旱田, ,0,201809,日陞空間資訊股份有限公司,819.073169869000026,38657.500946200001636,01農業利用土地,3.865750094620000
01,0102,000000,農業利用土地,旱田, ,0,201809,日陞空間資訊股份有限公司,514.394619978000037,8425.596968039999410,01農業利用土地,0.842559696804000
01,0102,000000,農業利用土地,旱田, ,0,201809,日陞空間資訊股份有限公司,164.894060870000004,816.123625607999998,01農業利用土地,0.081612362560800
01,0102,000000,農業利用土地,旱田, ,0,201809,日陞空間資訊股份有限公司,147.980397428000003,1054.490714840000010,01農業利用土地,0.105449071484000
01,0102,000000,農業利用土地,旱田, ,0,201809,日陞空間資訊股份有限公司,342.860715518999996,5735.038944689999880,01農業利用土地,0.573503894469000
01,0102,000000,農業利用土地,旱田, ,0,201809,日陞空間資訊股份有限公司,162.322366345999995,1387.539107500000000,01農業利用土地,0.138753910750000
01,0102,000000,農業利用土地,旱田, ,0,201809,日陞空間資訊股份有限公司,64.698797772899994,243.000981185999990,01農業利用土地,0.024300098118600
01,0102,000000,農業利用土地,旱田, ,0,201809,日陞空間資訊股份有限公司,163.914120588000003,1560.683524499999976,01農業利用土地,0.156068352450000
01,0102,000000,農業利用土地,旱田, ,0,201809,日陞空間資訊股份有限公司,81.885047047100002,295.401144825000017,01農業利用土地,0.029540114482500
01,0102,000000,農業利用土地,旱田, ,0,201809,日陞空間資訊股份有限公司,993.594781298000044,12476.043528099999094,01農業利用土地,1.247604352810000
01,0102,000000,農業利用土地,旱田, ,0,201809,日陞空間資訊股份有限公司,298.563438001999998,3490.714734080000198,01農業利用土地,0.349071473408000
01,0102,000000,農業利用土地,旱田, ,0,201809,日陞空間資訊股份有限公司,240.743015329999992,3621.889179100000092,01農業利用土地,0.362188917910000
01,0102,000000,農業利用土地,旱田, ,0,201809,日陞空間資訊股份有限公司,1270.062069560000054,33247.265764099996886,01農業利用土地,3.324726576410000
01,0102,000000,農業利用土地,旱田, ,0,201809,日陞空間資訊股份有限公司,1418.081705580000062,27939.200390499998321,01農業利用土地,2.793920039050000
01,0102,000000,農業利用土地,旱田, ,0,201809,日陞空間資訊股份有限公司,367.501527259999989,3107.249354250000124,01農業利用土地,0.310724935425000
01,0102,000000,農業利用土地,旱田, ,0,201809,日陞空間資訊股份有限公司,1297.338164450000022,18386.162915299999440,01農業利用土地,1.838616291530000
01,0102,000000,農業利用土地,旱田, ,0,201809,日陞空間資訊股份有限公司,90.114955993199999,415.389607338000019,01農業利用土地,0.041538960733800
01,0102,000000,農業利用土地,旱田, ,0,201809,日陞空間資訊股份有限公司,327.929586280000024,4992.296932129999732,01農業利用土地,0.499229693213000
01,0102,000000,農業利用土地,旱田, ,0,201809,日陞空間資訊股份有限公司,1311.816162719999966,34295.828933899996628,01農業利用土地,3.429582893390000
01,0102,000000,農業利用土地,旱田, ,0,201809,日陞空間資訊股份有限公司,78.396147925199998,378.707726937000018,01農業利用土地,0.037870772693700
01,0102,000000,農業利用土地,旱田, ,0,201809,日陞空間資訊股份有限公司,337.720770221000009,1997.298841759999959,01農業利用土地,0.199729884176000
01,0102,000000,農業利用土地,旱田, ,0,201809,日陞空間資訊股份有限公司,2513.794377189999977,100545.830520999996224,01農業利用土地,10.054583052100000
01,0102,000000,農業利用土地,旱田, ,0,201809,日陞空間資訊股份有限公司,874.691985629999976,22937.783879800001159,01農業利用土地,2.293778387980000
01,0102,000000,農業利用土地,旱田, ,0,201809,日陞空間資訊股份有限公司,220.690481897000012,1992.231214079999972,01農業利用土地,0.199223121408000
01,0102,000000,農業利用土地,旱田, ,0,201809,日陞空間資訊股份有限公司,101.479585518999997,452.733741991999977,01農業利用土地,0.045273374199200
01,0102,000000,農業利用土地,旱田, ,0,201809,日陞空間資訊股份有限公司,65.314883878299995,227.753610705999989,01農業利用土地,0.022775361070600
01,0102,000000,農業利用土地,旱田, ,0,201809,日陞空間資訊股份有限公司,246.775116588000003,4122.605803729999934,01農業利用土地,0.412260580373000
01,0102,000000,農業利用土地,旱田, ,0,201809,日陞空間資訊股份有限公司,238.747981022000005,2781.823422739999842,01農業利用土地,0.278182342274000
01,0102,000000,農業利用土地,旱田, ,0,201809,日陞空間資訊股份有限公司,115.511520508000004,489.009480997000026,01農業利用土地,0.048900948099700
01,0102,000000,農業利用土地,旱田, ,0,201809,日陞空間資訊股份有限公司,96.389658901299995,485.636308211000028,01農業利用土地,0.048563630821100
01,0102,000000,農業利用土地,旱田, ,0,201809,日陞空間資訊股份有限公司,108.386209356999998,509.758915914999989,01農業利用土地,0.050975891591500
01,0102,000000,農業利用土地,旱田, ,0,201809,日陞空間資訊股份有限公司,29.928467630499998,41.494205799299998,01農業利用土地,0.004149420579930
01,0102,000000,農業利用土地,旱田, ,0,201809,日陞空間資訊股份有限公司,123.733245280999995,551.007400296000014,01農業利用土地,0.055100740029600
01,0102,000000,農業利用土地,旱田, ,0,201809,日陞空間資訊股份有限公司,99.725263548100003,413.251032203000022,01農業利用土地,0.041325103220300
01,0102,000000,農業利用土地,旱田, ,0,201809,日陞空間資訊股份有限公司,216.740368646999997,1454.903077129999929,01農業利用土地,0.145490307713000
01,0102,000000,農業利用土地,旱田, ,0,201809,日陞空間資訊股份有限公司,66.147583150200006,244.841991742999994,01農業利用土地,0.024484199174300
01,0102,000000,農業利用土地,旱田, ,0,201809,日陞空間資訊股份有限公司,124.484424817999994,522.529829167999992,01農業利用土地,0.052252982916800
01,0102,000000,農業利用土地,旱田, ,0,201809,日陞空間資訊股份有限公司,808.800637531999996,14417.919483699999546,01農業利用土地,1.441791948370000
01,0102,000000,農業利用土地,旱田, ,0,201809,日陞空間資訊股份有限公司,1815.024062480000111,62697.549715900000592,01農業利用土地,6.269754971590000
01,0102,000000,農業利用土地,旱田, ,0,201809,日陞空間資訊股份有限公司,246.763260542000012,3043.370704110000133,01農業利用土地,0.304337070411000
01,0102,000000,農業利用土地,旱田, ,0,201809,日陞空間資訊股份有限公司,84.079846529999998,394.291520885000011,01農業利用土地,0.039429152088500
01,0102,000000,農業利用土地,旱田, ,0,201809,日陞空間資訊股份有限公司,149.658232543999986,1152.694802029999892,01農業利用土地,0.115269480203000
01,0102,000000,農業利用土地,旱田, ,0,201809,日陞空間資訊股份有限公司,202.479551598000000,1930.823804619999919,01農業利用土地,0.193082380462000
01,0102,000000,農業利用土地,旱田, ,0,201809,日陞空間資訊股份有限公司,125.555583812999998,979.463639556999965,01農業利用土地,0.097946363955700
01,0102,000000,農業利用土地,旱田, ,0,201809,日陞空間資訊股份有限公司,109.158569310999994,617.171138746999986,01農業利用土地,0.061717113874700
01,0102,000000,農業利用土地,旱田, ,0,201809,日陞空間資訊股份有限公司,85.741237411699998,436.269608668999979,01農業利用土地,0.043626960866900
01,0102,000000,農業利用土地,旱田, ,0,201809,日陞空間資訊股份有限公司,166.928194952000013,1437.759810969999990,01農業利用土地,0.143775981097000
01,0102,000000,農業利用土地,旱田, ,0,201809,日陞空間資訊股份有限公司,983.699347091000050,20815.168180299999221,01農業利用土地,2.081516818030000
