LCODE_C1,LCODE_C2,LCODE_C3,METHOD,DATATIME,MDDI_ORG,LCODEC_C1,LCODEC_C2,LCODEC_C3,Shape_Leng,Shape_Area,分類,area_ha
01,0101,010102,0,202211,亞新國土科技股份有限公司,農業利用土地,農作使用,旱田,500.280398456000000,7169.713348479999695,01農業利用土地,0.716971334848000
01,0101,010102,0,202211,亞新國土科技股份有限公司,農業利用土地,農作使用,旱田,65.932373154399997,306.160113260000003,01農業利用土地,0.030616011326000
01,0101,010102,0,202211,亞新國土科技股份有限公司,農業利用土地,農作使用,旱田,110.495759172000007,822.818073744000003,01農業利用土地,0.082281807374400
01,0101,010102,0,202211,亞新國土科技股份有限公司,農業利用土地,農作使用,旱田,85.680621860599999,503.080548468000018,01農業利用土地,0.050308054846800
01,0101,010102,0,202211,亞新國土科技股份有限公司,農業利用土地,農作使用,旱田,119.634923869000005,734.382208769000044,01農業利用土地,0.073438220876900
01,0101,010102,0,202211,亞新國土科技股份有限公司,農業利用土地,農作使用,旱田,69.654425898000000,311.171307323999997,01農業利用土地,0.031117130732400
01,0101,010102,0,202211,亞新國土科技股份有限公司,農業利用土地,農作使用,旱田,34.919360233900001,79.696258618399995,01農業利用土地,0.007969625861840
01,0101,010102,0,202211,亞新國土科技股份有限公司,農業利用土地,農作使用,旱田,133.949217368000006,1080.932939949999991,01農業利用土地,0.108093293995000
01,0101,010102,0,202211,亞新國土科技股份有限公司,農業利用土地,農作使用,旱田,55.202854474399999,202.191129808999989,01農業利用土地,0.020219112980900
01,0101,010102,0,202211,亞新國土科技股份有限公司,農業利用土地,農作使用,旱田,62.741552068600001,277.422614312000007,01農業利用土地,0.027742261431200
01,0101,010102,0,202211,亞新國土科技股份有限公司,農業利用土地,農作使用,旱田,81.807674357799996,396.827650849999998,01農業利用土地,0.039682765085000
01,0101,010102,0,202211,亞新國土科技股份有限公司,農業利用土地,農作使用,旱田,152.316625326999997,916.077268309000033,01農業利用土地,0.091607726830900
01,0101,010102,0,202211,亞新國土科技股份有限公司,農業利用土地,農作使用,旱田,187.311673933999998,934.056444570000053,01農業利用土地,0.093405644457000
01,0101,010102,0,202211,亞新國土科技股份有限公司,農業利用土地,農作使用,旱田,65.214901034700006,233.521649786000012,01農業利用土地,0.023352164978600
01,0101,010102,0,202211,亞新國土科技股份有限公司,農業利用土地,農作使用,旱田,248.499638019000002,2998.075985320000200,01農業利用土地,0.299807598532000
01,0101,010102,0,202211,亞新國土科技股份有限公司,農業利用土地,農作使用,旱田,67.304551898599996,316.315498638000008,01農業利用土地,0.031631549863800
01,0101,010102,0,202211,亞新國土科技股份有限公司,農業利用土地,農作使用,旱田,120.321668060999997,574.524937419000025,01農業利用土地,0.057452493741900
01,0101,010102,0,202211,亞新國土科技股份有限公司,農業利用土地,農作使用,旱田,104.341543603999995,537.107124581999983,01農業利用土地,0.053710712458200
01,0101,010102,0,202211,亞新國土科技股份有限公司,農業利用土地,農作使用,旱田,63.722192550999999,282.493485150000026,01農業利用土地,0.028249348515000
01,0101,010102,0,202211,亞新國土科技股份有限公司,農業利用土地,農作使用,旱田,293.318300807000014,1851.429058819999909,01農業利用土地,0.185142905882000
01,0101,010102,0,202211,亞新國土科技股份有限公司,農業利用土地,農作使用,旱田,208.610558166999994,2126.163755439999932,01農業利用土地,0.212616375544000
01,0101,010102,0,202211,亞新國土科技股份有限公司,農業利用土地,農作使用,旱田,71.862372133899996,304.517659447000028,01農業利用土地,0.030451765944700
01,0101,010102,0,202211,亞新國土科技股份有限公司,農業利用土地,農作使用,旱田,101.759396014000004,548.851233333999971,01農業利用土地,0.054885123333400
01,0101,010102,0,202211,亞新國土科技股份有限公司,農業利用土地,農作使用,旱田,115.511520508000004,489.009480997000026,01農業利用土地,0.048900948099700
01,0101,010102,0,202211,亞新國土科技股份有限公司,農業利用土地,農作使用,旱田,77.807692177700005,333.784808311999996,01農業利用土地,0.033378480831200
01,0101,010102,0,202211,亞新國土科技股份有限公司,農業利用土地,農作使用,旱田,54.371660859199999,189.931748540000001,01農業利用土地,0.018993174854000
01,0101,010102,1,202211,亞新國土科技股份有限公司,農業利用土地,農作使用,旱田,132.115426538999998,883.229271690000019,01農業利用土地,0.088322927169000
01,0101,010102,1,202211,亞新國土科技股份有限公司,農業利用土地,農作使用,旱田,74.356996407899999,180.836514905999991,01農業利用土地,0.018083651490600
01,0101,010102,1,202211,亞新國土科技股份有限公司,農業利用土地,農作使用,旱田,63.305978438200000,214.575006992999988,01農業利用土地,0.021457500699300
01,0101,010102,1,202211,亞新國土科技股份有限公司,農業利用土地,農作使用,旱田,157.950186715999990,1081.334584660000019,01農業利用土地,0.108133458466000
01,0101,010102,1,202211,亞新國土科技股份有限公司,農業利用土地,農作使用,旱田,256.975513136000018,3874.723273120000158,01農業利用土地,0.387472327312000
01,0101,010102,1,202211,亞新國土科技股份有限公司,農業利用土地,農作使用,旱田,102.617878535000003,611.358078204999970,01農業利用土地,0.061135807820500
01,0101,010102,1,202211,亞新國土科技股份有限公司,農業利用土地,農作使用,旱田,108.531236070999995,356.175421949999986,01農業利用土地,0.035617542195000
01,0101,010102,1,202211,亞新國土科技股份有限公司,農業利用土地,農作使用,旱田,94.057866174599994,210.179327182999998,01農業利用土地,0.021017932718300
01,0101,010102,1,202211,亞新國土科技股份有限公司,農業利用土地,農作使用,旱田,1070.627253999999994,23115.592877700000827,01農業利用土地,2.311559287770000
01,0101,010102,1,202211,亞新國土科技股份有限公司,農業利用土地,農作使用,旱田,242.699588828999993,3900.788921779999782,01農業利用土地,0.390078892178000
01,0101,010102,1,202211,亞新國土科技股份有限公司,農業利用土地,農作使用,旱田,610.397697902999994,9199.870154899999761,01農業利用土地,0.919987015490000
01,0101,010102,1,202211,亞新國土科技股份有限公司,農業利用土地,農作使用,旱田,290.467732322000018,5058.390845259999878,01農業利用土地,0.505839084526000
01,0101,010102,1,202211,亞新國土科技股份有限公司,農業利用土地,農作使用,旱田,604.188786887999981,4644.863280900000063,01農業利用土地,0.464486328090000
01,0101,010102,1,202211,亞新國土科技股份有限公司,農業利用土地,農作使用,旱田,101.965471867000005,530.263811467999972,01農業利用土地,0.053026381146800
01,0101,010102,1,202211,亞新國土科技股份有限公司,農業利用土地,農作使用,旱田,126.949664334999994,737.798886496000023,01農業利用土地,0.073779888649600
01,0101,010102,1,202211,亞新國土科技股份有限公司,農業利用土地,農作使用,旱田,404.569142635999981,5467.194626710000193,01農業利用土地,0.546719462671000
01,0101,010102,1,202211,亞新國土科技股份有限公司,農業利用土地,農作使用,旱田,75.840544542499998,319.639116087999980,01農業利用土地,0.031963911608800
01,0101,010102,1,202211,亞新國土科技股份有限公司,農業利用土地,農作使用,旱田,183.413994892000005,1136.247075069999937,01農業利用土地,0.113624707507000
01,0101,010102,1,202211,亞新國土科技股份有限公司,農業利用土地,農作使用,旱田,117.518771287000007,504.485869795999974,01農業利用土地,0.050448586979600
01,0101,010102,1,202211,亞新國土科技股份有限公司,農業利用土地,農作使用,旱田,632.940145449000056,10318.222416500000691,01農業利用土地,1.031822241650000
01,0101,010102,1,202211,亞新國土科技股份有限公司,農業利用土地,農作使用,旱田,334.061670434000007,3954.117410169999857,01農業利用土地,0.395411741017000
01,0101,010102,1,202211,亞新國土科技股份有限公司,農業利用土地,農作使用,旱田,75.396889272799996,289.385627038999985,01農業利用土地,0.028938562703900
01,0101,010102,1,202211,亞新國土科技股份有限公司,農業利用土地,農作使用,旱田,47.673537102099999,108.155061516000004,01農業利用土地,0.010815506151600
01,0101,010102,1,202211,亞新國土科技股份有限公司,農業利用土地,農作使用,旱田,34.094078121199999,69.891115820699994,01農業利用土地,0.006989111582070
01,0101,010102,1,202211,亞新國土科技股份有限公司,農業利用土地,農作使用,旱田,90.103810494100003,387.837993093000023,01農業利用土地,0.038783799309300
01,0101,010102,1,202211,亞新國土科技股份有限公司,農業利用土地,農作使用,旱田,47.589656027600000,130.450925320000010,01農業利用土地,0.013045092532000
01,0101,010102,1,202211,亞新國土科技股份有限公司,農業利用土地,農作使用,旱田,1045.340631260000009,30737.707149599998957,01農業利用土地,3.073770714960000
01,0101,010102,1,202211,亞新國土科技股份有限公司,農業利用土地,農作使用,旱田,143.020969779000012,468.682762937999996,01農業利用土地,0.046868276293800
01,0101,010102,1,202211,亞新國土科技股份有限公司,農業利用土地,農作使用,旱田,65.747467229700007,185.418133847000007,01農業利用土地,0.018541813384700
01,0101,010102,1,202211,亞新國土科技股份有限公司,農業利用土地,農作使用,旱田,58.853533495500002,153.590656641000010,01農業利用土地,0.015359065664100
01,0101,010102,1,202211,亞新國土科技股份有限公司,農業利用土地,農作使用,旱田,151.174193239999994,1364.188027299999931,01農業利用土地,0.136418802730000
01,0101,010102,1,202211,亞新國土科技股份有限公司,農業利用土地,農作使用,旱田,131.992511981000007,741.818925504000049,01農業利用土地,0.074181892550400
01,0101,010102,1,202211,亞新國土科技股份有限公司,農業利用土地,農作使用,旱田,123.831550958999998,929.058192418999965,01農業利用土地,0.092905819241900
01,0101,010102,1,202211,亞新國土科技股份有限公司,農業利用土地,農作使用,旱田,121.499254476999994,743.584309608000012,01農業利用土地,0.074358430960800
01,0101,010102,1,202211,亞新國土科技股份有限公司,農業利用土地,農作使用,旱田,1203.515392380000094,12003.529541399999289,01農業利用土地,1.200352954140000
01,0101,010102,1,202211,亞新國土科技股份有限公司,農業利用土地,農作使用,旱田,214.124295732000007,1890.071098509999956,01農業利用土地,0.189007109851000
01,0101,010102,1,202211,亞新國土科技股份有限公司,農業利用土地,農作使用,旱田,120.676766955999994,811.887758128999963,01農業利用土地,0.081188775812900
01,0101,010102,1,202211,亞新國土科技股份有限公司,農業利用土地,農作使用,旱田,891.871827176000011,11929.594307199999093,01農業利用土地,1.192959430720000
01,0101,010102,1,202211,亞新國土科技股份有限公司,農業利用土地,農作使用,旱田,232.237017514000001,3253.123044330000084,01農業利用土地,0.325312304433000
01,0101,010102,1,202211,亞新國土科技股份有限公司,農業利用土地,農作使用,旱田,142.758801003999992,606.546718347000024,01農業利用土地,0.060654671834700
01,0101,010102,1,202211,亞新國土科技股份有限公司,農業利用土地,農作使用,旱田,152.034935023000003,737.280858537999961,01農業利用土地,0.073728085853800
01,0101,010102,1,202211,亞新國土科技股份有限公司,農業利用土地,農作使用,旱田,73.901131133099994,340.654052607999972,01農業利用土地,0.034065405260800
01,0101,010102,1,202211,亞新國土科技股份有限公司,農業利用土地,農作使用,旱田,141.120804652999993,877.821870162999971,01農業利用土地,0.087782187016300
01,0101,010102,1,202211,亞新國土科技股份有限公司,農業利用土地,農作使用,旱田,50.630061763699999,146.051339097000010,01農業利用土地,0.014605133909700
01,0101,010102,1,202211,亞新國土科技股份有限公司,農業利用土地,農作使用,旱田,718.192639168000028,12236.222182999999859,01農業利用土地,1.223622218300000
01,0101,010102,1,202211,亞新國土科技股份有限公司,農業利用土地,農作使用,旱田,764.093594789999997,7121.807103529999949,01農業利用土地,0.712180710353000
01,0101,010102,1,202211,亞新國土科技股份有限公司,農業利用土地,農作使用,旱田,55.367752867900002,189.317463908999997,01農業利用土地,0.018931746390900
01,0101,010102,1,202211,亞新國土科技股份有限公司,農業利用土地,農作使用,旱田,564.887502823999966,6350.133127799999784,01農業利用土地,0.635013312780000
01,0101,010102,1,202211,亞新國土科技股份有限公司,農業利用土地,農作使用,旱田,53.816949164299999,145.442956755000012,01農業利用土地,0.014544295675500
01,0101,010102,1,202211,亞新國土科技股份有限公司,農業利用土地,農作使用,旱田,27.585116516399999,38.937646533299997,01農業利用土地,0.003893764653330
01,0101,010102,1,202211,亞新國土科技股份有限公司,農業利用土地,農作使用,旱田,36.813871097400003,63.135364363999997,01農業利用土地,0.006313536436400
01,0101,010102,1,202211,亞新國土科技股份有限公司,農業利用土地,農作使用,旱田,81.255369975099995,420.576054621000026,01農業利用土地,0.042057605462100
01,0101,010102,1,202211,亞新國土科技股份有限公司,農業利用土地,農作使用,旱田,3313.047446949999994,73166.340387999996892,01農業利用土地,7.316634038800000
01,0101,010102,1,202211,亞新國土科技股份有限公司,農業利用土地,農作使用,旱田,30.880326851200000,53.996388512300001,01農業利用土地,0.005399638851230
01,0101,010102,1,202211,亞新國土科技股份有限公司,農業利用土地,農作使用,旱田,25.014634777200001,26.291355464599999,01農業利用土地,0.002629135546460
01,0101,010102,1,202211,亞新國土科技股份有限公司,農業利用土地,農作使用,旱田,228.982803584999999,1515.562204060000113,01農業利用土地,0.151556220406000
01,0101,010102,1,202211,亞新國土科技股份有限公司,農業利用土地,農作使用,旱田,85.961449477100004,464.919308537000006,01農業利用土地,0.046491930853700
01,0101,010102,1,202211,亞新國土科技股份有限公司,農業利用土地,農作使用,旱田,33.725602233099998,62.427724136999998,01農業利用土地,0.006242772413700
01,0101,010102,1,202211,亞新國土科技股份有限公司,農業利用土地,農作使用,旱田,232.224917785000002,1373.008859770000072,01農業利用土地,0.137300885977000
01,0101,010102,1,202211,亞新國土科技股份有限公司,農業利用土地,農作使用,旱田,98.619983781299993,475.659440116999974,01農業利用土地,0.047565944011700
01,0101,010102,1,202211,亞新國土科技股份有限公司,農業利用土地,農作使用,旱田,76.047146766799997,331.577280571000017,01農業利用土地,0.033157728057100
01,0101,010102,1,202211,亞新國土科技股份有限公司,農業利用土地,農作使用,旱田,96.158410822500002,545.248588469999959,01農業利用土地,0.054524858847000
01,0101,010102,1,202211,亞新國土科技股份有限公司,農業利用土地,農作使用,旱田,33.319144031999997,47.345068502499998,01農業利用土地,0.004734506850250
01,0101,010102,1,202211,亞新國土科技股份有限公司,農業利用土地,農作使用,旱田,70.320000268699999,201.378906155999999,01農業利用土地,0.020137890615600
01,0101,010102,1,202211,亞新國土科技股份有限公司,農業利用土地,農作使用,旱田,48.388983254800003,77.118478685100001,01農業利用土地,0.007711847868510
01,0101,010102,1,202211,亞新國土科技股份有限公司,農業利用土地,農作使用,旱田,151.061836094000000,1115.769707030000063,01農業利用土地,0.111576970703000
01,0101,010102,1,202211,亞新國土科技股份有限公司,農業利用土地,農作使用,旱田,400.513819443999978,6859.785234650000348,01農業利用土地,0.685978523465000
01,0101,010102,1,202211,亞新國土科技股份有限公司,農業利用土地,農作使用,旱田,145.177160315999998,794.856163097000035,01農業利用土地,0.079485616309700
01,0101,010102,1,202211,亞新國土科技股份有限公司,農業利用土地,農作使用,旱田,52.974653043200000,182.582442152999988,01農業利用土地,0.018258244215300
01,0101,010102,1,202211,亞新國土科技股份有限公司,農業利用土地,農作使用,旱田,125.490551143999994,892.992176588000007,01農業利用土地,0.089299217658800
01,0101,010102,1,202211,亞新國土科技股份有限公司,農業利用土地,農作使用,旱田,105.577741106999994,380.762677514000018,01農業利用土地,0.038076267751400
01,0101,010102,1,202211,亞新國土科技股份有限公司,農業利用土地,農作使用,旱田,75.923561771899998,374.861941694999985,01農業利用土地,0.037486194169500
01,0101,010102,1,202211,亞新國土科技股份有限公司,農業利用土地,農作使用,旱田,71.340311984200000,172.101697994999995,01農業利用土地,0.017210169799500
01,0101,010102,1,202211,亞新國土科技股份有限公司,農業利用土地,農作使用,旱田,362.715283485999976,3490.513063219999822,01農業利用土地,0.349051306322000
01,0101,010102,1,202211,亞新國土科技股份有限公司,農業利用土地,農作使用,旱田,113.409465668999999,566.073980614999982,01農業利用土地,0.056607398061500
01,0101,010102,1,202211,亞新國土科技股份有限公司,農業利用土地,農作使用,旱田,34.895137847000001,65.139118667899993,01農業利用土地,0.006513911866790
01,0101,010102,1,202211,亞新國土科技股份有限公司,農業利用土地,農作使用,旱田,135.677779057999999,764.447827598999993,01農業利用土地,0.076444782759900
01,0101,010102,1,202211,亞新國土科技股份有限公司,農業利用土地,農作使用,旱田,109.714271042999997,582.953632029000005,01農業利用土地,0.058295363202900
01,0101,010102,1,202211,亞新國土科技股份有限公司,農業利用土地,農作使用,旱田,64.488706017699997,254.113088366999989,01農業利用土地,0.025411308836700
01,0101,010102,1,202211,亞新國土科技股份有限公司,農業利用土地,農作使用,旱田,181.330720097000011,2038.021400180000001,01農業利用土地,0.203802140018000
01,0101,010102,1,202211,亞新國土科技股份有限公司,農業利用土地,農作使用,旱田,210.667673162999989,1388.392026389999955,01農業利用土地,0.138839202639000
01,0101,010102,1,202211,亞新國土科技股份有限公司,農業利用土地,農作使用,旱田,117.168933952000003,499.195186965999994,01農業利用土地,0.049919518696600
01,0101,010102,1,202211,亞新國土科技股份有限公司,農業利用土地,農作使用,旱田,113.239101899000005,397.909808014000021,01農業利用土地,0.039790980801400
01,0101,010102,1,202211,亞新國土科技股份有限公司,農業利用土地,農作使用,旱田,98.042576013000001,342.312281208999991,01農業利用土地,0.034231228120900
01,0101,010102,1,202211,亞新國土科技股份有限公司,農業利用土地,農作使用,旱田,65.513413059100003,238.353873485000008,01農業利用土地,0.023835387348500
01,0101,010102,1,202211,亞新國土科技股份有限公司,農業利用土地,農作使用,旱田,67.735863120700003,311.346852501999990,01農業利用土地,0.031134685250200
01,0101,010102,1,202211,亞新國土科技股份有限公司,農業利用土地,農作使用,旱田,1622.838485850000097,56940.121245900001668,01農業利用土地,5.694012124590000
01,0101,010102,1,202211,亞新國土科技股份有限公司,農業利用土地,農作使用,旱田,64.087117851700000,252.385477352000009,01農業利用土地,0.025238547735200
01,0101,010102,1,202211,亞新國土科技股份有限公司,農業利用土地,農作使用,旱田,74.035278439400003,356.660373083000025,01農業利用土地,0.035666037308300
01,0101,010103,0,202211,亞新國土科技股份有限公司,農業利用土地,農作使用,果園,88.085304229299993,460.336238501000025,01農業利用土地,0.046033623850100
01,0101,010103,0,202211,亞新國土科技股份有限公司,農業利用土地,農作使用,果園,223.418190169000013,785.097167391999960,01農業利用土地,0.078509716739200
01,0101,010103,0,202211,亞新國土科技股份有限公司,農業利用土地,農作使用,果園,71.059208290900003,332.145651358000009,01農業利用土地,0.033214565135800
01,0101,010103,0,202211,亞新國土科技股份有限公司,農業利用土地,農作使用,果園,187.589040992999998,986.799834560000022,01農業利用土地,0.098679983456000
01,0101,010103,0,202211,亞新國土科技股份有限公司,農業利用土地,農作使用,果園,96.242132701499997,366.167162385999973,01農業利用土地,0.036616716238600
01,0101,010103,0,202211,亞新國土科技股份有限公司,農業利用土地,農作使用,果園,114.311470616999998,635.396657481000034,01農業利用土地,0.063539665748100
01,0101,010103,0,202211,亞新國土科技股份有限公司,農業利用土地,農作使用,果園,47.926354394000001,154.286912121999990,01農業利用土地,0.015428691212200
01,0101,010103,0,202211,亞新國土科技股份有限公司,農業利用土地,農作使用,果園,437.618120737000027,3357.031468390000100,01農業利用土地,0.335703146839000
01,0101,010103,0,202211,亞新國土科技股份有限公司,農業利用土地,農作使用,果園,85.973958082400003,311.249831029999996,01農業利用土地,0.031124983103000
01,0101,010103,0,202211,亞新國土科技股份有限公司,農業利用土地,農作使用,果園,151.709144632999994,717.499439153000026,01農業利用土地,0.071749943915300
01,0101,010103,0,202211,亞新國土科技股份有限公司,農業利用土地,農作使用,果園,64.549799718800003,206.626514398000012,01農業利用土地,0.020662651439800
01,0101,010103,0,202211,亞新國土科技股份有限公司,農業利用土地,農作使用,果園,95.972730913600003,541.827143161999970,01農業利用土地,0.054182714316200
01,0101,010103,0,202211,亞新國土科技股份有限公司,農業利用土地,農作使用,果園,140.787942767000004,617.370302538000033,01農業利用土地,0.061737030253800
01,0101,010103,0,202211,亞新國土科技股份有限公司,農業利用土地,農作使用,果園,86.371842467999997,383.943286860000001,01農業利用土地,0.038394328686000
01,0101,010103,1,202211,亞新國土科技股份有限公司,農業利用土地,農作使用,果園,82.367256472700006,401.879274399999986,01農業利用土地,0.040187927440000
01,0101,010103,1,202211,亞新國土科技股份有限公司,農業利用土地,農作使用,果園,85.813454241499997,409.272692840999980,01農業利用土地,0.040927269284100
01,0101,010103,1,202211,亞新國土科技股份有限公司,農業利用土地,農作使用,果園,96.353156811399998,450.467881756999986,01農業利用土地,0.045046788175700
01,0101,010103,1,202211,亞新國土科技股份有限公司,農業利用土地,農作使用,果園,91.958053525799997,523.550986658000056,01農業利用土地,0.052355098665800
01,0101,010103,1,202211,亞新國土科技股份有限公司,農業利用土地,農作使用,果園,118.226164979999993,908.948172455999952,01農業利用土地,0.090894817245600
01,0101,010103,1,202211,亞新國土科技股份有限公司,農業利用土地,農作使用,果園,255.287424783000006,2989.194365899999866,01農業利用土地,0.298919436590000
01,0101,010103,1,202211,亞新國土科技股份有限公司,農業利用土地,農作使用,果園,60.781424590599997,245.688404596999987,01農業利用土地,0.024568840459700
01,0101,010103,1,202211,亞新國土科技股份有限公司,農業利用土地,農作使用,果園,226.003557319000009,1772.433088029999908,01農業利用土地,0.177243308803000
01,0101,010103,1,202211,亞新國土科技股份有限公司,農業利用土地,農作使用,果園,104.452364213999999,364.700222993000011,01農業利用土地,0.036470022299300
01,0101,010103,1,202211,亞新國土科技股份有限公司,農業利用土地,農作使用,果園,66.505780579200007,243.637198947000002,01農業利用土地,0.024363719894700
01,0101,010103,1,202211,亞新國土科技股份有限公司,農業利用土地,農作使用,果園,94.193240370900000,562.099802725000018,01農業利用土地,0.056209980272500
01,0101,010103,1,202211,亞新國土科技股份有限公司,農業利用土地,農作使用,果園,127.768098577000004,650.575256166000031,01農業利用土地,0.065057525616600
01,0101,010103,1,202211,亞新國土科技股份有限公司,農業利用土地,農作使用,果園,180.592945761000010,1633.581605860000082,01農業利用土地,0.163358160586000
01,0101,010103,1,202211,亞新國土科技股份有限公司,農業利用土地,農作使用,果園,62.515597002200003,217.206545336000005,01農業利用土地,0.021720654533600
01,0101,010103,1,202211,亞新國土科技股份有限公司,農業利用土地,農作使用,果園,200.291330706999986,884.191313810999986,01農業利用土地,0.088419131381100
01,0101,010103,1,202211,亞新國土科技股份有限公司,農業利用土地,農作使用,果園,132.053715879999999,491.510420593999982,01農業利用土地,0.049151042059400
01,0101,010103,1,202211,亞新國土科技股份有限公司,農業利用土地,農作使用,果園,50.089711658100001,130.776515305999993,01農業利用土地,0.013077651530600
01,0101,010103,1,202211,亞新國土科技股份有限公司,農業利用土地,農作使用,果園,88.314000364400002,284.951062115000013,01農業利用土地,0.028495106211500
01,0101,010103,1,202211,亞新國土科技股份有限公司,農業利用土地,農作使用,果園,65.890594507100005,204.472598866999988,01農業利用土地,0.020447259886700
01,0101,010103,1,202211,亞新國土科技股份有限公司,農業利用土地,農作使用,果園,196.616277864000011,1294.280537630000026,01農業利用土地,0.129428053763000
01,0101,010103,1,202211,亞新國土科技股份有限公司,農業利用土地,農作使用,果園,63.154519263099999,178.085170632999990,01農業利用土地,0.017808517063300
01,0101,010103,1,202211,亞新國土科技股份有限公司,農業利用土地,農作使用,果園,111.999947741000000,530.201248408999959,01農業利用土地,0.053020124840900
01,0101,010103,1,202211,亞新國土科技股份有限公司,農業利用土地,農作使用,果園,79.091564177899997,343.115340865000007,01農業利用土地,0.034311534086500
01,0101,010103,1,202211,亞新國土科技股份有限公司,農業利用土地,農作使用,果園,448.271875082999998,3881.936533300000065,01農業利用土地,0.388193653330000
01,0101,010103,1,202211,亞新國土科技股份有限公司,農業利用土地,農作使用,果園,100.043595378000006,425.704085399000007,01農業利用土地,0.042570408539900
01,0101,010103,1,202211,亞新國土科技股份有限公司,農業利用土地,農作使用,果園,121.286225340000001,608.190920243000051,01農業利用土地,0.060819092024300
01,0101,010103,1,202211,亞新國土科技股份有限公司,農業利用土地,農作使用,果園,142.501237212000007,826.488572359000045,01農業利用土地,0.082648857235900
01,0101,010103,1,202211,亞新國土科技股份有限公司,農業利用土地,農作使用,果園,91.691746874800003,390.654507779000028,01農業利用土地,0.039065450777900
01,0101,010103,1,202211,亞新國土科技股份有限公司,農業利用土地,農作使用,果園,262.403356410000015,2463.036286179999934,01農業利用土地,0.246303628618000
01,0101,010103,1,202211,亞新國土科技股份有限公司,農業利用土地,農作使用,果園,40.269226404800001,101.219863622999995,01農業利用土地,0.010121986362300
01,0101,010103,1,202211,亞新國土科技股份有限公司,農業利用土地,農作使用,果園,47.427930358499999,129.289094005999999,01農業利用土地,0.012928909400600
01,0101,010103,1,202211,亞新國土科技股份有限公司,農業利用土地,農作使用,果園,426.496495599000013,6901.766867899999852,01農業利用土地,0.690176686790000
01,0101,010103,1,202211,亞新國土科技股份有限公司,農業利用土地,農作使用,果園,35.052609434499999,55.411446704399999,01農業利用土地,0.005541144670440
01,0101,010103,1,202211,亞新國土科技股份有限公司,農業利用土地,農作使用,果園,128.695947877000009,706.456463352000014,01農業利用土地,0.070645646335200
01,0101,010103,1,202211,亞新國土科技股份有限公司,農業利用土地,農作使用,果園,141.060886611999990,1059.925958380000111,01農業利用土地,0.105992595838000
01,0101,010103,1,202211,亞新國土科技股份有限公司,農業利用土地,農作使用,果園,30.338015077100000,41.344489297899997,01農業利用土地,0.004134448929790
01,0101,010103,1,202211,亞新國土科技股份有限公司,農業利用土地,農作使用,果園,91.549680963300005,338.096834952999984,01農業利用土地,0.033809683495300
01,0101,010103,1,202211,亞新國土科技股份有限公司,農業利用土地,農作使用,果園,24.701275424199999,37.560896716700000,01農業利用土地,0.003756089671670
01,0101,010103,1,202211,亞新國土科技股份有限公司,農業利用土地,農作使用,果園,39.146628846699997,92.970425613200007,01農業利用土地,0.009297042561320
01,0101,010103,1,202211,亞新國土科技股份有限公司,農業利用土地,農作使用,果園,76.848432468900000,242.843296521000013,01農業利用土地,0.024284329652100
01,0101,010103,1,202211,亞新國土科技股份有限公司,農業利用土地,農作使用,果園,53.516717936600003,171.214135873000004,01農業利用土地,0.017121413587300
01,0101,010103,1,202211,亞新國土科技股份有限公司,農業利用土地,農作使用,果園,176.079440881000011,1088.861308069999950,01農業利用土地,0.108886130807000
01,0101,010103,1,202211,亞新國土科技股份有限公司,農業利用土地,農作使用,果園,45.047432319000002,119.892251899000001,01農業利用土地,0.011989225189900
01,0101,010103,1,202211,亞新國土科技股份有限公司,農業利用土地,農作使用,果園,44.095147714800000,81.989825404000001,01農業利用土地,0.008198982540400
01,0101,010103,1,202211,亞新國土科技股份有限公司,農業利用土地,農作使用,果園,97.217693724000000,428.211898179000002,01農業利用土地,0.042821189817900
01,0101,010103,1,202211,亞新國土科技股份有限公司,農業利用土地,農作使用,果園,84.263595998800000,432.568882415000019,01農業利用土地,0.043256888241500
01,0101,010103,1,202211,亞新國土科技股份有限公司,農業利用土地,農作使用,果園,64.546361082499999,163.584574991000011,01農業利用土地,0.016358457499100
01,0102,010200,1,202211,亞新國土科技股份有限公司,農業利用土地,水產養殖,水產養殖,168.441524836000013,1476.595212409999931,01農業利用土地,0.147659521241000
01,0102,010200,1,202211,亞新國土科技股份有限公司,農業利用土地,水產養殖,水產養殖,31.321447774500001,54.286565678700001,01農業利用土地,0.005428656567870
01,0103,010301,1,202211,亞新國土科技股份有限公司,農業利用土地,畜牧,畜禽舍,24.682643752200001,29.901238373300000,01農業利用土地,0.002990123837330
01,0103,010301,1,202211,亞新國土科技股份有限公司,農業利用土地,畜牧,畜禽舍,34.805555964000000,61.087609018700000,01農業利用土地,0.006108760901870
01,0103,010301,1,202211,亞新國土科技股份有限公司,農業利用土地,畜牧,畜禽舍,40.151044433300001,66.629598395800002,01農業利用土地,0.006662959839580
01,0103,010301,1,202211,亞新國土科技股份有限公司,農業利用土地,畜牧,畜禽舍,49.530868163000001,118.617025522000006,01農業利用土地,0.011861702552200
01,0103,010301,1,202211,亞新國土科技股份有限公司,農業利用土地,畜牧,畜禽舍,26.159159813500001,36.630142701099999,01農業利用土地,0.003663014270110
01,0103,010301,1,202211,亞新國土科技股份有限公司,農業利用土地,畜牧,畜禽舍,25.941215082599999,37.850719108900002,01農業利用土地,0.003785071910890
01,0103,010301,1,202211,亞新國土科技股份有限公司,農業利用土地,畜牧,畜禽舍,24.015171857700000,32.012869000700000,01農業利用土地,0.003201286900070
01,0103,010301,1,202211,亞新國土科技股份有限公司,農業利用土地,畜牧,畜禽舍,65.983895322600006,253.953488327999992,01農業利用土地,0.025395348832800
01,0103,010301,1,202211,亞新國土科技股份有限公司,農業利用土地,畜牧,畜禽舍,81.809558752599997,380.509056961999988,01農業利用土地,0.038050905696200
01,0103,010301,1,202211,亞新國土科技股份有限公司,農業利用土地,畜牧,畜禽舍,31.732178324400000,55.831021336600003,01農業利用土地,0.005583102133660
01,0103,010301,1,202211,亞新國土科技股份有限公司,農業利用土地,畜牧,畜禽舍,37.890314867999997,88.172894407599998,01農業利用土地,0.008817289440760
01,0103,010301,1,202211,亞新國土科技股份有限公司,農業利用土地,畜牧,畜禽舍,57.984070085200003,190.454418261999990,01農業利用土地,0.019045441826200
01,0103,010301,1,202211,亞新國土科技股份有限公司,農業利用土地,畜牧,畜禽舍,103.736867313000005,468.197163760000024,01農業利用土地,0.046819716376000
01,0103,010301,1,202211,亞新國土科技股份有限公司,農業利用土地,畜牧,畜禽舍,14.804633000500001,13.613781491499999,01農業利用土地,0.001361378149150
01,0103,010301,1,202211,亞新國土科技股份有限公司,農業利用土地,畜牧,畜禽舍,32.330573381599997,65.676027919299997,01農業利用土地,0.006567602791930
01,0103,010301,1,202211,亞新國土科技股份有限公司,農業利用土地,畜牧,畜禽舍,52.920211533299998,162.339924233000005,01農業利用土地,0.016233992423300
01,0103,010301,1,202211,亞新國土科技股份有限公司,農業利用土地,畜牧,畜禽舍,33.110583271099998,73.417994672999995,01農業利用土地,0.007341799467300
01,0103,010301,1,202211,亞新國土科技股份有限公司,農業利用土地,畜牧,畜禽舍,45.533528842099997,128.387308851000000,01農業利用土地,0.012838730885100
01,0103,010301,1,202211,亞新國土科技股份有限公司,農業利用土地,畜牧,畜禽舍,51.867567701900001,116.966941621000004,01農業利用土地,0.011696694162100
01,0103,010301,1,202211,亞新國土科技股份有限公司,農業利用土地,畜牧,畜禽舍,24.761456642900001,32.234210369800003,01農業利用土地,0.003223421036980
01,0103,010301,1,202211,亞新國土科技股份有限公司,農業利用土地,畜牧,畜禽舍,18.826234798200002,20.919125680499999,01農業利用土地,0.002091912568050
01,0103,010301,1,202211,亞新國土科技股份有限公司,農業利用土地,畜牧,畜禽舍,50.409952873700000,114.972037491999998,01農業利用土地,0.011497203749200
01,0103,010301,1,202211,亞新國土科技股份有限公司,農業利用土地,畜牧,畜禽舍,46.824556548300002,131.102994598999999,01農業利用土地,0.013110299459900
01,0103,010301,1,202211,亞新國土科技股份有限公司,農業利用土地,畜牧,畜禽舍,17.174493333899999,18.417840608300001,01農業利用土地,0.001841784060830
01,0103,010301,1,202211,亞新國土科技股份有限公司,農業利用土地,畜牧,畜禽舍,21.478329858999999,28.661893478700001,01農業利用土地,0.002866189347870
01,0103,010301,1,202211,亞新國土科技股份有限公司,農業利用土地,畜牧,畜禽舍,38.138077111599998,76.157792994199994,01農業利用土地,0.007615779299420
01,0103,010302,1,202211,亞新國土科技股份有限公司,農業利用土地,畜牧,牧場,104.369585188000002,732.553622703999963,01農業利用土地,0.073255362270400
01,0103,010302,1,202211,亞新國土科技股份有限公司,農業利用土地,畜牧,牧場,86.462511915799993,323.102144999000018,01農業利用土地,0.032310214499900
01,0103,010302,1,202211,亞新國土科技股份有限公司,農業利用土地,畜牧,牧場,20.820145812400000,24.826776069200001,01農業利用土地,0.002482677606920
01,0103,010302,1,202211,亞新國土科技股份有限公司,農業利用土地,畜牧,牧場,73.787897346600005,339.823205535999989,01農業利用土地,0.033982320553600
01,0104,010401,1,202211,亞新國土科技股份有限公司,農業利用土地,農業相關設施,農業生產設施,28.234885517100000,48.830229250899997,01農業利用土地,0.004883022925090
01,0104,010402,0,202211,亞新國土科技股份有限公司,農業利用土地,農業相關設施,農業產銷及加工設施,23.845987996600002,34.507857191299998,01農業利用土地,0.003450785719130
01,0104,010402,0,202211,亞新國土科技股份有限公司,農業利用土地,農業相關設施,農業產銷及加工設施,21.476810642800000,35.545833491499998,01農業利用土地,0.003554583349150
01,0104,010402,0,202211,亞新國土科技股份有限公司,農業利用土地,農業相關設施,農業產銷及加工設施,38.567583373900000,90.745717894400002,01農業利用土地,0.009074571789440
01,0104,010402,0,202211,亞新國土科技股份有限公司,農業利用土地,農業相關設施,農業產銷及加工設施,42.899976559800002,87.289290961700004,01農業利用土地,0.008728929096170
01,0104,010402,0,202211,亞新國土科技股份有限公司,農業利用土地,農業相關設施,農業產銷及加工設施,23.683733460300001,31.097521205000000,01農業利用土地,0.003109752120500
01,0104,010402,0,202211,亞新國土科技股份有限公司,農業利用土地,農業相關設施,農業產銷及加工設施,21.837179705600001,28.010224753999999,01農業利用土地,0.002801022475400
01,0104,010402,0,202211,亞新國土科技股份有限公司,農業利用土地,農業相關設施,農業產銷及加工設施,20.421354124800001,24.575876625300001,01農業利用土地,0.002457587662530
01,0104,010402,0,202211,亞新國土科技股份有限公司,農業利用土地,農業相關設施,農業產銷及加工設施,81.020850052800000,217.259705091000001,01農業利用土地,0.021725970509100
01,0104,010402,0,202211,亞新國土科技股份有限公司,農業利用土地,農業相關設施,農業產銷及加工設施,23.573515099500000,33.783552927899997,01農業利用土地,0.003378355292790
01,0104,010402,0,202211,亞新國土科技股份有限公司,農業利用土地,農業相關設施,農業產銷及加工設施,41.190945294899997,97.202733160199998,01農業利用土地,0.009720273316020
01,0104,010402,0,202211,亞新國土科技股份有限公司,農業利用土地,農業相關設施,農業產銷及加工設施,23.417426994800000,32.231580125000001,01農業利用土地,0.003223158012500
01,0104,010402,0,202211,亞新國土科技股份有限公司,農業利用土地,農業相關設施,農業產銷及加工設施,21.852764890300001,29.561095282200000,01農業利用土地,0.002956109528220
01,0104,010402,1,202211,亞新國土科技股份有限公司,農業利用土地,農業相關設施,農業產銷及加工設施,56.406486175399998,107.697513725999997,01農業利用土地,0.010769751372600
01,0104,010402,1,202211,亞新國土科技股份有限公司,農業利用土地,農業相關設施,農業產銷及加工設施,36.553228276399999,63.269495686200003,01農業利用土地,0.006326949568620
01,0104,010402,1,202211,亞新國土科技股份有限公司,農業利用土地,農業相關設施,農業產銷及加工設施,22.367989999399999,30.925637257000002,01農業利用土地,0.003092563725700
01,0104,010402,1,202211,亞新國土科技股份有限公司,農業利用土地,農業相關設施,農業產銷及加工設施,36.691119966599999,65.574336877700006,01農業利用土地,0.006557433687770
01,0104,010402,1,202211,亞新國土科技股份有限公司,農業利用土地,農業相關設施,農業產銷及加工設施,77.543305799699993,282.507758754999998,01農業利用土地,0.028250775875500
01,0104,010402,1,202211,亞新國土科技股份有限公司,農業利用土地,農業相關設施,農業產銷及加工設施,21.436896809600000,28.686031050299999,01農業利用土地,0.002868603105030
01,0104,010402,1,202211,亞新國土科技股份有限公司,農業利用土地,農業相關設施,農業產銷及加工設施,38.851541570400002,91.742517876400001,01農業利用土地,0.009174251787640
01,0104,010402,1,202211,亞新國土科技股份有限公司,農業利用土地,農業相關設施,農業產銷及加工設施,43.030170779499997,111.426066531000004,01農業利用土地,0.011142606653100
01,0104,010402,1,202211,亞新國土科技股份有限公司,農業利用土地,農業相關設施,農業產銷及加工設施,26.396860019399998,37.737858730699998,01農業利用土地,0.003773785873070
01,0104,010402,1,202211,亞新國土科技股份有限公司,農業利用土地,農業相關設施,農業產銷及加工設施,48.477423449000000,130.921120013999996,01農業利用土地,0.013092112001400
01,0104,010402,1,202211,亞新國土科技股份有限公司,農業利用土地,農業相關設施,農業產銷及加工設施,23.257302938500001,29.893409380100000,01農業利用土地,0.002989340938010
01,0104,010402,1,202211,亞新國土科技股份有限公司,農業利用土地,農業相關設施,農業產銷及加工設施,55.345244915099997,165.777585222999988,01農業利用土地,0.016577758522300
01,0104,010402,1,202211,亞新國土科技股份有限公司,農業利用土地,農業相關設施,農業產銷及加工設施,24.086891191700001,36.187149850099999,01農業利用土地,0.003618714985010
01,0104,010402,1,202211,亞新國土科技股份有限公司,農業利用土地,農業相關設施,農業產銷及加工設施,107.000621461999998,394.645432835999998,01農業利用土地,0.039464543283600
01,0104,010402,1,202211,亞新國土科技股份有限公司,農業利用土地,農業相關設施,農業產銷及加工設施,24.774844428100000,38.317358292000002,01農業利用土地,0.003831735829200
02,0202,020200,0,202211,亞新國土科技股份有限公司,森林利用土地,闊葉林,闊葉林,141.111807569999996,1186.319770130000052,02森林利用土地,0.118631977013000
02,0202,020200,0,202211,亞新國土科技股份有限公司,森林利用土地,闊葉林,闊葉林,86.439213267000000,420.169549085000028,02森林利用土地,0.042016954908500
02,0202,020200,0,202211,亞新國土科技股份有限公司,森林利用土地,闊葉林,闊葉林,295.387823438999988,4555.992689579999933,02森林利用土地,0.455599268958000
02,0202,020200,0,202211,亞新國土科技股份有限公司,森林利用土地,闊葉林,闊葉林,435.161464449999983,4140.735952439999892,02森林利用土地,0.414073595244000
02,0202,020200,0,202211,亞新國土科技股份有限公司,森林利用土地,闊葉林,闊葉林,82.137032625900005,361.319948301000011,02森林利用土地,0.036131994830100
02,0202,020200,0,202211,亞新國土科技股份有限公司,森林利用土地,闊葉林,闊葉林,188.549151762000008,1237.366848840000102,02森林利用土地,0.123736684884000
02,0202,020200,0,202211,亞新國土科技股份有限公司,森林利用土地,闊葉林,闊葉林,506.951527886000008,3246.277240790000178,02森林利用土地,0.324627724079000
02,0202,020200,0,202211,亞新國土科技股份有限公司,森林利用土地,闊葉林,闊葉林,373.131627341000012,3620.955154870000115,02森林利用土地,0.362095515487000
02,0202,020200,0,202211,亞新國土科技股份有限公司,森林利用土地,闊葉林,闊葉林,148.659594819999995,1059.647216600000093,02森林利用土地,0.105964721660000
02,0202,020200,0,202211,亞新國土科技股份有限公司,森林利用土地,闊葉林,闊葉林,115.530484548999993,649.147561382000049,02森林利用土地,0.064914756138200
02,0202,020200,0,202211,亞新國土科技股份有限公司,森林利用土地,闊葉林,闊葉林,117.527927583999997,460.514485760000014,02森林利用土地,0.046051448576000
02,0202,020200,0,202211,亞新國土科技股份有限公司,森林利用土地,闊葉林,闊葉林,73.442183392000004,279.849667345999990,02森林利用土地,0.027984966734600
02,0202,020200,0,202211,亞新國土科技股份有限公司,森林利用土地,闊葉林,闊葉林,668.344839375999982,7611.982828150000387,02森林利用土地,0.761198282815000
02,0202,020200,1,202211,亞新國土科技股份有限公司,森林利用土地,闊葉林,闊葉林,2746.560234680000121,107636.526251999996020,02森林利用土地,10.763652625200001
02,0202,020200,1,202211,亞新國土科技股份有限公司,森林利用土地,闊葉林,闊葉林,447.001372090000018,2589.496187180000106,02森林利用土地,0.258949618718000
02,0202,020200,1,202211,亞新國土科技股份有限公司,森林利用土地,闊葉林,闊葉林,122.752634651999998,698.490353038999956,02森林利用土地,0.069849035303900
02,0202,020200,1,202211,亞新國土科技股份有限公司,森林利用土地,闊葉林,闊葉林,2933.852673609999783,151404.541231999988668,02森林利用土地,15.140454123200000
02,0202,020200,1,202211,亞新國土科技股份有限公司,森林利用土地,闊葉林,闊葉林,116.732322605999997,452.541124883000009,02森林利用土地,0.045254112488300
02,0202,020200,1,202211,亞新國土科技股份有限公司,森林利用土地,闊葉林,闊葉林,66.865887959500000,312.928386821000004,02森林利用土地,0.031292838682100
02,0202,020200,1,202211,亞新國土科技股份有限公司,森林利用土地,闊葉林,闊葉林,381.110317236000014,4608.288179529999979,02森林利用土地,0.460828817953000
02,0202,020200,1,202211,亞新國土科技股份有限公司,森林利用土地,闊葉林,闊葉林,1752.719471910000038,12191.608893700000408,02森林利用土地,1.219160889370000
02,0202,020200,1,202211,亞新國土科技股份有限公司,森林利用土地,闊葉林,闊葉林,402.455235468000012,4801.976492869999674,02森林利用土地,0.480197649287000
02,0202,020200,1,202211,亞新國土科技股份有限公司,森林利用土地,闊葉林,闊葉林,241.458172730999991,1585.334591929999988,02森林利用土地,0.158533459193000
02,0202,020200,1,202211,亞新國土科技股份有限公司,森林利用土地,闊葉林,闊葉林,194.027605787999988,1072.088289430000032,02森林利用土地,0.107208828943000
02,0202,020200,1,202211,亞新國土科技股份有限公司,森林利用土地,闊葉林,闊葉林,499.876931836999972,4637.254273229999853,02森林利用土地,0.463725427323000
02,0202,020200,1,202211,亞新國土科技股份有限公司,森林利用土地,闊葉林,闊葉林,247.573950816000007,1749.687938690000010,02森林利用土地,0.174968793869000
02,0202,020200,1,202211,亞新國土科技股份有限公司,森林利用土地,闊葉林,闊葉林,355.534880400000020,2955.673451390000082,02森林利用土地,0.295567345139000
02,0202,020200,1,202211,亞新國土科技股份有限公司,森林利用土地,闊葉林,闊葉林,98.458972033699993,300.636965867000015,02森林利用土地,0.030063696586700
02,0202,020200,1,202211,亞新國土科技股份有限公司,森林利用土地,闊葉林,闊葉林,1323.613026369999943,68552.749458599995705,02森林利用土地,6.855274945860000
02,0202,020200,1,202211,亞新國土科技股份有限公司,森林利用土地,闊葉林,闊葉林,74.317326192799996,246.099600134000013,02森林利用土地,0.024609960013400
02,0202,020200,1,202211,亞新國土科技股份有限公司,森林利用土地,闊葉林,闊葉林,3038.289480779999849,166243.618992000003345,02森林利用土地,16.624361899200000
02,0202,020200,1,202211,亞新國土科技股份有限公司,森林利用土地,闊葉林,闊葉林,1841.626357150000104,64203.851126800000202,02森林利用土地,6.420385112680000
02,0202,020200,1,202211,亞新國土科技股份有限公司,森林利用土地,闊葉林,闊葉林,691.089095059999977,10783.861295999999129,02森林利用土地,1.078386129600000
02,0202,020200,1,202211,亞新國土科技股份有限公司,森林利用土地,闊葉林,闊葉林,825.035912209999992,12432.413201499999559,02森林利用土地,1.243241320150000
02,0202,020200,1,202211,亞新國土科技股份有限公司,森林利用土地,闊葉林,闊葉林,233.061584979999992,2218.949849590000213,02森林利用土地,0.221894984959000
02,0202,020200,1,202211,亞新國土科技股份有限公司,森林利用土地,闊葉林,闊葉林,352.238276429999985,2438.056349949999912,02森林利用土地,0.243805634995000
02,0202,020200,1,202211,亞新國土科技股份有限公司,森林利用土地,闊葉林,闊葉林,3214.475092510000195,105442.546919999993406,02森林利用土地,10.544254692000001
02,0202,020200,1,202211,亞新國土科技股份有限公司,森林利用土地,闊葉林,闊葉林,59.373145680199997,192.176997776000007,02森林利用土地,0.019217699777600
02,0202,020200,1,202211,亞新國土科技股份有限公司,森林利用土地,闊葉林,闊葉林,244.145473742999997,1509.566510849999986,02森林利用土地,0.150956651085000
02,0202,020200,1,202211,亞新國土科技股份有限公司,森林利用土地,闊葉林,闊葉林,172.713642848999996,871.513303206000046,02森林利用土地,0.087151330320600
02,0202,020200,1,202211,亞新國土科技股份有限公司,森林利用土地,闊葉林,闊葉林,3710.760580610000034,102569.960045999992872,02森林利用土地,10.256996004599999
02,0202,020200,1,202211,亞新國土科技股份有限公司,森林利用土地,闊葉林,闊葉林,270.743707367000013,2370.850047410000116,02森林利用土地,0.237085004741000
02,0202,020200,1,202211,亞新國土科技股份有限公司,森林利用土地,闊葉林,闊葉林,469.591400723999982,4677.057135359999847,02森林利用土地,0.467705713536000
02,0202,020200,1,202211,亞新國土科技股份有限公司,森林利用土地,闊葉林,闊葉林,165.276786025999996,873.426412163999998,02森林利用土地,0.087342641216400
02,0202,020200,1,202211,亞新國土科技股份有限公司,森林利用土地,闊葉林,闊葉林,355.501940681999997,2955.276045220000015,02森林利用土地,0.295527604522000
02,0202,020200,1,202211,亞新國土科技股份有限公司,森林利用土地,闊葉林,闊葉林,83.819344260600005,414.449792177000006,02森林利用土地,0.041444979217700
02,0202,020200,1,202211,亞新國土科技股份有限公司,森林利用土地,闊葉林,闊葉林,238.098736492000000,1025.713747539999986,02森林利用土地,0.102571374754000
02,0202,020200,1,202211,亞新國土科技股份有限公司,森林利用土地,闊葉林,闊葉林,182.433111429000007,1202.471380810000028,02森林利用土地,0.120247138081000
02,0202,020200,1,202211,亞新國土科技股份有限公司,森林利用土地,闊葉林,闊葉林,456.773171681000008,7447.111122010000145,02森林利用土地,0.744711112201000
02,0202,020200,1,202211,亞新國土科技股份有限公司,森林利用土地,闊葉林,闊葉林,419.983237245999987,2353.971067800000128,02森林利用土地,0.235397106780000
02,0202,020200,1,202211,亞新國土科技股份有限公司,森林利用土地,闊葉林,闊葉林,4175.772490370000014,207066.179906000004848,02森林利用土地,20.706617990600002
02,0202,020200,1,202211,亞新國土科技股份有限公司,森林利用土地,闊葉林,闊葉林,354.795736519999991,2844.063564980000137,02森林利用土地,0.284406356498000
02,0202,020200,1,202211,亞新國土科技股份有限公司,森林利用土地,闊葉林,闊葉林,498.202518145999989,5595.123398220000126,02森林利用土地,0.559512339822000
02,0202,020200,1,202211,亞新國土科技股份有限公司,森林利用土地,闊葉林,闊葉林,41.715810153800000,79.087677642399996,02森林利用土地,0.007908767764240
02,0202,020200,1,202211,亞新國土科技股份有限公司,森林利用土地,闊葉林,闊葉林,92.554568439400001,372.593957250000017,02森林利用土地,0.037259395725000
02,0202,020200,1,202211,亞新國土科技股份有限公司,森林利用土地,闊葉林,闊葉林,982.482145400000036,9141.422310789999756,02森林利用土地,0.914142231079000
02,0202,020200,1,202211,亞新國土科技股份有限公司,森林利用土地,闊葉林,闊葉林,44.162534319700001,111.576714636999995,02森林利用土地,0.011157671463700
02,0202,020200,1,202211,亞新國土科技股份有限公司,森林利用土地,闊葉林,闊葉林,80.875103840500003,239.064095444999992,02森林利用土地,0.023906409544500
02,0202,020200,1,202211,亞新國土科技股份有限公司,森林利用土地,闊葉林,闊葉林,3805.342483209999955,102242.266401999993832,02森林利用土地,10.224226640199999
02,0202,020200,1,202211,亞新國土科技股份有限公司,森林利用土地,闊葉林,闊葉林,147.467997405000006,730.138766953999948,02森林利用土地,0.073013876695400
02,0202,020200,1,202211,亞新國土科技股份有限公司,森林利用土地,闊葉林,闊葉林,5212.494931659999565,118140.704878999997163,02森林利用土地,11.814070487900000
02,0202,020200,1,202211,亞新國土科技股份有限公司,森林利用土地,闊葉林,闊葉林,562.532686692999960,2384.868389409999963,02森林利用土地,0.238486838941000
02,0202,020200,1,202211,亞新國土科技股份有限公司,森林利用土地,闊葉林,闊葉林,1200.122602059999963,16149.143935599999168,02森林利用土地,1.614914393560000
02,0202,020200,1,202211,亞新國土科技股份有限公司,森林利用土地,闊葉林,闊葉林,958.143639190000044,12934.036430699999983,02森林利用土地,1.293403643070000
02,0202,020200,1,202211,亞新國土科技股份有限公司,森林利用土地,闊葉林,闊葉林,95.563495282100007,522.995070418999944,02森林利用土地,0.052299507041900
02,0202,020200,1,202211,亞新國土科技股份有限公司,森林利用土地,闊葉林,闊葉林,872.484448068000006,13722.537730199999714,02森林利用土地,1.372253773020000
02,0202,020200,1,202211,亞新國土科技股份有限公司,森林利用土地,闊葉林,闊葉林,425.481669974999988,3968.595622740000181,02森林利用土地,0.396859562274000
02,0202,020200,1,202211,亞新國土科技股份有限公司,森林利用土地,闊葉林,闊葉林,214.073783141000007,1597.655664339999930,02森林利用土地,0.159765566434000
02,0202,020200,1,202211,亞新國土科技股份有限公司,森林利用土地,闊葉林,闊葉林,2947.960363329999836,78325.143604900003993,02森林利用土地,7.832514360490000
02,0202,020200,1,202211,亞新國土科技股份有限公司,森林利用土地,闊葉林,闊葉林,1302.863679959999899,35592.493421500003024,02森林利用土地,3.559249342150000
02,0202,020200,1,202211,亞新國土科技股份有限公司,森林利用土地,闊葉林,闊葉林,148.756441367000008,561.013140616999976,02森林利用土地,0.056101314061700
02,0202,020200,1,202211,亞新國土科技股份有限公司,森林利用土地,闊葉林,闊葉林,212.728629447000003,2181.976882540000133,02森林利用土地,0.218197688254000
02,0202,020200,1,202211,亞新國土科技股份有限公司,森林利用土地,闊葉林,闊葉林,464.725834795000026,3941.583369389999916,02森林利用土地,0.394158336939000
02,0202,020200,1,202211,亞新國土科技股份有限公司,森林利用土地,闊葉林,闊葉林,196.621072730999998,1015.743635799999993,02森林利用土地,0.101574363580000
02,0202,020200,1,202211,亞新國土科技股份有限公司,森林利用土地,闊葉林,闊葉林,52.687214536100001,129.977869378999998,02森林利用土地,0.012997786937900
02,0202,020200,1,202211,亞新國土科技股份有限公司,森林利用土地,闊葉林,闊葉林,613.304464518000032,13911.477200400000584,02森林利用土地,1.391147720040000
02,0202,020200,1,202211,亞新國土科技股份有限公司,森林利用土地,闊葉林,闊葉林,595.503640872000005,9702.579000350000570,02森林利用土地,0.970257900035000
02,0202,020200,1,202211,亞新國土科技股份有限公司,森林利用土地,闊葉林,闊葉林,109.239931240000004,718.817659591000051,02森林利用土地,0.071881765959100
02,0202,020200,1,202211,亞新國土科技股份有限公司,森林利用土地,闊葉林,闊葉林,4142.766077059999589,101371.009359999996377,02森林利用土地,10.137100936000000
02,0202,020200,1,202211,亞新國土科技股份有限公司,森林利用土地,闊葉林,闊葉林,559.987551933999953,3659.435010610000063,02森林利用土地,0.365943501061000
02,0202,020200,1,202211,亞新國土科技股份有限公司,森林利用土地,闊葉林,闊葉林,205.340472347000002,2247.509966609999992,02森林利用土地,0.224750996661000
02,0202,020200,1,202211,亞新國土科技股份有限公司,森林利用土地,闊葉林,闊葉林,440.534131215000002,4351.083492239999941,02森林利用土地,0.435108349224000
02,0202,020200,1,202211,亞新國土科技股份有限公司,森林利用土地,闊葉林,闊葉林,108614.537964999995893,8647675.407649999484420,02森林利用土地,864.767540765000035
02,0202,020200,1,202211,亞新國土科技股份有限公司,森林利用土地,闊葉林,闊葉林,2083.156101579999813,61447.278404299999238,02森林利用土地,6.144727840430000
02,0202,020200,1,202211,亞新國土科技股份有限公司,森林利用土地,闊葉林,闊葉林,4493.114784719999989,166291.680173000000650,02森林利用土地,16.629168017300000
02,0202,020200,1,202211,亞新國土科技股份有限公司,森林利用土地,闊葉林,闊葉林,55.817081134399999,187.705029335999996,02森林利用土地,0.018770502933600
02,0202,020200,1,202211,亞新國土科技股份有限公司,森林利用土地,闊葉林,闊葉林,32.542119370499996,35.514742066600000,02森林利用土地,0.003551474206660
02,0202,020200,1,202211,亞新國土科技股份有限公司,森林利用土地,闊葉林,闊葉林,2085.685444239999924,30499.302930599998945,02森林利用土地,3.049930293060000
02,0202,020200,2,202211,亞新國土科技股份有限公司,森林利用土地,闊葉林,闊葉林,111.854702728999996,619.497538931999998,02森林利用土地,0.061949753893200
02,0202,020200,2,202211,亞新國土科技股份有限公司,森林利用土地,闊葉林,闊葉林,171.133738321999999,1696.739188779999949,02森林利用土地,0.169673918878000
02,0202,020200,2,202211,亞新國土科技股份有限公司,森林利用土地,闊葉林,闊葉林,106.740858316000001,665.043850906999978,02森林利用土地,0.066504385090700
02,0203,020300,0,202211,亞新國土科技股份有限公司,森林利用土地,竹林,竹林,203.010853980999997,1226.368745120000085,02森林利用土地,0.122636874512000
02,0203,020300,0,202211,亞新國土科技股份有限公司,森林利用土地,竹林,竹林,173.053492753999990,1223.456173089999993,02森林利用土地,0.122345617309000
02,0203,020300,0,202211,亞新國土科技股份有限公司,森林利用土地,竹林,竹林,78.257670210200004,360.166184149999992,02森林利用土地,0.036016618415000
02,0203,020300,0,202211,亞新國土科技股份有限公司,森林利用土地,竹林,竹林,267.354432217999999,1752.823051050000004,02森林利用土地,0.175282305105000
02,0203,020300,0,202211,亞新國土科技股份有限公司,森林利用土地,竹林,竹林,93.416512363400003,592.421125866000011,02森林利用土地,0.059242112586600
02,0203,020300,0,202211,亞新國土科技股份有限公司,森林利用土地,竹林,竹林,133.638340664999987,1067.133290759999909,02森林利用土地,0.106713329076000
02,0203,020300,0,202211,亞新國土科技股份有限公司,森林利用土地,竹林,竹林,115.512299624999997,658.780410804999974,02森林利用土地,0.065878041080500
02,0203,020300,0,202211,亞新國土科技股份有限公司,森林利用土地,竹林,竹林,76.404856902899994,371.203451362999999,02森林利用土地,0.037120345136300
02,0203,020300,0,202211,亞新國土科技股份有限公司,森林利用土地,竹林,竹林,90.730162748799998,636.420560797999997,02森林利用土地,0.063642056079800
02,0203,020300,0,202211,亞新國土科技股份有限公司,森林利用土地,竹林,竹林,113.699628602000004,782.039122410000004,02森林利用土地,0.078203912241000
02,0203,020300,0,202211,亞新國土科技股份有限公司,森林利用土地,竹林,竹林,119.760612155000004,711.893072196000048,02森林利用土地,0.071189307219600
02,0203,020300,0,202211,亞新國土科技股份有限公司,森林利用土地,竹林,竹林,96.642733753499996,569.385067521999986,02森林利用土地,0.056938506752200
02,0203,020300,0,202211,亞新國土科技股份有限公司,森林利用土地,竹林,竹林,146.371881965000000,1078.117292749999933,02森林利用土地,0.107811729275000
02,0203,020300,0,202211,亞新國土科技股份有限公司,森林利用土地,竹林,竹林,134.087253140000001,636.804370163000044,02森林利用土地,0.063680437016300
02,0203,020300,0,202211,亞新國土科技股份有限公司,森林利用土地,竹林,竹林,269.975963648000004,2669.279344959999889,02森林利用土地,0.266927934496000
02,0203,020300,0,202211,亞新國土科技股份有限公司,森林利用土地,竹林,竹林,145.619417207999987,1127.286898930000007,02森林利用土地,0.112728689893000
02,0203,020300,0,202211,亞新國土科技股份有限公司,森林利用土地,竹林,竹林,343.468268216000013,2820.416485319999992,02森林利用土地,0.282041648532000
02,0203,020300,0,202211,亞新國土科技股份有限公司,森林利用土地,竹林,竹林,96.296738865899997,460.708121973000004,02森林利用土地,0.046070812197300
02,0203,020300,0,202211,亞新國土科技股份有限公司,森林利用土地,竹林,竹林,107.567732417000002,463.518355779999979,02森林利用土地,0.046351835578000
02,0203,020300,0,202211,亞新國土科技股份有限公司,森林利用土地,竹林,竹林,72.048630066200005,381.520298753000020,02森林利用土地,0.038152029875300
02,0203,020300,0,202211,亞新國土科技股份有限公司,森林利用土地,竹林,竹林,211.784627658999995,1191.767934329999889,02森林利用土地,0.119176793433000
02,0203,020300,0,202211,亞新國土科技股份有限公司,森林利用土地,竹林,竹林,192.552147251000008,1102.930711380000048,02森林利用土地,0.110293071138000
02,0203,020300,0,202211,亞新國土科技股份有限公司,森林利用土地,竹林,竹林,79.985739379999998,351.041039231000013,02森林利用土地,0.035104103923100
02,0203,020300,0,202211,亞新國土科技股份有限公司,森林利用土地,竹林,竹林,131.879444637000006,1226.622224389999928,02森林利用土地,0.122662222439000
02,0203,020300,1,202211,亞新國土科技股份有限公司,森林利用土地,竹林,竹林,226.862949090999990,967.918151029000001,02森林利用土地,0.096791815102900
02,0203,020300,1,202211,亞新國土科技股份有限公司,森林利用土地,竹林,竹林,110.937924011999996,790.534048223000013,02森林利用土地,0.079053404822300
02,0203,020300,1,202211,亞新國土科技股份有限公司,森林利用土地,竹林,竹林,99.303127145399998,435.937644380999984,02森林利用土地,0.043593764438100
02,0203,020300,1,202211,亞新國土科技股份有限公司,森林利用土地,竹林,竹林,50.436456263600000,128.590248766000002,02森林利用土地,0.012859024876600
02,0203,020300,1,202211,亞新國土科技股份有限公司,森林利用土地,竹林,竹林,39.770090490599998,100.034734732999993,02森林利用土地,0.010003473473300
02,0203,020300,1,202211,亞新國土科技股份有限公司,森林利用土地,竹林,竹林,80.817876483000006,233.967888837999993,02森林利用土地,0.023396788883800
02,0203,020300,1,202211,亞新國土科技股份有限公司,森林利用土地,竹林,竹林,83.505092192000006,465.613701853000009,02森林利用土地,0.046561370185300
03,0301,030100,1,202211,亞新國土科技股份有限公司,交通利用土地,機場,機場,2989.752815939999891,18247.270450500000152,03交通利用土地,1.824727045050000
03,0301,030100,1,202211,亞新國土科技股份有限公司,交通利用土地,機場,機場,2444.028179429999909,68225.355084800001350,03交通利用土地,6.822535508480000
03,0305,030504,1,202211,亞新國土科技股份有限公司,交通利用土地,道路及相關設施,一般道路,78735.029679600003874,239374.111398999986704,03交通利用土地,23.937411139900000
03,0305,030505,0,202211,亞新國土科技股份有限公司,交通利用土地,道路及相關設施,道路相關設施,59.368140574000002,94.486064182199996,03交通利用土地,0.009448606418220
03,0305,030505,0,202211,亞新國土科技股份有限公司,交通利用土地,道路及相關設施,道路相關設施,153.821047461000006,253.618435064000010,03交通利用土地,0.025361843506400
03,0305,030505,0,202211,亞新國土科技股份有限公司,交通利用土地,道路及相關設施,道路相關設施,33.482479952399999,62.081071171100000,03交通利用土地,0.006208107117110
03,0305,030505,1,202211,亞新國土科技股份有限公司,交通利用土地,道路及相關設施,道路相關設施,281.198767846000010,4679.797852620000413,03交通利用土地,0.467979785262000
03,0305,030505,1,202211,亞新國土科技股份有限公司,交通利用土地,道路及相關設施,道路相關設施,77.595640178300002,191.530042083000012,03交通利用土地,0.019153004208300
03,0305,030505,1,202211,亞新國土科技股份有限公司,交通利用土地,道路及相關設施,道路相關設施,46.032979328800003,75.876552487900000,03交通利用土地,0.007587655248790
03,0305,030505,1,202211,亞新國土科技股份有限公司,交通利用土地,道路及相關設施,道路相關設施,112.251903686000006,311.706757332999985,03交通利用土地,0.031170675733300
03,0305,030505,1,202211,亞新國土科技股份有限公司,交通利用土地,道路及相關設施,道路相關設施,1061.009693460000108,1125.586333230000037,03交通利用土地,0.112558633323000
03,0305,030505,1,202211,亞新國土科技股份有限公司,交通利用土地,道路及相關設施,道路相關設施,63.471685804000003,110.988615273999997,03交通利用土地,0.011098861527400
03,0305,030505,1,202211,亞新國土科技股份有限公司,交通利用土地,道路及相關設施,道路相關設施,142.231381160000012,730.095478186000037,03交通利用土地,0.073009547818600
03,0305,030505,1,202211,亞新國土科技股份有限公司,交通利用土地,道路及相關設施,道路相關設施,274.207386803000020,2221.546667019999859,03交通利用土地,0.222154666702000
03,0305,030505,1,202211,亞新國土科技股份有限公司,交通利用土地,道路及相關設施,道路相關設施,88.778743535199993,295.217277910000007,03交通利用土地,0.029521727791000
03,0305,030505,1,202211,亞新國土科技股份有限公司,交通利用土地,道路及相關設施,道路相關設施,83.161202574399994,246.034678880000001,03交通利用土地,0.024603467888000
03,0305,030505,1,202211,亞新國土科技股份有限公司,交通利用土地,道路及相關設施,道路相關設施,56.914665906499998,55.500140935799998,03交通利用土地,0.005550014093580
03,0305,030505,1,202211,亞新國土科技股份有限公司,交通利用土地,道路及相關設施,道路相關設施,332.076116587999991,429.257642610999994,03交通利用土地,0.042925764261100
03,0305,030505,1,202211,亞新國土科技股份有限公司,交通利用土地,道路及相關設施,道路相關設施,70.504435877999995,83.699474446500005,03交通利用土地,0.008369947444650
03,0305,030505,1,202211,亞新國土科技股份有限公司,交通利用土地,道路及相關設施,道路相關設施,214.883865697999994,408.589261636999993,03交通利用土地,0.040858926163700
03,0305,030505,1,202211,亞新國土科技股份有限公司,交通利用土地,道路及相關設施,道路相關設施,106.947722615000004,415.982469118999973,03交通利用土地,0.041598246911900
03,0305,030505,1,202211,亞新國土科技股份有限公司,交通利用土地,道路及相關設施,道路相關設施,111.087274364999999,669.226273865000053,03交通利用土地,0.066922627386500
03,0305,030505,1,202211,亞新國土科技股份有限公司,交通利用土地,道路及相關設施,道路相關設施,63.243520319700004,186.263080572000007,03交通利用土地,0.018626308057200
03,0305,030505,1,202211,亞新國土科技股份有限公司,交通利用土地,道路及相關設施,道路相關設施,76.883026800099998,87.304349744199996,03交通利用土地,0.008730434974420
03,0305,030505,1,202211,亞新國土科技股份有限公司,交通利用土地,道路及相關設施,道路相關設施,111.204349360999998,176.952643451000000,03交通利用土地,0.017695264345100
03,0305,030505,1,202211,亞新國土科技股份有限公司,交通利用土地,道路及相關設施,道路相關設施,229.457919352000005,457.356231060000027,03交通利用土地,0.045735623106000
03,0305,030505,1,202211,亞新國土科技股份有限公司,交通利用土地,道路及相關設施,道路相關設施,297.635933806000025,4272.581216309999945,03交通利用土地,0.427258121631000
03,0305,030505,1,202211,亞新國土科技股份有限公司,交通利用土地,道路及相關設施,道路相關設施,57.664681202600001,37.139384866800000,03交通利用土地,0.003713938486680
03,0305,030505,1,202211,亞新國土科技股份有限公司,交通利用土地,道路及相關設施,道路相關設施,495.643011178999984,1485.684610009999915,03交通利用土地,0.148568461001000
03,0305,030505,1,202211,亞新國土科技股份有限公司,交通利用土地,道路及相關設施,道路相關設施,49.109431770900002,61.792230602700002,03交通利用土地,0.006179223060270
03,0305,030505,1,202211,亞新國土科技股份有限公司,交通利用土地,道路及相關設施,道路相關設施,89.765859458999998,95.124546680400002,03交通利用土地,0.009512454668040
03,0305,030505,1,202211,亞新國土科技股份有限公司,交通利用土地,道路及相關設施,道路相關設施,229.196189634999996,360.785607839000022,03交通利用土地,0.036078560783900
03,0305,030505,1,202211,亞新國土科技股份有限公司,交通利用土地,道路及相關設施,道路相關設施,175.336009593000000,248.462549983999992,03交通利用土地,0.024846254998400
03,0305,030505,1,202211,亞新國土科技股份有限公司,交通利用土地,道路及相關設施,道路相關設施,53.675811546500000,32.311995429400000,03交通利用土地,0.003231199542940
03,0305,030505,1,202211,亞新國土科技股份有限公司,交通利用土地,道路及相關設施,道路相關設施,224.863667899000006,809.878024898000035,03交通利用土地,0.080987802489800
03,0305,030505,1,202211,亞新國土科技股份有限公司,交通利用土地,道路及相關設施,道路相關設施,33.435801220899997,63.438526787599997,03交通利用土地,0.006343852678760
03,0305,030505,1,202211,亞新國土科技股份有限公司,交通利用土地,道路及相關設施,道路相關設施,116.914284648999995,440.179827165999995,03交通利用土地,0.044017982716600
03,0305,030505,1,202211,亞新國土科技股份有限公司,交通利用土地,道路及相關設施,道路相關設施,102.570320382999995,211.479850007000010,03交通利用土地,0.021147985000700
03,0305,030505,1,202211,亞新國土科技股份有限公司,交通利用土地,道路及相關設施,道路相關設施,31.974000325799999,39.153194274500002,03交通利用土地,0.003915319427450
03,0305,030505,1,202211,亞新國土科技股份有限公司,交通利用土地,道路及相關設施,道路相關設施,64.006793391100004,136.537907877000009,03交通利用土地,0.013653790787700
03,0305,030505,1,202211,亞新國土科技股份有限公司,交通利用土地,道路及相關設施,道路相關設施,60.642977817400002,91.733310485399997,03交通利用土地,0.009173331048540
03,0305,030505,1,202211,亞新國土科技股份有限公司,交通利用土地,道路及相關設施,道路相關設施,298.488200953999979,2748.685494190000099,03交通利用土地,0.274868549419000
03,0305,030505,1,202211,亞新國土科技股份有限公司,交通利用土地,道路及相關設施,道路相關設施,87.193165928200003,570.484645300000011,03交通利用土地,0.057048464530000
03,0305,030505,1,202211,亞新國土科技股份有限公司,交通利用土地,道路及相關設施,道路相關設施,136.947586698999999,545.831010554000045,03交通利用土地,0.054583101055400
03,0305,030505,1,202211,亞新國土科技股份有限公司,交通利用土地,道路及相關設施,道路相關設施,109.612281629999998,524.686093432000007,03交通利用土地,0.052468609343200
03,0305,030505,1,202211,亞新國土科技股份有限公司,交通利用土地,道路及相關設施,道路相關設施,35.019508127599998,40.842483644799998,03交通利用土地,0.004084248364480
03,0305,030505,1,202211,亞新國土科技股份有限公司,交通利用土地,道路及相關設施,道路相關設施,120.867255247000003,870.033502454999962,03交通利用土地,0.087003350245500
03,0305,030505,1,202211,亞新國土科技股份有限公司,交通利用土地,道路及相關設施,道路相關設施,89.841143268099998,314.760242624000000,03交通利用土地,0.031476024262400
03,0305,030505,1,202211,亞新國土科技股份有限公司,交通利用土地,道路及相關設施,道路相關設施,84.328335725100004,91.476910438999994,03交通利用土地,0.009147691043900
03,0305,030505,1,202211,亞新國土科技股份有限公司,交通利用土地,道路及相關設施,道路相關設施,145.724542138000004,452.902257250999980,03交通利用土地,0.045290225725100
03,0305,030505,1,202211,亞新國土科技股份有限公司,交通利用土地,道路及相關設施,道路相關設施,53.806380460500002,146.823065052999993,03交通利用土地,0.014682306505300
03,0306,030602,1,202211,亞新國土科技股份有限公司,交通利用土地,港口,漁港,467.952496015000008,3010.996075839999776,03交通利用土地,0.301099607584000
03,0306,030602,1,202211,亞新國土科技股份有限公司,交通利用土地,港口,漁港,1080.605891180000071,10867.163689099999829,03交通利用土地,1.086716368910000
03,0306,030602,1,202211,亞新國土科技股份有限公司,交通利用土地,港口,漁港,1896.162762989999919,9573.736620229999971,03交通利用土地,0.957373662023000
03,0306,030602,1,202211,亞新國土科技股份有限公司,交通利用土地,港口,漁港,298.490659746999995,1716.036726950000002,03交通利用土地,0.171603672695000
03,0306,030602,1,202211,亞新國土科技股份有限公司,交通利用土地,港口,漁港,1327.515851339999926,8102.109810179999840,03交通利用土地,0.810210981018000
03,0306,030602,1,202211,亞新國土科技股份有限公司,交通利用土地,港口,漁港,777.146562928999970,6014.422138400000222,03交通利用土地,0.601442213840000
03,0306,030604,1,202211,亞新國土科技股份有限公司,交通利用土地,港口,其他港口設施,619.726858357999959,19009.255343699998775,03交通利用土地,1.900925534370000
04,0401,040101,1,202211,亞新國土科技股份有限公司,水利利用土地,河道及溝渠,河川,293.934306357000025,476.010865475999992,04水利用土地,0.047601086547600
04,0401,040104,0,202211,亞新國土科技股份有限公司,水利利用土地,河道及溝渠,溝渠,2037.106365310000001,6238.176041910000095,04水利用土地,0.623817604191000
04,0401,040104,1,202211,亞新國土科技股份有限公司,水利利用土地,河道及溝渠,溝渠,408.046938474000001,1252.336861819999967,04水利用土地,0.125233686182000
04,0401,040104,1,202211,亞新國土科技股份有限公司,水利利用土地,河道及溝渠,溝渠,406.868185418999985,829.500827024000046,04水利用土地,0.082950082702400
04,0401,040104,1,202211,亞新國土科技股份有限公司,水利利用土地,河道及溝渠,溝渠,376.735988012000007,821.518903192000039,04水利用土地,0.082151890319200
04,0401,040104,1,202211,亞新國土科技股份有限公司,水利利用土地,河道及溝渠,溝渠,38.477971329799999,88.805077581600003,04水利用土地,0.008880507758160
04,0401,040104,1,202211,亞新國土科技股份有限公司,水利利用土地,河道及溝渠,溝渠,232.450632818000003,656.401436424000053,04水利用土地,0.065640143642400
04,0401,040104,1,202211,亞新國土科技股份有限公司,水利利用土地,河道及溝渠,溝渠,312.244385158000000,976.672637190000046,04水利用土地,0.097667263719000
04,0401,040104,1,202211,亞新國土科技股份有限公司,水利利用土地,河道及溝渠,溝渠,216.323711123000010,404.475684269999988,04水利用土地,0.040447568427000
04,0401,040104,1,202211,亞新國土科技股份有限公司,水利利用土地,河道及溝渠,溝渠,2456.361011949999920,5951.330529609999758,04水利用土地,0.595133052961000
04,0401,040104,1,202211,亞新國土科技股份有限公司,水利利用土地,河道及溝渠,溝渠,247.333488235999994,460.515198171999998,04水利用土地,0.046051519817200
04,0401,040104,1,202211,亞新國土科技股份有限公司,水利利用土地,河道及溝渠,溝渠,98.905987425899994,221.143638528999986,04水利用土地,0.022114363852900
04,0401,040104,1,202211,亞新國土科技股份有限公司,水利利用土地,河道及溝渠,溝渠,465.047746947999997,2422.306542389999777,04水利用土地,0.242230654239000
04,0401,040104,1,202211,亞新國土科技股份有限公司,水利利用土地,河道及溝渠,溝渠,3080.503942910000205,6796.168354239999644,04水利用土地,0.679616835424000
04,0401,040104,1,202211,亞新國土科技股份有限公司,水利利用土地,河道及溝渠,溝渠,251.402093976999993,550.176185718000056,04水利用土地,0.055017618571800
04,0401,040104,1,202211,亞新國土科技股份有限公司,水利利用土地,河道及溝渠,溝渠,51.608591519100003,98.055407786800004,04水利用土地,0.009805540778680
04,0401,040104,1,202211,亞新國土科技股份有限公司,水利利用土地,河道及溝渠,溝渠,772.170486854000046,1763.988980359999914,04水利用土地,0.176398898036000
04,0401,040104,1,202211,亞新國土科技股份有限公司,水利利用土地,河道及溝渠,溝渠,628.732122969999978,1102.379566029999978,04水利用土地,0.110237956603000
04,0401,040104,1,202211,亞新國土科技股份有限公司,水利利用土地,河道及溝渠,溝渠,395.147257905000004,972.516421880000053,04水利用土地,0.097251642188000
04,0401,040104,1,202211,亞新國土科技股份有限公司,水利利用土地,河道及溝渠,溝渠,274.703944389000014,777.199081794999984,04水利用土地,0.077719908179500
04,0401,040104,1,202211,亞新國土科技股份有限公司,水利利用土地,河道及溝渠,溝渠,91.424807146199996,252.598074935000000,04水利用土地,0.025259807493500
04,0401,040104,1,202211,亞新國土科技股份有限公司,水利利用土地,河道及溝渠,溝渠,1067.566493569999921,2582.428613649999988,04水利用土地,0.258242861365000
04,0401,040104,1,202211,亞新國土科技股份有限公司,水利利用土地,河道及溝渠,溝渠,63.035811414299999,101.564515544000002,04水利用土地,0.010156451554400
04,0401,040104,1,202211,亞新國土科技股份有限公司,水利利用土地,河道及溝渠,溝渠,403.545831941000017,966.807124248000036,04水利用土地,0.096680712424800
04,0401,040104,1,202211,亞新國土科技股份有限公司,水利利用土地,河道及溝渠,溝渠,90.606610175800000,140.192834156000004,04水利用土地,0.014019283415600
04,0401,040104,1,202211,亞新國土科技股份有限公司,水利利用土地,河道及溝渠,溝渠,32.144706060799997,49.842546118300000,04水利用土地,0.004984254611830
04,0401,040104,1,202211,亞新國土科技股份有限公司,水利利用土地,河道及溝渠,溝渠,4252.213262100000065,14459.992170999999871,04水利用土地,1.445999217100000
04,0401,040104,1,202211,亞新國土科技股份有限公司,水利利用土地,河道及溝渠,溝渠,139.872259632999999,323.640046515999984,04水利用土地,0.032364004651600
04,0401,040104,1,202211,亞新國土科技股份有限公司,水利利用土地,河道及溝渠,溝渠,1367.909761209999942,3281.906157209999947,04水利用土地,0.328190615721000
04,0401,040104,1,202211,亞新國土科技股份有限公司,水利利用土地,河道及溝渠,溝渠,2266.233246859999781,5244.830237019999913,04水利用土地,0.524483023702000
04,0401,040104,1,202211,亞新國土科技股份有限公司,水利利用土地,河道及溝渠,溝渠,2837.322098619999906,7949.208239300000059,04水利用土地,0.794920823930000
04,0401,040104,1,202211,亞新國土科技股份有限公司,水利利用土地,河道及溝渠,溝渠,1970.575059909999936,5672.213507450000179,04水利用土地,0.567221350745000
04,0401,040104,1,202211,亞新國土科技股份有限公司,水利利用土地,河道及溝渠,溝渠,1771.559759790000044,4945.345015500000045,04水利用土地,0.494534501550000
04,0401,040104,1,202211,亞新國土科技股份有限公司,水利利用土地,河道及溝渠,溝渠,161.015947605000008,875.722151568999948,04水利用土地,0.087572215156900
04,0401,040104,1,202211,亞新國土科技股份有限公司,水利利用土地,河道及溝渠,溝渠,1830.330498219999981,4306.137658659999943,04水利用土地,0.430613765866000
04,0401,040104,1,202211,亞新國土科技股份有限公司,水利利用土地,河道及溝渠,溝渠,2092.700989179999851,6437.049254630000178,04水利用土地,0.643704925463000
04,0401,040104,1,202211,亞新國土科技股份有限公司,水利利用土地,河道及溝渠,溝渠,4276.200744740000118,12625.731489100000545,04水利用土地,1.262573148910000
04,0401,040104,1,202211,亞新國土科技股份有限公司,水利利用土地,河道及溝渠,溝渠,1015.791072610000015,3251.127258970000184,04水利用土地,0.325112725897000
04,0401,040104,1,202211,亞新國土科技股份有限公司,水利利用土地,河道及溝渠,溝渠,918.901578452999956,973.531319112999995,04水利用土地,0.097353131911300
04,0401,040104,1,202211,亞新國土科技股份有限公司,水利利用土地,河道及溝渠,溝渠,249.132490507000000,513.532300056000054,04水利用土地,0.051353230005600
04,0401,040104,1,202211,亞新國土科技股份有限公司,水利利用土地,河道及溝渠,溝渠,1176.900632209999912,3980.473583699999836,04水利用土地,0.398047358370000
04,0401,040104,1,202211,亞新國土科技股份有限公司,水利利用土地,河道及溝渠,溝渠,128.761735232000007,204.343978262000007,04水利用土地,0.020434397826200
04,0401,040104,1,202211,亞新國土科技股份有限公司,水利利用土地,河道及溝渠,溝渠,525.732955963999984,1166.778178179999941,04水利用土地,0.116677817818000
04,0401,040104,1,202211,亞新國土科技股份有限公司,水利利用土地,河道及溝渠,溝渠,977.060421966000035,2018.870826040000111,04水利用土地,0.201887082604000
04,0401,040104,1,202211,亞新國土科技股份有限公司,水利利用土地,河道及溝渠,溝渠,285.160026211999991,628.820131077000042,04水利用土地,0.062882013107700
04,0401,040104,1,202211,亞新國土科技股份有限公司,水利利用土地,河道及溝渠,溝渠,42.979673871999999,73.143846522800004,04水利用土地,0.007314384652280
04,0401,040104,1,202211,亞新國土科技股份有限公司,水利利用土地,河道及溝渠,溝渠,554.261944244999995,867.027433344999963,04水利用土地,0.086702743334500
04,0401,040104,1,202211,亞新國土科技股份有限公司,水利利用土地,河道及溝渠,溝渠,32.106168534600002,40.627069561500001,04水利用土地,0.004062706956150
04,0401,040104,1,202211,亞新國土科技股份有限公司,水利利用土地,河道及溝渠,溝渠,769.819297627999958,1265.055952299999944,04水利用土地,0.126505595230000
04,0401,040104,1,202211,亞新國土科技股份有限公司,水利利用土地,河道及溝渠,溝渠,80.951292372200001,263.304847616000018,04水利用土地,0.026330484761600
04,0401,040104,1,202211,亞新國土科技股份有限公司,水利利用土地,河道及溝渠,溝渠,44.657941955699997,48.055305633300001,04水利用土地,0.004805530563330
04,0401,040104,1,202211,亞新國土科技股份有限公司,水利利用土地,河道及溝渠,溝渠,139.210224377999992,219.174588131000007,04水利用土地,0.021917458813100
04,0401,040104,1,202211,亞新國土科技股份有限公司,水利利用土地,河道及溝渠,溝渠,2041.549188469999990,4181.729127210000115,04水利用土地,0.418172912721000
04,0401,040104,1,202211,亞新國土科技股份有限公司,水利利用土地,河道及溝渠,溝渠,1055.887030719999984,2370.613865429999805,04水利用土地,0.237061386543000
04,0401,040104,1,202211,亞新國土科技股份有限公司,水利利用土地,河道及溝渠,溝渠,1292.572991580000007,2610.287189919999946,04水利用土地,0.261028718992000
04,0401,040104,1,202211,亞新國土科技股份有限公司,水利利用土地,河道及溝渠,溝渠,102.497045263999993,239.323023008999996,04水利用土地,0.023932302300900
04,0401,040104,1,202211,亞新國土科技股份有限公司,水利利用土地,河道及溝渠,溝渠,128.299133692999987,327.000949434999995,04水利用土地,0.032700094943500
04,0401,040104,1,202211,亞新國土科技股份有限公司,水利利用土地,河道及溝渠,溝渠,222.398734310999998,588.944160869000029,04水利用土地,0.058894416086900
04,0401,040104,1,202211,亞新國土科技股份有限公司,水利利用土地,河道及溝渠,溝渠,26.992555539800001,42.732109447900001,04水利用土地,0.004273210944790
04,0401,040104,1,202211,亞新國土科技股份有限公司,水利利用土地,河道及溝渠,溝渠,181.435499501999999,922.462624560999984,04水利用土地,0.092246262456100
04,0402,040201,0,202211,亞新國土科技股份有限公司,水利利用土地,蓄水設施,水庫,1088.870196220000025,11519.114316299999700,04水利用土地,1.151911431630000
04,0402,040203,0,202211,亞新國土科技股份有限公司,水利利用土地,蓄水設施,蓄水池,74.554159788199996,346.241324114000008,04水利用土地,0.034624132411400
04,0402,040203,0,202211,亞新國土科技股份有限公司,水利利用土地,蓄水設施,蓄水池,83.720562703100001,471.394362557000022,04水利用土地,0.047139436255700
04,0402,040203,0,202211,亞新國土科技股份有限公司,水利利用土地,蓄水設施,蓄水池,51.654041197900000,109.095464379999996,04水利用土地,0.010909546438000
04,0402,040203,0,202211,亞新國土科技股份有限公司,水利利用土地,蓄水設施,蓄水池,116.884429689000001,885.613453572000026,04水利用土地,0.088561345357200
04,0402,040203,0,202211,亞新國土科技股份有限公司,水利利用土地,蓄水設施,蓄水池,46.984296719600003,150.771537365999990,04水利用土地,0.015077153736600
04,0402,040203,0,202211,亞新國土科技股份有限公司,水利利用土地,蓄水設施,蓄水池,62.118581363200001,228.946740865000010,04水利用土地,0.022894674086500
04,0402,040203,0,202211,亞新國土科技股份有限公司,水利利用土地,蓄水設施,蓄水池,95.555135129700005,364.173401392000017,04水利用土地,0.036417340139200
04,0402,040203,1,202211,亞新國土科技股份有限公司,水利利用土地,蓄水設施,蓄水池,35.876976478000003,78.566902458599998,04水利用土地,0.007856690245860
04,0404,040401,0,202211,亞新國土科技股份有限公司,水利利用土地,水利構造物,堤防,148.944293616000010,669.449393234000013,04水利用土地,0.066944939323400
04,0404,040401,1,202211,亞新國土科技股份有限公司,水利利用土地,水利構造物,堤防,59.726207514499997,147.122462899999988,04水利用土地,0.014712246290000
04,0404,040401,1,202211,亞新國土科技股份有限公司,水利利用土地,水利構造物,堤防,81.457961589799993,150.009920975999989,04水利用土地,0.015000992097600
04,0404,040401,1,202211,亞新國土科技股份有限公司,水利利用土地,水利構造物,堤防,392.034948738000026,2695.175947549999819,04水利用土地,0.269517594755000
04,0404,040401,1,202211,亞新國土科技股份有限公司,水利利用土地,水利構造物,堤防,119.833394361000003,443.343867396000007,04水利用土地,0.044334386739600
04,0404,040401,1,202211,亞新國土科技股份有限公司,水利利用土地,水利構造物,堤防,123.748588720000001,386.141812146999996,04水利用土地,0.038614181214700
04,0404,040401,1,202211,亞新國土科技股份有限公司,水利利用土地,水利構造物,堤防,311.375004090000004,848.799443017000044,04水利用土地,0.084879944301700
04,0404,040401,1,202211,亞新國土科技股份有限公司,水利利用土地,水利構造物,堤防,872.405194250000022,10733.493025199999465,04水利用土地,1.073349302520000
04,0404,040401,1,202211,亞新國土科技股份有限公司,水利利用土地,水利構造物,堤防,2102.220638350000172,20824.766247100000328,04水利用土地,2.082476624710000
04,0404,040401,1,202211,亞新國土科技股份有限公司,水利利用土地,水利構造物,堤防,601.665288443999998,4649.343399180000233,04水利用土地,0.464934339918000
04,0404,040401,1,202211,亞新國土科技股份有限公司,水利利用土地,水利構造物,堤防,362.817171318000021,2460.150099689999934,04水利用土地,0.246015009969000
04,0404,040401,1,202211,亞新國土科技股份有限公司,水利利用土地,水利構造物,堤防,339.686283532000004,2279.611595169999873,04水利用土地,0.227961159517000
04,0404,040401,1,202211,亞新國土科技股份有限公司,水利利用土地,水利構造物,堤防,112.141168484000005,398.688158405000024,04水利用土地,0.039868815840500
04,0404,040401,1,202211,亞新國土科技股份有限公司,水利利用土地,水利構造物,堤防,269.581137275999993,758.897150129000011,04水利用土地,0.075889715012900
04,0404,040401,1,202211,亞新國土科技股份有限公司,水利利用土地,水利構造物,堤防,357.300723216999984,1616.082087730000012,04水利用土地,0.161608208773000
04,0404,040401,1,202211,亞新國土科技股份有限公司,水利利用土地,水利構造物,堤防,397.040565979999997,1535.167963359999931,04水利用土地,0.153516796336000
04,0404,040401,1,202211,亞新國土科技股份有限公司,水利利用土地,水利構造物,堤防,1711.380314159999898,6790.807310389999657,04水利用土地,0.679080731039000
04,0404,040401,1,202211,亞新國土科技股份有限公司,水利利用土地,水利構造物,堤防,1152.898973269999942,7156.698193410000385,04水利用土地,0.715669819341000
04,0404,040406,0,202211,亞新國土科技股份有限公司,水利利用土地,水利構造物,其他水利設施,55.335497491600002,83.439365668099995,04水利用土地,0.008343936566810
04,0404,040406,0,202211,亞新國土科技股份有限公司,水利利用土地,水利構造物,其他水利設施,146.142706876000005,943.433752269000024,04水利用土地,0.094343375226900
04,0404,040406,1,202211,亞新國土科技股份有限公司,水利利用土地,水利構造物,其他水利設施,23.973511809100000,30.672263619700001,04水利用土地,0.003067226361970
04,0404,040406,1,202211,亞新國土科技股份有限公司,水利利用土地,水利構造物,其他水利設施,35.110736788200001,77.876306728299994,04水利用土地,0.007787630672830
04,0406,040600,0,202211,亞新國土科技股份有限公司,水利利用土地,海面,海面,173.045311706000007,2067.384011820000069,04水利用土地,0.206738401182000
04,0406,040600,1,202211,亞新國土科技股份有限公司,水利利用土地,海面,海面,65421.305430100001104,48922501.494499996304512,04水利用土地,4892.250149450000208
05,0501,050101,1,202211,亞新國土科技股份有限公司,建築利用土地,商業,零售批發,67.142769455600003,272.631438317999994,05建築利用土地,0.027263143831800
05,0501,050101,1,202211,亞新國土科技股份有限公司,建築利用土地,商業,零售批發,48.730131075999999,132.032778156999996,05建築利用土地,0.013203277815700
05,0501,050101,1,202211,亞新國土科技股份有限公司,建築利用土地,商業,零售批發,86.727341212599995,391.016586415000006,05建築利用土地,0.039101658641500
05,0501,050101,1,202211,亞新國土科技股份有限公司,建築利用土地,商業,零售批發,90.282283820999993,278.203352915999972,05建築利用土地,0.027820335291600
05,0501,050101,1,202211,亞新國土科技股份有限公司,建築利用土地,商業,零售批發,220.443442263000009,2992.714358319999974,05建築利用土地,0.299271435832000
05,0501,050101,1,202211,亞新國土科技股份有限公司,建築利用土地,商業,零售批發,43.661249422099999,93.505973281300001,05建築利用土地,0.009350597328130
05,0501,050101,1,202211,亞新國土科技股份有限公司,建築利用土地,商業,零售批發,112.786576675999996,370.075042192000012,05建築利用土地,0.037007504219200
05,0501,050101,1,202211,亞新國土科技股份有限公司,建築利用土地,商業,零售批發,82.820018991500007,381.039132123999991,05建築利用土地,0.038103913212400
05,0501,050101,1,202211,亞新國土科技股份有限公司,建築利用土地,商業,零售批發,63.470751113699997,201.135017019000003,05建築利用土地,0.020113501701900
05,0501,050101,1,202211,亞新國土科技股份有限公司,建築利用土地,商業,零售批發,91.397910344899998,498.820226644000002,05建築利用土地,0.049882022664400
05,0501,050101,1,202211,亞新國土科技股份有限公司,建築利用土地,商業,零售批發,52.772765733599996,109.407917041999994,05建築利用土地,0.010940791704200
05,0501,050101,1,202211,亞新國土科技股份有限公司,建築利用土地,商業,零售批發,41.518052572599998,71.338616351200002,05建築利用土地,0.007133861635120
05,0501,050101,1,202211,亞新國土科技股份有限公司,建築利用土地,商業,零售批發,56.724427657699998,144.479126231999999,05建築利用土地,0.014447912623200
05,0501,050101,1,202211,亞新國土科技股份有限公司,建築利用土地,商業,零售批發,61.853436171100000,211.739713655999992,05建築利用土地,0.021173971365600
05,0501,050101,1,202211,亞新國土科技股份有限公司,建築利用土地,商業,零售批發,59.307851452700000,193.806977840999991,05建築利用土地,0.019380697784100
05,0501,050101,1,202211,亞新國土科技股份有限公司,建築利用土地,商業,零售批發,63.915312128799997,151.000756767000013,05建築利用土地,0.015100075676700
05,0501,050101,1,202211,亞新國土科技股份有限公司,建築利用土地,商業,零售批發,66.462697313299998,254.189243626000007,05建築利用土地,0.025418924362600
05,0501,050101,1,202211,亞新國土科技股份有限公司,建築利用土地,商業,零售批發,125.650886208000003,908.602487515000007,05建築利用土地,0.090860248751500
05,0501,050101,1,202211,亞新國土科技股份有限公司,建築利用土地,商業,零售批發,50.613885373499997,136.253324018000001,05建築利用土地,0.013625332401800
05,0501,050101,1,202211,亞新國土科技股份有限公司,建築利用土地,商業,零售批發,108.091122263000003,548.480891166999982,05建築利用土地,0.054848089116700
05,0501,050101,1,202211,亞新國土科技股份有限公司,建築利用土地,商業,零售批發,46.353870182000001,118.088982466999994,05建築利用土地,0.011808898246700
05,0501,050101,1,202211,亞新國土科技股份有限公司,建築利用土地,商業,零售批發,79.821941246500003,304.982579914999974,05建築利用土地,0.030498257991500
05,0501,050101,1,202211,亞新國土科技股份有限公司,建築利用土地,商業,零售批發,91.848171679800004,400.165162475999978,05建築利用土地,0.040016516247600
05,0501,050101,1,202211,亞新國土科技股份有限公司,建築利用土地,商業,零售批發,162.089767953000006,1705.319833419999895,05建築利用土地,0.170531983342000
05,0501,050101,1,202211,亞新國土科技股份有限公司,建築利用土地,商業,零售批發,60.231944857000002,227.158256740000013,05建築利用土地,0.022715825674000
05,0501,050101,1,202211,亞新國土科技股份有限公司,建築利用土地,商業,零售批發,64.828443989600004,117.434627055999997,05建築利用土地,0.011743462705600
05,0501,050101,1,202211,亞新國土科技股份有限公司,建築利用土地,商業,零售批發,49.295815084300003,115.113591399000001,05建築利用土地,0.011511359139900
05,0501,050101,1,202211,亞新國土科技股份有限公司,建築利用土地,商業,零售批發,46.284479932700002,134.819325832000004,05建築利用土地,0.013481932583200
05,0501,050101,1,202211,亞新國土科技股份有限公司,建築利用土地,商業,零售批發,82.312446733200005,338.423788123999998,05建築利用土地,0.033842378812400
05,0501,050101,1,202211,亞新國土科技股份有限公司,建築利用土地,商業,零售批發,47.715270282500001,128.397603379000003,05建築利用土地,0.012839760337900
05,0501,050102,1,202211,亞新國土科技股份有限公司,建築利用土地,商業,服務業,240.946045486000003,2499.047333040000012,05建築利用土地,0.249904733304000
05,0501,050102,1,202211,亞新國土科技股份有限公司,建築利用土地,商業,服務業,343.358232182999984,3065.549025060000076,05建築利用土地,0.306554902506000
05,0501,050102,1,202211,亞新國土科技股份有限公司,建築利用土地,商業,服務業,120.259696856000005,604.570330553999952,05建築利用土地,0.060457033055400
05,0501,050102,1,202211,亞新國土科技股份有限公司,建築利用土地,商業,服務業,145.564360174000001,1297.786451769999985,05建築利用土地,0.129778645177000
05,0501,050102,1,202211,亞新國土科技股份有限公司,建築利用土地,商業,服務業,72.466823208999998,311.974619927999981,05建築利用土地,0.031197461992800
05,0501,050102,1,202211,亞新國土科技股份有限公司,建築利用土地,商業,服務業,82.503127182900002,349.295885544999976,05建築利用土地,0.034929588554500
05,0501,050102,1,202211,亞新國土科技股份有限公司,建築利用土地,商業,服務業,107.291384769000004,701.168128690999993,05建築利用土地,0.070116812869100
05,0501,050102,1,202211,亞新國土科技股份有限公司,建築利用土地,商業,服務業,79.844436352599999,208.626105367000008,05建築利用土地,0.020862610536700
05,0501,050102,1,202211,亞新國土科技股份有限公司,建築利用土地,商業,服務業,70.127254206700002,302.212874149000015,05建築利用土地,0.030221287414900
05,0501,050102,1,202211,亞新國土科技股份有限公司,建築利用土地,商業,服務業,62.947553266400000,190.387451098000014,05建築利用土地,0.019038745109800
05,0501,050102,1,202211,亞新國土科技股份有限公司,建築利用土地,商業,服務業,164.996545013000002,601.798131108999996,05建築利用土地,0.060179813110900
05,0501,050102,1,202211,亞新國土科技股份有限公司,建築利用土地,商業,服務業,145.930987044000005,1055.148575709999932,05建築利用土地,0.105514857571000
05,0501,050102,1,202211,亞新國土科技股份有限公司,建築利用土地,商業,服務業,119.905175084999996,790.372612998000022,05建築利用土地,0.079037261299800
05,0501,050102,1,202211,亞新國土科技股份有限公司,建築利用土地,商業,服務業,187.157146372000000,1582.497676250000040,05建築利用土地,0.158249767625000
05,0501,050102,1,202211,亞新國土科技股份有限公司,建築利用土地,商業,服務業,222.961986897999992,1551.123659480000015,05建築利用土地,0.155112365948000
05,0501,050102,1,202211,亞新國土科技股份有限公司,建築利用土地,商業,服務業,93.053644819699997,505.943976895999981,05建築利用土地,0.050594397689600
05,0501,050102,1,202211,亞新國土科技股份有限公司,建築利用土地,商業,服務業,102.161335140999995,617.500375412000039,05建築利用土地,0.061750037541200
05,0501,050102,1,202211,亞新國土科技股份有限公司,建築利用土地,商業,服務業,219.635643933000011,1815.006741259999899,05建築利用土地,0.181500674126000
05,0501,050102,1,202211,亞新國土科技股份有限公司,建築利用土地,商業,服務業,191.126494955999988,1701.110470450000093,05建築利用土地,0.170111047045000
05,0501,050102,1,202211,亞新國土科技股份有限公司,建築利用土地,商業,服務業,43.385540747400000,107.735241087999995,05建築利用土地,0.010773524108800
05,0501,050102,1,202211,亞新國土科技股份有限公司,建築利用土地,商業,服務業,147.915732659000014,1089.126165390000097,05建築利用土地,0.108912616539000
05,0501,050102,1,202211,亞新國土科技股份有限公司,建築利用土地,商業,服務業,231.170222665000011,1302.372075459999905,05建築利用土地,0.130237207546000
05,0501,050102,1,202211,亞新國土科技股份有限公司,建築利用土地,商業,服務業,95.392749992000006,568.797455370999955,05建築利用土地,0.056879745537100
05,0501,050102,1,202211,亞新國土科技股份有限公司,建築利用土地,商業,服務業,89.604208539499993,473.075656330000015,05建築利用土地,0.047307565633000
05,0501,050102,1,202211,亞新國土科技股份有限公司,建築利用土地,商業,服務業,102.476849788999999,500.116507191999972,05建築利用土地,0.050011650719200
05,0501,050102,1,202211,亞新國土科技股份有限公司,建築利用土地,商業,服務業,159.334694224000003,902.557875510000031,05建築利用土地,0.090255787551000
05,0501,050102,1,202211,亞新國土科技股份有限公司,建築利用土地,商業,服務業,233.528930876999993,1256.762393160000101,05建築利用土地,0.125676239316000
05,0501,050102,1,202211,亞新國土科技股份有限公司,建築利用土地,商業,服務業,162.579052641999994,1087.462320139999974,05建築利用土地,0.108746232014000
05,0501,050102,1,202211,亞新國土科技股份有限公司,建築利用土地,商業,服務業,109.382745391000000,737.917273564999959,05建築利用土地,0.073791727356500
05,0501,050102,1,202211,亞新國土科技股份有限公司,建築利用土地,商業,服務業,105.882498327999997,583.235732771000016,05建築利用土地,0.058323573277100
05,0501,050102,1,202211,亞新國土科技股份有限公司,建築利用土地,商業,服務業,249.097991817000008,1707.238354809999919,05建築利用土地,0.170723835481000
05,0501,050102,1,202211,亞新國土科技股份有限公司,建築利用土地,商業,服務業,140.953945744999999,1094.577202639999996,05建築利用土地,0.109457720264000
05,0501,050102,1,202211,亞新國土科技股份有限公司,建築利用土地,商業,服務業,66.283468551900000,261.967926685999998,05建築利用土地,0.026196792668600
05,0501,050102,1,202211,亞新國土科技股份有限公司,建築利用土地,商業,服務業,170.783981398000009,993.529942060000053,05建築利用土地,0.099352994206000
05,0501,050102,1,202211,亞新國土科技股份有限公司,建築利用土地,商業,服務業,179.772381087000014,1123.501778520000016,05建築利用土地,0.112350177852000
05,0501,050102,1,202211,亞新國土科技股份有限公司,建築利用土地,商業,服務業,126.353470942000001,905.468694879000054,05建築利用土地,0.090546869487900
05,0501,050102,1,202211,亞新國土科技股份有限公司,建築利用土地,商業,服務業,136.675688425999994,1044.635056240000040,05建築利用土地,0.104463505624000
05,0501,050102,1,202211,亞新國土科技股份有限公司,建築利用土地,商業,服務業,146.353958718000001,1214.466172059999963,05建築利用土地,0.121446617206000
05,0501,050102,1,202211,亞新國土科技股份有限公司,建築利用土地,商業,服務業,160.026879769999994,1521.244611699999950,05建築利用土地,0.152124461170000
05,0501,050102,1,202211,亞新國土科技股份有限公司,建築利用土地,商業,服務業,62.601188577000002,240.624942865000008,05建築利用土地,0.024062494286500
05,0501,050102,1,202211,亞新國土科技股份有限公司,建築利用土地,商業,服務業,226.593801702000007,1497.117098700000042,05建築利用土地,0.149711709870000
05,0501,050102,1,202211,亞新國土科技股份有限公司,建築利用土地,商業,服務業,110.541862356999999,594.041135239000027,05建築利用土地,0.059404113523900
05,0501,050102,1,202211,亞新國土科技股份有限公司,建築利用土地,商業,服務業,179.832082073000009,1372.082063399999925,05建築利用土地,0.137208206340000
05,0501,050102,1,202211,亞新國土科技股份有限公司,建築利用土地,商業,服務業,127.904328685999999,809.032014892999996,05建築利用土地,0.080903201489300
05,0501,050102,1,202211,亞新國土科技股份有限公司,建築利用土地,商業,服務業,172.505296831999999,1633.246744089999993,05建築利用土地,0.163324674409000
05,0501,050102,1,202211,亞新國土科技股份有限公司,建築利用土地,商業,服務業,74.935988401000003,283.946740169999998,05建築利用土地,0.028394674017000
05,0501,050102,1,202211,亞新國土科技股份有限公司,建築利用土地,商業,服務業,129.658878724000004,736.173059154000043,05建築利用土地,0.073617305915400
05,0501,050102,1,202211,亞新國土科技股份有限公司,建築利用土地,商業,服務業,71.040474194900000,176.284602737999990,05建築利用土地,0.017628460273800
05,0501,050102,1,202211,亞新國土科技股份有限公司,建築利用土地,商業,服務業,131.000551116999986,561.820615319000012,05建築利用土地,0.056182061531900
05,0501,050102,1,202211,亞新國土科技股份有限公司,建築利用土地,商業,服務業,88.957072929899994,492.297127477999993,05建築利用土地,0.049229712747800
05,0501,050102,1,202211,亞新國土科技股份有限公司,建築利用土地,商業,服務業,50.100294813500000,114.596365027999994,05建築利用土地,0.011459636502800
05,0501,050102,1,202211,亞新國土科技股份有限公司,建築利用土地,商業,服務業,149.293871458000012,746.095957754999972,05建築利用土地,0.074609595775500
05,0501,050102,1,202211,亞新國土科技股份有限公司,建築利用土地,商業,服務業,45.921866416900002,104.035410166000005,05建築利用土地,0.010403541016600
05,0501,050102,1,202211,亞新國土科技股份有限公司,建築利用土地,商業,服務業,70.694860287599994,298.474315962999981,05建築利用土地,0.029847431596300
05,0501,050102,1,202211,亞新國土科技股份有限公司,建築利用土地,商業,服務業,68.590068827799996,203.480213268000000,05建築利用土地,0.020348021326800
05,0501,050102,1,202211,亞新國土科技股份有限公司,建築利用土地,商業,服務業,133.958134822999995,851.441273206999995,05建築利用土地,0.085144127320700
05,0501,050102,1,202211,亞新國土科技股份有限公司,建築利用土地,商業,服務業,54.812281429700001,165.336300367000007,05建築利用土地,0.016533630036700
05,0501,050102,1,202211,亞新國土科技股份有限公司,建築利用土地,商業,服務業,166.570699625999993,1300.826414090000071,05建築利用土地,0.130082641409000
05,0501,050102,1,202211,亞新國土科技股份有限公司,建築利用土地,商業,服務業,67.777093625399999,140.441029772999997,05建築利用土地,0.014044102977300
05,0501,050102,1,202211,亞新國土科技股份有限公司,建築利用土地,商業,服務業,46.323272885700000,99.180824889799993,05建築利用土地,0.009918082488980
05,0501,050102,1,202211,亞新國土科技股份有限公司,建築利用土地,商業,服務業,80.197071612100004,407.280174556000020,05建築利用土地,0.040728017455600
05,0501,050102,1,202211,亞新國土科技股份有限公司,建築利用土地,商業,服務業,54.541064243800001,141.226380586999994,05建築利用土地,0.014122638058700
05,0501,050102,1,202211,亞新國土科技股份有限公司,建築利用土地,商業,服務業,53.514964692000000,109.975723087000006,05建築利用土地,0.010997572308700
05,0501,050102,1,202211,亞新國土科技股份有限公司,建築利用土地,商業,服務業,59.529548189499998,193.495296567999986,05建築利用土地,0.019349529656800
05,0501,050102,1,202211,亞新國土科技股份有限公司,建築利用土地,商業,服務業,50.759924531899998,109.367714268000000,05建築利用土地,0.010936771426800
05,0501,050102,1,202211,亞新國土科技股份有限公司,建築利用土地,商業,服務業,82.992685077900006,417.939259155999991,05建築利用土地,0.041793925915600
05,0501,050102,1,202211,亞新國土科技股份有限公司,建築利用土地,商業,服務業,72.319491183899999,196.094155341999993,05建築利用土地,0.019609415534200
05,0501,050102,1,202211,亞新國土科技股份有限公司,建築利用土地,商業,服務業,84.863863792299995,445.406908220999981,05建築利用土地,0.044540690822100
05,0501,050102,1,202211,亞新國土科技股份有限公司,建築利用土地,商業,服務業,61.601917708999999,120.639788605999996,05建築利用土地,0.012063978860600
05,0501,050102,1,202211,亞新國土科技股份有限公司,建築利用土地,商業,服務業,71.765324110400002,308.798393019999992,05建築利用土地,0.030879839302000
05,0501,050102,1,202211,亞新國土科技股份有限公司,建築利用土地,商業,服務業,138.891426087000013,722.045673719999968,05建築利用土地,0.072204567372000
05,0501,050102,1,202211,亞新國土科技股份有限公司,建築利用土地,商業,服務業,80.128359076099997,354.208005334000006,05建築利用土地,0.035420800533400
05,0501,050102,1,202211,亞新國土科技股份有限公司,建築利用土地,商業,服務業,164.246264190000005,1440.179837480000060,05建築利用土地,0.144017983748000
05,0501,050102,1,202211,亞新國土科技股份有限公司,建築利用土地,商業,服務業,157.327424307999991,1184.098390299999892,05建築利用土地,0.118409839030000
05,0501,050102,1,202211,亞新國土科技股份有限公司,建築利用土地,商業,服務業,49.044222121700003,143.415625618999997,05建築利用土地,0.014341562561900
05,0501,050102,1,202211,亞新國土科技股份有限公司,建築利用土地,商業,服務業,108.181462796999995,724.614658663999990,05建築利用土地,0.072461465866400
05,0501,050102,1,202211,亞新國土科技股份有限公司,建築利用土地,商業,服務業,48.066958286300000,106.530480737000005,05建築利用土地,0.010653048073700
05,0501,050102,1,202211,亞新國土科技股份有限公司,建築利用土地,商業,服務業,70.918619070800005,268.461691781000013,05建築利用土地,0.026846169178100
05,0501,050102,1,202211,亞新國土科技股份有限公司,建築利用土地,商業,服務業,69.199899592099996,173.860536021999991,05建築利用土地,0.017386053602200
05,0501,050102,1,202211,亞新國土科技股份有限公司,建築利用土地,商業,服務業,324.806006873000001,2054.334633550000035,05建築利用土地,0.205433463355000
05,0501,050102,1,202211,亞新國土科技股份有限公司,建築利用土地,商業,服務業,75.606484377000001,255.855301838999992,05建築利用土地,0.025585530183900
05,0501,050102,1,202211,亞新國土科技股份有限公司,建築利用土地,商業,服務業,77.811286512099997,215.297615525999987,05建築利用土地,0.021529761552600
05,0501,050102,1,202211,亞新國土科技股份有限公司,建築利用土地,商業,服務業,179.854574235000001,1026.932215020000058,05建築利用土地,0.102693221502000
05,0501,050102,1,202211,亞新國土科技股份有限公司,建築利用土地,商業,服務業,54.124359911699997,176.270530302999987,05建築利用土地,0.017627053030300
05,0501,050102,1,202211,亞新國土科技股份有限公司,建築利用土地,商業,服務業,132.120573487000001,776.993877039000040,05建築利用土地,0.077699387703900
05,0501,050102,1,202211,亞新國土科技股份有限公司,建築利用土地,商業,服務業,157.939654818000008,849.479611484999964,05建築利用土地,0.084947961148500
05,0501,050102,1,202211,亞新國土科技股份有限公司,建築利用土地,商業,服務業,82.927529698499995,416.789621921999981,05建築利用土地,0.041678962192200
05,0501,050102,1,202211,亞新國土科技股份有限公司,建築利用土地,商業,服務業,68.249161840300005,254.671246443000001,05建築利用土地,0.025467124644300
05,0501,050102,1,202211,亞新國土科技股份有限公司,建築利用土地,商業,服務業,69.832481289499995,316.374081095999998,05建築利用土地,0.031637408109600
05,0501,050102,1,202211,亞新國土科技股份有限公司,建築利用土地,商業,服務業,195.771785556999987,762.370949599000028,05建築利用土地,0.076237094959900
05,0501,050102,1,202211,亞新國土科技股份有限公司,建築利用土地,商業,服務業,131.524861025999996,392.315331532000016,05建築利用土地,0.039231533153200
05,0501,050102,1,202211,亞新國土科技股份有限公司,建築利用土地,商業,服務業,295.813119034000010,3550.035638079999899,05建築利用土地,0.355003563808000
05,0501,050102,1,202211,亞新國土科技股份有限公司,建築利用土地,商業,服務業,55.599363064099997,159.063802119000002,05建築利用土地,0.015906380211900
05,0501,050102,1,202211,亞新國土科技股份有限公司,建築利用土地,商業,服務業,96.608706658700001,358.054809004999981,05建築利用土地,0.035805480900500
05,0501,050102,1,202211,亞新國土科技股份有限公司,建築利用土地,商業,服務業,78.310019962300004,266.752898736000020,05建築利用土地,0.026675289873600
05,0501,050102,1,202211,亞新國土科技股份有限公司,建築利用土地,商業,服務業,192.810039966000005,1308.165684909999982,05建築利用土地,0.130816568491000
05,0501,050102,1,202211,亞新國土科技股份有限公司,建築利用土地,商業,服務業,74.529029601199994,335.354490575000000,05建築利用土地,0.033535449057500
05,0501,050102,1,202211,亞新國土科技股份有限公司,建築利用土地,商業,服務業,58.122316180299997,183.622611718999991,05建築利用土地,0.018362261171900
05,0501,050102,1,202211,亞新國土科技股份有限公司,建築利用土地,商業,服務業,377.961543386000017,2688.985597790000156,05建築利用土地,0.268898559779000
05,0501,050102,1,202211,亞新國土科技股份有限公司,建築利用土地,商業,服務業,97.283681122299996,567.328966294999987,05建築利用土地,0.056732896629500
05,0501,050102,1,202211,亞新國土科技股份有限公司,建築利用土地,商業,服務業,45.882060947699998,93.744544436799998,05建築利用土地,0.009374454443680
05,0501,050102,1,202211,亞新國土科技股份有限公司,建築利用土地,商業,服務業,66.423561862699998,239.591493238999988,05建築利用土地,0.023959149323900
05,0501,050102,1,202211,亞新國土科技股份有限公司,建築利用土地,商業,服務業,82.512487294400003,351.700230707000003,05建築利用土地,0.035170023070700
05,0501,050102,1,202211,亞新國土科技股份有限公司,建築利用土地,商業,服務業,41.213092487700003,102.713492336000002,05建築利用土地,0.010271349233600
05,0501,050102,1,202211,亞新國土科技股份有限公司,建築利用土地,商業,服務業,78.420038044899997,254.601094891000002,05建築利用土地,0.025460109489100
05,0501,050102,1,202211,亞新國土科技股份有限公司,建築利用土地,商業,服務業,70.796910395300003,287.142763140000000,05建築利用土地,0.028714276314000
05,0501,050102,1,202211,亞新國土科技股份有限公司,建築利用土地,商業,服務業,113.936037575000000,503.464790976000018,05建築利用土地,0.050346479097600
05,0501,050102,1,202211,亞新國土科技股份有限公司,建築利用土地,商業,服務業,32.540302272399998,57.567009889500000,05建築利用土地,0.005756700988950
05,0501,050102,1,202211,亞新國土科技股份有限公司,建築利用土地,商業,服務業,75.078486560800002,264.054673179000019,05建築利用土地,0.026405467317900
05,0501,050102,1,202211,亞新國土科技股份有限公司,建築利用土地,商業,服務業,79.440993243899996,395.062979976000008,05建築利用土地,0.039506297997600
05,0501,050102,1,202211,亞新國土科技股份有限公司,建築利用土地,商業,服務業,105.860929068000004,571.098124414000040,05建築利用土地,0.057109812441400
05,0501,050102,1,202211,亞新國土科技股份有限公司,建築利用土地,商業,服務業,81.143640500000004,335.632433574999993,05建築利用土地,0.033563243357500
05,0501,050102,1,202211,亞新國土科技股份有限公司,建築利用土地,商業,服務業,61.935156800000001,224.939201649000012,05建築利用土地,0.022493920164900
05,0501,050102,1,202211,亞新國土科技股份有限公司,建築利用土地,商業,服務業,68.226341188600003,173.519224857000012,05建築利用土地,0.017351922485700
05,0501,050102,1,202211,亞新國土科技股份有限公司,建築利用土地,商業,服務業,97.775931000300005,587.879133349999961,05建築利用土地,0.058787913335000
05,0501,050102,1,202211,亞新國土科技股份有限公司,建築利用土地,商業,服務業,77.688176053199996,281.723789581999995,05建築利用土地,0.028172378958200
05,0501,050102,1,202211,亞新國土科技股份有限公司,建築利用土地,商業,服務業,60.220042038499997,223.818613505999991,05建築利用土地,0.022381861350600
05,0501,050102,1,202211,亞新國土科技股份有限公司,建築利用土地,商業,服務業,39.959033470700000,88.465669191499998,05建築利用土地,0.008846566919150
05,0501,050102,1,202211,亞新國土科技股份有限公司,建築利用土地,商業,服務業,54.364722553100002,165.420187397000007,05建築利用土地,0.016542018739700
05,0501,050102,1,202211,亞新國土科技股份有限公司,建築利用土地,商業,服務業,345.870949256000017,4276.862536399999954,05建築利用土地,0.427686253640000
05,0501,050102,1,202211,亞新國土科技股份有限公司,建築利用土地,商業,服務業,134.855175191999990,935.402887039999996,05建築利用土地,0.093540288704000
05,0501,050102,1,202211,亞新國土科技股份有限公司,建築利用土地,商業,服務業,59.942422095700003,211.321597502999992,05建築利用土地,0.021132159750300
05,0501,050102,1,202211,亞新國土科技股份有限公司,建築利用土地,商業,服務業,36.855651074400001,62.010775486900002,05建築利用土地,0.006201077548690
05,0501,050102,1,202211,亞新國土科技股份有限公司,建築利用土地,商業,服務業,218.346403842999990,1716.473840480000035,05建築利用土地,0.171647384048000
05,0501,050102,1,202211,亞新國土科技股份有限公司,建築利用土地,商業,服務業,29.103223078399999,50.770152022799998,05建築利用土地,0.005077015202280
05,0501,050102,1,202211,亞新國土科技股份有限公司,建築利用土地,商業,服務業,89.046506144600002,432.308949122000001,05建築利用土地,0.043230894912200
05,0501,050102,1,202211,亞新國土科技股份有限公司,建築利用土地,商業,服務業,65.741070429600001,257.150249739999992,05建築利用土地,0.025715024974000
05,0501,050102,1,202211,亞新國土科技股份有限公司,建築利用土地,商業,服務業,54.735306242500002,179.349854236999988,05建築利用土地,0.017934985423700
05,0501,050102,1,202211,亞新國土科技股份有限公司,建築利用土地,商業,服務業,110.517930483000001,530.869104659999948,05建築利用土地,0.053086910466000
05,0501,050102,1,202211,亞新國土科技股份有限公司,建築利用土地,商業,服務業,91.594289951400000,366.873611301999972,05建築利用土地,0.036687361130200
05,0501,050102,1,202211,亞新國土科技股份有限公司,建築利用土地,商業,服務業,65.092505147099999,263.374002193000024,05建築利用土地,0.026337400219300
05,0501,050102,1,202211,亞新國土科技股份有限公司,建築利用土地,商業,服務業,77.719853757699994,380.888178295999978,05建築利用土地,0.038088817829600
05,0501,050102,1,202211,亞新國土科技股份有限公司,建築利用土地,商業,服務業,331.072563059000004,3841.767401130000053,05建築利用土地,0.384176740113000
05,0501,050102,1,202211,亞新國土科技股份有限公司,建築利用土地,商業,服務業,60.373601719400000,243.122105592999986,05建築利用土地,0.024312210559300
05,0501,050102,1,202211,亞新國土科技股份有限公司,建築利用土地,商業,服務業,110.308400285999994,617.692733395999994,05建築利用土地,0.061769273339600
05,0501,050102,1,202211,亞新國土科技股份有限公司,建築利用土地,商業,服務業,93.425238098500003,364.204989086000012,05建築利用土地,0.036420498908600
05,0501,050102,1,202211,亞新國土科技股份有限公司,建築利用土地,商業,服務業,97.887261920300006,586.694744022000009,05建築利用土地,0.058669474402200
05,0501,050102,1,202211,亞新國土科技股份有限公司,建築利用土地,商業,服務業,188.870781072000000,1613.810325209999974,05建築利用土地,0.161381032521000
05,0501,050102,1,202211,亞新國土科技股份有限公司,建築利用土地,商業,服務業,65.627829277499998,236.276727518999991,05建築利用土地,0.023627672751900
05,0501,050102,1,202211,亞新國土科技股份有限公司,建築利用土地,商業,服務業,105.603401257000002,692.868472278000013,05建築利用土地,0.069286847227800
05,0501,050102,1,202211,亞新國土科技股份有限公司,建築利用土地,商業,服務業,120.014837149000002,689.093650216000015,05建築利用土地,0.068909365021600
05,0501,050102,1,202211,亞新國土科技股份有限公司,建築利用土地,商業,服務業,83.842562270800002,425.290438008000024,05建築利用土地,0.042529043800800
05,0501,050102,1,202211,亞新國土科技股份有限公司,建築利用土地,商業,服務業,63.270508945200000,242.968121389000004,05建築利用土地,0.024296812138900
05,0501,050102,1,202211,亞新國土科技股份有限公司,建築利用土地,商業,服務業,243.901773944000013,2075.236525419999907,05建築利用土地,0.207523652542000
05,0501,050102,1,202211,亞新國土科技股份有限公司,建築利用土地,商業,服務業,68.317761395600002,261.608687922000001,05建築利用土地,0.026160868792200
05,0501,050102,1,202211,亞新國土科技股份有限公司,建築利用土地,商業,服務業,71.837681192700003,296.387867331999985,05建築利用土地,0.029638786733200
05,0501,050102,1,202211,亞新國土科技股份有限公司,建築利用土地,商業,服務業,110.197226763000003,704.017421915000000,05建築利用土地,0.070401742191500
05,0501,050102,1,202211,亞新國土科技股份有限公司,建築利用土地,商業,服務業,208.993110924999996,1395.057145450000007,05建築利用土地,0.139505714545000
05,0501,050102,1,202211,亞新國土科技股份有限公司,建築利用土地,商業,服務業,68.128436055300000,265.830899849999980,05建築利用土地,0.026583089985000
05,0501,050102,1,202211,亞新國土科技股份有限公司,建築利用土地,商業,服務業,137.872344529999992,773.713070085000027,05建築利用土地,0.077371307008500
05,0501,050102,1,202211,亞新國土科技股份有限公司,建築利用土地,商業,服務業,118.514780845999994,671.402513851999970,05建築利用土地,0.067140251385200
05,0501,050102,1,202211,亞新國土科技股份有限公司,建築利用土地,商業,服務業,65.533054045000000,167.420728349000001,05建築利用土地,0.016742072834900
05,0501,050102,1,202211,亞新國土科技股份有限公司,建築利用土地,商業,服務業,83.308899278400006,397.117105478999974,05建築利用土地,0.039711710547900
05,0501,050102,1,202211,亞新國土科技股份有限公司,建築利用土地,商業,服務業,47.882366439999998,138.736023512999992,05建築利用土地,0.013873602351300
05,0501,050102,1,202211,亞新國土科技股份有限公司,建築利用土地,商業,服務業,54.226269436899997,103.554029240000006,05建築利用土地,0.010355402924000
05,0501,050102,1,202211,亞新國土科技股份有限公司,建築利用土地,商業,服務業,125.076194258000001,625.110395307999966,05建築利用土地,0.062511039530800
05,0501,050102,1,202211,亞新國土科技股份有限公司,建築利用土地,商業,服務業,225.761747509000003,1335.443481840000004,05建築利用土地,0.133544348184000
05,0501,050102,1,202211,亞新國土科技股份有限公司,建築利用土地,商業,服務業,290.115235360999975,4353.783548309999787,05建築利用土地,0.435378354831000
05,0501,050102,1,202211,亞新國土科技股份有限公司,建築利用土地,商業,服務業,159.388527809999999,1064.849572209999906,05建築利用土地,0.106484957221000
05,0501,050102,1,202211,亞新國土科技股份有限公司,建築利用土地,商業,服務業,77.373310514799996,345.876588105999986,05建築利用土地,0.034587658810600
05,0501,050102,1,202211,亞新國土科技股份有限公司,建築利用土地,商業,服務業,45.061315045299999,103.392807325000007,05建築利用土地,0.010339280732500
05,0501,050102,1,202211,亞新國土科技股份有限公司,建築利用土地,商業,服務業,133.736337348999996,552.765682458000015,05建築利用土地,0.055276568245800
05,0501,050102,1,202211,亞新國土科技股份有限公司,建築利用土地,商業,服務業,120.197264734000001,402.295914009999990,05建築利用土地,0.040229591401000
05,0501,050102,1,202211,亞新國土科技股份有限公司,建築利用土地,商業,服務業,246.252584906000010,2866.241883359999974,05建築利用土地,0.286624188336000
05,0501,050102,1,202211,亞新國土科技股份有限公司,建築利用土地,商業,服務業,139.444820889999988,811.194078731999980,05建築利用土地,0.081119407873200
05,0501,050102,1,202211,亞新國土科技股份有限公司,建築利用土地,商業,服務業,113.459591966999994,574.868047219999994,05建築利用土地,0.057486804722000
05,0501,050102,1,202211,亞新國土科技股份有限公司,建築利用土地,商業,服務業,97.883691759200005,505.870349878000013,05建築利用土地,0.050587034987800
05,0501,050102,1,202211,亞新國土科技股份有限公司,建築利用土地,商業,服務業,80.533519158100006,250.306485532000011,05建築利用土地,0.025030648553200
05,0501,050102,1,202211,亞新國土科技股份有限公司,建築利用土地,商業,服務業,87.447372195499995,446.160590860000013,05建築利用土地,0.044616059086000
05,0501,050102,1,202211,亞新國土科技股份有限公司,建築利用土地,商業,服務業,120.882732501999996,891.614675914000031,05建築利用土地,0.089161467591400
05,0501,050102,1,202211,亞新國土科技股份有限公司,建築利用土地,商業,服務業,220.344960203999989,1375.881826580000052,05建築利用土地,0.137588182658000
05,0501,050102,1,202211,亞新國土科技股份有限公司,建築利用土地,商業,服務業,78.506700396400007,377.486221638000018,05建築利用土地,0.037748622163800
05,0501,050102,1,202211,亞新國土科技股份有限公司,建築利用土地,商業,服務業,78.712543352200001,325.978939857999990,05建築利用土地,0.032597893985800
05,0501,050102,1,202211,亞新國土科技股份有限公司,建築利用土地,商業,服務業,183.182253470999996,1664.585448529999894,05建築利用土地,0.166458544853000
05,0501,050102,1,202211,亞新國土科技股份有限公司,建築利用土地,商業,服務業,278.492709611000009,4468.396957560000374,05建築利用土地,0.446839695756000
05,0501,050102,1,202211,亞新國土科技股份有限公司,建築利用土地,商業,服務業,187.244384375999999,836.653032446999987,05建築利用土地,0.083665303244700
05,0501,050102,1,202211,亞新國土科技股份有限公司,建築利用土地,商業,服務業,180.465358903999999,1455.649790709999934,05建築利用土地,0.145564979071000
05,0501,050102,1,202211,亞新國土科技股份有限公司,建築利用土地,商業,服務業,129.188565670000003,814.725852862000011,05建築利用土地,0.081472585286200
05,0501,050102,1,202211,亞新國土科技股份有限公司,建築利用土地,商業,服務業,41.726080946700002,107.381554511999994,05建築利用土地,0.010738155451200
05,0501,050102,1,202211,亞新國土科技股份有限公司,建築利用土地,商業,服務業,276.382406692000018,3203.615660959999786,05建築利用土地,0.320361566096000
05,0501,050102,1,202211,亞新國土科技股份有限公司,建築利用土地,商業,服務業,175.171160780999998,1358.152677660000109,05建築利用土地,0.135815267766000
05,0502,050200,0,202211,亞新國土科技股份有限公司,建築利用土地,純住宅,純住宅,63.195626234800002,240.664926224999988,05建築利用土地,0.024066492622500
05,0502,050200,0,202211,亞新國土科技股份有限公司,建築利用土地,純住宅,純住宅,119.872675799000007,576.879579229999990,05建築利用土地,0.057687957923000
05,0502,050200,1,202211,亞新國土科技股份有限公司,建築利用土地,純住宅,純住宅,87.064509480500007,335.831747184999983,05建築利用土地,0.033583174718500
05,0502,050200,1,202211,亞新國土科技股份有限公司,建築利用土地,純住宅,純住宅,135.122999063000009,494.118394804999980,05建築利用土地,0.049411839480500
05,0502,050200,1,202211,亞新國土科技股份有限公司,建築利用土地,純住宅,純住宅,61.878322798299997,235.690432214999987,05建築利用土地,0.023569043221500
05,0502,050200,1,202211,亞新國土科技股份有限公司,建築利用土地,純住宅,純住宅,303.176946252999983,1826.752243339999950,05建築利用土地,0.182675224334000
05,0502,050200,1,202211,亞新國土科技股份有限公司,建築利用土地,純住宅,純住宅,42.709759065999997,114.163167505000004,05建築利用土地,0.011416316750500
05,0502,050200,1,202211,亞新國土科技股份有限公司,建築利用土地,純住宅,純住宅,70.496538988799998,269.297770927999977,05建築利用土地,0.026929777092800
05,0502,050200,1,202211,亞新國土科技股份有限公司,建築利用土地,純住宅,純住宅,28.739291601000001,51.221166470299998,05建築利用土地,0.005122116647030
05,0502,050200,1,202211,亞新國土科技股份有限公司,建築利用土地,純住宅,純住宅,26.788426975699998,43.160084776100000,05建築利用土地,0.004316008477610
05,0502,050200,1,202211,亞新國土科技股份有限公司,建築利用土地,純住宅,純住宅,85.613924603399994,439.269913217999999,05建築利用土地,0.043926991321800
05,0502,050200,1,202211,亞新國土科技股份有限公司,建築利用土地,純住宅,純住宅,73.005680785799996,274.123895993000019,05建築利用土地,0.027412389599300
05,0502,050200,1,202211,亞新國土科技股份有限公司,建築利用土地,純住宅,純住宅,70.044458038900004,301.263635550999993,05建築利用土地,0.030126363555100
05,0502,050200,1,202211,亞新國土科技股份有限公司,建築利用土地,純住宅,純住宅,77.757552931299998,323.010974692999980,05建築利用土地,0.032301097469300
05,0502,050200,1,202211,亞新國土科技股份有限公司,建築利用土地,純住宅,純住宅,50.272059007199999,106.354700678000000,05建築利用土地,0.010635470067800
05,0502,050200,1,202211,亞新國土科技股份有限公司,建築利用土地,純住宅,純住宅,85.337382022200003,275.347337482000000,05建築利用土地,0.027534733748200
05,0502,050200,1,202211,亞新國土科技股份有限公司,建築利用土地,純住宅,純住宅,322.910273613000015,2034.394930480000085,05建築利用土地,0.203439493048000
05,0502,050200,1,202211,亞新國土科技股份有限公司,建築利用土地,純住宅,純住宅,68.401745425800001,212.982550370000013,05建築利用土地,0.021298255037000
05,0502,050200,1,202211,亞新國土科技股份有限公司,建築利用土地,純住宅,純住宅,79.804178762500001,396.303564678999976,05建築利用土地,0.039630356467900
05,0502,050200,1,202211,亞新國土科技股份有限公司,建築利用土地,純住宅,純住宅,49.623296625199998,149.311062956999990,05建築利用土地,0.014931106295700
05,0502,050200,1,202211,亞新國土科技股份有限公司,建築利用土地,純住宅,純住宅,53.707124543200003,168.459392215000008,05建築利用土地,0.016845939221500
05,0502,050200,1,202211,亞新國土科技股份有限公司,建築利用土地,純住宅,純住宅,97.157197316600005,432.629190175000019,05建築利用土地,0.043262919017500
05,0502,050200,1,202211,亞新國土科技股份有限公司,建築利用土地,純住宅,純住宅,147.596655400000003,949.716100974000028,05建築利用土地,0.094971610097400
05,0502,050200,1,202211,亞新國土科技股份有限公司,建築利用土地,純住宅,純住宅,44.343027604500001,92.679012414100001,05建築利用土地,0.009267901241410
05,0502,050200,1,202211,亞新國土科技股份有限公司,建築利用土地,純住宅,純住宅,64.007160202400001,206.885171273999987,05建築利用土地,0.020688517127400
05,0502,050200,1,202211,亞新國土科技股份有限公司,建築利用土地,純住宅,純住宅,124.895000199999998,678.255086204000008,05建築利用土地,0.067825508620400
05,0502,050200,1,202211,亞新國土科技股份有限公司,建築利用土地,純住宅,純住宅,49.808411992800004,126.623582088000006,05建築利用土地,0.012662358208800
05,0502,050200,1,202211,亞新國土科技股份有限公司,建築利用土地,純住宅,純住宅,161.107988737999989,1126.523492269999906,05建築利用土地,0.112652349227000
05,0502,050200,1,202211,亞新國土科技股份有限公司,建築利用土地,純住宅,純住宅,110.189599446000003,277.592841207999982,05建築利用土地,0.027759284120800
05,0502,050200,1,202211,亞新國土科技股份有限公司,建築利用土地,純住宅,純住宅,185.350037786999991,1340.065972610000017,05建築利用土地,0.134006597261000
05,0502,050200,1,202211,亞新國土科技股份有限公司,建築利用土地,純住宅,純住宅,198.484727174999989,1056.715931669999918,05建築利用土地,0.105671593167000
05,0502,050200,1,202211,亞新國土科技股份有限公司,建築利用土地,純住宅,純住宅,126.389629209999995,764.013388062999979,05建築利用土地,0.076401338806300
05,0502,050200,1,202211,亞新國土科技股份有限公司,建築利用土地,純住宅,純住宅,77.184493340299994,230.911537156000009,05建築利用土地,0.023091153715600
05,0502,050200,1,202211,亞新國土科技股份有限公司,建築利用土地,純住宅,純住宅,69.552554974700001,251.835608366999992,05建築利用土地,0.025183560836700
05,0502,050200,1,202211,亞新國土科技股份有限公司,建築利用土地,純住宅,純住宅,112.103989549999994,328.245236838999972,05建築利用土地,0.032824523683900
05,0502,050200,1,202211,亞新國土科技股份有限公司,建築利用土地,純住宅,純住宅,56.906518836600000,190.766442884000014,05建築利用土地,0.019076644288400
05,0502,050200,1,202211,亞新國土科技股份有限公司,建築利用土地,純住宅,純住宅,82.875083991500006,383.544720057999996,05建築利用土地,0.038354472005800
05,0502,050200,1,202211,亞新國土科技股份有限公司,建築利用土地,純住宅,純住宅,59.306600956099999,179.731069088999988,05建築利用土地,0.017973106908900
05,0502,050200,1,202211,亞新國土科技股份有限公司,建築利用土地,純住宅,純住宅,75.275105561999993,335.785252570000011,05建築利用土地,0.033578525257000
05,0502,050200,1,202211,亞新國土科技股份有限公司,建築利用土地,純住宅,純住宅,51.872127615899998,136.280838409000012,05建築利用土地,0.013628083840900
05,0502,050200,1,202211,亞新國土科技股份有限公司,建築利用土地,純住宅,純住宅,49.742801160500001,83.099421341999999,05建築利用土地,0.008309942134200
05,0502,050200,1,202211,亞新國土科技股份有限公司,建築利用土地,純住宅,純住宅,53.295133915199997,107.934714267999993,05建築利用土地,0.010793471426800
05,0502,050200,1,202211,亞新國土科技股份有限公司,建築利用土地,純住宅,純住宅,67.901211733699995,252.345199616999992,05建築利用土地,0.025234519961700
05,0502,050200,1,202211,亞新國土科技股份有限公司,建築利用土地,純住宅,純住宅,790.829118257999994,6258.277608309999778,05建築利用土地,0.625827760831000
05,0502,050200,1,202211,亞新國土科技股份有限公司,建築利用土地,純住宅,純住宅,53.057644725099998,131.722181685000010,05建築利用土地,0.013172218168500
05,0502,050200,1,202211,亞新國土科技股份有限公司,建築利用土地,純住宅,純住宅,104.972262318000006,436.951327429000003,05建築利用土地,0.043695132742900
05,0502,050200,1,202211,亞新國土科技股份有限公司,建築利用土地,純住宅,純住宅,54.871765381800003,135.065867929999996,05建築利用土地,0.013506586793000
05,0502,050200,1,202211,亞新國土科技股份有限公司,建築利用土地,純住宅,純住宅,64.960085692899995,225.228558703999994,05建築利用土地,0.022522855870400
05,0502,050200,1,202211,亞新國土科技股份有限公司,建築利用土地,純住宅,純住宅,64.792230706100000,207.211157237999998,05建築利用土地,0.020721115723800
05,0502,050200,1,202211,亞新國土科技股份有限公司,建築利用土地,純住宅,純住宅,108.395569221000002,724.605281088999959,05建築利用土地,0.072460528108900
05,0502,050200,1,202211,亞新國土科技股份有限公司,建築利用土地,純住宅,純住宅,53.256942024300002,136.622473358000008,05建築利用土地,0.013662247335800
05,0502,050200,1,202211,亞新國土科技股份有限公司,建築利用土地,純住宅,純住宅,93.385680085299995,481.136615208000023,05建築利用土地,0.048113661520800
05,0502,050200,1,202211,亞新國土科技股份有限公司,建築利用土地,純住宅,純住宅,136.661731112000012,753.462911086999952,05建築利用土地,0.075346291108700
05,0502,050200,1,202211,亞新國土科技股份有限公司,建築利用土地,純住宅,純住宅,78.038124079799999,380.791536093999980,05建築利用土地,0.038079153609400
05,0502,050200,1,202211,亞新國土科技股份有限公司,建築利用土地,純住宅,純住宅,48.028004708200001,132.715042896000000,05建築利用土地,0.013271504289600
05,0502,050200,1,202211,亞新國土科技股份有限公司,建築利用土地,純住宅,純住宅,82.201439510100002,268.793741811000018,05建築利用土地,0.026879374181100
05,0502,050200,1,202211,亞新國土科技股份有限公司,建築利用土地,純住宅,純住宅,76.590006725099997,335.989041446999977,05建築利用土地,0.033598904144700
05,0502,050200,1,202211,亞新國土科技股份有限公司,建築利用土地,純住宅,純住宅,111.912660783000007,754.120628035999971,05建築利用土地,0.075412062803600
05,0502,050200,1,202211,亞新國土科技股份有限公司,建築利用土地,純住宅,純住宅,120.759723309999998,851.511069840999994,05建築利用土地,0.085151106984100
05,0502,050200,1,202211,亞新國土科技股份有限公司,建築利用土地,純住宅,純住宅,56.332015625600000,173.804194539999997,05建築利用土地,0.017380419454000
05,0502,050200,1,202211,亞新國土科技股份有限公司,建築利用土地,純住宅,純住宅,32.408920602499997,59.625734781200002,05建築利用土地,0.005962573478120
05,0502,050200,1,202211,亞新國土科技股份有限公司,建築利用土地,純住宅,純住宅,63.371313677700002,178.040842857999991,05建築利用土地,0.017804084285800
05,0502,050200,1,202211,亞新國土科技股份有限公司,建築利用土地,純住宅,純住宅,66.197169139899998,152.552957221000014,05建築利用土地,0.015255295722100
05,0502,050200,1,202211,亞新國土科技股份有限公司,建築利用土地,純住宅,純住宅,190.827262963999999,1166.770540750000009,05建築利用土地,0.116677054075000
05,0502,050200,1,202211,亞新國土科技股份有限公司,建築利用土地,純住宅,純住宅,288.979711727999984,2178.182090469999821,05建築利用土地,0.217818209047000
05,0502,050200,1,202211,亞新國土科技股份有限公司,建築利用土地,純住宅,純住宅,65.692804453299999,208.319715112000011,05建築利用土地,0.020831971511200
05,0502,050200,1,202211,亞新國土科技股份有限公司,建築利用土地,純住宅,純住宅,109.055344039999994,603.740736100000049,05建築利用土地,0.060374073610000
05,0502,050200,1,202211,亞新國土科技股份有限公司,建築利用土地,純住宅,純住宅,81.557910985800007,412.280558395000014,05建築利用土地,0.041228055839500
05,0502,050200,1,202211,亞新國土科技股份有限公司,建築利用土地,純住宅,純住宅,92.098742286999993,325.685046752999995,05建築利用土地,0.032568504675300
05,0502,050200,1,202211,亞新國土科技股份有限公司,建築利用土地,純住宅,純住宅,59.314148894200002,219.287212576000002,05建築利用土地,0.021928721257600
05,0502,050200,1,202211,亞新國土科技股份有限公司,建築利用土地,純住宅,純住宅,63.677310599800002,254.617791132000008,05建築利用土地,0.025461779113200
05,0502,050200,1,202211,亞新國土科技股份有限公司,建築利用土地,純住宅,純住宅,64.616975500799995,260.830929572000002,05建築利用土地,0.026083092957200
05,0502,050200,1,202211,亞新國土科技股份有限公司,建築利用土地,純住宅,純住宅,32.812917895799998,58.563668921800001,05建築利用土地,0.005856366892180
05,0502,050200,1,202211,亞新國土科技股份有限公司,建築利用土地,純住宅,純住宅,114.708467984999999,334.357289846000015,05建築利用土地,0.033435728984600
05,0502,050200,1,202211,亞新國土科技股份有限公司,建築利用土地,純住宅,純住宅,86.570091376600004,459.864500842999973,05建築利用土地,0.045986450084300
05,0502,050200,1,202211,亞新國土科技股份有限公司,建築利用土地,純住宅,純住宅,76.977071623000000,296.166714207999973,05建築利用土地,0.029616671420800
05,0502,050200,1,202211,亞新國土科技股份有限公司,建築利用土地,純住宅,純住宅,51.474084289899999,159.507349629000004,05建築利用土地,0.015950734962900
05,0502,050200,1,202211,亞新國土科技股份有限公司,建築利用土地,純住宅,純住宅,182.899998347999997,2112.740196690000175,05建築利用土地,0.211274019669000
05,0502,050200,1,202211,亞新國土科技股份有限公司,建築利用土地,純住宅,純住宅,71.323237185799996,240.985678981000007,05建築利用土地,0.024098567898100
05,0502,050200,1,202211,亞新國土科技股份有限公司,建築利用土地,純住宅,純住宅,89.955017801300002,319.745157415999984,05建築利用土地,0.031974515741600
05,0502,050200,1,202211,亞新國土科技股份有限公司,建築利用土地,純住宅,純住宅,73.149244845599995,321.581158733999985,05建築利用土地,0.032158115873400
05,0502,050200,1,202211,亞新國土科技股份有限公司,建築利用土地,純住宅,純住宅,68.181923391500007,237.652683001000014,05建築利用土地,0.023765268300100
05,0502,050200,1,202211,亞新國土科技股份有限公司,建築利用土地,純住宅,純住宅,119.977320743000007,725.499380789000043,05建築利用土地,0.072549938078900
05,0502,050200,1,202211,亞新國土科技股份有限公司,建築利用土地,純住宅,純住宅,50.620874713200003,146.553312414999994,05建築利用土地,0.014655331241500
05,0502,050200,1,202211,亞新國土科技股份有限公司,建築利用土地,純住宅,純住宅,89.274466364299997,415.263882239999987,05建築利用土地,0.041526388224000
05,0502,050200,1,202211,亞新國土科技股份有限公司,建築利用土地,純住宅,純住宅,142.264995198000008,1167.459712500000023,05建築利用土地,0.116745971250000
05,0502,050200,1,202211,亞新國土科技股份有限公司,建築利用土地,純住宅,純住宅,78.204939037000003,154.293337376000011,05建築利用土地,0.015429333737600
05,0502,050200,1,202211,亞新國土科技股份有限公司,建築利用土地,純住宅,純住宅,58.474913449299997,183.549804970999986,05建築利用土地,0.018354980497100
05,0502,050200,1,202211,亞新國土科技股份有限公司,建築利用土地,純住宅,純住宅,43.987802799900003,100.469493588999995,05建築利用土地,0.010046949358900
05,0502,050200,1,202211,亞新國土科技股份有限公司,建築利用土地,純住宅,純住宅,59.665726365899999,175.737157523999997,05建築利用土地,0.017573715752400
05,0502,050200,1,202211,亞新國土科技股份有限公司,建築利用土地,純住宅,純住宅,113.542501357000006,453.393922889999999,05建築利用土地,0.045339392289000
05,0502,050200,1,202211,亞新國土科技股份有限公司,建築利用土地,純住宅,純住宅,429.622365810000019,3237.150596970000151,05建築利用土地,0.323715059697000
05,0502,050200,1,202211,亞新國土科技股份有限公司,建築利用土地,純住宅,純住宅,92.090241187100006,406.130983947000004,05建築利用土地,0.040613098394700
05,0502,050200,1,202211,亞新國土科技股份有限公司,建築利用土地,純住宅,純住宅,41.414544358500002,71.136963505099999,05建築利用土地,0.007113696350510
05,0502,050200,1,202211,亞新國土科技股份有限公司,建築利用土地,純住宅,純住宅,34.402033681500001,48.372411468800003,05建築利用土地,0.004837241146880
05,0502,050200,1,202211,亞新國土科技股份有限公司,建築利用土地,純住宅,純住宅,103.943223473000003,595.423287269999946,05建築利用土地,0.059542328727000
05,0502,050200,1,202211,亞新國土科技股份有限公司,建築利用土地,純住宅,純住宅,401.778948101000026,2669.976556359999904,05建築利用土地,0.266997655636000
05,0502,050200,1,202211,亞新國土科技股份有限公司,建築利用土地,純住宅,純住宅,55.034768725500001,158.441218670000012,05建築利用土地,0.015844121867000
05,0502,050200,1,202211,亞新國土科技股份有限公司,建築利用土地,純住宅,純住宅,72.981233255800007,312.818411963000017,05建築利用土地,0.031281841196300
05,0502,050200,1,202211,亞新國土科技股份有限公司,建築利用土地,純住宅,純住宅,62.219349163200000,233.471830075000014,05建築利用土地,0.023347183007500
05,0502,050200,1,202211,亞新國土科技股份有限公司,建築利用土地,純住宅,純住宅,92.364537107700002,459.903690792000020,05建築利用土地,0.045990369079200
05,0502,050200,1,202211,亞新國土科技股份有限公司,建築利用土地,純住宅,純住宅,226.276357659000013,947.620757951999963,05建築利用土地,0.094762075795200
05,0502,050200,1,202211,亞新國土科技股份有限公司,建築利用土地,純住宅,純住宅,53.573801299199999,133.606821983999993,05建築利用土地,0.013360682198400
05,0502,050200,1,202211,亞新國土科技股份有限公司,建築利用土地,純住宅,純住宅,59.546512586200002,146.813989139999990,05建築利用土地,0.014681398914000
05,0502,050200,1,202211,亞新國土科技股份有限公司,建築利用土地,純住宅,純住宅,43.805349790599998,105.546040641000005,05建築利用土地,0.010554604064100
05,0502,050200,1,202211,亞新國土科技股份有限公司,建築利用土地,純住宅,純住宅,66.688315572099995,217.125532373999988,05建築利用土地,0.021712553237400
05,0502,050200,1,202211,亞新國土科技股份有限公司,建築利用土地,純住宅,純住宅,43.848322494800001,119.923356850000005,05建築利用土地,0.011992335685000
05,0502,050200,1,202211,亞新國土科技股份有限公司,建築利用土地,純住宅,純住宅,115.121176372999997,396.798547320000011,05建築利用土地,0.039679854732000
05,0502,050200,1,202211,亞新國土科技股份有限公司,建築利用土地,純住宅,純住宅,33.472882740999999,55.189801914000000,05建築利用土地,0.005518980191400
05,0502,050200,1,202211,亞新國土科技股份有限公司,建築利用土地,純住宅,純住宅,58.610246425600003,139.611291854000001,05建築利用土地,0.013961129185400
05,0502,050200,1,202211,亞新國土科技股份有限公司,建築利用土地,純住宅,純住宅,74.261131437299994,256.017615189000026,05建築利用土地,0.025601761518900
05,0502,050200,1,202211,亞新國土科技股份有限公司,建築利用土地,純住宅,純住宅,71.385754286199997,292.083268850000024,05建築利用土地,0.029208326885000
05,0502,050200,1,202211,亞新國土科技股份有限公司,建築利用土地,純住宅,純住宅,70.271026616300006,205.172064524000007,05建築利用土地,0.020517206452400
05,0502,050200,1,202211,亞新國土科技股份有限公司,建築利用土地,純住宅,純住宅,511.009587211999985,4162.199759930000255,05建築利用土地,0.416219975993000
05,0502,050200,1,202211,亞新國土科技股份有限公司,建築利用土地,純住宅,純住宅,46.115450375899997,128.249506004000011,05建築利用土地,0.012824950600400
05,0502,050200,1,202211,亞新國土科技股份有限公司,建築利用土地,純住宅,純住宅,64.096851413500005,206.797347290999994,05建築利用土地,0.020679734729100
05,0502,050200,1,202211,亞新國土科技股份有限公司,建築利用土地,純住宅,純住宅,229.818097276999993,1118.619446619999962,05建築利用土地,0.111861944662000
05,0502,050200,1,202211,亞新國土科技股份有限公司,建築利用土地,純住宅,純住宅,109.217492933000003,731.416047047999996,05建築利用土地,0.073141604704800
05,0502,050200,1,202211,亞新國土科技股份有限公司,建築利用土地,純住宅,純住宅,66.639188307799998,200.671094605999997,05建築利用土地,0.020067109460600
05,0502,050200,1,202211,亞新國土科技股份有限公司,建築利用土地,純住宅,純住宅,301.383513167999979,2467.892557659999966,05建築利用土地,0.246789255766000
05,0502,050200,1,202211,亞新國土科技股份有限公司,建築利用土地,純住宅,純住宅,59.193447092699998,128.678649777000004,05建築利用土地,0.012867864977700
05,0502,050200,1,202211,亞新國土科技股份有限公司,建築利用土地,純住宅,純住宅,71.149856607100006,315.093035407000002,05建築利用土地,0.031509303540700
05,0502,050200,1,202211,亞新國土科技股份有限公司,建築利用土地,純住宅,純住宅,108.551106829999995,648.052735873999950,05建築利用土地,0.064805273587400
05,0502,050200,1,202211,亞新國土科技股份有限公司,建築利用土地,純住宅,純住宅,35.437133290699997,76.144213600499995,05建築利用土地,0.007614421360050
05,0502,050200,1,202211,亞新國土科技股份有限公司,建築利用土地,純住宅,純住宅,72.242948850900007,302.888519493999979,05建築利用土地,0.030288851949400
05,0502,050200,1,202211,亞新國土科技股份有限公司,建築利用土地,純住宅,純住宅,69.072030236299994,313.008974427999988,05建築利用土地,0.031300897442800
05,0502,050200,1,202211,亞新國土科技股份有限公司,建築利用土地,純住宅,純住宅,52.929409958500003,173.042860318000010,05建築利用土地,0.017304286031800
05,0502,050200,1,202211,亞新國土科技股份有限公司,建築利用土地,純住宅,純住宅,181.717877039000001,1420.817675100000088,05建築利用土地,0.142081767510000
05,0502,050200,1,202211,亞新國土科技股份有限公司,建築利用土地,純住宅,純住宅,143.553679025000008,1170.326536230000102,05建築利用土地,0.117032653623000
05,0502,050200,1,202211,亞新國土科技股份有限公司,建築利用土地,純住宅,純住宅,60.288463462400003,199.979605158999988,05建築利用土地,0.019997960515900
05,0502,050200,1,202211,亞新國土科技股份有限公司,建築利用土地,純住宅,純住宅,154.921672075999993,906.251803099999961,05建築利用土地,0.090625180310000
05,0502,050200,1,202211,亞新國土科技股份有限公司,建築利用土地,純住宅,純住宅,64.832980430899994,235.578242821999993,05建築利用土地,0.023557824282200
05,0502,050200,1,202211,亞新國土科技股份有限公司,建築利用土地,純住宅,純住宅,42.339566007300000,103.808468103999999,05建築利用土地,0.010380846810400
05,0502,050200,1,202211,亞新國土科技股份有限公司,建築利用土地,純住宅,純住宅,72.101810738400005,320.948031318999995,05建築利用土地,0.032094803131900
05,0502,050200,1,202211,亞新國土科技股份有限公司,建築利用土地,純住宅,純住宅,154.974839234999990,1304.672556859999986,05建築利用土地,0.130467255686000
05,0502,050200,1,202211,亞新國土科技股份有限公司,建築利用土地,純住宅,純住宅,52.542156448199997,160.666113848999998,05建築利用土地,0.016066611384900
05,0502,050200,1,202211,亞新國土科技股份有限公司,建築利用土地,純住宅,純住宅,139.742026283000001,530.628284404000055,05建築利用土地,0.053062828440400
05,0502,050200,1,202211,亞新國土科技股份有限公司,建築利用土地,純住宅,純住宅,100.721966484000006,396.252152174999992,05建築利用土地,0.039625215217500
05,0502,050200,1,202211,亞新國土科技股份有限公司,建築利用土地,純住宅,純住宅,105.164065671000003,522.288419541000053,05建築利用土地,0.052228841954100
05,0502,050200,1,202211,亞新國土科技股份有限公司,建築利用土地,純住宅,純住宅,76.366613517999994,317.378786149000007,05建築利用土地,0.031737878614900
05,0502,050200,1,202211,亞新國土科技股份有限公司,建築利用土地,純住宅,純住宅,109.082253938999997,597.532202009000002,05建築利用土地,0.059753220200900
05,0502,050200,1,202211,亞新國土科技股份有限公司,建築利用土地,純住宅,純住宅,63.194605324199998,148.109378555999996,05建築利用土地,0.014810937855600
05,0502,050200,1,202211,亞新國土科技股份有限公司,建築利用土地,純住宅,純住宅,144.578679111000014,982.846517894000044,05建築利用土地,0.098284651789400
05,0502,050200,1,202211,亞新國土科技股份有限公司,建築利用土地,純住宅,純住宅,54.004735264300002,133.861997163000012,05建築利用土地,0.013386199716300
05,0502,050200,1,202211,亞新國土科技股份有限公司,建築利用土地,純住宅,純住宅,158.839988220999999,1215.041639569999916,05建築利用土地,0.121504163957000
05,0502,050200,1,202211,亞新國土科技股份有限公司,建築利用土地,純住宅,純住宅,55.035199194400001,165.152832754000002,05建築利用土地,0.016515283275400
05,0502,050200,1,202211,亞新國土科技股份有限公司,建築利用土地,純住宅,純住宅,63.219894592099998,200.399822459999996,05建築利用土地,0.020039982246000
05,0502,050200,1,202211,亞新國土科技股份有限公司,建築利用土地,純住宅,純住宅,63.159296291099999,252.439333914999992,05建築利用土地,0.025243933391500
05,0502,050200,1,202211,亞新國土科技股份有限公司,建築利用土地,純住宅,純住宅,97.965463780799993,308.251883159999977,05建築利用土地,0.030825188316000
05,0502,050200,1,202211,亞新國土科技股份有限公司,建築利用土地,純住宅,純住宅,43.120454016200000,112.672262258000003,05建築利用土地,0.011267226225800
05,0502,050200,1,202211,亞新國土科技股份有限公司,建築利用土地,純住宅,純住宅,105.979228621999994,313.412113069999975,05建築利用土地,0.031341211307000
05,0502,050200,1,202211,亞新國土科技股份有限公司,建築利用土地,純住宅,純住宅,52.094178585700000,116.700229281999995,05建築利用土地,0.011670022928200
05,0502,050200,1,202211,亞新國土科技股份有限公司,建築利用土地,純住宅,純住宅,92.288013142500006,265.648202213999980,05建築利用土地,0.026564820221400
05,0502,050200,1,202211,亞新國土科技股份有限公司,建築利用土地,純住宅,純住宅,53.806359581300001,157.592196078000001,05建築利用土地,0.015759219607800
05,0502,050200,1,202211,亞新國土科技股份有限公司,建築利用土地,純住宅,純住宅,73.840180980300005,337.027426122999998,05建築利用土地,0.033702742612300
05,0502,050200,1,202211,亞新國土科技股份有限公司,建築利用土地,純住宅,純住宅,72.905260837000000,264.928833870999995,05建築利用土地,0.026492883387100
05,0502,050200,1,202211,亞新國土科技股份有限公司,建築利用土地,純住宅,純住宅,109.650758780999993,451.329337085000020,05建築利用土地,0.045132933708500
05,0503,050302,1,202211,亞新國土科技股份有限公司,建築利用土地,混合使用住宅,兼商業使用住宅,122.220507612999995,849.779541097999982,05建築利用土地,0.084977954109800
05,0503,050302,1,202211,亞新國土科技股份有限公司,建築利用土地,混合使用住宅,兼商業使用住宅,92.067732681400003,529.821433734000038,05建築利用土地,0.052982143373400
05,0503,050302,1,202211,亞新國土科技股份有限公司,建築利用土地,混合使用住宅,兼商業使用住宅,40.794598782000001,83.065913825899997,05建築利用土地,0.008306591382590
05,0503,050302,1,202211,亞新國土科技股份有限公司,建築利用土地,混合使用住宅,兼商業使用住宅,104.329823802000007,348.735540906999972,05建築利用土地,0.034873554090700
05,0503,050302,1,202211,亞新國土科技股份有限公司,建築利用土地,混合使用住宅,兼商業使用住宅,48.939847150900000,143.413341607000007,05建築利用土地,0.014341334160700
05,0503,050302,1,202211,亞新國土科技股份有限公司,建築利用土地,混合使用住宅,兼商業使用住宅,48.066432313500002,98.533007643000005,05建築利用土地,0.009853300764300
05,0503,050302,1,202211,亞新國土科技股份有限公司,建築利用土地,混合使用住宅,兼商業使用住宅,55.806396726000003,178.070977868000000,05建築利用土地,0.017807097786800
05,0503,050302,1,202211,亞新國土科技股份有限公司,建築利用土地,混合使用住宅,兼商業使用住宅,48.554616124399999,124.415306986000004,05建築利用土地,0.012441530698600
05,0503,050302,1,202211,亞新國土科技股份有限公司,建築利用土地,混合使用住宅,兼商業使用住宅,98.067001545099998,542.328178920000028,05建築利用土地,0.054232817892000
05,0503,050302,1,202211,亞新國土科技股份有限公司,建築利用土地,混合使用住宅,兼商業使用住宅,39.572957068199997,97.681063356099997,05建築利用土地,0.009768106335610
05,0503,050302,1,202211,亞新國土科技股份有限公司,建築利用土地,混合使用住宅,兼商業使用住宅,52.323244216399999,162.095525404999989,05建築利用土地,0.016209552540500
05,0503,050302,1,202211,亞新國土科技股份有限公司,建築利用土地,混合使用住宅,兼商業使用住宅,74.740765347799993,345.298472414000003,05建築利用土地,0.034529847241400
05,0503,050302,1,202211,亞新國土科技股份有限公司,建築利用土地,混合使用住宅,兼商業使用住宅,51.483976403200003,104.139651599999993,05建築利用土地,0.010413965160000
05,0503,050302,1,202211,亞新國土科技股份有限公司,建築利用土地,混合使用住宅,兼商業使用住宅,90.203037457899995,458.034588159999998,05建築利用土地,0.045803458816000
05,0503,050302,1,202211,亞新國土科技股份有限公司,建築利用土地,混合使用住宅,兼商業使用住宅,29.118545296200001,44.856450742900002,05建築利用土地,0.004485645074290
05,0503,050302,1,202211,亞新國土科技股份有限公司,建築利用土地,混合使用住宅,兼商業使用住宅,60.263606589500000,227.421547387999993,05建築利用土地,0.022742154738800
05,0503,050302,1,202211,亞新國土科技股份有限公司,建築利用土地,混合使用住宅,兼商業使用住宅,78.151395588200003,332.377286347999984,05建築利用土地,0.033237728634800
05,0503,050302,1,202211,亞新國土科技股份有限公司,建築利用土地,混合使用住宅,兼商業使用住宅,39.233773999699999,92.161690087799997,05建築利用土地,0.009216169008780
05,0503,050302,1,202211,亞新國土科技股份有限公司,建築利用土地,混合使用住宅,兼商業使用住宅,57.120145651300000,194.631905764999999,05建築利用土地,0.019463190576500
05,0503,050302,1,202211,亞新國土科技股份有限公司,建築利用土地,混合使用住宅,兼商業使用住宅,46.550403667399998,82.799328119999998,05建築利用土地,0.008279932812000
05,0503,050302,1,202211,亞新國土科技股份有限公司,建築利用土地,混合使用住宅,兼商業使用住宅,34.903763497800000,60.752342990700001,05建築利用土地,0.006075234299070
05,0503,050302,1,202211,亞新國土科技股份有限公司,建築利用土地,混合使用住宅,兼商業使用住宅,143.505127533999996,426.477077840999982,05建築利用土地,0.042647707784100
05,0503,050302,1,202211,亞新國土科技股份有限公司,建築利用土地,混合使用住宅,兼商業使用住宅,44.099020548200002,116.450726993999993,05建築利用土地,0.011645072699400
05,0503,050302,1,202211,亞新國土科技股份有限公司,建築利用土地,混合使用住宅,兼商業使用住宅,70.122162461800002,247.962694781000010,05建築利用土地,0.024796269478100
05,0503,050302,1,202211,亞新國土科技股份有限公司,建築利用土地,混合使用住宅,兼商業使用住宅,75.687758089499994,294.581343182000012,05建築利用土地,0.029458134318200
05,0503,050302,1,202211,亞新國土科技股份有限公司,建築利用土地,混合使用住宅,兼商業使用住宅,60.020527565700000,193.349019483999996,05建築利用土地,0.019334901948400
05,0503,050302,1,202211,亞新國土科技股份有限公司,建築利用土地,混合使用住宅,兼商業使用住宅,28.058665509200001,48.840236795300001,05建築利用土地,0.004884023679530
05,0503,050302,1,202211,亞新國土科技股份有限公司,建築利用土地,混合使用住宅,兼商業使用住宅,62.295858120600002,190.975949404000005,05建築利用土地,0.019097594940400
05,0503,050302,1,202211,亞新國土科技股份有限公司,建築利用土地,混合使用住宅,兼商業使用住宅,78.325519229899996,199.566940649000003,05建築利用土地,0.019956694064900
05,0503,050302,1,202211,亞新國土科技股份有限公司,建築利用土地,混合使用住宅,兼商業使用住宅,43.876943934600000,109.290021780999993,05建築利用土地,0.010929002178100
05,0503,050303,1,202211,亞新國土科技股份有限公司,建築利用土地,混合使用住宅,兼其他使用住宅,64.288115856399997,226.365661998000007,05建築利用土地,0.022636566199800
05,0503,050303,1,202211,亞新國土科技股份有限公司,建築利用土地,混合使用住宅,兼其他使用住宅,53.548673440300000,120.082388679000005,05建築利用土地,0.012008238867900
05,0503,050303,1,202211,亞新國土科技股份有限公司,建築利用土地,混合使用住宅,兼其他使用住宅,47.218998805900000,84.729919288900007,05建築利用土地,0.008472991928890
05,0503,050303,1,202211,亞新國土科技股份有限公司,建築利用土地,混合使用住宅,兼其他使用住宅,57.237873418400000,134.692469700999993,05建築利用土地,0.013469246970100
05,0503,050303,1,202211,亞新國土科技股份有限公司,建築利用土地,混合使用住宅,兼其他使用住宅,41.615266067400000,99.804441816899995,05建築利用土地,0.009980444181690
05,0504,050400,1,202211,亞新國土科技股份有限公司,建築利用土地,製造業,製造業,550.674642252000012,8396.531470530000661,05建築利用土地,0.839653147053000
05,0504,050400,1,202211,亞新國土科技股份有限公司,建築利用土地,製造業,製造業,54.862549039800001,159.076710028999997,05建築利用土地,0.015907671002900
05,0505,050500,0,202211,亞新國土科技股份有限公司,建築利用土地,倉儲,倉儲,26.634660285900001,47.872211043000000,05建築利用土地,0.004787221104300
05,0505,050500,0,202211,亞新國土科技股份有限公司,建築利用土地,倉儲,倉儲,26.005877098599999,40.862297749299998,05建築利用土地,0.004086229774930
05,0505,050500,0,202211,亞新國土科技股份有限公司,建築利用土地,倉儲,倉儲,27.381146902299999,49.721148583199998,05建築利用土地,0.004972114858320
05,0505,050500,0,202211,亞新國土科技股份有限公司,建築利用土地,倉儲,倉儲,24.105026151699999,36.312277933399997,05建築利用土地,0.003631227793340
05,0505,050500,0,202211,亞新國土科技股份有限公司,建築利用土地,倉儲,倉儲,23.743354234900000,37.218705678299997,05建築利用土地,0.003721870567830
05,0505,050500,0,202211,亞新國土科技股份有限公司,建築利用土地,倉儲,倉儲,44.303189761600002,121.660468003000005,05建築利用土地,0.012166046800300
05,0505,050500,0,202211,亞新國土科技股份有限公司,建築利用土地,倉儲,倉儲,98.778708857500007,413.742876006000017,05建築利用土地,0.041374287600600
05,0505,050500,0,202211,亞新國土科技股份有限公司,建築利用土地,倉儲,倉儲,31.272196851400000,60.822118789900003,05建築利用土地,0.006082211878990
05,0505,050500,0,202211,亞新國土科技股份有限公司,建築利用土地,倉儲,倉儲,32.569509974600003,52.989303582600002,05建築利用土地,0.005298930358260
05,0505,050500,0,202211,亞新國土科技股份有限公司,建築利用土地,倉儲,倉儲,67.745500525099999,258.986474220999980,05建築利用土地,0.025898647422100
05,0505,050500,0,202211,亞新國土科技股份有限公司,建築利用土地,倉儲,倉儲,62.024964036999997,167.208842223999994,05建築利用土地,0.016720884222400
05,0505,050500,0,202211,亞新國土科技股份有限公司,建築利用土地,倉儲,倉儲,64.466023831300006,235.834534095999999,05建築利用土地,0.023583453409600
05,0505,050500,0,202211,亞新國土科技股份有限公司,建築利用土地,倉儲,倉儲,30.771848433500001,58.220156311499998,05建築利用土地,0.005822015631150
05,0505,050500,0,202211,亞新國土科技股份有限公司,建築利用土地,倉儲,倉儲,59.230139798499998,129.911675518000010,05建築利用土地,0.012991167551800
05,0505,050500,0,202211,亞新國土科技股份有限公司,建築利用土地,倉儲,倉儲,49.580311636300003,127.169729954999994,05建築利用土地,0.012716972995500
05,0505,050500,0,202211,亞新國土科技股份有限公司,建築利用土地,倉儲,倉儲,23.480004494900001,32.794103934200002,05建築利用土地,0.003279410393420
05,0505,050500,0,202211,亞新國土科技股份有限公司,建築利用土地,倉儲,倉儲,47.143322397699997,121.800424406999994,05建築利用土地,0.012180042440700
05,0505,050500,0,202211,亞新國土科技股份有限公司,建築利用土地,倉儲,倉儲,63.929523748500003,255.388103180999991,05建築利用土地,0.025538810318100
05,0505,050500,0,202211,亞新國土科技股份有限公司,建築利用土地,倉儲,倉儲,25.891262277799999,33.723364026399999,05建築利用土地,0.003372336402640
05,0505,050500,1,202211,亞新國土科技股份有限公司,建築利用土地,倉儲,倉儲,150.138137905000008,1260.255195660000027,05建築利用土地,0.126025519566000
05,0505,050500,1,202211,亞新國土科技股份有限公司,建築利用土地,倉儲,倉儲,40.499050700399998,77.713736024300005,05建築利用土地,0.007771373602430
05,0505,050500,1,202211,亞新國土科技股份有限公司,建築利用土地,倉儲,倉儲,17.665396207299999,19.452031180100001,05建築利用土地,0.001945203118010
05,0505,050500,1,202211,亞新國土科技股份有限公司,建築利用土地,倉儲,倉儲,66.906029651699995,211.069051857999995,05建築利用土地,0.021106905185800
05,0505,050500,1,202211,亞新國土科技股份有限公司,建築利用土地,倉儲,倉儲,46.639306533300001,126.388339654999996,05建築利用土地,0.012638833965500
05,0505,050500,1,202211,亞新國土科技股份有限公司,建築利用土地,倉儲,倉儲,30.246328327899999,55.644029620700003,05建築利用土地,0.005564402962070
05,0505,050500,1,202211,亞新國土科技股份有限公司,建築利用土地,倉儲,倉儲,40.079946997400000,91.161234765399996,05建築利用土地,0.009116123476540
05,0505,050500,1,202211,亞新國土科技股份有限公司,建築利用土地,倉儲,倉儲,57.451377986300002,164.828553424000006,05建築利用土地,0.016482855342400
05,0505,050500,1,202211,亞新國土科技股份有限公司,建築利用土地,倉儲,倉儲,111.189689130000005,687.582917876000010,05建築利用土地,0.068758291787600
05,0505,050500,1,202211,亞新國土科技股份有限公司,建築利用土地,倉儲,倉儲,21.950847227299999,30.827232534600000,05建築利用土地,0.003082723253460
05,0505,050500,1,202211,亞新國土科技股份有限公司,建築利用土地,倉儲,倉儲,42.983788100100000,112.199524045000004,05建築利用土地,0.011219952404500
05,0505,050500,1,202211,亞新國土科技股份有限公司,建築利用土地,倉儲,倉儲,36.898011735799997,71.332117679899994,05建築利用土地,0.007133211767990
05,0505,050500,1,202211,亞新國土科技股份有限公司,建築利用土地,倉儲,倉儲,55.586193859700003,108.023554532999995,05建築利用土地,0.010802355453300
05,0505,050500,1,202211,亞新國土科技股份有限公司,建築利用土地,倉儲,倉儲,43.899438694399997,114.813140634999996,05建築利用土地,0.011481314063500
05,0505,050500,1,202211,亞新國土科技股份有限公司,建築利用土地,倉儲,倉儲,80.462845500399993,418.397651898999982,05建築利用土地,0.041839765189900
05,0505,050500,1,202211,亞新國土科技股份有限公司,建築利用土地,倉儲,倉儲,58.537821372300002,185.720239746000004,05建築利用土地,0.018572023974600
05,0505,050500,1,202211,亞新國土科技股份有限公司,建築利用土地,倉儲,倉儲,29.396017295000000,53.176957785399999,05建築利用土地,0.005317695778540
05,0505,050500,1,202211,亞新國土科技股份有限公司,建築利用土地,倉儲,倉儲,57.309310026699997,159.882478326000012,05建築利用土地,0.015988247832600
05,0505,050500,1,202211,亞新國土科技股份有限公司,建築利用土地,倉儲,倉儲,21.744252653899999,29.515129724000001,05建築利用土地,0.002951512972400
05,0505,050500,1,202211,亞新國土科技股份有限公司,建築利用土地,倉儲,倉儲,90.049327822400002,424.631493848999980,05建築利用土地,0.042463149384900
05,0505,050500,1,202211,亞新國土科技股份有限公司,建築利用土地,倉儲,倉儲,29.154103662200001,54.001751536400000,05建築利用土地,0.005400175153640
05,0505,050500,1,202211,亞新國土科技股份有限公司,建築利用土地,倉儲,倉儲,62.144716015299998,224.484807813000003,05建築利用土地,0.022448480781300
05,0505,050500,1,202211,亞新國土科技股份有限公司,建築利用土地,倉儲,倉儲,25.045396526899999,25.589348291200000,05建築利用土地,0.002558934829120
05,0505,050500,1,202211,亞新國土科技股份有限公司,建築利用土地,倉儲,倉儲,47.356757343600002,80.116117408400001,05建築利用土地,0.008011611740840
05,0505,050500,1,202211,亞新國土科技股份有限公司,建築利用土地,倉儲,倉儲,24.950226356600002,32.157808801199998,05建築利用土地,0.003215780880120
05,0505,050500,1,202211,亞新國土科技股份有限公司,建築利用土地,倉儲,倉儲,51.108821499400001,160.474146608000012,05建築利用土地,0.016047414660800
05,0505,050500,1,202211,亞新國土科技股份有限公司,建築利用土地,倉儲,倉儲,27.918456832200000,48.622005110099998,05建築利用土地,0.004862200511010
05,0505,050500,1,202211,亞新國土科技股份有限公司,建築利用土地,倉儲,倉儲,29.491455395500001,49.427377473299998,05建築利用土地,0.004942737747330
05,0505,050500,1,202211,亞新國土科技股份有限公司,建築利用土地,倉儲,倉儲,39.742808438200001,72.463414413099997,05建築利用土地,0.007246341441310
05,0505,050500,1,202211,亞新國土科技股份有限公司,建築利用土地,倉儲,倉儲,23.172602408400000,33.008119436299999,05建築利用土地,0.003300811943630
05,0505,050500,1,202211,亞新國土科技股份有限公司,建築利用土地,倉儲,倉儲,45.911809450299998,65.430394396099999,05建築利用土地,0.006543039439610
05,0505,050500,1,202211,亞新國土科技股份有限公司,建築利用土地,倉儲,倉儲,42.155284576200003,108.155064938999999,05建築利用土地,0.010815506493900
05,0505,050500,1,202211,亞新國土科技股份有限公司,建築利用土地,倉儲,倉儲,130.852820552999987,594.191524778000030,05建築利用土地,0.059419152477800
05,0505,050500,1,202211,亞新國土科技股份有限公司,建築利用土地,倉儲,倉儲,57.245612051400002,116.913544920999996,05建築利用土地,0.011691354492100
05,0505,050500,1,202211,亞新國土科技股份有限公司,建築利用土地,倉儲,倉儲,67.949254652799993,263.110309250999990,05建築利用土地,0.026311030925100
05,0505,050500,1,202211,亞新國土科技股份有限公司,建築利用土地,倉儲,倉儲,26.356057279200002,39.606191119300000,05建築利用土地,0.003960619111930
05,0505,050500,1,202211,亞新國土科技股份有限公司,建築利用土地,倉儲,倉儲,33.409103738200002,49.872667394099999,05建築利用土地,0.004987266739410
05,0505,050500,1,202211,亞新國土科技股份有限公司,建築利用土地,倉儲,倉儲,74.855566245299997,269.117153723000001,05建築利用土地,0.026911715372300
05,0505,050500,1,202211,亞新國土科技股份有限公司,建築利用土地,倉儲,倉儲,22.931391543699998,29.532087048600001,05建築利用土地,0.002953208704860
05,0505,050500,1,202211,亞新國土科技股份有限公司,建築利用土地,倉儲,倉儲,21.985339144200001,29.143121393800001,05建築利用土地,0.002914312139380
05,0505,050500,1,202211,亞新國土科技股份有限公司,建築利用土地,倉儲,倉儲,34.930958552400000,70.823251495600005,05建築利用土地,0.007082325149560
05,0505,050500,1,202211,亞新國土科技股份有限公司,建築利用土地,倉儲,倉儲,33.767859622899998,39.090488226700003,05建築利用土地,0.003909048822670
05,0505,050500,1,202211,亞新國土科技股份有限公司,建築利用土地,倉儲,倉儲,106.781983545000003,376.693284171000016,05建築利用土地,0.037669328417100
05,0505,050500,1,202211,亞新國土科技股份有限公司,建築利用土地,倉儲,倉儲,89.308522159099994,408.325436867999997,05建築利用土地,0.040832543686800
05,0505,050500,1,202211,亞新國土科技股份有限公司,建築利用土地,倉儲,倉儲,22.606189759799999,31.844725698200001,05建築利用土地,0.003184472569820
05,0505,050500,1,202211,亞新國土科技股份有限公司,建築利用土地,倉儲,倉儲,73.828148280700006,223.846549086000010,05建築利用土地,0.022384654908600
05,0505,050500,1,202211,亞新國土科技股份有限公司,建築利用土地,倉儲,倉儲,46.887783818700001,121.995443445000006,05建築利用土地,0.012199544344500
05,0505,050500,1,202211,亞新國土科技股份有限公司,建築利用土地,倉儲,倉儲,70.035396829299998,247.423452169000001,05建築利用土地,0.024742345216900
05,0505,050500,1,202211,亞新國土科技股份有限公司,建築利用土地,倉儲,倉儲,56.360284214600000,186.448613275000014,05建築利用土地,0.018644861327500
05,0505,050500,1,202211,亞新國土科技股份有限公司,建築利用土地,倉儲,倉儲,57.597497961499997,140.886162979999995,05建築利用土地,0.014088616298000
05,0505,050500,1,202211,亞新國土科技股份有限公司,建築利用土地,倉儲,倉儲,138.656866404999988,346.900675427000010,05建築利用土地,0.034690067542700
05,0505,050500,1,202211,亞新國土科技股份有限公司,建築利用土地,倉儲,倉儲,102.552483537000001,250.696206243000006,05建築利用土地,0.025069620624300
05,0505,050500,1,202211,亞新國土科技股份有限公司,建築利用土地,倉儲,倉儲,30.160560117700001,56.646079147499997,05建築利用土地,0.005664607914750
05,0505,050500,1,202211,亞新國土科技股份有限公司,建築利用土地,倉儲,倉儲,40.549641792899997,71.050258910099998,05建築利用土地,0.007105025891010
05,0505,050500,1,202211,亞新國土科技股份有限公司,建築利用土地,倉儲,倉儲,82.697999380699997,362.204693319999990,05建築利用土地,0.036220469332000
05,0505,050500,1,202211,亞新國土科技股份有限公司,建築利用土地,倉儲,倉儲,190.096948838000003,590.496387174000006,05建築利用土地,0.059049638717400
05,0505,050500,1,202211,亞新國土科技股份有限公司,建築利用土地,倉儲,倉儲,134.893611004000007,421.086319149000019,05建築利用土地,0.042108631914900
05,0505,050500,1,202211,亞新國土科技股份有限公司,建築利用土地,倉儲,倉儲,31.756014811000000,59.928459261999997,05建築利用土地,0.005992845926200
05,0505,050500,1,202211,亞新國土科技股份有限公司,建築利用土地,倉儲,倉儲,39.373278649900001,93.239069701299996,05建築利用土地,0.009323906970130
05,0505,050500,1,202211,亞新國土科技股份有限公司,建築利用土地,倉儲,倉儲,31.177558348200002,58.296916582300000,05建築利用土地,0.005829691658230
05,0505,050500,1,202211,亞新國土科技股份有限公司,建築利用土地,倉儲,倉儲,32.219928327799998,43.245340158300003,05建築利用土地,0.004324534015830
05,0505,050500,1,202211,亞新國土科技股份有限公司,建築利用土地,倉儲,倉儲,31.718033079100000,53.013280005600002,05建築利用土地,0.005301328000560
05,0505,050500,1,202211,亞新國土科技股份有限公司,建築利用土地,倉儲,倉儲,102.750928844000001,542.837828331999958,05建築利用土地,0.054283782833200
05,0505,050500,1,202211,亞新國土科技股份有限公司,建築利用土地,倉儲,倉儲,25.995508718400000,41.852808335500001,05建築利用土地,0.004185280833550
05,0505,050500,1,202211,亞新國土科技股份有限公司,建築利用土地,倉儲,倉儲,28.521471734100000,41.989396747500003,05建築利用土地,0.004198939674750
05,0505,050500,1,202211,亞新國土科技股份有限公司,建築利用土地,倉儲,倉儲,49.907151838799997,101.889661274000005,05建築利用土地,0.010188966127400
05,0505,050500,1,202211,亞新國土科技股份有限公司,建築利用土地,倉儲,倉儲,34.221544903199998,78.081815795699995,05建築利用土地,0.007808181579570
05,0505,050500,1,202211,亞新國土科技股份有限公司,建築利用土地,倉儲,倉儲,70.201494396499996,247.257851805000001,05建築利用土地,0.024725785180500
05,0505,050500,1,202211,亞新國土科技股份有限公司,建築利用土地,倉儲,倉儲,84.640671198400000,351.810281732000021,05建築利用土地,0.035181028173200
05,0505,050500,1,202211,亞新國土科技股份有限公司,建築利用土地,倉儲,倉儲,21.270708891599998,27.711236106400001,05建築利用土地,0.002771123610640
05,0505,050500,1,202211,亞新國土科技股份有限公司,建築利用土地,倉儲,倉儲,54.756818797299999,184.823973862999992,05建築利用土地,0.018482397386300
05,0505,050500,1,202211,亞新國土科技股份有限公司,建築利用土地,倉儲,倉儲,123.497941703999999,629.299878358999990,05建築利用土地,0.062929987835900
05,0505,050500,1,202211,亞新國土科技股份有限公司,建築利用土地,倉儲,倉儲,70.573579692999999,203.413593157999998,05建築利用土地,0.020341359315800
05,0505,050500,1,202211,亞新國土科技股份有限公司,建築利用土地,倉儲,倉儲,32.892592881100001,51.274844953699997,05建築利用土地,0.005127484495370
05,0505,050500,1,202211,亞新國土科技股份有限公司,建築利用土地,倉儲,倉儲,25.344650258100000,38.840338732600003,05建築利用土地,0.003884033873260
05,0505,050500,1,202211,亞新國土科技股份有限公司,建築利用土地,倉儲,倉儲,74.457314109300000,301.668432562000021,05建築利用土地,0.030166843256200
05,0505,050500,1,202211,亞新國土科技股份有限公司,建築利用土地,倉儲,倉儲,72.512476753900003,186.021006502999995,05建築利用土地,0.018602100650300
05,0505,050500,1,202211,亞新國土科技股份有限公司,建築利用土地,倉儲,倉儲,52.426488138200000,170.858437901999991,05建築利用土地,0.017085843790200
05,0505,050500,1,202211,亞新國土科技股份有限公司,建築利用土地,倉儲,倉儲,35.846722642899998,47.277756541700001,05建築利用土地,0.004727775654170
05,0505,050500,1,202211,亞新國土科技股份有限公司,建築利用土地,倉儲,倉儲,37.811742112300003,67.820958655799998,05建築利用土地,0.006782095865580
05,0505,050500,1,202211,亞新國土科技股份有限公司,建築利用土地,倉儲,倉儲,41.708077438300002,105.453483046000002,05建築利用土地,0.010545348304600
05,0505,050500,1,202211,亞新國土科技股份有限公司,建築利用土地,倉儲,倉儲,47.021112041499997,133.294963655999993,05建築利用土地,0.013329496365600
05,0505,050500,1,202211,亞新國土科技股份有限公司,建築利用土地,倉儲,倉儲,30.193630341399999,40.632562113600002,05建築利用土地,0.004063256211360
05,0505,050500,1,202211,亞新國土科技股份有限公司,建築利用土地,倉儲,倉儲,35.776708934200002,62.751211270100001,05建築利用土地,0.006275121127010
05,0505,050500,1,202211,亞新國土科技股份有限公司,建築利用土地,倉儲,倉儲,23.588568870400000,34.755115893300001,05建築利用土地,0.003475511589330
05,0505,050500,1,202211,亞新國土科技股份有限公司,建築利用土地,倉儲,倉儲,70.434661415899996,218.759027518000011,05建築利用土地,0.021875902751800
05,0505,050500,1,202211,亞新國土科技股份有限公司,建築利用土地,倉儲,倉儲,28.564532982799999,45.914560215900003,05建築利用土地,0.004591456021590
05,0505,050500,1,202211,亞新國土科技股份有限公司,建築利用土地,倉儲,倉儲,61.800876222699998,238.025057193999999,05建築利用土地,0.023802505719400
05,0505,050500,1,202211,亞新國土科技股份有限公司,建築利用土地,倉儲,倉儲,29.186802023900000,47.313407854300003,05建築利用土地,0.004731340785430
05,0505,050500,1,202211,亞新國土科技股份有限公司,建築利用土地,倉儲,倉儲,41.155796900299997,105.832676996000004,05建築利用土地,0.010583267699600
05,0505,050500,1,202211,亞新國土科技股份有限公司,建築利用土地,倉儲,倉儲,37.319424717799997,61.247758348399998,05建築利用土地,0.006124775834840
05,0505,050500,1,202211,亞新國土科技股份有限公司,建築利用土地,倉儲,倉儲,32.102642699900002,58.583752250800003,05建築利用土地,0.005858375225080
05,0505,050500,1,202211,亞新國土科技股份有限公司,建築利用土地,倉儲,倉儲,24.568430577000001,32.502907931199999,05建築利用土地,0.003250290793120
05,0505,050500,1,202211,亞新國土科技股份有限公司,建築利用土地,倉儲,倉儲,30.968681351299999,50.461353484999997,05建築利用土地,0.005046135348500
05,0505,050500,1,202211,亞新國土科技股份有限公司,建築利用土地,倉儲,倉儲,13.883329201000000,11.991611060800000,05建築利用土地,0.001199161106080
05,0505,050500,1,202211,亞新國土科技股份有限公司,建築利用土地,倉儲,倉儲,46.537015888100001,134.526044520999989,05建築利用土地,0.013452604452100
05,0505,050500,1,202211,亞新國土科技股份有限公司,建築利用土地,倉儲,倉儲,34.419862160000001,63.544911376100004,05建築利用土地,0.006354491137610
05,0505,050500,1,202211,亞新國土科技股份有限公司,建築利用土地,倉儲,倉儲,47.626958566600003,122.612843108999996,05建築利用土地,0.012261284310900
05,0505,050500,1,202211,亞新國土科技股份有限公司,建築利用土地,倉儲,倉儲,36.514418993500001,59.049375482099997,05建築利用土地,0.005904937548210
05,0505,050500,1,202211,亞新國土科技股份有限公司,建築利用土地,倉儲,倉儲,124.997747593000000,288.496697589999997,05建築利用土地,0.028849669759000
05,0505,050500,1,202211,亞新國土科技股份有限公司,建築利用土地,倉儲,倉儲,23.131760954000001,32.794056408000003,05建築利用土地,0.003279405640800
05,0505,050500,1,202211,亞新國土科技股份有限公司,建築利用土地,倉儲,倉儲,22.459374559699999,30.242605799400000,05建築利用土地,0.003024260579940
05,0505,050500,1,202211,亞新國土科技股份有限公司,建築利用土地,倉儲,倉儲,35.297057122100000,71.707398868300004,05建築利用土地,0.007170739886830
05,0505,050500,1,202211,亞新國土科技股份有限公司,建築利用土地,倉儲,倉儲,75.072597144699998,136.287654906999990,05建築利用土地,0.013628765490700
05,0505,050500,1,202211,亞新國土科技股份有限公司,建築利用土地,倉儲,倉儲,42.889303463499999,106.743463262999995,05建築利用土地,0.010674346326300
05,0505,050500,1,202211,亞新國土科技股份有限公司,建築利用土地,倉儲,倉儲,17.040996709100000,16.772810614800001,05建築利用土地,0.001677281061480
05,0505,050500,1,202211,亞新國土科技股份有限公司,建築利用土地,倉儲,倉儲,27.971688451500000,47.846988122900001,05建築利用土地,0.004784698812290
05,0505,050500,1,202211,亞新國土科技股份有限公司,建築利用土地,倉儲,倉儲,16.380458323300001,17.189816842199999,05建築利用土地,0.001718981684220
05,0505,050500,1,202211,亞新國土科技股份有限公司,建築利用土地,倉儲,倉儲,64.662366131400006,266.099234718999980,05建築利用土地,0.026609923471900
05,0505,050500,1,202211,亞新國土科技股份有限公司,建築利用土地,倉儲,倉儲,113.522852786000001,311.159718058999999,05建築利用土地,0.031115971805900
05,0505,050500,1,202211,亞新國土科技股份有限公司,建築利用土地,倉儲,倉儲,47.516124857199998,112.867932878999994,05建築利用土地,0.011286793287900
05,0505,050500,1,202211,亞新國土科技股份有限公司,建築利用土地,倉儲,倉儲,26.400339209799998,41.550094205299999,05建築利用土地,0.004155009420530
05,0505,050500,1,202211,亞新國土科技股份有限公司,建築利用土地,倉儲,倉儲,30.784543233600001,38.610043176799998,05建築利用土地,0.003861004317680
05,0505,050500,1,202211,亞新國土科技股份有限公司,建築利用土地,倉儲,倉儲,71.692027692300002,305.103026428000021,05建築利用土地,0.030510302642800
05,0505,050500,1,202211,亞新國土科技股份有限公司,建築利用土地,倉儲,倉儲,260.921188690999998,2221.818284649999896,05建築利用土地,0.222181828465000
05,0505,050500,1,202211,亞新國土科技股份有限公司,建築利用土地,倉儲,倉儲,27.763880078900002,40.975832263000001,05建築利用土地,0.004097583226300
05,0505,050500,1,202211,亞新國土科技股份有限公司,建築利用土地,倉儲,倉儲,22.075817885999999,30.442539575200001,05建築利用土地,0.003044253957520
05,0505,050500,1,202211,亞新國土科技股份有限公司,建築利用土地,倉儲,倉儲,74.113866977699999,341.375685212999997,05建築利用土地,0.034137568521300
05,0505,050500,1,202211,亞新國土科技股份有限公司,建築利用土地,倉儲,倉儲,38.447168698399999,87.171445015800003,05建築利用土地,0.008717144501580
05,0505,050500,1,202211,亞新國土科技股份有限公司,建築利用土地,倉儲,倉儲,66.641303014200005,259.274536269000009,05建築利用土地,0.025927453626900
05,0505,050500,1,202211,亞新國土科技股份有限公司,建築利用土地,倉儲,倉儲,74.208643784299994,337.107244014999992,05建築利用土地,0.033710724401500
05,0506,050600,1,202211,亞新國土科技股份有限公司,建築利用土地,宗教,宗教,30.880058626200000,58.654531532800000,05建築利用土地,0.005865453153280
05,0506,050600,1,202211,亞新國土科技股份有限公司,建築利用土地,宗教,宗教,65.871047909599994,258.721504176999986,05建築利用土地,0.025872150417700
05,0506,050600,1,202211,亞新國土科技股份有限公司,建築利用土地,宗教,宗教,43.799950070800001,95.502711002400005,05建築利用土地,0.009550271100240
05,0506,050600,1,202211,亞新國土科技股份有限公司,建築利用土地,宗教,宗教,34.035460063800002,69.064489475299993,05建築利用土地,0.006906448947530
05,0506,050600,1,202211,亞新國土科技股份有限公司,建築利用土地,宗教,宗教,32.751974927600003,58.946615417600000,05建築利用土地,0.005894661541760
05,0506,050600,1,202211,亞新國土科技股份有限公司,建築利用土地,宗教,宗教,65.405875395899997,248.393536439999991,05建築利用土地,0.024839353644000
05,0506,050600,1,202211,亞新國土科技股份有限公司,建築利用土地,宗教,宗教,73.435749876000003,278.147032008999986,05建築利用土地,0.027814703200900
05,0506,050600,1,202211,亞新國土科技股份有限公司,建築利用土地,宗教,宗教,134.826333672000004,802.366925243999958,05建築利用土地,0.080236692524400
05,0506,050600,1,202211,亞新國土科技股份有限公司,建築利用土地,宗教,宗教,133.644358922000009,959.274298639999984,05建築利用土地,0.095927429864000
05,0506,050600,1,202211,亞新國土科技股份有限公司,建築利用土地,宗教,宗教,111.838704539000005,589.312161923999952,05建築利用土地,0.058931216192400
05,0506,050600,1,202211,亞新國土科技股份有限公司,建築利用土地,宗教,宗教,28.369838145100001,27.202085907899999,05建築利用土地,0.002720208590790
05,0506,050600,1,202211,亞新國土科技股份有限公司,建築利用土地,宗教,宗教,71.719574348500004,268.651525549999974,05建築利用土地,0.026865152555000
05,0506,050600,1,202211,亞新國土科技股份有限公司,建築利用土地,宗教,宗教,60.005578640000003,184.440799196000000,05建築利用土地,0.018444079919600
05,0506,050600,1,202211,亞新國土科技股份有限公司,建築利用土地,宗教,宗教,63.295265459299998,180.810836368999986,05建築利用土地,0.018081083636900
05,0506,050600,1,202211,亞新國土科技股份有限公司,建築利用土地,宗教,宗教,108.817776390999995,683.250942544000054,05建築利用土地,0.068325094254400
05,0506,050600,1,202211,亞新國土科技股份有限公司,建築利用土地,宗教,宗教,38.961753231000003,88.761252673800001,05建築利用土地,0.008876125267380
05,0506,050600,1,202211,亞新國土科技股份有限公司,建築利用土地,宗教,宗教,30.818344167799999,59.314221558299998,05建築利用土地,0.005931422155830
05,0507,050700,0,202211,亞新國土科技股份有限公司,建築利用土地,殯葬設施,殯葬設施,52.017234115199997,183.841730939999991,05建築利用土地,0.018384173094000
05,0507,050700,0,202211,亞新國土科技股份有限公司,建築利用土地,殯葬設施,殯葬設施,27.896839066399998,54.094404611000002,05建築利用土地,0.005409440461100
05,0507,050700,0,202211,亞新國土科技股份有限公司,建築利用土地,殯葬設施,殯葬設施,32.967220611300000,59.809115943700000,05建築利用土地,0.005980911594370
05,0507,050700,0,202211,亞新國土科技股份有限公司,建築利用土地,殯葬設施,殯葬設施,41.653635997999999,109.425251586000002,05建築利用土地,0.010942525158600
05,0507,050700,0,202211,亞新國土科技股份有限公司,建築利用土地,殯葬設施,殯葬設施,48.561580998300002,133.940047816999993,05建築利用土地,0.013394004781700
05,0507,050700,0,202211,亞新國土科技股份有限公司,建築利用土地,殯葬設施,殯葬設施,22.222687697900000,37.743342691099997,05建築利用土地,0.003774334269110
05,0507,050700,0,202211,亞新國土科技股份有限公司,建築利用土地,殯葬設施,殯葬設施,24.809642444900000,44.527871158200000,05建築利用土地,0.004452787115820
05,0507,050700,0,202211,亞新國土科技股份有限公司,建築利用土地,殯葬設施,殯葬設施,29.615513674300001,65.574682482699998,05建築利用土地,0.006557468248270
05,0507,050700,0,202211,亞新國土科技股份有限公司,建築利用土地,殯葬設施,殯葬設施,71.850173110599997,249.905908930999999,05建築利用土地,0.024990590893100
05,0507,050700,0,202211,亞新國土科技股份有限公司,建築利用土地,殯葬設施,殯葬設施,215.823457523000002,2286.826403709999795,05建築利用土地,0.228682640371000
05,0507,050700,1,202211,亞新國土科技股份有限公司,建築利用土地,殯葬設施,殯葬設施,488.021033730999989,10930.729725099999996,05建築利用土地,1.093072972510000
05,0507,050700,1,202211,亞新國土科技股份有限公司,建築利用土地,殯葬設施,殯葬設施,401.296263585000020,7535.884652089999690,05建築利用土地,0.753588465209000
05,0507,050700,1,202211,亞新國土科技股份有限公司,建築利用土地,殯葬設施,殯葬設施,63.076000513099999,213.447730000999996,05建築利用土地,0.021344773000100
05,0507,050700,1,202211,亞新國土科技股份有限公司,建築利用土地,殯葬設施,殯葬設施,78.803042463799997,304.677133084999980,05建築利用土地,0.030467713308500
05,0507,050700,1,202211,亞新國土科技股份有限公司,建築利用土地,殯葬設施,殯葬設施,43.704886942999998,118.040619573000001,05建築利用土地,0.011804061957300
05,0507,050700,1,202211,亞新國土科技股份有限公司,建築利用土地,殯葬設施,殯葬設施,1060.660215169999901,29739.070274099998642,05建築利用土地,2.973907027410000
05,0507,050700,1,202211,亞新國土科技股份有限公司,建築利用土地,殯葬設施,殯葬設施,64.030068618900003,246.444996565999986,05建築利用土地,0.024644499656600
05,0507,050700,1,202211,亞新國土科技股份有限公司,建築利用土地,殯葬設施,殯葬設施,43.124113520800002,128.313762805000010,05建築利用土地,0.012831376280500
05,0507,050700,1,202211,亞新國土科技股份有限公司,建築利用土地,殯葬設施,殯葬設施,42.738804510999998,114.125493230000004,05建築利用土地,0.011412549323000
05,0507,050700,1,202211,亞新國土科技股份有限公司,建築利用土地,殯葬設施,殯葬設施,76.849448569600000,384.903043566999997,05建築利用土地,0.038490304356700
05,0507,050700,1,202211,亞新國土科技股份有限公司,建築利用土地,殯葬設施,殯葬設施,321.330106235000017,5220.168709489999856,05建築利用土地,0.522016870949000
05,0507,050700,1,202211,亞新國土科技股份有限公司,建築利用土地,殯葬設施,殯葬設施,62.057206650600001,228.145027911000000,05建築利用土地,0.022814502791100
05,0507,050700,1,202211,亞新國土科技股份有限公司,建築利用土地,殯葬設施,殯葬設施,27.185997818499999,47.874178436199998,05建築利用土地,0.004787417843620
05,0507,050700,1,202211,亞新國土科技股份有限公司,建築利用土地,殯葬設施,殯葬設施,428.514529702999994,9832.800922149999678,05建築利用土地,0.983280092215000
05,0507,050700,1,202211,亞新國土科技股份有限公司,建築利用土地,殯葬設施,殯葬設施,111.219296502999995,526.840362587999948,05建築利用土地,0.052684036258800
05,0508,050801,1,202211,亞新國土科技股份有限公司,建築利用土地,其他建築用地,興建中,122.077722582999996,886.244178862000012,05建築利用土地,0.088624417886200
05,0508,050801,1,202211,亞新國土科技股份有限公司,建築利用土地,其他建築用地,興建中,113.631857537000002,740.499582027999963,05建築利用土地,0.074049958202800
05,0508,050801,1,202211,亞新國土科技股份有限公司,建築利用土地,其他建築用地,興建中,54.188769568500000,193.882297641000008,05建築利用土地,0.019388229764100
05,0508,050801,1,202211,亞新國土科技股份有限公司,建築利用土地,其他建築用地,興建中,109.446217872000005,666.281218579999972,05建築利用土地,0.066628121858000
05,0508,050801,1,202211,亞新國土科技股份有限公司,建築利用土地,其他建築用地,興建中,22.972260892800001,32.084217527600003,05建築利用土地,0.003208421752760
05,0508,050801,1,202211,亞新國土科技股份有限公司,建築利用土地,其他建築用地,興建中,75.122130721100007,220.087234993000010,05建築利用土地,0.022008723499300
05,0508,050801,1,202211,亞新國土科技股份有限公司,建築利用土地,其他建築用地,興建中,81.174611163700007,352.097188109999991,05建築利用土地,0.035209718811000
05,0508,050801,1,202211,亞新國土科技股份有限公司,建築利用土地,其他建築用地,興建中,59.555863228200003,148.885524309000004,05建築利用土地,0.014888552430900
05,0508,050801,1,202211,亞新國土科技股份有限公司,建築利用土地,其他建築用地,興建中,54.682985014200000,122.989670875000002,05建築利用土地,0.012298967087500
05,0508,050801,1,202211,亞新國土科技股份有限公司,建築利用土地,其他建築用地,興建中,107.254913662000007,551.949785476999978,05建築利用土地,0.055194978547700
05,0508,050801,1,202211,亞新國土科技股份有限公司,建築利用土地,其他建築用地,興建中,39.648902435700002,96.019711006500003,05建築利用土地,0.009601971100650
05,0508,050801,1,202211,亞新國土科技股份有限公司,建築利用土地,其他建築用地,興建中,95.945764958599995,253.043005158999989,05建築利用土地,0.025304300515900
05,0508,050801,1,202211,亞新國土科技股份有限公司,建築利用土地,其他建築用地,興建中,50.187038058600002,99.464830134099998,05建築利用土地,0.009946483013410
05,0508,050801,1,202211,亞新國土科技股份有限公司,建築利用土地,其他建築用地,興建中,39.437051574599998,70.864942912999993,05建築利用土地,0.007086494291300
05,0508,050801,1,202211,亞新國土科技股份有限公司,建築利用土地,其他建築用地,興建中,64.277777221700006,246.267982278999995,05建築利用土地,0.024626798227900
05,0508,050801,1,202211,亞新國土科技股份有限公司,建築利用土地,其他建築用地,興建中,48.449225014400000,136.367300258999990,05建築利用土地,0.013636730025900
05,0508,050801,1,202211,亞新國土科技股份有限公司,建築利用土地,其他建築用地,興建中,97.879717473400007,454.965844054000002,05建築利用土地,0.045496584405400
05,0508,050801,1,202211,亞新國土科技股份有限公司,建築利用土地,其他建築用地,興建中,85.111318782100000,433.614917128999991,05建築利用土地,0.043361491712900
05,0508,050801,1,202211,亞新國土科技股份有限公司,建築利用土地,其他建築用地,興建中,73.516420646499995,316.102295659999982,05建築利用土地,0.031610229566000
05,0508,050801,1,202211,亞新國土科技股份有限公司,建築利用土地,其他建築用地,興建中,48.029317086100001,97.707428251500005,05建築利用土地,0.009770742825150
05,0508,050801,1,202211,亞新國土科技股份有限公司,建築利用土地,其他建築用地,興建中,31.617810734300001,59.967391085000003,05建築利用土地,0.005996739108500
05,0508,050801,1,202211,亞新國土科技股份有限公司,建築利用土地,其他建築用地,興建中,109.939898658000004,430.403299636999975,05建築利用土地,0.043040329963700
05,0508,050801,1,202211,亞新國土科技股份有限公司,建築利用土地,其他建築用地,興建中,39.302141014000000,93.750468457500006,05建築利用土地,0.009375046845750
05,0508,050801,1,202211,亞新國土科技股份有限公司,建築利用土地,其他建築用地,興建中,63.246403345499999,228.631339722000007,05建築利用土地,0.022863133972200
05,0508,050801,1,202211,亞新國土科技股份有限公司,建築利用土地,其他建築用地,興建中,88.103531854799996,290.236142004999977,05建築利用土地,0.029023614200500
05,0508,050801,1,202211,亞新國土科技股份有限公司,建築利用土地,其他建築用地,興建中,91.665281918900007,443.705028831999982,05建築利用土地,0.044370502883200
05,0508,050802,1,202211,亞新國土科技股份有限公司,建築利用土地,其他建築用地,其他,358.012504042999979,6533.892731529999764,05建築利用土地,0.653389273153000
05,0508,050802,1,202211,亞新國土科技股份有限公司,建築利用土地,其他建築用地,其他,87.335214456499997,405.799197822999986,05建築利用土地,0.040579919782300
05,0508,050802,1,202211,亞新國土科技股份有限公司,建築利用土地,其他建築用地,其他,51.837693764000001,176.434937926999993,05建築利用土地,0.017643493792700
05,0508,050802,1,202211,亞新國土科技股份有限公司,建築利用土地,其他建築用地,其他,44.586797762899998,128.624711272000013,05建築利用土地,0.012862471127200
05,0508,050802,1,202211,亞新國土科技股份有限公司,建築利用土地,其他建築用地,其他,24.388762356499999,32.677081215699999,05建築利用土地,0.003267708121570
05,0508,050802,1,202211,亞新國土科技股份有限公司,建築利用土地,其他建築用地,其他,70.073234106800001,271.988630741000009,05建築利用土地,0.027198863074100
05,0508,050802,1,202211,亞新國土科技股份有限公司,建築利用土地,其他建築用地,其他,28.298738318400002,49.701482184699998,05建築利用土地,0.004970148218470
05,0508,050802,1,202211,亞新國土科技股份有限公司,建築利用土地,其他建築用地,其他,66.734161604199997,208.512607825999993,05建築利用土地,0.020851260782600
05,0508,050802,1,202211,亞新國土科技股份有限公司,建築利用土地,其他建築用地,其他,97.865291872599997,571.774498859999994,05建築利用土地,0.057177449886000
05,0508,050802,1,202211,亞新國土科技股份有限公司,建築利用土地,其他建築用地,其他,64.133732628299995,211.662941568000008,05建築利用土地,0.021166294156800
05,0508,050802,1,202211,亞新國土科技股份有限公司,建築利用土地,其他建築用地,其他,63.758632723100000,175.221853804999995,05建築利用土地,0.017522185380500
05,0508,050802,1,202211,亞新國土科技股份有限公司,建築利用土地,其他建築用地,其他,37.664699286400001,82.713997249200006,05建築利用土地,0.008271399724920
05,0508,050802,1,202211,亞新國土科技股份有限公司,建築利用土地,其他建築用地,其他,35.936337283000000,61.031940226499998,05建築利用土地,0.006103194022650
05,0508,050802,1,202211,亞新國土科技股份有限公司,建築利用土地,其他建築用地,其他,35.270717595699999,70.328848500999996,05建築利用土地,0.007032884850100
05,0508,050802,1,202211,亞新國土科技股份有限公司,建築利用土地,其他建築用地,其他,45.997977745699998,126.209275399999996,05建築利用土地,0.012620927540000
05,0508,050802,1,202211,亞新國土科技股份有限公司,建築利用土地,其他建築用地,其他,37.453083589499997,86.449859597400007,05建築利用土地,0.008644985959740
05,0508,050802,1,202211,亞新國土科技股份有限公司,建築利用土地,其他建築用地,其他,22.001744371099999,30.245766299400000,05建築利用土地,0.003024576629940
05,0508,050802,1,202211,亞新國土科技股份有限公司,建築利用土地,其他建築用地,其他,38.087319213400001,87.554818084900006,05建築利用土地,0.008755481808490
05,0508,050802,1,202211,亞新國土科技股份有限公司,建築利用土地,其他建築用地,其他,27.945208128499999,45.349346220500003,05建築利用土地,0.004534934622050
05,0508,050802,1,202211,亞新國土科技股份有限公司,建築利用土地,其他建築用地,其他,66.774053308299997,95.202193919199999,05建築利用土地,0.009520219391920
05,0508,050802,1,202211,亞新國土科技股份有限公司,建築利用土地,其他建築用地,其他,42.874844636900001,91.999728184399999,05建築利用土地,0.009199972818440
05,0508,050802,1,202211,亞新國土科技股份有限公司,建築利用土地,其他建築用地,其他,82.120542637300005,301.769091795000008,05建築利用土地,0.030176909179500
05,0508,050802,1,202211,亞新國土科技股份有限公司,建築利用土地,其他建築用地,其他,58.718721230400000,150.279069177999986,05建築利用土地,0.015027906917800
05,0508,050802,1,202211,亞新國土科技股份有限公司,建築利用土地,其他建築用地,其他,23.495836100500000,32.080068964799999,05建築利用土地,0.003208006896480
05,0508,050802,1,202211,亞新國土科技股份有限公司,建築利用土地,其他建築用地,其他,42.142672969600000,95.007694620899997,05建築利用土地,0.009500769462090
05,0508,050802,1,202211,亞新國土科技股份有限公司,建築利用土地,其他建築用地,其他,42.203326799599999,89.160196993800000,05建築利用土地,0.008916019699380
05,0508,050802,1,202211,亞新國土科技股份有限公司,建築利用土地,其他建築用地,其他,24.580538028399999,35.994374007799998,05建築利用土地,0.003599437400780
05,0508,050802,1,202211,亞新國土科技股份有限公司,建築利用土地,其他建築用地,其他,36.808889598699999,84.373237081699997,05建築利用土地,0.008437323708170
05,0508,050802,1,202211,亞新國土科技股份有限公司,建築利用土地,其他建築用地,其他,171.845490533000003,1281.077708329999950,05建築利用土地,0.128107770833000
05,0508,050802,1,202211,亞新國土科技股份有限公司,建築利用土地,其他建築用地,其他,22.886737495900000,30.524326268399999,05建築利用土地,0.003052432626840
05,0508,050802,1,202211,亞新國土科技股份有限公司,建築利用土地,其他建築用地,其他,53.548547102800001,150.987314889000004,05建築利用土地,0.015098731488900
05,0508,050802,1,202211,亞新國土科技股份有限公司,建築利用土地,其他建築用地,其他,18.047411806500001,20.377844115300000,05建築利用土地,0.002037784411530
05,0508,050802,1,202211,亞新國土科技股份有限公司,建築利用土地,其他建築用地,其他,18.126701032100001,19.759431797700000,05建築利用土地,0.001975943179770
05,0508,050802,1,202211,亞新國土科技股份有限公司,建築利用土地,其他建築用地,其他,76.515374249499999,174.538016645999988,05建築利用土地,0.017453801664600
05,0508,050802,1,202211,亞新國土科技股份有限公司,建築利用土地,其他建築用地,其他,48.161630121999998,117.998921652999996,05建築利用土地,0.011799892165300
05,0508,050802,1,202211,亞新國土科技股份有限公司,建築利用土地,其他建築用地,其他,57.291971117000003,188.921487788000007,05建築利用土地,0.018892148778800
05,0508,050802,1,202211,亞新國土科技股份有限公司,建築利用土地,其他建築用地,其他,24.073772369499999,36.058805002600003,05建築利用土地,0.003605880500260
05,0508,050802,1,202211,亞新國土科技股份有限公司,建築利用土地,其他建築用地,其他,70.729907508699995,294.895722705000026,05建築利用土地,0.029489572270500
05,0508,050802,1,202211,亞新國土科技股份有限公司,建築利用土地,其他建築用地,其他,60.133962982900002,222.359108883000005,05建築利用土地,0.022235910888300
05,0508,050802,1,202211,亞新國土科技股份有限公司,建築利用土地,其他建築用地,其他,107.683945875999996,528.507539456000018,05建築利用土地,0.052850753945600
05,0508,050802,1,202211,亞新國土科技股份有限公司,建築利用土地,其他建築用地,其他,21.163271061200000,26.238091192799999,05建築利用土地,0.002623809119280
05,0508,050802,1,202211,亞新國土科技股份有限公司,建築利用土地,其他建築用地,其他,22.106678770100000,25.033008775300001,05建築利用土地,0.002503300877530
05,0508,050802,1,202211,亞新國土科技股份有限公司,建築利用土地,其他建築用地,其他,64.406959512300006,169.008053509000007,05建築利用土地,0.016900805350900
05,0508,050802,1,202211,亞新國土科技股份有限公司,建築利用土地,其他建築用地,其他,87.403352906300000,427.252385471000025,05建築利用土地,0.042725238547100
05,0508,050802,1,202211,亞新國土科技股份有限公司,建築利用土地,其他建築用地,其他,42.317573571399997,98.740888734099997,05建築利用土地,0.009874088873410
05,0508,050802,1,202211,亞新國土科技股份有限公司,建築利用土地,其他建築用地,其他,91.369796875500001,450.869855577999999,05建築利用土地,0.045086985557800
05,0508,050802,1,202211,亞新國土科技股份有限公司,建築利用土地,其他建築用地,其他,94.044361519399999,498.746554494999998,05建築利用土地,0.049874655449500
05,0508,050802,1,202211,亞新國土科技股份有限公司,建築利用土地,其他建築用地,其他,68.315142746700005,189.161183367000007,05建築利用土地,0.018916118336700
05,0508,050802,1,202211,亞新國土科技股份有限公司,建築利用土地,其他建築用地,其他,44.796157563199998,125.263226036999995,05建築利用土地,0.012526322603700
05,0508,050802,1,202211,亞新國土科技股份有限公司,建築利用土地,其他建築用地,其他,34.159192143399999,72.189756197199998,05建築利用土地,0.007218975619720
05,0508,050802,1,202211,亞新國土科技股份有限公司,建築利用土地,其他建築用地,其他,40.775162703200003,88.307101982399999,05建築利用土地,0.008830710198240
05,0508,050802,1,202211,亞新國土科技股份有限公司,建築利用土地,其他建築用地,其他,36.232503159399997,82.133129570799994,05建築利用土地,0.008213312957080
05,0508,050802,1,202211,亞新國土科技股份有限公司,建築利用土地,其他建築用地,其他,23.802369922099999,32.465449248500001,05建築利用土地,0.003246544924850
05,0508,050802,1,202211,亞新國土科技股份有限公司,建築利用土地,其他建築用地,其他,54.973727816800000,119.547422087000001,05建築利用土地,0.011954742208700
05,0508,050802,1,202211,亞新國土科技股份有限公司,建築利用土地,其他建築用地,其他,222.409725997999999,1885.646053700000039,05建築利用土地,0.188564605370000
05,0508,050802,1,202211,亞新國土科技股份有限公司,建築利用土地,其他建築用地,其他,58.868272747200002,181.074361726999996,05建築利用土地,0.018107436172700
05,0508,050802,1,202211,亞新國土科技股份有限公司,建築利用土地,其他建築用地,其他,47.279727021399999,82.086024082400002,05建築利用土地,0.008208602408240
05,0508,050802,1,202211,亞新國土科技股份有限公司,建築利用土地,其他建築用地,其他,86.215583763599994,464.181495362000021,05建築利用土地,0.046418149536200
05,0508,050802,1,202211,亞新國土科技股份有限公司,建築利用土地,其他建築用地,其他,32.578787511100003,62.503859490300002,05建築利用土地,0.006250385949030
05,0508,050802,1,202211,亞新國土科技股份有限公司,建築利用土地,其他建築用地,其他,38.583544427500001,80.157645333399998,05建築利用土地,0.008015764533340
05,0508,050802,1,202211,亞新國土科技股份有限公司,建築利用土地,其他建築用地,其他,186.357096796000008,2161.657183060000079,05建築利用土地,0.216165718306000
05,0508,050802,1,202211,亞新國土科技股份有限公司,建築利用土地,其他建築用地,其他,24.553828076799999,39.174727483100000,05建築利用土地,0.003917472748310
05,0508,050802,1,202211,亞新國土科技股份有限公司,建築利用土地,其他建築用地,其他,43.178973654899998,101.630742326000004,05建築利用土地,0.010163074232600
06,0601,060100,1,202211,亞新國土科技股份有限公司,公共利用土地,政府機關,政府機關,2192.814383679999992,132131.419587999989744,06公共利用土地,13.213141958800000
06,0601,060100,1,202211,亞新國土科技股份有限公司,公共利用土地,政府機關,政府機關,71.008047820399995,296.954057415000023,06公共利用土地,0.029695405741500
06,0601,060100,1,202211,亞新國土科技股份有限公司,公共利用土地,政府機關,政府機關,103.749663104000007,663.039606352999954,06公共利用土地,0.066303960635300
06,0601,060100,1,202211,亞新國土科技股份有限公司,公共利用土地,政府機關,政府機關,222.454518932000013,2160.274316370000179,06公共利用土地,0.216027431637000
06,0601,060100,1,202211,亞新國土科技股份有限公司,公共利用土地,政府機關,政府機關,142.878014078999996,1196.371037710000110,06公共利用土地,0.119637103771000
06,0601,060100,1,202211,亞新國土科技股份有限公司,公共利用土地,政府機關,政府機關,112.080823142000000,720.245077813999956,06公共利用土地,0.072024507781400
06,0601,060100,1,202211,亞新國土科技股份有限公司,公共利用土地,政府機關,政府機關,144.521411685000004,1229.567659759999970,06公共利用土地,0.122956765976000
06,0601,060100,1,202211,亞新國土科技股份有限公司,公共利用土地,政府機關,政府機關,818.017922999000007,26190.357377000000270,06公共利用土地,2.619035737700000
06,0601,060100,1,202211,亞新國土科技股份有限公司,公共利用土地,政府機關,政府機關,122.180540307000001,834.797920295000040,06公共利用土地,0.083479792029500
06,0601,060100,1,202211,亞新國土科技股份有限公司,公共利用土地,政府機關,政府機關,444.190474074999997,7331.994322919999831,06公共利用土地,0.733199432292000
06,0601,060100,1,202211,亞新國土科技股份有限公司,公共利用土地,政府機關,政府機關,805.826984435999975,34954.160373999999138,06公共利用土地,3.495416037400000
06,0602,060202,1,202211,亞新國土科技股份有限公司,公共利用土地,學校,小學,444.163935808000019,8112.005434020000394,06公共利用土地,0.811200543402000
06,0602,060202,1,202211,亞新國土科技股份有限公司,公共利用土地,學校,小學,391.015958308999984,6835.868281879999813,06公共利用土地,0.683586828188000
06,0602,060203,1,202211,亞新國土科技股份有限公司,公共利用土地,學校,中學,459.963162308999983,10157.954187200000888,06公共利用土地,1.015795418720000
06,0604,060400,1,202211,亞新國土科技股份有限公司,公共利用土地,社會福利設施,社會福利設施,124.337407471999995,912.402137044000028,06公共利用土地,0.091240213704400
06,0604,060400,1,202211,亞新國土科技股份有限公司,公共利用土地,社會福利設施,社會福利設施,42.651721728799998,87.655578649500001,06公共利用土地,0.008765557864950
06,0604,060400,1,202211,亞新國土科技股份有限公司,公共利用土地,社會福利設施,社會福利設施,59.924115951700003,224.309600706999987,06公共利用土地,0.022430960070700
06,0604,060400,1,202211,亞新國土科技股份有限公司,公共利用土地,社會福利設施,社會福利設施,102.515918623999994,449.353975161999983,06公共利用土地,0.044935397516200
06,0604,060400,1,202211,亞新國土科技股份有限公司,公共利用土地,社會福利設施,社會福利設施,101.865164374000003,489.827955358999986,06公共利用土地,0.048982795535900
06,0604,060400,1,202211,亞新國土科技股份有限公司,公共利用土地,社會福利設施,社會福利設施,207.840057411999993,1172.527286969999977,06公共利用土地,0.117252728697000
06,0604,060400,1,202211,亞新國土科技股份有限公司,公共利用土地,社會福利設施,社會福利設施,446.367565434000028,10854.001027899999826,06公共利用土地,1.085400102790000
06,0605,060502,1,202211,亞新國土科技股份有限公司,公共利用土地,公用設備,電力,339.345437156999992,5884.356506500000251,06公共利用土地,0.588435650650000
06,0605,060504,1,202211,亞新國土科技股份有限公司,公共利用土地,公用設備,自來水,359.497531637000009,7884.027272549999907,06公共利用土地,0.788402727255000
06,0605,060505,1,202211,亞新國土科技股份有限公司,公共利用土地,公用設備,加油(氣)站,160.085981596000011,1350.359210849999954,06公共利用土地,0.135035921085000
06,0606,060600,1,202211,亞新國土科技股份有限公司,公共利用土地,環保設施,環保設施,27.704053095799999,47.459181580900001,06公共利用土地,0.004745918158090
06,0606,060600,1,202211,亞新國土科技股份有限公司,公共利用土地,環保設施,環保設施,869.407740910000030,25720.269803700000921,06公共利用土地,2.572026980370000
06,0606,060600,1,202211,亞新國土科技股份有限公司,公共利用土地,環保設施,環保設施,46.518576021299999,130.298092806000000,06公共利用土地,0.013029809280600
06,0606,060600,1,202211,亞新國土科技股份有限公司,公共利用土地,環保設施,環保設施,33.117284178299997,63.197916097499999,06公共利用土地,0.006319791609750
06,0606,060600,1,202211,亞新國土科技股份有限公司,公共利用土地,環保設施,環保設施,70.179533039500001,244.581346402999998,06公共利用土地,0.024458134640300
06,0606,060600,1,202211,亞新國土科技股份有限公司,公共利用土地,環保設施,環保設施,50.764258794699998,153.673870864000008,06公共利用土地,0.015367387086400
06,0606,060600,1,202211,亞新國土科技股份有限公司,公共利用土地,環保設施,環保設施,22.441670731500000,28.113280862300002,06公共利用土地,0.002811328086230
06,0606,060600,1,202211,亞新國土科技股份有限公司,公共利用土地,環保設施,環保設施,23.875874946100001,26.827644683799999,06公共利用土地,0.002682764468380
07,0701,070102,1,202211,亞新國土科技股份有限公司,遊憩利用土地,文化設施,一般文化設施,78.484779287400002,384.076108250000004,07遊憩利用土地,0.038407610825000
07,0701,070102,1,202211,亞新國土科技股份有限公司,遊憩利用土地,文化設施,一般文化設施,1157.501670500000046,62652.084455900003377,07遊憩利用土地,6.265208445590000
07,0701,070103,1,202211,亞新國土科技股份有限公司,遊憩利用土地,文化設施,其他文化設施,212.715249212000003,2452.407985889999964,07遊憩利用土地,0.245240798589000
07,0702,070200,1,202211,亞新國土科技股份有限公司,遊憩利用土地,公園綠地廣場,公園綠地廣場,584.431538552000006,600.829407136999976,07遊憩利用土地,0.060082940713700
07,0702,070200,1,202211,亞新國土科技股份有限公司,遊憩利用土地,公園綠地廣場,公園綠地廣場,88.517425730300005,329.629475343000024,07遊憩利用土地,0.032962947534300
07,0702,070200,1,202211,亞新國土科技股份有限公司,遊憩利用土地,公園綠地廣場,公園綠地廣場,30.330871462699999,57.638945367900000,07遊憩利用土地,0.005763894536790
07,0702,070200,1,202211,亞新國土科技股份有限公司,遊憩利用土地,公園綠地廣場,公園綠地廣場,707.109411485999999,3061.480125649999991,07遊憩利用土地,0.306148012565000
07,0702,070200,1,202211,亞新國土科技股份有限公司,遊憩利用土地,公園綠地廣場,公園綠地廣場,113.218597301000003,610.448130461000005,07遊憩利用土地,0.061044813046100
07,0702,070200,1,202211,亞新國土科技股份有限公司,遊憩利用土地,公園綠地廣場,公園綠地廣場,407.111735830999976,842.520968639999978,07遊憩利用土地,0.084252096864000
07,0702,070200,1,202211,亞新國土科技股份有限公司,遊憩利用土地,公園綠地廣場,公園綠地廣場,79.913067072000004,381.218840307999983,07遊憩利用土地,0.038121884030800
07,0702,070200,1,202211,亞新國土科技股份有限公司,遊憩利用土地,公園綠地廣場,公園綠地廣場,1329.118618740000102,2734.318668639999942,07遊憩利用土地,0.273431866864000
07,0702,070200,1,202211,亞新國土科技股份有限公司,遊憩利用土地,公園綠地廣場,公園綠地廣場,92.702445701399995,472.526886466000008,07遊憩利用土地,0.047252688646600
07,0702,070200,1,202211,亞新國土科技股份有限公司,遊憩利用土地,公園綠地廣場,公園綠地廣場,174.311376462999988,1384.318668809999963,07遊憩利用土地,0.138431866881000
07,0702,070200,1,202211,亞新國土科技股份有限公司,遊憩利用土地,公園綠地廣場,公園綠地廣場,484.063070395000011,8435.710152659999949,07遊憩利用土地,0.843571015266000
07,0702,070200,1,202211,亞新國土科技股份有限公司,遊憩利用土地,公園綠地廣場,公園綠地廣場,326.693820166000023,2092.642447799999900,07遊憩利用土地,0.209264244780000
07,0703,070301,1,202211,亞新國土科技股份有限公司,遊憩利用土地,休閒設施,遊樂場所,908.060588410000037,8245.745573779999177,07遊憩利用土地,0.824574557378000
07,0703,070301,1,202211,亞新國土科技股份有限公司,遊憩利用土地,休閒設施,遊樂場所,494.498349910999991,12434.154341499999646,07遊憩利用土地,1.243415434150000
07,0703,070301,1,202211,亞新國土科技股份有限公司,遊憩利用土地,休閒設施,遊樂場所,2530.744967999999972,218009.147626999998465,07遊憩利用土地,21.800914762700000
07,0703,070301,1,202211,亞新國土科技股份有限公司,遊憩利用土地,休閒設施,遊樂場所,742.678508018999992,13618.609116699999504,07遊憩利用土地,1.361860911670000
08,0802,080200,1,202211,亞新國土科技股份有限公司,礦鹽利用土地,土石及相關設施,土石及相關設施,252.753454247000008,2483.620060159999866,08礦鹽利用土地,0.248362006016000
08,0802,080200,1,202211,亞新國土科技股份有限公司,礦鹽利用土地,土石及相關設施,土石及相關設施,194.138189320999999,1978.980188150000004,08礦鹽利用土地,0.197898018815000
08,0802,080200,1,202211,亞新國土科技股份有限公司,礦鹽利用土地,土石及相關設施,土石及相關設施,82.298041350899993,391.550588763000007,08礦鹽利用土地,0.039155058876300
09,0902,090200,0,202211,亞新國土科技股份有限公司,其他利用土地,草生地,草生地,210.241939075999994,1444.188457859999971,09其他利用土地,0.144418845786000
09,0902,090200,0,202211,亞新國土科技股份有限公司,其他利用土地,草生地,草生地,518.204130555999996,12207.265973300000041,09其他利用土地,1.220726597330000
09,0902,090200,0,202211,亞新國土科技股份有限公司,其他利用土地,草生地,草生地,528.347953255999983,2674.185626039999988,09其他利用土地,0.267418562604000
09,0902,090200,0,202211,亞新國土科技股份有限公司,其他利用土地,草生地,草生地,216.383337616999995,2089.037161709999964,09其他利用土地,0.208903716171000
09,0902,090200,0,202211,亞新國土科技股份有限公司,其他利用土地,草生地,草生地,812.679855430999964,9346.259961609999664,09其他利用土地,0.934625996161000
09,0902,090200,0,202211,亞新國土科技股份有限公司,其他利用土地,草生地,草生地,768.288694351999993,13581.911929100000634,09其他利用土地,1.358191192910000
09,0902,090200,0,202211,亞新國土科技股份有限公司,其他利用土地,草生地,草生地,375.769322636000027,2478.506329209999876,09其他利用土地,0.247850632921000
09,0902,090200,0,202211,亞新國土科技股份有限公司,其他利用土地,草生地,草生地,131.818595184000003,859.899966816999950,09其他利用土地,0.085989996681700
09,0902,090200,0,202211,亞新國土科技股份有限公司,其他利用土地,草生地,草生地,132.075789138000005,845.104531132000034,09其他利用土地,0.084510453113200
09,0902,090200,0,202211,亞新國土科技股份有限公司,其他利用土地,草生地,草生地,139.302762465000001,742.389573172000041,09其他利用土地,0.074238957317200
09,0902,090200,0,202211,亞新國土科技股份有限公司,其他利用土地,草生地,草生地,202.782654277000006,1111.763483570000062,09其他利用土地,0.111176348357000
09,0902,090200,0,202211,亞新國土科技股份有限公司,其他利用土地,草生地,草生地,117.729731702999999,499.188098030999981,09其他利用土地,0.049918809803100
09,0902,090200,0,202211,亞新國土科技股份有限公司,其他利用土地,草生地,草生地,102.797339257999994,745.311180005999972,09其他利用土地,0.074531118000600
09,0902,090200,0,202211,亞新國土科技股份有限公司,其他利用土地,草生地,草生地,84.809814682199999,327.194128125000020,09其他利用土地,0.032719412812500
09,0902,090200,0,202211,亞新國土科技股份有限公司,其他利用土地,草生地,草生地,71.786485420000005,374.448365181999975,09其他利用土地,0.037444836518200
09,0902,090200,0,202211,亞新國土科技股份有限公司,其他利用土地,草生地,草生地,136.871871945999999,958.675680312000054,09其他利用土地,0.095867568031200
09,0902,090200,0,202211,亞新國土科技股份有限公司,其他利用土地,草生地,草生地,135.774543152999996,733.826782665999986,09其他利用土地,0.073382678266600
09,0902,090200,0,202211,亞新國土科技股份有限公司,其他利用土地,草生地,草生地,366.589030958000023,2682.971042529999977,09其他利用土地,0.268297104253000
09,0902,090200,0,202211,亞新國土科技股份有限公司,其他利用土地,草生地,草生地,90.928540815999995,444.019742597999993,09其他利用土地,0.044401974259800
09,0902,090200,0,202211,亞新國土科技股份有限公司,其他利用土地,草生地,草生地,176.222268375999988,1112.183451050000031,09其他利用土地,0.111218345105000
09,0902,090200,0,202211,亞新國土科技股份有限公司,其他利用土地,草生地,草生地,122.761698852999999,694.544253873999992,09其他利用土地,0.069454425387400
09,0902,090200,0,202211,亞新國土科技股份有限公司,其他利用土地,草生地,草生地,110.267857321999998,847.378241745999958,09其他利用土地,0.084737824174600
09,0902,090200,0,202211,亞新國土科技股份有限公司,其他利用土地,草生地,草生地,102.725195717000005,365.957295596999984,09其他利用土地,0.036595729559700
09,0902,090200,0,202211,亞新國土科技股份有限公司,其他利用土地,草生地,草生地,218.314077330999993,1837.606798029999936,09其他利用土地,0.183760679803000
09,0902,090200,0,202211,亞新國土科技股份有限公司,其他利用土地,草生地,草生地,122.569914182000005,438.145287731999986,09其他利用土地,0.043814528773200
09,0902,090200,0,202211,亞新國土科技股份有限公司,其他利用土地,草生地,草生地,1179.475826639999923,10354.244534699999349,09其他利用土地,1.035424453470000
09,0902,090200,0,202211,亞新國土科技股份有限公司,其他利用土地,草生地,草生地,183.188181130000004,1052.687476419999939,09其他利用土地,0.105268747642000
09,0902,090200,0,202211,亞新國土科技股份有限公司,其他利用土地,草生地,草生地,225.578569726000012,1342.630465050000112,09其他利用土地,0.134263046505000
09,0902,090200,0,202211,亞新國土科技股份有限公司,其他利用土地,草生地,草生地,113.862554987999999,604.427178022000021,09其他利用土地,0.060442717802200
09,0902,090200,0,202211,亞新國土科技股份有限公司,其他利用土地,草生地,草生地,357.207855871999982,3010.912834019999991,09其他利用土地,0.301091283402000
09,0902,090200,0,202211,亞新國土科技股份有限公司,其他利用土地,草生地,草生地,158.414456535999989,1057.175361770000109,09其他利用土地,0.105717536177000
09,0902,090200,0,202211,亞新國土科技股份有限公司,其他利用土地,草生地,草生地,128.525400953999991,803.514243478000026,09其他利用土地,0.080351424347800
09,0902,090200,0,202211,亞新國土科技股份有限公司,其他利用土地,草生地,草生地,140.836046661000012,958.307883511999989,09其他利用土地,0.095830788351200
09,0902,090200,0,202211,亞新國土科技股份有限公司,其他利用土地,草生地,草生地,219.457328393000012,1541.917361669999991,09其他利用土地,0.154191736167000
09,0902,090200,0,202211,亞新國土科技股份有限公司,其他利用土地,草生地,草生地,135.751440938999991,880.767898454000033,09其他利用土地,0.088076789845400
09,0902,090200,0,202211,亞新國土科技股份有限公司,其他利用土地,草生地,草生地,154.365180301000009,1056.845733749999908,09其他利用土地,0.105684573375000
09,0902,090200,0,202211,亞新國土科技股份有限公司,其他利用土地,草生地,草生地,192.055541178999988,2031.911014009999917,09其他利用土地,0.203191101401000
09,0902,090200,0,202211,亞新國土科技股份有限公司,其他利用土地,草生地,草生地,179.780165645000011,747.122196209999970,09其他利用土地,0.074712219621000
09,0902,090200,0,202211,亞新國土科技股份有限公司,其他利用土地,草生地,草生地,395.578536967999980,4671.285119199999826,09其他利用土地,0.467128511920000
09,0902,090200,0,202211,亞新國土科技股份有限公司,其他利用土地,草生地,草生地,837.746725946999959,34223.543919700001425,09其他利用土地,3.422354391970000
09,0902,090200,0,202211,亞新國土科技股份有限公司,其他利用土地,草生地,草生地,234.718767012000001,1839.853228100000024,09其他利用土地,0.183985322810000
09,0902,090200,0,202211,亞新國土科技股份有限公司,其他利用土地,草生地,草生地,278.190720100000021,1957.363215469999886,09其他利用土地,0.195736321547000
09,0902,090200,0,202211,亞新國土科技股份有限公司,其他利用土地,草生地,草生地,107.962351917999996,736.600174158999948,09其他利用土地,0.073660017415900
09,0902,090200,0,202211,亞新國土科技股份有限公司,其他利用土地,草生地,草生地,150.014585895000010,1075.182380239999929,09其他利用土地,0.107518238024000
09,0902,090200,0,202211,亞新國土科技股份有限公司,其他利用土地,草生地,草生地,127.553773969000005,719.696969210000020,09其他利用土地,0.071969696921000
09,0902,090200,0,202211,亞新國土科技股份有限公司,其他利用土地,草生地,草生地,158.531529127999988,1289.857291110000006,09其他利用土地,0.128985729111000
09,0902,090200,0,202211,亞新國土科技股份有限公司,其他利用土地,草生地,草生地,183.991263212999996,1269.491200530000015,09其他利用土地,0.126949120053000
09,0902,090200,0,202211,亞新國土科技股份有限公司,其他利用土地,草生地,草生地,129.353500282999988,771.113961367999991,09其他利用土地,0.077111396136800
09,0902,090200,0,202211,亞新國土科技股份有限公司,其他利用土地,草生地,草生地,177.759058358999994,1075.392752279999968,09其他利用土地,0.107539275228000
09,0902,090200,0,202211,亞新國土科技股份有限公司,其他利用土地,草生地,草生地,235.893774793999995,1298.421197059999940,09其他利用土地,0.129842119706000
09,0902,090200,0,202211,亞新國土科技股份有限公司,其他利用土地,草生地,草生地,92.140570402600005,369.334906988999990,09其他利用土地,0.036933490698900
09,0902,090200,0,202211,亞新國土科技股份有限公司,其他利用土地,草生地,草生地,184.100504139000009,985.725117451999949,09其他利用土地,0.098572511745200
09,0902,090200,0,202211,亞新國土科技股份有限公司,其他利用土地,草生地,草生地,298.116492574999995,3001.094941209999888,09其他利用土地,0.300109494121000
09,0902,090200,0,202211,亞新國土科技股份有限公司,其他利用土地,草生地,草生地,88.020143269100004,548.232270189000019,09其他利用土地,0.054823227018900
09,0902,090200,0,202211,亞新國土科技股份有限公司,其他利用土地,草生地,草生地,552.609060870000008,4286.304557810000006,09其他利用土地,0.428630455781000
09,0902,090200,0,202211,亞新國土科技股份有限公司,其他利用土地,草生地,草生地,1225.057423239999935,15483.157618200000798,09其他利用土地,1.548315761820000
09,0902,090200,1,202211,亞新國土科技股份有限公司,其他利用土地,草生地,草生地,135.347155530999999,640.840298936999943,09其他利用土地,0.064084029893700
09,0902,090200,1,202211,亞新國土科技股份有限公司,其他利用土地,草生地,草生地,146.209812416999995,803.641287841000008,09其他利用土地,0.080364128784100
09,0902,090200,1,202211,亞新國土科技股份有限公司,其他利用土地,草生地,草生地,860.706214784000053,8854.843104920000769,09其他利用土地,0.885484310492000
09,0902,090200,1,202211,亞新國土科技股份有限公司,其他利用土地,草生地,草生地,1007.102428479999958,8686.067747049999525,09其他利用土地,0.868606774705000
09,0902,090200,1,202211,亞新國土科技股份有限公司,其他利用土地,草生地,草生地,298.067814628000008,2016.024201489999996,09其他利用土地,0.201602420149000
09,0902,090200,1,202211,亞新國土科技股份有限公司,其他利用土地,草生地,草生地,1218.286861340000087,14595.810522100000526,09其他利用土地,1.459581052210000
09,0902,090200,1,202211,亞新國土科技股份有限公司,其他利用土地,草生地,草生地,94.170802412399993,393.316062826000007,09其他利用土地,0.039331606282600
09,0902,090200,1,202211,亞新國土科技股份有限公司,其他利用土地,草生地,草生地,461.360595896000007,3705.290223640000022,09其他利用土地,0.370529022364000
09,0902,090200,1,202211,亞新國土科技股份有限公司,其他利用土地,草生地,草生地,460.826492821999977,6918.065241489999607,09其他利用土地,0.691806524149000
09,0902,090200,1,202211,亞新國土科技股份有限公司,其他利用土地,草生地,草生地,933.977274455000043,16808.665139400000044,09其他利用土地,1.680866513940000
09,0902,090200,1,202211,亞新國土科技股份有限公司,其他利用土地,草生地,草生地,498.043435905000024,7172.334277650000331,09其他利用土地,0.717233427765000
09,0902,090200,1,202211,亞新國土科技股份有限公司,其他利用土地,草生地,草生地,347.338652013000001,5405.238969820000420,09其他利用土地,0.540523896982000
09,0902,090200,1,202211,亞新國土科技股份有限公司,其他利用土地,草生地,草生地,136.891170020999994,928.829433755999958,09其他利用土地,0.092882943375600
09,0902,090200,1,202211,亞新國土科技股份有限公司,其他利用土地,草生地,草生地,362.333107997000013,2035.950082289999955,09其他利用土地,0.203595008229000
09,0902,090200,1,202211,亞新國土科技股份有限公司,其他利用土地,草生地,草生地,422.093888997000022,1721.455949359999977,09其他利用土地,0.172145594936000
09,0902,090200,1,202211,亞新國土科技股份有限公司,其他利用土地,草生地,草生地,301.520816665999973,982.075542458999962,09其他利用土地,0.098207554245900
09,0902,090200,1,202211,亞新國土科技股份有限公司,其他利用土地,草生地,草生地,144.836646365999997,817.447349710000026,09其他利用土地,0.081744734971000
09,0902,090200,2,202211,亞新國土科技股份有限公司,其他利用土地,草生地,草生地,378.695153452999989,5938.795610959999976,09其他利用土地,0.593879561096000
09,0902,090200,2,202211,亞新國土科技股份有限公司,其他利用土地,草生地,草生地,368.745417081000028,2960.317584609999813,09其他利用土地,0.296031758461000
09,0902,090200,2,202211,亞新國土科技股份有限公司,其他利用土地,草生地,草生地,148.496839953000006,998.178642651000018,09其他利用土地,0.099817864265100
09,0902,090200,2,202211,亞新國土科技股份有限公司,其他利用土地,草生地,草生地,889.713939138999990,9865.362668309999208,09其他利用土地,0.986536266831000
09,0902,090200,2,202211,亞新國土科技股份有限公司,其他利用土地,草生地,草生地,372.321663528999977,4993.625137019999784,09其他利用土地,0.499362513702000
09,0902,090200,2,202211,亞新國土科技股份有限公司,其他利用土地,草生地,草生地,154.021685394000002,1092.770648299999948,09其他利用土地,0.109277064830000
09,0902,090200,2,202211,亞新國土科技股份有限公司,其他利用土地,草生地,草生地,203.259395296000008,2426.396221160000096,09其他利用土地,0.242639622116000
09,0902,090200,2,202211,亞新國土科技股份有限公司,其他利用土地,草生地,草生地,601.296265336000033,8474.163174080000317,09其他利用土地,0.847416317408000
09,0902,090200,2,202211,亞新國土科技股份有限公司,其他利用土地,草生地,草生地,279.956556510999974,1744.092202660000112,09其他利用土地,0.174409220266000
09,0902,090200,2,202211,亞新國土科技股份有限公司,其他利用土地,草生地,草生地,246.433261695999988,2737.327411889999894,09其他利用土地,0.273732741189000
09,0902,090200,2,202211,亞新國土科技股份有限公司,其他利用土地,草生地,草生地,277.552257194999981,2763.584794779999811,09其他利用土地,0.276358479478000
09,0902,090200,2,202211,亞新國土科技股份有限公司,其他利用土地,草生地,草生地,163.968982747000013,846.124681848000023,09其他利用土地,0.084612468184800
09,0902,090200,2,202211,亞新國土科技股份有限公司,其他利用土地,草生地,草生地,97.852124543299993,512.530132331000004,09其他利用土地,0.051253013233100
09,0902,090200,2,202211,亞新國土科技股份有限公司,其他利用土地,草生地,草生地,127.029508608000000,907.839115777999950,09其他利用土地,0.090783911577800
09,0902,090200,2,202211,亞新國土科技股份有限公司,其他利用土地,草生地,草生地,235.583808887999993,1650.905607250000003,09其他利用土地,0.165090560725000
09,0902,090200,2,202211,亞新國土科技股份有限公司,其他利用土地,草生地,草生地,380.625521656999979,2191.214850379999916,09其他利用土地,0.219121485038000
09,0902,090200,2,202211,亞新國土科技股份有限公司,其他利用土地,草生地,草生地,92.447284193300007,227.438815201000011,09其他利用土地,0.022743881520100
09,0902,090200,2,202211,亞新國土科技股份有限公司,其他利用土地,草生地,草生地,225.889658610999987,2026.787862789999963,09其他利用土地,0.202678786279000
09,0903,090301,0,202211,亞新國土科技股份有限公司,其他利用土地,裸露地,灘地,858.522251319000020,8413.219404089999443,09其他利用土地,0.841321940409000
09,0903,090301,0,202211,亞新國土科技股份有限公司,其他利用土地,裸露地,灘地,729.674953677999952,6277.456874530000277,09其他利用土地,0.627745687453000
09,0903,090301,0,202211,亞新國土科技股份有限公司,其他利用土地,裸露地,灘地,632.049462640000002,6180.840770099999645,09其他利用土地,0.618084077010000
09,0903,090301,0,202211,亞新國土科技股份有限公司,其他利用土地,裸露地,灘地,657.846157319999975,5456.365924359999553,09其他利用土地,0.545636592436000
09,0903,090301,0,202211,亞新國土科技股份有限公司,其他利用土地,裸露地,灘地,99.212127223200000,442.120891455999981,09其他利用土地,0.044212089145600
09,0903,090301,0,202211,亞新國土科技股份有限公司,其他利用土地,裸露地,灘地,1603.378512499999943,20091.675331800001004,09其他利用土地,2.009167533180000
09,0903,090301,0,202211,亞新國土科技股份有限公司,其他利用土地,裸露地,灘地,426.259725188000004,5099.330663980000281,09其他利用土地,0.509933066398000
09,0903,090301,1,202211,亞新國土科技股份有限公司,其他利用土地,裸露地,灘地,280.577900688999989,1996.774959769999896,09其他利用土地,0.199677495977000
09,0903,090301,1,202211,亞新國土科技股份有限公司,其他利用土地,裸露地,灘地,924.676150236000012,11007.544597699999940,09其他利用土地,1.100754459770000
09,0903,090301,1,202211,亞新國土科技股份有限公司,其他利用土地,裸露地,灘地,1358.399776790000033,15297.348451899999418,09其他利用土地,1.529734845190000
09,0903,090301,1,202211,亞新國土科技股份有限公司,其他利用土地,裸露地,灘地,434.304243240000005,4716.734781299999668,09其他利用土地,0.471673478130000
09,0903,090301,1,202211,亞新國土科技股份有限公司,其他利用土地,裸露地,灘地,1348.411945779999996,35652.555254400002013,09其他利用土地,3.565255525440000
09,0903,090301,1,202211,亞新國土科技股份有限公司,其他利用土地,裸露地,灘地,2578.281967649999842,72949.860393599999952,09其他利用土地,7.294986039360000
09,0903,090301,1,202211,亞新國土科技股份有限公司,其他利用土地,裸露地,灘地,164.189824087999995,892.860955334999971,09其他利用土地,0.089286095533500
09,0903,090301,1,202211,亞新國土科技股份有限公司,其他利用土地,裸露地,灘地,666.333313240000052,3199.003623749999861,09其他利用土地,0.319900362375000
09,0903,090301,1,202211,亞新國土科技股份有限公司,其他利用土地,裸露地,灘地,522.053349303999994,3377.909232729999985,09其他利用土地,0.337790923273000
09,0903,090301,1,202211,亞新國土科技股份有限公司,其他利用土地,裸露地,灘地,272.384610570999996,2049.878594140000132,09其他利用土地,0.204987859414000
09,0903,090301,1,202211,亞新國土科技股份有限公司,其他利用土地,裸露地,灘地,783.128023909000035,10644.149580699999206,09其他利用土地,1.064414958070000
09,0903,090301,1,202211,亞新國土科技股份有限公司,其他利用土地,裸露地,灘地,545.233801480000011,5427.774792850000267,09其他利用土地,0.542777479285000
09,0903,090301,1,202211,亞新國土科技股份有限公司,其他利用土地,裸露地,灘地,592.020029796000017,4535.652817750000395,09其他利用土地,0.453565281775000
09,0903,090301,1,202211,亞新國土科技股份有限公司,其他利用土地,裸露地,灘地,116.773144395000003,357.111171495999997,09其他利用土地,0.035711117149600
09,0903,090301,1,202211,亞新國土科技股份有限公司,其他利用土地,裸露地,灘地,306.364741809999998,2168.987235269999928,09其他利用土地,0.216898723527000
09,0903,090301,1,202211,亞新國土科技股份有限公司,其他利用土地,裸露地,灘地,1091.808208010000044,13142.460033600000315,09其他利用土地,1.314246003360000
09,0903,090301,1,202211,亞新國土科技股份有限公司,其他利用土地,裸露地,灘地,1271.533123339999975,14485.809593600000881,09其他利用土地,1.448580959360000
09,0903,090301,1,202211,亞新國土科技股份有限公司,其他利用土地,裸露地,灘地,320.609932985999990,3602.798611319999964,09其他利用土地,0.360279861132000
09,0903,090301,1,202211,亞新國土科技股份有限公司,其他利用土地,裸露地,灘地,807.825096443999996,6557.292909890000374,09其他利用土地,0.655729290989000
09,0903,090301,1,202211,亞新國土科技股份有限公司,其他利用土地,裸露地,灘地,353.882706315999997,2436.445326059999843,09其他利用土地,0.243644532606000
09,0903,090301,1,202211,亞新國土科技股份有限公司,其他利用土地,裸露地,灘地,605.549550152000052,3463.555386800000178,09其他利用土地,0.346355538680000
09,0903,090301,1,202211,亞新國土科技股份有限公司,其他利用土地,裸露地,灘地,1324.582489220000070,16917.095995100000437,09其他利用土地,1.691709599510000
09,0903,090301,1,202211,亞新國土科技股份有限公司,其他利用土地,裸露地,灘地,973.655782825999950,4313.906141159999606,09其他利用土地,0.431390614116000
09,0903,090302,0,202211,亞新國土科技股份有限公司,其他利用土地,裸露地,崩塌地,117.883873414999996,753.689539835000005,09其他利用土地,0.075368953983500
09,0903,090302,0,202211,亞新國土科技股份有限公司,其他利用土地,裸露地,崩塌地,1082.107289119999905,24765.357857399998466,09其他利用土地,2.476535785740000
09,0903,090302,0,202211,亞新國土科技股份有限公司,其他利用土地,裸露地,崩塌地,103.058783349999999,718.665198558000043,09其他利用土地,0.071866519855800
09,0903,090302,0,202211,亞新國土科技股份有限公司,其他利用土地,裸露地,崩塌地,158.170619066000000,1338.171947600000067,09其他利用土地,0.133817194760000
09,0903,090302,0,202211,亞新國土科技股份有限公司,其他利用土地,裸露地,崩塌地,75.580672314300003,319.335559541999999,09其他利用土地,0.031933555954200
09,0903,090302,0,202211,亞新國土科技股份有限公司,其他利用土地,裸露地,崩塌地,91.570431852900001,426.452735819999987,09其他利用土地,0.042645273582000
09,0903,090302,0,202211,亞新國土科技股份有限公司,其他利用土地,裸露地,崩塌地,170.141450463000012,603.657036697999956,09其他利用土地,0.060365703669800
09,0903,090302,0,202211,亞新國土科技股份有限公司,其他利用土地,裸露地,崩塌地,135.122365027000001,1270.007949110000027,09其他利用土地,0.127000794911000
09,0903,090302,0,202211,亞新國土科技股份有限公司,其他利用土地,裸露地,崩塌地,61.995345946100002,250.456803170000001,09其他利用土地,0.025045680317000
09,0903,090302,0,202211,亞新國土科技股份有限公司,其他利用土地,裸露地,崩塌地,458.551072352000006,6324.052653529999588,09其他利用土地,0.632405265353000
09,0903,090302,0,202211,亞新國土科技股份有限公司,其他利用土地,裸露地,崩塌地,111.522454053999994,726.987709522000046,09其他利用土地,0.072698770952200
09,0903,090302,0,202211,亞新國土科技股份有限公司,其他利用土地,裸露地,崩塌地,120.618310065000003,806.673623478999957,09其他利用土地,0.080667362347900
09,0903,090302,0,202211,亞新國土科技股份有限公司,其他利用土地,裸露地,崩塌地,640.066004130000010,13680.108130099999471,09其他利用土地,1.368010813010000
09,0903,090302,0,202211,亞新國土科技股份有限公司,其他利用土地,裸露地,崩塌地,592.233250340000041,6057.820869680000214,09其他利用土地,0.605782086968000
09,0903,090302,0,202211,亞新國土科技股份有限公司,其他利用土地,裸露地,崩塌地,158.157876982999994,1351.354122360000019,09其他利用土地,0.135135412236000
09,0903,090302,0,202211,亞新國土科技股份有限公司,其他利用土地,裸露地,崩塌地,98.945582142399999,607.627732218999995,09其他利用土地,0.060762773221900
09,0903,090302,0,202211,亞新國土科技股份有限公司,其他利用土地,裸露地,崩塌地,520.926528621999978,6948.626705190000393,09其他利用土地,0.694862670519000
09,0903,090302,0,202211,亞新國土科技股份有限公司,其他利用土地,裸露地,崩塌地,234.677970528999992,2793.311876549999852,09其他利用土地,0.279331187655000
09,0903,090302,0,202211,亞新國土科技股份有限公司,其他利用土地,裸露地,崩塌地,196.691167186999991,1694.429618449999907,09其他利用土地,0.169442961845000
09,0903,090302,0,202211,亞新國土科技股份有限公司,其他利用土地,裸露地,崩塌地,301.369091394999998,1871.734618469999987,09其他利用土地,0.187173461847000
09,0903,090302,0,202211,亞新國土科技股份有限公司,其他利用土地,裸露地,崩塌地,166.143366289999989,903.149604386999954,09其他利用土地,0.090314960438700
09,0903,090302,0,202211,亞新國土科技股份有限公司,其他利用土地,裸露地,崩塌地,311.432977392999987,1899.013289790000044,09其他利用土地,0.189901328979000
09,0903,090302,0,202211,亞新國土科技股份有限公司,其他利用土地,裸露地,崩塌地,58.978083962299998,253.045928699999990,09其他利用土地,0.025304592870000
09,0903,090302,0,202211,亞新國土科技股份有限公司,其他利用土地,裸露地,崩塌地,260.020190704000015,1309.942985800000088,09其他利用土地,0.130994298580000
09,0903,090302,0,202211,亞新國土科技股份有限公司,其他利用土地,裸露地,崩塌地,138.611298839999989,943.837820747000023,09其他利用土地,0.094383782074700
09,0903,090302,0,202211,亞新國土科技股份有限公司,其他利用土地,裸露地,崩塌地,309.086591141999975,1443.145131589999892,09其他利用土地,0.144314513159000
09,0903,090302,0,202211,亞新國土科技股份有限公司,其他利用土地,裸露地,崩塌地,153.650404401000003,1020.682998290000000,09其他利用土地,0.102068299829000
09,0903,090302,0,202211,亞新國土科技股份有限公司,其他利用土地,裸露地,崩塌地,361.989676821999979,2491.469448069999999,09其他利用土地,0.249146944807000
09,0903,090302,0,202211,亞新國土科技股份有限公司,其他利用土地,裸露地,崩塌地,309.488258567999992,2288.468797770000037,09其他利用土地,0.228846879777000
09,0903,090302,0,202211,亞新國土科技股份有限公司,其他利用土地,裸露地,崩塌地,153.632847553999994,790.764073043000053,09其他利用土地,0.079076407304300
09,0903,090302,0,202211,亞新國土科技股份有限公司,其他利用土地,裸露地,崩塌地,1168.961367520000067,15890.626562400000694,09其他利用土地,1.589062656240000
09,0903,090302,0,202211,亞新國土科技股份有限公司,其他利用土地,裸露地,崩塌地,113.371326182999994,450.412072357000000,09其他利用土地,0.045041207235700
09,0903,090302,0,202211,亞新國土科技股份有限公司,其他利用土地,裸露地,崩塌地,763.202757482000038,6628.330653979999624,09其他利用土地,0.662833065398000
09,0903,090302,0,202211,亞新國土科技股份有限公司,其他利用土地,裸露地,崩塌地,126.302741124999997,973.862656603000005,09其他利用土地,0.097386265660300
09,0903,090302,0,202211,亞新國土科技股份有限公司,其他利用土地,裸露地,崩塌地,751.845883338000021,11170.361712800000532,09其他利用土地,1.117036171280000
09,0903,090302,0,202211,亞新國土科技股份有限公司,其他利用土地,裸露地,崩塌地,71.675902599300002,358.606418350000013,09其他利用土地,0.035860641835000
09,0903,090302,0,202211,亞新國土科技股份有限公司,其他利用土地,裸露地,崩塌地,191.207701273999987,1383.472829179999962,09其他利用土地,0.138347282918000
09,0903,090302,0,202211,亞新國土科技股份有限公司,其他利用土地,裸露地,崩塌地,151.036420977000006,654.003414012999997,09其他利用土地,0.065400341401300
09,0903,090302,0,202211,亞新國土科技股份有限公司,其他利用土地,裸露地,崩塌地,243.100057910999993,1551.425998769999978,09其他利用土地,0.155142599877000
09,0903,090302,0,202211,亞新國土科技股份有限公司,其他利用土地,裸露地,崩塌地,94.481517755300004,484.368632403999982,09其他利用土地,0.048436863240400
09,0903,090302,0,202211,亞新國土科技股份有限公司,其他利用土地,裸露地,崩塌地,192.443562465000014,1083.620450449999908,09其他利用土地,0.108362045045000
09,0903,090302,0,202211,亞新國土科技股份有限公司,其他利用土地,裸露地,崩塌地,367.268965460999993,5140.690909339999962,09其他利用土地,0.514069090934000
09,0903,090302,0,202211,亞新國土科技股份有限公司,其他利用土地,裸露地,崩塌地,210.923911776000011,1507.517722529999901,09其他利用土地,0.150751772253000
09,0903,090302,0,202211,亞新國土科技股份有限公司,其他利用土地,裸露地,崩塌地,159.805084880000010,807.102156380999986,09其他利用土地,0.080710215638100
09,0903,090302,0,202211,亞新國土科技股份有限公司,其他利用土地,裸露地,崩塌地,131.329678949999987,983.278850749999947,09其他利用土地,0.098327885075000
09,0903,090302,0,202211,亞新國土科技股份有限公司,其他利用土地,裸露地,崩塌地,185.692802680999989,953.228703193999991,09其他利用土地,0.095322870319400
09,0903,090302,0,202211,亞新國土科技股份有限公司,其他利用土地,裸露地,崩塌地,93.013614735999994,423.066893956000001,09其他利用土地,0.042306689395600
09,0903,090302,0,202211,亞新國土科技股份有限公司,其他利用土地,裸露地,崩塌地,127.683628846999994,833.860729011999979,09其他利用土地,0.083386072901200
09,0903,090302,0,202211,亞新國土科技股份有限公司,其他利用土地,裸露地,崩塌地,78.220898352899994,328.287431571000013,09其他利用土地,0.032828743157100
09,0903,090302,0,202211,亞新國土科技股份有限公司,其他利用土地,裸露地,崩塌地,196.578415336000006,1267.021346140000105,09其他利用土地,0.126702134614000
09,0903,090302,0,202211,亞新國土科技股份有限公司,其他利用土地,裸露地,崩塌地,88.684093352299996,301.848669052999981,09其他利用土地,0.030184866905300
09,0903,090302,0,202211,亞新國土科技股份有限公司,其他利用土地,裸露地,崩塌地,1083.702128789999961,24148.569704400000774,09其他利用土地,2.414856970440000
09,0903,090302,0,202211,亞新國土科技股份有限公司,其他利用土地,裸露地,崩塌地,500.254565382000010,4634.928855320000366,09其他利用土地,0.463492885532000
09,0903,090302,0,202211,亞新國土科技股份有限公司,其他利用土地,裸露地,崩塌地,146.426937239000011,705.956583185999989,09其他利用土地,0.070595658318600
09,0903,090302,0,202211,亞新國土科技股份有限公司,其他利用土地,裸露地,崩塌地,220.886092975999986,1038.848409149999952,09其他利用土地,0.103884840915000
09,0903,090302,0,202211,亞新國土科技股份有限公司,其他利用土地,裸露地,崩塌地,192.958702197999997,766.103122022999969,09其他利用土地,0.076610312202300
09,0903,090302,0,202211,亞新國土科技股份有限公司,其他利用土地,裸露地,崩塌地,209.994396604999991,1211.047463319999906,09其他利用土地,0.121104746332000
09,0903,090302,0,202211,亞新國土科技股份有限公司,其他利用土地,裸露地,崩塌地,766.252087502999984,14544.913121499999761,09其他利用土地,1.454491312150000
09,0903,090302,0,202211,亞新國土科技股份有限公司,其他利用土地,裸露地,崩塌地,369.843893961999981,4643.267695479999929,09其他利用土地,0.464326769548000
09,0903,090302,0,202211,亞新國土科技股份有限公司,其他利用土地,裸露地,崩塌地,99.373691669099998,481.628001083000015,09其他利用土地,0.048162800108300
09,0903,090302,0,202211,亞新國土科技股份有限公司,其他利用土地,裸露地,崩塌地,194.663913933000003,786.766622150999979,09其他利用土地,0.078676662215100
09,0903,090302,0,202211,亞新國土科技股份有限公司,其他利用土地,裸露地,崩塌地,57.977484028299997,144.397934912000011,09其他利用土地,0.014439793491200
09,0903,090302,0,202211,亞新國土科技股份有限公司,其他利用土地,裸露地,崩塌地,112.039758698000000,460.351508895999984,09其他利用土地,0.046035150889600
09,0903,090302,0,202211,亞新國土科技股份有限公司,其他利用土地,裸露地,崩塌地,198.217795082999999,1234.876593749999984,09其他利用土地,0.123487659375000
09,0903,090302,0,202211,亞新國土科技股份有限公司,其他利用土地,裸露地,崩塌地,99.170573376700005,548.297220607999975,09其他利用土地,0.054829722060800
09,0903,090302,0,202211,亞新國土科技股份有限公司,其他利用土地,裸露地,崩塌地,134.268582852000009,523.684962949999999,09其他利用土地,0.052368496295000
09,0903,090302,0,202211,亞新國土科技股份有限公司,其他利用土地,裸露地,崩塌地,285.458603340000025,2520.025928860000022,09其他利用土地,0.252002592886000
09,0903,090302,0,202211,亞新國土科技股份有限公司,其他利用土地,裸露地,崩塌地,33.409571038300001,67.211939259499999,09其他利用土地,0.006721193925950
09,0903,090302,0,202211,亞新國土科技股份有限公司,其他利用土地,裸露地,崩塌地,181.514608772999992,733.289200789999995,09其他利用土地,0.073328920079000
09,0903,090302,0,202211,亞新國土科技股份有限公司,其他利用土地,裸露地,崩塌地,81.738513361399995,218.403784386000012,09其他利用土地,0.021840378438600
09,0903,090302,0,202211,亞新國土科技股份有限公司,其他利用土地,裸露地,崩塌地,117.776084224000002,736.452157585000009,09其他利用土地,0.073645215758500
09,0903,090302,0,202211,亞新國土科技股份有限公司,其他利用土地,裸露地,崩塌地,64.505856099200003,282.250895049999997,09其他利用土地,0.028225089505000
09,0903,090302,0,202211,亞新國土科技股份有限公司,其他利用土地,裸露地,崩塌地,210.184400328999999,1631.669826640000110,09其他利用土地,0.163166982664000
09,0903,090302,0,202211,亞新國土科技股份有限公司,其他利用土地,裸露地,崩塌地,130.079621029999998,1006.526066199999946,09其他利用土地,0.100652606620000
09,0903,090302,0,202211,亞新國土科技股份有限公司,其他利用土地,裸露地,崩塌地,67.090214175000000,303.979517808000026,09其他利用土地,0.030397951780800
09,0903,090302,0,202211,亞新國土科技股份有限公司,其他利用土地,裸露地,崩塌地,135.752932828000013,823.583288244999949,09其他利用土地,0.082358328824500
09,0903,090302,1,202211,亞新國土科技股份有限公司,其他利用土地,裸露地,崩塌地,484.095359493999979,4704.988993349999873,09其他利用土地,0.470498899335000
09,0903,090302,1,202211,亞新國土科技股份有限公司,其他利用土地,裸露地,崩塌地,321.768846157999974,2250.479429080000045,09其他利用土地,0.225047942908000
09,0903,090303,0,202211,亞新國土科技股份有限公司,其他利用土地,裸露地,礁岩,2012.574236500000097,62265.243251300002157,09其他利用土地,6.226524325130000
09,0903,090303,0,202211,亞新國土科技股份有限公司,其他利用土地,裸露地,礁岩,57.979742416999997,183.302197400000011,09其他利用土地,0.018330219740000
09,0903,090303,0,202211,亞新國土科技股份有限公司,其他利用土地,裸露地,礁岩,146.207161004999989,602.773298240000031,09其他利用土地,0.060277329824000
09,0903,090303,0,202211,亞新國土科技股份有限公司,其他利用土地,裸露地,礁岩,148.521456898999986,1627.014214139999922,09其他利用土地,0.162701421414000
09,0903,090303,0,202211,亞新國土科技股份有限公司,其他利用土地,裸露地,礁岩,1084.725857890000043,35144.330128499997954,09其他利用土地,3.514433012850000
09,0903,090303,0,202211,亞新國土科技股份有限公司,其他利用土地,裸露地,礁岩,51.391488170999999,116.115581144999993,09其他利用土地,0.011611558114500
09,0903,090303,0,202211,亞新國土科技股份有限公司,其他利用土地,裸露地,礁岩,280.037608438000007,2935.089778529999876,09其他利用土地,0.293508977853000
09,0903,090303,0,202211,亞新國土科技股份有限公司,其他利用土地,裸露地,礁岩,3487.904469390000031,79992.564147600001888,09其他利用土地,7.999256414760000
09,0903,090303,0,202211,亞新國土科技股份有限公司,其他利用土地,裸露地,礁岩,241.160428082999999,3448.239300300000195,09其他利用土地,0.344823930030000
09,0903,090303,0,202211,亞新國土科技股份有限公司,其他利用土地,裸露地,礁岩,1541.812604969999938,19077.622048400000494,09其他利用土地,1.907762204840000
09,0903,090303,0,202211,亞新國土科技股份有限公司,其他利用土地,裸露地,礁岩,75.110802314899999,221.856211562999988,09其他利用土地,0.022185621156300
09,0903,090303,0,202211,亞新國土科技股份有限公司,其他利用土地,裸露地,礁岩,62.525217664199999,228.053733931000011,09其他利用土地,0.022805373393100
09,0903,090303,0,202211,亞新國土科技股份有限公司,其他利用土地,裸露地,礁岩,263.888822032000007,3550.110958499999924,09其他利用土地,0.355011095850000
09,0903,090303,0,202211,亞新國土科技股份有限公司,其他利用土地,裸露地,礁岩,36.532664154499997,88.738856425999998,09其他利用土地,0.008873885642600
09,0903,090303,0,202211,亞新國土科技股份有限公司,其他利用土地,裸露地,礁岩,272.713399003999996,1410.203157299999930,09其他利用土地,0.141020315730000
09,0903,090303,0,202211,亞新國土科技股份有限公司,其他利用土地,裸露地,礁岩,187.071332968000007,1924.508201899999904,09其他利用土地,0.192450820190000
09,0903,090303,0,202211,亞新國土科技股份有限公司,其他利用土地,裸露地,礁岩,6509.062476459999743,204545.309130999987246,09其他利用土地,20.454530913100001
09,0903,090303,0,202211,亞新國土科技股份有限公司,其他利用土地,裸露地,礁岩,104.877144849000004,352.483150814999988,09其他利用土地,0.035248315081500
09,0903,090303,0,202211,亞新國土科技股份有限公司,其他利用土地,裸露地,礁岩,35.807890673499998,86.925383132799993,09其他利用土地,0.008692538313280
09,0903,090303,0,202211,亞新國土科技股份有限公司,其他利用土地,裸露地,礁岩,48.600836099799999,132.395257028000003,09其他利用土地,0.013239525702800
09,0903,090303,0,202211,亞新國土科技股份有限公司,其他利用土地,裸露地,礁岩,176.179138230000007,969.907596423999962,09其他利用土地,0.096990759642400
09,0903,090303,0,202211,亞新國土科技股份有限公司,其他利用土地,裸露地,礁岩,60.499540173000000,260.694843424999988,09其他利用土地,0.026069484342500
09,0903,090303,0,202211,亞新國土科技股份有限公司,其他利用土地,裸露地,礁岩,249.089887940000011,1795.437613770000098,09其他利用土地,0.179543761377000
09,0903,090303,0,202211,亞新國土科技股份有限公司,其他利用土地,裸露地,礁岩,90.414187685499996,447.705268461000003,09其他利用土地,0.044770526846100
09,0903,090303,0,202211,亞新國土科技股份有限公司,其他利用土地,裸露地,礁岩,71.376075894500005,337.007727772999999,09其他利用土地,0.033700772777300
09,0903,090303,0,202211,亞新國土科技股份有限公司,其他利用土地,裸露地,礁岩,767.778245040999991,11619.446980099999564,09其他利用土地,1.161944698010000
09,0903,090303,0,202211,亞新國土科技股份有限公司,其他利用土地,裸露地,礁岩,187.440643480000006,853.819307954000010,09其他利用土地,0.085381930795400
09,0903,090303,0,202211,亞新國土科技股份有限公司,其他利用土地,裸露地,礁岩,60.129824573100002,256.900045805999980,09其他利用土地,0.025690004580600
09,0903,090303,1,202211,亞新國土科技股份有限公司,其他利用土地,裸露地,礁岩,47.569042264899998,153.401544863999987,09其他利用土地,0.015340154486400
09,0903,090303,1,202211,亞新國土科技股份有限公司,其他利用土地,裸露地,礁岩,561.370706540000015,4976.657398479999756,09其他利用土地,0.497665739848000
09,0903,090303,1,202211,亞新國土科技股份有限公司,其他利用土地,裸露地,礁岩,80.004048061000006,287.220130448000020,09其他利用土地,0.028722013044800
09,0903,090303,1,202211,亞新國土科技股份有限公司,其他利用土地,裸露地,礁岩,127.726469058999996,456.735645616999989,09其他利用土地,0.045673564561700
09,0903,090303,1,202211,亞新國土科技股份有限公司,其他利用土地,裸露地,礁岩,47.346945733299997,97.251296786300003,09其他利用土地,0.009725129678630
09,0903,090303,1,202211,亞新國土科技股份有限公司,其他利用土地,裸露地,礁岩,108.190081523999993,340.620262237000020,09其他利用土地,0.034062026223700
09,0903,090303,1,202211,亞新國土科技股份有限公司,其他利用土地,裸露地,礁岩,115.344358288999999,787.516564625999990,09其他利用土地,0.078751656462600
09,0903,090303,1,202211,亞新國土科技股份有限公司,其他利用土地,裸露地,礁岩,165.527017989999990,1105.246045030000005,09其他利用土地,0.110524604503000
09,0903,090303,1,202211,亞新國土科技股份有限公司,其他利用土地,裸露地,礁岩,125.636816529000001,983.677949018000049,09其他利用土地,0.098367794901800
09,0903,090303,1,202211,亞新國土科技股份有限公司,其他利用土地,裸露地,礁岩,38.602362512299997,79.300228514200001,09其他利用土地,0.007930022851420
09,0903,090303,1,202211,亞新國土科技股份有限公司,其他利用土地,裸露地,礁岩,160.461085899000011,1041.246660389999988,09其他利用土地,0.104124666039000
09,0903,090303,1,202211,亞新國土科技股份有限公司,其他利用土地,裸露地,礁岩,647.993806962000008,12120.547958700000891,09其他利用土地,1.212054795870000
09,0903,090303,1,202211,亞新國土科技股份有限公司,其他利用土地,裸露地,礁岩,6736.420948650000355,224584.483524000010220,09其他利用土地,22.458448352400001
09,0903,090303,1,202211,亞新國土科技股份有限公司,其他利用土地,裸露地,礁岩,187.011499235999992,2014.510351390000096,09其他利用土地,0.201451035139000
09,0903,090303,1,202211,亞新國土科技股份有限公司,其他利用土地,裸露地,礁岩,1055.336775389999957,30071.983466599998792,09其他利用土地,3.007198346660000
09,0903,090303,1,202211,亞新國土科技股份有限公司,其他利用土地,裸露地,礁岩,135.014938215999990,541.714996388000031,09其他利用土地,0.054171499638800
09,0903,090303,1,202211,亞新國土科技股份有限公司,其他利用土地,裸露地,礁岩,1941.577138529999957,18451.805901299998368,09其他利用土地,1.845180590130000
09,0903,090303,1,202211,亞新國土科技股份有限公司,其他利用土地,裸露地,礁岩,719.020691980000038,18995.033798000000388,09其他利用土地,1.899503379800000
09,0903,090303,1,202211,亞新國土科技股份有限公司,其他利用土地,裸露地,礁岩,263.294938692000017,982.554210022000007,09其他利用土地,0.098255421002200
09,0903,090303,1,202211,亞新國土科技股份有限公司,其他利用土地,裸露地,礁岩,402.180176980999988,8213.303446570000233,09其他利用土地,0.821330344657000
09,0903,090303,1,202211,亞新國土科技股份有限公司,其他利用土地,裸露地,礁岩,72.255293265999995,197.707608279999988,09其他利用土地,0.019770760828000
09,0903,090303,1,202211,亞新國土科技股份有限公司,其他利用土地,裸露地,礁岩,342.355890219999992,1697.301593980000007,09其他利用土地,0.169730159398000
09,0903,090303,1,202211,亞新國土科技股份有限公司,其他利用土地,裸露地,礁岩,58.680073236200002,81.970461747399995,09其他利用土地,0.008197046174740
09,0903,090303,1,202211,亞新國土科技股份有限公司,其他利用土地,裸露地,礁岩,260.372573096999986,1555.997899319999988,09其他利用土地,0.155599789932000
09,0903,090303,1,202211,亞新國土科技股份有限公司,其他利用土地,裸露地,礁岩,179.919451275000000,751.353220745000044,09其他利用土地,0.075135322074500
09,0903,090303,1,202211,亞新國土科技股份有限公司,其他利用土地,裸露地,礁岩,151.166862172999998,1025.789041580000003,09其他利用土地,0.102578904158000
09,0903,090303,1,202211,亞新國土科技股份有限公司,其他利用土地,裸露地,礁岩,242.331221096999997,1805.165266830000064,09其他利用土地,0.180516526683000
09,0903,090303,1,202211,亞新國土科技股份有限公司,其他利用土地,裸露地,礁岩,546.152451303000021,5191.095231579999563,09其他利用土地,0.519109523158000
09,0903,090303,1,202211,亞新國土科技股份有限公司,其他利用土地,裸露地,礁岩,245.695752677000002,800.565859957000043,09其他利用土地,0.080056585995700
09,0903,090303,1,202211,亞新國土科技股份有限公司,其他利用土地,裸露地,礁岩,311.811093151000023,3657.793232460000127,09其他利用土地,0.365779323246000
09,0903,090303,1,202211,亞新國土科技股份有限公司,其他利用土地,裸露地,礁岩,281.907421659000022,1080.929026000000022,09其他利用土地,0.108092902600000
09,0903,090303,1,202211,亞新國土科技股份有限公司,其他利用土地,裸露地,礁岩,2342.622212109999964,35812.348221100000956,09其他利用土地,3.581234822110000
09,0903,090303,1,202211,亞新國土科技股份有限公司,其他利用土地,裸露地,礁岩,1692.935713159999978,39227.985954199997650,09其他利用土地,3.922798595420000
09,0903,090303,1,202211,亞新國土科技股份有限公司,其他利用土地,裸露地,礁岩,2304.714868940000088,40251.960479900000792,09其他利用土地,4.025196047990000
09,0903,090303,1,202211,亞新國土科技股份有限公司,其他利用土地,裸露地,礁岩,4003.841344500000105,60870.145202699997753,09其他利用土地,6.087014520270000
09,0905,090501,0,202211,亞新國土科技股份有限公司,其他利用土地,空置地,未使用地,85.509000589300001,364.137473023999974,09其他利用土地,0.036413747302400
09,0905,090501,0,202211,亞新國土科技股份有限公司,其他利用土地,空置地,未使用地,582.688237003000040,2957.047057669999958,09其他利用土地,0.295704705767000
09,0905,090501,0,202211,亞新國土科技股份有限公司,其他利用土地,空置地,未使用地,1064.440721510000003,2407.254024450000088,09其他利用土地,0.240725402445000
09,0905,090501,0,202211,亞新國土科技股份有限公司,其他利用土地,空置地,未使用地,74.174539093000007,255.086242459000005,09其他利用土地,0.025508624245900
09,0905,090501,0,202211,亞新國土科技股份有限公司,其他利用土地,空置地,未使用地,79.604650234299996,321.276209832999996,09其他利用土地,0.032127620983300
09,0905,090501,0,202211,亞新國土科技股份有限公司,其他利用土地,空置地,未使用地,129.319101374000013,351.850722933999975,09其他利用土地,0.035185072293400
09,0905,090501,0,202211,亞新國土科技股份有限公司,其他利用土地,空置地,未使用地,80.583656668499998,409.643389384999978,09其他利用土地,0.040964338938500
09,0905,090501,0,202211,亞新國土科技股份有限公司,其他利用土地,空置地,未使用地,111.740387990000002,475.395710787999974,09其他利用土地,0.047539571078800
09,0905,090501,0,202211,亞新國土科技股份有限公司,其他利用土地,空置地,未使用地,790.396338323999998,31248.404561700001068,09其他利用土地,3.124840456170000
09,0905,090501,0,202211,亞新國土科技股份有限公司,其他利用土地,空置地,未使用地,28.567686661000000,51.080750451999997,09其他利用土地,0.005108075045200
09,0905,090501,0,202211,亞新國土科技股份有限公司,其他利用土地,空置地,未使用地,168.986790331999998,1006.557249999999954,09其他利用土地,0.100655725000000
09,0905,090501,0,202211,亞新國土科技股份有限公司,其他利用土地,空置地,未使用地,581.689672340000016,3980.995066280000174,09其他利用土地,0.398099506628000
09,0905,090501,0,202211,亞新國土科技股份有限公司,其他利用土地,空置地,未使用地,73.673797530399995,302.078418225999997,09其他利用土地,0.030207841822600
09,0905,090501,0,202211,亞新國土科技股份有限公司,其他利用土地,空置地,未使用地,127.093818358999997,661.714168026000038,09其他利用土地,0.066171416802600
09,0905,090501,0,202211,亞新國土科技股份有限公司,其他利用土地,空置地,未使用地,69.152311822900003,265.787011219000021,09其他利用土地,0.026578701121900
09,0905,090501,0,202211,亞新國土科技股份有限公司,其他利用土地,空置地,未使用地,117.235554843000003,278.052855416999989,09其他利用土地,0.027805285541700
09,0905,090501,0,202211,亞新國土科技股份有限公司,其他利用土地,空置地,未使用地,113.978451938000006,148.990037015000013,09其他利用土地,0.014899003701500
09,0905,090501,0,202211,亞新國土科技股份有限公司,其他利用土地,空置地,未使用地,249.980029553999998,1901.663733710000088,09其他利用土地,0.190166373371000
09,0905,090501,0,202211,亞新國土科技股份有限公司,其他利用土地,空置地,未使用地,89.481624544599995,536.102367772999969,09其他利用土地,0.053610236777300
09,0905,090501,0,202211,亞新國土科技股份有限公司,其他利用土地,空置地,未使用地,91.301029293300004,590.252736927000001,09其他利用土地,0.059025273692700
09,0905,090501,0,202211,亞新國土科技股份有限公司,其他利用土地,空置地,未使用地,132.095952922999999,662.533548732999975,09其他利用土地,0.066253354873300
09,0905,090501,0,202211,亞新國土科技股份有限公司,其他利用土地,空置地,未使用地,126.300636124999997,516.810053641999957,09其他利用土地,0.051681005364200
09,0905,090501,0,202211,亞新國土科技股份有限公司,其他利用土地,空置地,未使用地,195.677058987999999,491.194068555000001,09其他利用土地,0.049119406855500
09,0905,090501,0,202211,亞新國土科技股份有限公司,其他利用土地,空置地,未使用地,54.367901736299999,193.346836313000011,09其他利用土地,0.019334683631300
09,0905,090501,0,202211,亞新國土科技股份有限公司,其他利用土地,空置地,未使用地,109.654330759999993,384.006600119999973,09其他利用土地,0.038400660012000
09,0905,090501,0,202211,亞新國土科技股份有限公司,其他利用土地,空置地,未使用地,124.430521501000001,808.554094622999969,09其他利用土地,0.080855409462300
09,0905,090501,0,202211,亞新國土科技股份有限公司,其他利用土地,空置地,未使用地,64.912540382100005,182.830184169999995,09其他利用土地,0.018283018417000
09,0905,090501,0,202211,亞新國土科技股份有限公司,其他利用土地,空置地,未使用地,82.011453253900001,309.648755043999984,09其他利用土地,0.030964875504400
09,0905,090501,0,202211,亞新國土科技股份有限公司,其他利用土地,空置地,未使用地,128.616217452000001,665.991469394999967,09其他利用土地,0.066599146939500
09,0905,090501,0,202211,亞新國土科技股份有限公司,其他利用土地,空置地,未使用地,174.844374808999987,1019.413899649999962,09其他利用土地,0.101941389965000
09,0905,090501,0,202211,亞新國土科技股份有限公司,其他利用土地,空置地,未使用地,64.890170187600006,321.254175250000003,09其他利用土地,0.032125417525000
09,0905,090501,0,202211,亞新國土科技股份有限公司,其他利用土地,空置地,未使用地,150.999967483999995,1457.049022599999944,09其他利用土地,0.145704902260000
09,0905,090501,0,202211,亞新國土科技股份有限公司,其他利用土地,空置地,未使用地,151.137946204999992,1378.763123440000072,09其他利用土地,0.137876312344000
09,0905,090501,0,202211,亞新國土科技股份有限公司,其他利用土地,空置地,未使用地,329.363310843000022,1045.844110530000080,09其他利用土地,0.104584411053000
09,0905,090501,0,202211,亞新國土科技股份有限公司,其他利用土地,空置地,未使用地,97.035732223200000,547.962570944000049,09其他利用土地,0.054796257094400
09,0905,090501,0,202211,亞新國土科技股份有限公司,其他利用土地,空置地,未使用地,276.039686592000010,1488.948058910000100,09其他利用土地,0.148894805891000
09,0905,090501,0,202211,亞新國土科技股份有限公司,其他利用土地,空置地,未使用地,30.376282236100000,57.029940513100001,09其他利用土地,0.005702994051310
09,0905,090501,0,202211,亞新國土科技股份有限公司,其他利用土地,空置地,未使用地,57.123247078799999,190.301771446000004,09其他利用土地,0.019030177144600
09,0905,090501,0,202211,亞新國土科技股份有限公司,其他利用土地,空置地,未使用地,287.818708545999982,2247.546670619999986,09其他利用土地,0.224754667062000
09,0905,090501,0,202211,亞新國土科技股份有限公司,其他利用土地,空置地,未使用地,39.023743237100000,92.000914328400000,09其他利用土地,0.009200091432840
09,0905,090501,0,202211,亞新國土科技股份有限公司,其他利用土地,空置地,未使用地,49.381898121699997,108.313350804999999,09其他利用土地,0.010831335080500
09,0905,090501,0,202211,亞新國土科技股份有限公司,其他利用土地,空置地,未使用地,159.222028497999986,1275.606647509999902,09其他利用土地,0.127560664751000
09,0905,090501,0,202211,亞新國土科技股份有限公司,其他利用土地,空置地,未使用地,501.318825625999978,1995.602975309999920,09其他利用土地,0.199560297531000
09,0905,090501,0,202211,亞新國土科技股份有限公司,其他利用土地,空置地,未使用地,73.380024350699998,328.432178454999985,09其他利用土地,0.032843217845500
09,0905,090501,0,202211,亞新國土科技股份有限公司,其他利用土地,空置地,未使用地,234.812468531000007,1864.056489199999987,09其他利用土地,0.186405648920000
09,0905,090501,0,202211,亞新國土科技股份有限公司,其他利用土地,空置地,未使用地,278.672904650000021,1922.136882289999903,09其他利用土地,0.192213688229000
09,0905,090501,0,202211,亞新國土科技股份有限公司,其他利用土地,空置地,未使用地,81.218939471900001,418.597155163000025,09其他利用土地,0.041859715516300
09,0905,090501,0,202211,亞新國土科技股份有限公司,其他利用土地,空置地,未使用地,147.265522970000006,890.949529384000016,09其他利用土地,0.089094952938400
09,0905,090501,0,202211,亞新國土科技股份有限公司,其他利用土地,空置地,未使用地,121.798230165999996,638.144743519000031,09其他利用土地,0.063814474351900
09,0905,090501,0,202211,亞新國土科技股份有限公司,其他利用土地,空置地,未使用地,108.238930898999996,426.669792792000010,09其他利用土地,0.042666979279200
09,0905,090501,0,202211,亞新國土科技股份有限公司,其他利用土地,空置地,未使用地,110.023561805000000,505.262707728000009,09其他利用土地,0.050526270772800
09,0905,090501,0,202211,亞新國土科技股份有限公司,其他利用土地,空置地,未使用地,76.412020126700000,212.711959231000009,09其他利用土地,0.021271195923100
09,0905,090501,0,202211,亞新國土科技股份有限公司,其他利用土地,空置地,未使用地,423.223410215999991,2986.427672450000046,09其他利用土地,0.298642767245000
09,0905,090501,0,202211,亞新國土科技股份有限公司,其他利用土地,空置地,未使用地,62.855655107099999,245.565878830999992,09其他利用土地,0.024556587883100
09,0905,090501,0,202211,亞新國土科技股份有限公司,其他利用土地,空置地,未使用地,91.090723935200003,615.477633409999953,09其他利用土地,0.061547763341000
09,0905,090501,0,202211,亞新國土科技股份有限公司,其他利用土地,空置地,未使用地,116.392817285000007,456.435564901000021,09其他利用土地,0.045643556490100
09,0905,090501,0,202211,亞新國土科技股份有限公司,其他利用土地,空置地,未使用地,103.351661182000001,415.036698988000012,09其他利用土地,0.041503669898800
09,0905,090501,0,202211,亞新國土科技股份有限公司,其他利用土地,空置地,未使用地,48.485426312900003,113.571242007999999,09其他利用土地,0.011357124200800
09,0905,090501,0,202211,亞新國土科技股份有限公司,其他利用土地,空置地,未使用地,68.043037416199994,257.357366655000021,09其他利用土地,0.025735736665500
09,0905,090501,0,202211,亞新國土科技股份有限公司,其他利用土地,空置地,未使用地,50.497984749499999,79.304071957299996,09其他利用土地,0.007930407195730
09,0905,090501,0,202211,亞新國土科技股份有限公司,其他利用土地,空置地,未使用地,143.457793127999992,721.205669909999983,09其他利用土地,0.072120566991000
09,0905,090501,0,202211,亞新國土科技股份有限公司,其他利用土地,空置地,未使用地,389.482013569000003,1613.477288430000044,09其他利用土地,0.161347728843000
09,0905,090501,0,202211,亞新國土科技股份有限公司,其他利用土地,空置地,未使用地,86.910128056700003,367.212810011999977,09其他利用土地,0.036721281001200
09,0905,090501,0,202211,亞新國土科技股份有限公司,其他利用土地,空置地,未使用地,317.181270191000010,1437.867734899999959,09其他利用土地,0.143786773490000
09,0905,090501,0,202211,亞新國土科技股份有限公司,其他利用土地,空置地,未使用地,117.090785429999997,531.419863715000020,09其他利用土地,0.053141986371500
09,0905,090501,0,202211,亞新國土科技股份有限公司,其他利用土地,空置地,未使用地,264.797727783000028,1830.400222349999922,09其他利用土地,0.183040022235000
09,0905,090501,1,202211,亞新國土科技股份有限公司,其他利用土地,空置地,未使用地,1088.377957140000035,31205.634741000001668,09其他利用土地,3.120563474100000
09,0905,090501,1,202211,亞新國土科技股份有限公司,其他利用土地,空置地,未使用地,202.965379229000007,1031.237581280000086,09其他利用土地,0.103123758128000
09,0905,090501,1,202211,亞新國土科技股份有限公司,其他利用土地,空置地,未使用地,501.891177183000025,5313.717987809999613,09其他利用土地,0.531371798781000
09,0905,090501,1,202211,亞新國土科技股份有限公司,其他利用土地,空置地,未使用地,133.208669729999997,1115.645993910000016,09其他利用土地,0.111564599391000
09,0905,090501,1,202211,亞新國土科技股份有限公司,其他利用土地,空置地,未使用地,173.189873554999991,804.844968783000013,09其他利用土地,0.080484496878300
09,0905,090501,1,202211,亞新國土科技股份有限公司,其他利用土地,空置地,未使用地,204.470651744999998,1818.803830479999988,09其他利用土地,0.181880383048000
09,0905,090501,1,202211,亞新國土科技股份有限公司,其他利用土地,空置地,未使用地,351.350546629999997,2178.404246139999941,09其他利用土地,0.217840424614000
09,0905,090501,1,202211,亞新國土科技股份有限公司,其他利用土地,空置地,未使用地,68.713425956699993,208.531514560000005,09其他利用土地,0.020853151456000
09,0905,090501,1,202211,亞新國土科技股份有限公司,其他利用土地,空置地,未使用地,76.332872721499996,204.236601951000011,09其他利用土地,0.020423660195100
09,0905,090501,1,202211,亞新國土科技股份有限公司,其他利用土地,空置地,未使用地,90.938638173900003,419.425525619999974,09其他利用土地,0.041942552562000
09,0905,090501,1,202211,亞新國土科技股份有限公司,其他利用土地,空置地,未使用地,22.560725551699999,13.488869262900000,09其他利用土地,0.001348886926290
09,0905,090501,1,202211,亞新國土科技股份有限公司,其他利用土地,空置地,未使用地,578.298847134999960,4139.441188349999720,09其他利用土地,0.413944118835000
09,0905,090501,1,202211,亞新國土科技股份有限公司,其他利用土地,空置地,未使用地,1422.455463199999940,18560.120492999998532,09其他利用土地,1.856012049300000
09,0905,090501,1,202211,亞新國土科技股份有限公司,其他利用土地,空置地,未使用地,703.592996616000050,7808.320204530000410,09其他利用土地,0.780832020453000
09,0905,090501,1,202211,亞新國土科技股份有限公司,其他利用土地,空置地,未使用地,45.309391413400000,102.028068164999993,09其他利用土地,0.010202806816500
09,0905,090501,1,202211,亞新國土科技股份有限公司,其他利用土地,空置地,未使用地,261.779053891999979,1538.131948010000087,09其他利用土地,0.153813194801000
09,0905,090501,1,202211,亞新國土科技股份有限公司,其他利用土地,空置地,未使用地,72.213323661100006,243.599273137000012,09其他利用土地,0.024359927313700
09,0905,090501,1,202211,亞新國土科技股份有限公司,其他利用土地,空置地,未使用地,691.743582106999952,2893.978258380000170,09其他利用土地,0.289397825838000
09,0905,090501,1,202211,亞新國土科技股份有限公司,其他利用土地,空置地,未使用地,59.195247760500003,143.651266663000001,09其他利用土地,0.014365126666300
09,0905,090501,1,202211,亞新國土科技股份有限公司,其他利用土地,空置地,未使用地,102.998718831999994,654.833721844000024,09其他利用土地,0.065483372184400
09,0905,090501,1,202211,亞新國土科技股份有限公司,其他利用土地,空置地,未使用地,93.874836392199995,507.555800092000027,09其他利用土地,0.050755580009200
09,0905,090501,1,202211,亞新國土科技股份有限公司,其他利用土地,空置地,未使用地,140.303754881999993,990.746662536000031,09其他利用土地,0.099074666253600
09,0905,090501,1,202211,亞新國土科技股份有限公司,其他利用土地,空置地,未使用地,132.110112598000001,812.800076843000056,09其他利用土地,0.081280007684300
09,0905,090501,1,202211,亞新國土科技股份有限公司,其他利用土地,空置地,未使用地,139.775267729999996,1209.306310510000003,09其他利用土地,0.120930631051000
09,0905,090501,1,202211,亞新國土科技股份有限公司,其他利用土地,空置地,未使用地,101.492769902000006,639.942565597999987,09其他利用土地,0.063994256559800
09,0905,090501,1,202211,亞新國土科技股份有限公司,其他利用土地,空置地,未使用地,266.919120129000021,1731.858200039999929,09其他利用土地,0.173185820004000
09,0905,090501,1,202211,亞新國土科技股份有限公司,其他利用土地,空置地,未使用地,80.930694429300004,340.796514791999982,09其他利用土地,0.034079651479200
09,0905,090501,1,202211,亞新國土科技股份有限公司,其他利用土地,空置地,未使用地,129.655984523999990,511.270150344999990,09其他利用土地,0.051127015034500
09,0905,090501,1,202211,亞新國土科技股份有限公司,其他利用土地,空置地,未使用地,1222.943134160000000,12588.315296700000545,09其他利用土地,1.258831529670000
09,0905,090501,1,202211,亞新國土科技股份有限公司,其他利用土地,空置地,未使用地,125.505465029000007,383.311044709999976,09其他利用土地,0.038331104471000
09,0905,090501,1,202211,亞新國土科技股份有限公司,其他利用土地,空置地,未使用地,342.627810849000014,2128.777822850000121,09其他利用土地,0.212877782285000
09,0905,090501,1,202211,亞新國土科技股份有限公司,其他利用土地,空置地,未使用地,37.293258202899999,67.198980015900005,09其他利用土地,0.006719898001590
09,0905,090501,1,202211,亞新國土科技股份有限公司,其他利用土地,空置地,未使用地,142.217807033000014,569.468791907999957,09其他利用土地,0.056946879190800
09,0905,090501,1,202211,亞新國土科技股份有限公司,其他利用土地,空置地,未使用地,28.241216875799999,49.694004028899997,09其他利用土地,0.004969400402890
09,0905,090501,1,202211,亞新國土科技股份有限公司,其他利用土地,空置地,未使用地,328.362068941000018,2055.360319360000176,09其他利用土地,0.205536031936000
09,0905,090501,1,202211,亞新國土科技股份有限公司,其他利用土地,空置地,未使用地,93.876512355700001,385.533888348000005,09其他利用土地,0.038553388834800
09,0905,090501,1,202211,亞新國土科技股份有限公司,其他利用土地,空置地,未使用地,269.243459992999988,1100.838794409999991,09其他利用土地,0.110083879441000
09,0905,090501,1,202211,亞新國土科技股份有限公司,其他利用土地,空置地,未使用地,41.434706945499997,94.589697296200001,09其他利用土地,0.009458969729620
09,0905,090501,1,202211,亞新國土科技股份有限公司,其他利用土地,空置地,未使用地,171.934223699000000,1592.754644910000025,09其他利用土地,0.159275464491000
09,0905,090501,1,202211,亞新國土科技股份有限公司,其他利用土地,空置地,未使用地,106.050980589000005,699.844915690999983,09其他利用土地,0.069984491569100
09,0905,090501,1,202211,亞新國土科技股份有限公司,其他利用土地,空置地,未使用地,193.664575315999997,1414.489539659999991,09其他利用土地,0.141448953966000
09,0905,090501,1,202211,亞新國土科技股份有限公司,其他利用土地,空置地,未使用地,87.720912004200002,416.940595319000010,09其他利用土地,0.041694059531900
09,0905,090501,1,202211,亞新國土科技股份有限公司,其他利用土地,空置地,未使用地,95.930666271000007,251.256794090000000,09其他利用土地,0.025125679409000
09,0905,090501,1,202211,亞新國土科技股份有限公司,其他利用土地,空置地,未使用地,248.168479042000001,1667.311674369999992,09其他利用土地,0.166731167437000
09,0905,090501,1,202211,亞新國土科技股份有限公司,其他利用土地,空置地,未使用地,118.583674798000004,340.000666732000013,09其他利用土地,0.034000066673200
09,0905,090501,1,202211,亞新國土科技股份有限公司,其他利用土地,空置地,未使用地,123.173431891999996,798.617098056000032,09其他利用土地,0.079861709805600
09,0905,090501,1,202211,亞新國土科技股份有限公司,其他利用土地,空置地,未使用地,58.649883002999999,119.576088159999998,09其他利用土地,0.011957608816000
09,0905,090501,1,202211,亞新國土科技股份有限公司,其他利用土地,空置地,未使用地,261.860496422999972,1021.464328939999973,09其他利用土地,0.102146432894000
09,0905,090501,1,202211,亞新國土科技股份有限公司,其他利用土地,空置地,未使用地,90.151318085100002,389.416456240999992,09其他利用土地,0.038941645624100
09,0905,090501,1,202211,亞新國土科技股份有限公司,其他利用土地,空置地,未使用地,640.961179510999955,6762.281208569999762,09其他利用土地,0.676228120857000
09,0905,090501,1,202211,亞新國土科技股份有限公司,其他利用土地,空置地,未使用地,1167.725071139999955,13419.214679900000192,09其他利用土地,1.341921467990000
09,0905,090501,1,202211,亞新國土科技股份有限公司,其他利用土地,空置地,未使用地,329.174824650000005,3901.479115520000050,09其他利用土地,0.390147911552000
09,0905,090501,1,202211,亞新國土科技股份有限公司,其他利用土地,空置地,未使用地,626.623334762000013,9276.578694149999137,09其他利用土地,0.927657869415000
09,0905,090501,1,202211,亞新國土科技股份有限公司,其他利用土地,空置地,未使用地,81.415318414300003,210.282734981000004,09其他利用土地,0.021028273498100
09,0905,090501,1,202211,亞新國土科技股份有限公司,其他利用土地,空置地,未使用地,687.373593157999949,8416.966164159999607,09其他利用土地,0.841696616416000
09,0905,090501,1,202211,亞新國土科技股份有限公司,其他利用土地,空置地,未使用地,230.640532172999997,1925.611738589999959,09其他利用土地,0.192561173859000
09,0905,090501,1,202211,亞新國土科技股份有限公司,其他利用土地,空置地,未使用地,522.218684454000027,5015.867724490000001,09其他利用土地,0.501586772449000
09,0905,090501,1,202211,亞新國土科技股份有限公司,其他利用土地,空置地,未使用地,249.516591656999992,1783.571157339999900,09其他利用土地,0.178357115734000
09,0905,090501,1,202211,亞新國土科技股份有限公司,其他利用土地,空置地,未使用地,217.908025339999995,953.901402080000025,09其他利用土地,0.095390140208000
09,0905,090501,1,202211,亞新國土科技股份有限公司,其他利用土地,空置地,未使用地,121.237640704000000,261.795641204999981,09其他利用土地,0.026179564120500
09,0905,090501,1,202211,亞新國土科技股份有限公司,其他利用土地,空置地,未使用地,881.196381691000056,10343.797580300000845,09其他利用土地,1.034379758030000
09,0905,090501,1,202211,亞新國土科技股份有限公司,其他利用土地,空置地,未使用地,122.747451256000005,703.251897450000001,09其他利用土地,0.070325189745000
09,0905,090501,1,202211,亞新國土科技股份有限公司,其他利用土地,空置地,未使用地,144.368925120999990,1202.662080079999896,09其他利用土地,0.120266208008000
09,0905,090501,1,202211,亞新國土科技股份有限公司,其他利用土地,空置地,未使用地,83.054237584000006,148.333404433999988,09其他利用土地,0.014833340443400
09,0905,090501,1,202211,亞新國土科技股份有限公司,其他利用土地,空置地,未使用地,29.055017468100001,47.882197276799999,09其他利用土地,0.004788219727680
09,0905,090501,1,202211,亞新國土科技股份有限公司,其他利用土地,空置地,未使用地,109.295069592000004,272.012897221999992,09其他利用土地,0.027201289722200
09,0905,090501,1,202211,亞新國土科技股份有限公司,其他利用土地,空置地,未使用地,248.085134199000009,1828.034810529999959,09其他利用土地,0.182803481053000
09,0905,090501,1,202211,亞新國土科技股份有限公司,其他利用土地,空置地,未使用地,205.329226497000008,1746.211955149999994,09其他利用土地,0.174621195515000
09,0905,090501,1,202211,亞新國土科技股份有限公司,其他利用土地,空置地,未使用地,118.412667975000005,358.872228924000012,09其他利用土地,0.035887222892400
09,0905,090501,1,202211,亞新國土科技股份有限公司,其他利用土地,空置地,未使用地,75.100338467900002,348.205189699000016,09其他利用土地,0.034820518969900
09,0905,090501,1,202211,亞新國土科技股份有限公司,其他利用土地,空置地,未使用地,77.593432408699996,255.900170124999988,09其他利用土地,0.025590017012500
09,0905,090501,1,202211,亞新國土科技股份有限公司,其他利用土地,空置地,未使用地,89.579074464000001,296.369684323000001,09其他利用土地,0.029636968432300
09,0905,090501,1,202211,亞新國土科技股份有限公司,其他利用土地,空置地,未使用地,181.315844696999989,902.001039513000023,09其他利用土地,0.090200103951300
09,0905,090501,1,202211,亞新國土科技股份有限公司,其他利用土地,空置地,未使用地,358.368569851000018,3982.595908849999887,09其他利用土地,0.398259590885000
09,0905,090501,1,202211,亞新國土科技股份有限公司,其他利用土地,空置地,未使用地,76.131346385900002,223.227626942999990,09其他利用土地,0.022322762694300
09,0905,090501,1,202211,亞新國土科技股份有限公司,其他利用土地,空置地,未使用地,109.845527352000005,476.016773800000010,09其他利用土地,0.047601677380000
09,0905,090501,1,202211,亞新國土科技股份有限公司,其他利用土地,空置地,未使用地,75.929211731199999,175.437000756999993,09其他利用土地,0.017543700075700
09,0905,090501,1,202211,亞新國土科技股份有限公司,其他利用土地,空置地,未使用地,160.477289877999993,1115.255013859999963,09其他利用土地,0.111525501386000
09,0905,090501,1,202211,亞新國土科技股份有限公司,其他利用土地,空置地,未使用地,58.078067836499997,178.622665673000000,09其他利用土地,0.017862266567300
09,0905,090501,1,202211,亞新國土科技股份有限公司,其他利用土地,空置地,未使用地,111.085072733999993,435.657298933999982,09其他利用土地,0.043565729893400
09,0905,090501,1,202211,亞新國土科技股份有限公司,其他利用土地,空置地,未使用地,120.303815603999993,473.928425780999987,09其他利用土地,0.047392842578100
09,0905,090501,1,202211,亞新國土科技股份有限公司,其他利用土地,空置地,未使用地,255.721321627999998,1566.078640819999919,09其他利用土地,0.156607864082000
09,0905,090501,1,202211,亞新國土科技股份有限公司,其他利用土地,空置地,未使用地,40.679847598300000,85.575133439599995,09其他利用土地,0.008557513343960
09,0905,090501,1,202211,亞新國土科技股份有限公司,其他利用土地,空置地,未使用地,50.166833402400002,161.869279124999991,09其他利用土地,0.016186927912500
09,0905,090501,1,202211,亞新國土科技股份有限公司,其他利用土地,空置地,未使用地,122.865449440000006,748.641054951999990,09其他利用土地,0.074864105495200
09,0905,090501,1,202211,亞新國土科技股份有限公司,其他利用土地,空置地,未使用地,83.134366699400005,201.091442281000013,09其他利用土地,0.020109144228100
09,0905,090501,1,202211,亞新國土科技股份有限公司,其他利用土地,空置地,未使用地,73.674174718200007,256.882476272000019,09其他利用土地,0.025688247627200
09,0905,090501,1,202211,亞新國土科技股份有限公司,其他利用土地,空置地,未使用地,47.227307508000003,120.003084869999995,09其他利用土地,0.012000308487000
09,0905,090501,1,202211,亞新國土科技股份有限公司,其他利用土地,空置地,未使用地,30.209666262799999,56.649647817499996,09其他利用土地,0.005664964781750
09,0905,090501,1,202211,亞新國土科技股份有限公司,其他利用土地,空置地,未使用地,136.148244892999998,1008.714040899999986,09其他利用土地,0.100871404090000
09,0905,090501,1,202211,亞新國土科技股份有限公司,其他利用土地,空置地,未使用地,1121.486467039999980,11272.308581699999195,09其他利用土地,1.127230858170000
09,0905,090501,1,202211,亞新國土科技股份有限公司,其他利用土地,空置地,未使用地,131.348839209000005,738.161329076000015,09其他利用土地,0.073816132907600
09,0905,090501,1,202211,亞新國土科技股份有限公司,其他利用土地,空置地,未使用地,36.035371002900000,94.072518255700004,09其他利用土地,0.009407251825570
09,0905,090501,1,202211,亞新國土科技股份有限公司,其他利用土地,空置地,未使用地,59.413073664800002,100.186812625000002,09其他利用土地,0.010018681262500
09,0905,090501,1,202211,亞新國土科技股份有限公司,其他利用土地,空置地,未使用地,1366.734221960000013,9379.408790229999795,09其他利用土地,0.937940879023000
09,0905,090501,1,202211,亞新國土科技股份有限公司,其他利用土地,空置地,未使用地,466.037999393999996,7502.822535309999694,09其他利用土地,0.750282253531000
09,0905,090501,1,202211,亞新國土科技股份有限公司,其他利用土地,空置地,未使用地,97.996044976500002,637.627816724000013,09其他利用土地,0.063762781672400
09,0905,090501,1,202211,亞新國土科技股份有限公司,其他利用土地,空置地,未使用地,237.345221804000005,1512.661865260000013,09其他利用土地,0.151266186526000
09,0905,090501,1,202211,亞新國土科技股份有限公司,其他利用土地,空置地,未使用地,116.139799499000006,648.436933068000030,09其他利用土地,0.064843693306800
09,0905,090501,1,202211,亞新國土科技股份有限公司,其他利用土地,空置地,未使用地,1928.080817560000014,42716.198895599998650,09其他利用土地,4.271619889560000
09,0905,090501,1,202211,亞新國土科技股份有限公司,其他利用土地,空置地,未使用地,123.733110214000007,634.062013657999955,09其他利用土地,0.063406201365800
09,0905,090501,1,202211,亞新國土科技股份有限公司,其他利用土地,空置地,未使用地,36.260710473899998,52.289517446300003,09其他利用土地,0.005228951744630
09,0905,090501,1,202211,亞新國土科技股份有限公司,其他利用土地,空置地,未使用地,49.988041757200001,94.903033447499993,09其他利用土地,0.009490303344750
09,0905,090501,1,202211,亞新國土科技股份有限公司,其他利用土地,空置地,未使用地,134.333470745000000,516.432760807000022,09其他利用土地,0.051643276080700
09,0905,090501,1,202211,亞新國土科技股份有限公司,其他利用土地,空置地,未使用地,975.024195102000022,18487.271156499999051,09其他利用土地,1.848727115650000
09,0905,090501,1,202211,亞新國土科技股份有限公司,其他利用土地,空置地,未使用地,313.951173616000005,910.798586404000048,09其他利用土地,0.091079858640400
09,0905,090501,1,202211,亞新國土科技股份有限公司,其他利用土地,空置地,未使用地,180.174632362000011,272.617067347999978,09其他利用土地,0.027261706734800
09,0905,090501,1,202211,亞新國土科技股份有限公司,其他利用土地,空置地,未使用地,191.590110608000003,364.709273702000019,09其他利用土地,0.036470927370200
09,0905,090501,1,202211,亞新國土科技股份有限公司,其他利用土地,空置地,未使用地,52.998157717100000,124.314846519000000,09其他利用土地,0.012431484651900
09,0905,090501,1,202211,亞新國土科技股份有限公司,其他利用土地,空置地,未使用地,156.514904827000009,1192.729384060000029,09其他利用土地,0.119272938406000
09,0905,090501,1,202211,亞新國土科技股份有限公司,其他利用土地,空置地,未使用地,74.543464209400000,248.667556155000000,09其他利用土地,0.024866755615500
09,0905,090501,1,202211,亞新國土科技股份有限公司,其他利用土地,空置地,未使用地,206.052369402000011,1355.499232639999946,09其他利用土地,0.135549923264000
09,0905,090501,1,202211,亞新國土科技股份有限公司,其他利用土地,空置地,未使用地,1019.632666230000041,10844.672432900000786,09其他利用土地,1.084467243290000
09,0905,090501,1,202211,亞新國土科技股份有限公司,其他利用土地,空置地,未使用地,18.780221688899999,21.437724071800002,09其他利用土地,0.002143772407180
09,0905,090501,1,202211,亞新國土科技股份有限公司,其他利用土地,空置地,未使用地,118.559526026000000,310.852680765000002,09其他利用土地,0.031085268076500
09,0905,090501,1,202211,亞新國土科技股份有限公司,其他利用土地,空置地,未使用地,705.410857584000041,8268.863509580000027,09其他利用土地,0.826886350958000
09,0905,090501,1,202211,亞新國土科技股份有限公司,其他利用土地,空置地,未使用地,97.216282302099998,448.263171484999987,09其他利用土地,0.044826317148500
09,0905,090501,1,202211,亞新國土科技股份有限公司,其他利用土地,空置地,未使用地,46.552021779599997,121.693719959999996,09其他利用土地,0.012169371996000
09,0905,090501,1,202211,亞新國土科技股份有限公司,其他利用土地,空置地,未使用地,71.852785865900003,150.290531452000010,09其他利用土地,0.015029053145200
09,0905,090501,1,202211,亞新國土科技股份有限公司,其他利用土地,空置地,未使用地,100.816280888999998,376.848738238999999,09其他利用土地,0.037684873823900
09,0905,090501,1,202211,亞新國土科技股份有限公司,其他利用土地,空置地,未使用地,1186.005535759999930,11967.490417499999239,09其他利用土地,1.196749041750000
09,0905,090501,1,202211,亞新國土科技股份有限公司,其他利用土地,空置地,未使用地,322.620270969999979,4549.400683609999760,09其他利用土地,0.454940068361000
09,0905,090501,1,202211,亞新國土科技股份有限公司,其他利用土地,空置地,未使用地,155.948628899999989,869.477653736999969,09其他利用土地,0.086947765373700
09,0905,090501,1,202211,亞新國土科技股份有限公司,其他利用土地,空置地,未使用地,115.971363593999996,565.337503279999964,09其他利用土地,0.056533750328000
09,0905,090501,1,202211,亞新國土科技股份有限公司,其他利用土地,空置地,未使用地,230.986671400999995,870.060764139999947,09其他利用土地,0.087006076414000
09,0905,090501,1,202211,亞新國土科技股份有限公司,其他利用土地,空置地,未使用地,251.156092878999999,1289.337689120000050,09其他利用土地,0.128933768912000
09,0905,090501,1,202211,亞新國土科技股份有限公司,其他利用土地,空置地,未使用地,101.676978333999998,304.595252931999994,09其他利用土地,0.030459525293200
09,0905,090501,1,202211,亞新國土科技股份有限公司,其他利用土地,空置地,未使用地,349.415212055999973,4689.512510620000285,09其他利用土地,0.468951251062000
09,0905,090501,1,202211,亞新國土科技股份有限公司,其他利用土地,空置地,未使用地,74.182252721200001,291.976919361999990,09其他利用土地,0.029197691936200
09,0905,090501,1,202211,亞新國土科技股份有限公司,其他利用土地,空置地,未使用地,1090.765668609999921,16702.586040400001366,09其他利用土地,1.670258604040000
09,0905,090501,1,202211,亞新國土科技股份有限公司,其他利用土地,空置地,未使用地,107.407466493000001,417.908904242000006,09其他利用土地,0.041790890424200
09,0905,090501,1,202211,亞新國土科技股份有限公司,其他利用土地,空置地,未使用地,370.021274672000004,3185.841725190000034,09其他利用土地,0.318584172519000
09,0905,090501,1,202211,亞新國土科技股份有限公司,其他利用土地,空置地,未使用地,132.872363642000010,299.403226022000013,09其他利用土地,0.029940322602200
09,0905,090501,1,202211,亞新國土科技股份有限公司,其他利用土地,空置地,未使用地,32.506984528899999,65.179226298700002,09其他利用土地,0.006517922629870
09,0905,090501,1,202211,亞新國土科技股份有限公司,其他利用土地,空置地,未使用地,67.302731129999998,235.966260718999990,09其他利用土地,0.023596626071900
09,0905,090501,1,202211,亞新國土科技股份有限公司,其他利用土地,空置地,未使用地,104.381452053000004,249.848358012000006,09其他利用土地,0.024984835801200
09,0905,090501,1,202211,亞新國土科技股份有限公司,其他利用土地,空置地,未使用地,26.861857350299999,41.100520954099999,09其他利用土地,0.004110052095410
09,0905,090501,1,202211,亞新國土科技股份有限公司,其他利用土地,空置地,未使用地,110.511523412000003,332.474569490000022,09其他利用土地,0.033247456949000
09,0905,090501,1,202211,亞新國土科技股份有限公司,其他利用土地,空置地,未使用地,125.221001330999997,154.977750022000009,09其他利用土地,0.015497775002200
09,0905,090501,1,202211,亞新國土科技股份有限公司,其他利用土地,空置地,未使用地,108.092747927999994,502.548407526000005,09其他利用土地,0.050254840752600
09,0905,090501,1,202211,亞新國土科技股份有限公司,其他利用土地,空置地,未使用地,97.639963073499999,469.156705620000025,09其他利用土地,0.046915670562000
09,0905,090501,1,202211,亞新國土科技股份有限公司,其他利用土地,空置地,未使用地,54.251148015200002,167.390341758999995,09其他利用土地,0.016739034175900
09,0905,090501,1,202211,亞新國土科技股份有限公司,其他利用土地,空置地,未使用地,230.217372055999988,1497.478187220000109,09其他利用土地,0.149747818722000
09,0905,090501,1,202211,亞新國土科技股份有限公司,其他利用土地,空置地,未使用地,186.531758244999992,398.477539865999972,09其他利用土地,0.039847753986600
09,0905,090501,1,202211,亞新國土科技股份有限公司,其他利用土地,空置地,未使用地,288.725434711999981,2022.232980649999945,09其他利用土地,0.202223298065000
09,0905,090501,1,202211,亞新國土科技股份有限公司,其他利用土地,空置地,未使用地,148.506116295999988,666.530605423999987,09其他利用土地,0.066653060542400
09,0905,090501,1,202211,亞新國土科技股份有限公司,其他利用土地,空置地,未使用地,42.462393709799997,112.153728462000004,09其他利用土地,0.011215372846200
09,0905,090501,1,202211,亞新國土科技股份有限公司,其他利用土地,空置地,未使用地,466.844398314999978,5006.390846629999942,09其他利用土地,0.500639084663000
09,0905,090501,1,202211,亞新國土科技股份有限公司,其他利用土地,空置地,未使用地,404.116303108000011,3170.048432279999815,09其他利用土地,0.317004843228000
09,0905,090501,1,202211,亞新國土科技股份有限公司,其他利用土地,空置地,未使用地,1979.833485330000030,14947.344116199999917,09其他利用土地,1.494734411620000
09,0905,090501,1,202211,亞新國土科技股份有限公司,其他利用土地,空置地,未使用地,751.088265177000039,4690.454786809999860,09其他利用土地,0.469045478681000
09,0905,090501,1,202211,亞新國土科技股份有限公司,其他利用土地,空置地,未使用地,39.709592287100001,52.717811454900001,09其他利用土地,0.005271781145490
09,0905,090501,1,202211,亞新國土科技股份有限公司,其他利用土地,空置地,未使用地,66.416416608700004,174.295815607999998,09其他利用土地,0.017429581560800
09,0905,090501,1,202211,亞新國土科技股份有限公司,其他利用土地,空置地,未使用地,123.953540774999993,980.821668032000048,09其他利用土地,0.098082166803200
09,0905,090501,1,202211,亞新國土科技股份有限公司,其他利用土地,空置地,未使用地,82.654044531300002,435.055488341999990,09其他利用土地,0.043505548834200
09,0905,090501,1,202211,亞新國土科技股份有限公司,其他利用土地,空置地,未使用地,54.585603316899999,174.384799660999988,09其他利用土地,0.017438479966100
09,0905,090501,1,202211,亞新國土科技股份有限公司,其他利用土地,空置地,未使用地,48.204933060499997,131.008076391000003,09其他利用土地,0.013100807639100
09,0905,090501,1,202211,亞新國土科技股份有限公司,其他利用土地,空置地,未使用地,244.964880880999999,1669.023658059999889,09其他利用土地,0.166902365806000
09,0905,090501,1,202211,亞新國土科技股份有限公司,其他利用土地,空置地,未使用地,57.379319322500002,175.349182664000011,09其他利用土地,0.017534918266400
09,0905,090501,1,202211,亞新國土科技股份有限公司,其他利用土地,空置地,未使用地,58.167026431499998,176.879854416000001,09其他利用土地,0.017687985441600
09,0905,090501,1,202211,亞新國土科技股份有限公司,其他利用土地,空置地,未使用地,29.433407376200002,51.273724728300003,09其他利用土地,0.005127372472830
09,0905,090501,1,202211,亞新國土科技股份有限公司,其他利用土地,空置地,未使用地,32.756738079400002,43.645303824300001,09其他利用土地,0.004364530382430
09,0905,090501,1,202211,亞新國土科技股份有限公司,其他利用土地,空置地,未使用地,58.206131607000003,199.520199276000000,09其他利用土地,0.019952019927600
09,0905,090501,1,202211,亞新國土科技股份有限公司,其他利用土地,空置地,未使用地,29.158962015600000,39.672985182399998,09其他利用土地,0.003967298518240
09,0905,090501,1,202211,亞新國土科技股份有限公司,其他利用土地,空置地,未使用地,46.801722101000003,80.425463210800004,09其他利用土地,0.008042546321080
09,0905,090501,1,202211,亞新國土科技股份有限公司,其他利用土地,空置地,未使用地,118.185077054999994,724.474159718000010,09其他利用土地,0.072447415971800
09,0905,090501,1,202211,亞新國土科技股份有限公司,其他利用土地,空置地,未使用地,175.585659271999987,875.095640200000048,09其他利用土地,0.087509564020000
09,0905,090501,1,202211,亞新國土科技股份有限公司,其他利用土地,空置地,未使用地,43.687107223100000,117.424879712000006,09其他利用土地,0.011742487971200
09,0905,090501,1,202211,亞新國土科技股份有限公司,其他利用土地,空置地,未使用地,356.730482895000023,3005.483189739999943,09其他利用土地,0.300548318974000
09,0905,090501,1,202211,亞新國土科技股份有限公司,其他利用土地,空置地,未使用地,467.033029160000012,4809.677995990000454,09其他利用土地,0.480967799599000
09,0905,090501,1,202211,亞新國土科技股份有限公司,其他利用土地,空置地,未使用地,89.925718177099995,356.629760385999987,09其他利用土地,0.035662976038600
09,0905,090501,1,202211,亞新國土科技股份有限公司,其他利用土地,空置地,未使用地,48.506157430899997,126.829418928999999,09其他利用土地,0.012682941892900
09,0905,090501,1,202211,亞新國土科技股份有限公司,其他利用土地,空置地,未使用地,181.310150076000014,641.833197168999959,09其他利用土地,0.064183319716900
09,0905,090501,1,202211,亞新國土科技股份有限公司,其他利用土地,空置地,未使用地,48.685051731100003,102.210133420000005,09其他利用土地,0.010221013342000
09,0905,090501,1,202211,亞新國土科技股份有限公司,其他利用土地,空置地,未使用地,23.238416558800001,30.972190821200002,09其他利用土地,0.003097219082120
09,0905,090501,1,202211,亞新國土科技股份有限公司,其他利用土地,空置地,未使用地,32.149033507399999,52.949503692199997,09其他利用土地,0.005294950369220
09,0905,090501,1,202211,亞新國土科技股份有限公司,其他利用土地,空置地,未使用地,198.494220766000012,622.539308110999968,09其他利用土地,0.062253930811100
09,0905,090501,1,202211,亞新國土科技股份有限公司,其他利用土地,空置地,未使用地,192.114633548000000,602.750365201000022,09其他利用土地,0.060275036520100
09,0905,090501,1,202211,亞新國土科技股份有限公司,其他利用土地,空置地,未使用地,22.265095014000000,17.353877943600001,09其他利用土地,0.001735387794360
09,0905,090501,1,202211,亞新國土科技股份有限公司,其他利用土地,空置地,未使用地,73.147658163700001,176.221952364000003,09其他利用土地,0.017622195236400
09,0905,090501,1,202211,亞新國土科技股份有限公司,其他利用土地,空置地,未使用地,61.763589530499999,191.221685672999996,09其他利用土地,0.019122168567300
09,0905,090501,1,202211,亞新國土科技股份有限公司,其他利用土地,空置地,未使用地,481.252270731000010,3586.107363879999866,09其他利用土地,0.358610736388000
09,0905,090501,1,202211,亞新國土科技股份有限公司,其他利用土地,空置地,未使用地,37.024313728700001,54.152446387500000,09其他利用土地,0.005415244638750
09,0905,090501,1,202211,亞新國土科技股份有限公司,其他利用土地,空置地,未使用地,395.476638590999983,3314.994640979999986,09其他利用土地,0.331499464098000
09,0905,090501,1,202211,亞新國土科技股份有限公司,其他利用土地,空置地,未使用地,130.112686403999987,673.605095439000024,09其他利用土地,0.067360509543900
09,0905,090501,1,202211,亞新國土科技股份有限公司,其他利用土地,空置地,未使用地,283.255057782999984,2590.800615359999938,09其他利用土地,0.259080061536000
09,0905,090501,1,202211,亞新國土科技股份有限公司,其他利用土地,空置地,未使用地,65.732530022299997,94.320373645399997,09其他利用土地,0.009432037364540
09,0905,090501,1,202211,亞新國土科技股份有限公司,其他利用土地,空置地,未使用地,61.627776677000000,217.479238535999997,09其他利用土地,0.021747923853600
09,0905,090501,1,202211,亞新國土科技股份有限公司,其他利用土地,空置地,未使用地,318.299362589999987,4490.434222689999842,09其他利用土地,0.449043422269000
09,0905,090501,1,202211,亞新國土科技股份有限公司,其他利用土地,空置地,未使用地,42.140088557799999,109.085686964000004,09其他利用土地,0.010908568696400
09,0905,090501,1,202211,亞新國土科技股份有限公司,其他利用土地,空置地,未使用地,73.005279097200003,269.658104225999978,09其他利用土地,0.026965810422600
09,0905,090501,1,202211,亞新國土科技股份有限公司,其他利用土地,空置地,未使用地,93.879375808500001,327.979717889000028,09其他利用土地,0.032797971788900
09,0905,090501,1,202211,亞新國土科技股份有限公司,其他利用土地,空置地,未使用地,89.524903508600005,227.489131912000005,09其他利用土地,0.022748913191200
09,0905,090501,1,202211,亞新國土科技股份有限公司,其他利用土地,空置地,未使用地,85.669977966399998,360.958133147000012,09其他利用土地,0.036095813314700
09,0905,090501,1,202211,亞新國土科技股份有限公司,其他利用土地,空置地,未使用地,105.279843771000003,247.374525852000005,09其他利用土地,0.024737452585200
09,0905,090501,1,202211,亞新國土科技股份有限公司,其他利用土地,空置地,未使用地,41.562528383500002,52.478295223300002,09其他利用土地,0.005247829522330
09,0905,090501,1,202211,亞新國土科技股份有限公司,其他利用土地,空置地,未使用地,123.147678545999995,518.889437447999967,09其他利用土地,0.051888943744800
09,0905,090501,1,202211,亞新國土科技股份有限公司,其他利用土地,空置地,未使用地,59.100707758900000,187.566285929999992,09其他利用土地,0.018756628593000
09,0905,090501,1,202211,亞新國土科技股份有限公司,其他利用土地,空置地,未使用地,52.782177870200002,151.237100000999988,09其他利用土地,0.015123710000100
09,0905,090501,1,202211,亞新國土科技股份有限公司,其他利用土地,空置地,未使用地,102.864145148000006,254.869890437000009,09其他利用土地,0.025486989043700
09,0905,090501,1,202211,亞新國土科技股份有限公司,其他利用土地,空置地,未使用地,107.381732263000004,446.841060769000023,09其他利用土地,0.044684106076900
09,0905,090501,1,202211,亞新國土科技股份有限公司,其他利用土地,空置地,未使用地,67.494527834199999,202.233706388999991,09其他利用土地,0.020223370638900
09,0905,090501,1,202211,亞新國土科技股份有限公司,其他利用土地,空置地,未使用地,233.618717206000014,2871.226203419999820,09其他利用土地,0.287122620342000
09,0905,090501,1,202211,亞新國土科技股份有限公司,其他利用土地,空置地,未使用地,51.885569440899999,167.543683181999995,09其他利用土地,0.016754368318200
09,0905,090501,1,202211,亞新國土科技股份有限公司,其他利用土地,空置地,未使用地,63.414568441199997,173.443177963000011,09其他利用土地,0.017344317796300
09,0905,090501,1,202211,亞新國土科技股份有限公司,其他利用土地,空置地,未使用地,66.009748552500000,188.511661239000006,09其他利用土地,0.018851166123900
09,0905,090501,1,202211,亞新國土科技股份有限公司,其他利用土地,空置地,未使用地,72.893979483300001,225.513989051000010,09其他利用土地,0.022551398905100
09,0905,090501,1,202211,亞新國土科技股份有限公司,其他利用土地,空置地,未使用地,34.995553456700002,60.142743526399997,09其他利用土地,0.006014274352640
09,0905,090501,1,202211,亞新國土科技股份有限公司,其他利用土地,空置地,未使用地,86.429584006699997,362.083150003000014,09其他利用土地,0.036208315000300
09,0905,090501,1,202211,亞新國土科技股份有限公司,其他利用土地,空置地,未使用地,45.661399923899999,106.845826236999997,09其他利用土地,0.010684582623700
09,0905,090501,1,202211,亞新國土科技股份有限公司,其他利用土地,空置地,未使用地,36.753059196700001,65.278237188500000,09其他利用土地,0.006527823718850
09,0905,090501,1,202211,亞新國土科技股份有限公司,其他利用土地,空置地,未使用地,149.795506017999998,564.215877265000017,09其他利用土地,0.056421587726500
09,0905,090501,1,202211,亞新國土科技股份有限公司,其他利用土地,空置地,未使用地,79.028689703699996,284.946692681999991,09其他利用土地,0.028494669268200
09,0905,090501,1,202211,亞新國土科技股份有限公司,其他利用土地,空置地,未使用地,91.804830042299997,448.435065227999985,09其他利用土地,0.044843506522800
09,0905,090501,1,202211,亞新國土科技股份有限公司,其他利用土地,空置地,未使用地,83.854379231099998,373.105086142999994,09其他利用土地,0.037310508614300
09,0905,090501,1,202211,亞新國土科技股份有限公司,其他利用土地,空置地,未使用地,330.126981693000005,1850.710828889999902,09其他利用土地,0.185071082889000
09,0905,090501,1,202211,亞新國土科技股份有限公司,其他利用土地,空置地,未使用地,338.707108113000004,1665.246630990000085,09其他利用土地,0.166524663099000
09,0905,090501,1,202211,亞新國土科技股份有限公司,其他利用土地,空置地,未使用地,531.827012461999971,5267.377021639999839,09其他利用土地,0.526737702164000
09,0905,090501,1,202211,亞新國土科技股份有限公司,其他利用土地,空置地,未使用地,295.313144904000012,3206.764219210000192,09其他利用土地,0.320676421921000
09,0905,090501,1,202211,亞新國土科技股份有限公司,其他利用土地,空置地,未使用地,67.824031836600000,186.823550337999990,09其他利用土地,0.018682355033800
09,0905,090501,1,202211,亞新國土科技股份有限公司,其他利用土地,空置地,未使用地,147.325251490999989,482.574112167000010,09其他利用土地,0.048257411216700
09,0905,090501,1,202211,亞新國土科技股份有限公司,其他利用土地,空置地,未使用地,165.126405828000003,623.136022518999994,09其他利用土地,0.062313602251900
09,0905,090501,1,202211,亞新國土科技股份有限公司,其他利用土地,空置地,未使用地,723.009002589000033,4859.846104049999667,09其他利用土地,0.485984610405000
09,0905,090501,1,202211,亞新國土科技股份有限公司,其他利用土地,空置地,未使用地,212.660244452999990,1047.106262960000095,09其他利用土地,0.104710626296000
09,0905,090501,1,202211,亞新國土科技股份有限公司,其他利用土地,空置地,未使用地,152.981068721000014,936.698909111000034,09其他利用土地,0.093669890911100
09,0905,090501,1,202211,亞新國土科技股份有限公司,其他利用土地,空置地,未使用地,160.585528414999999,1151.338747280000007,09其他利用土地,0.115133874728000
09,0905,090501,1,202211,亞新國土科技股份有限公司,其他利用土地,空置地,未使用地,164.945294284999989,630.093501524999965,09其他利用土地,0.063009350152500
09,0905,090501,1,202211,亞新國土科技股份有限公司,其他利用土地,空置地,未使用地,261.023176721000027,3106.226058719999855,09其他利用土地,0.310622605872000
09,0905,090501,1,202211,亞新國土科技股份有限公司,其他利用土地,空置地,未使用地,199.719315429000005,1094.485953449999897,09其他利用土地,0.109448595345000
09,0905,090501,1,202211,亞新國土科技股份有限公司,其他利用土地,空置地,未使用地,209.537908512000001,1275.161988509999901,09其他利用土地,0.127516198851000
09,0905,090501,1,202211,亞新國土科技股份有限公司,其他利用土地,空置地,未使用地,26.401225977199999,27.619485624700001,09其他利用土地,0.002761948562470
09,0905,090501,1,202211,亞新國土科技股份有限公司,其他利用土地,空置地,未使用地,879.790194721000034,18966.628976600000897,09其他利用土地,1.896662897660000
09,0905,090501,1,202211,亞新國土科技股份有限公司,其他利用土地,空置地,未使用地,118.496770166000005,670.824003943999969,09其他利用土地,0.067082400394400
09,0905,090501,1,202211,亞新國土科技股份有限公司,其他利用土地,空置地,未使用地,115.256888990999997,543.969538499000009,09其他利用土地,0.054396953849900
09,0905,090501,1,202211,亞新國土科技股份有限公司,其他利用土地,空置地,未使用地,42.804688497500003,112.575771443999997,09其他利用土地,0.011257577144400
09,0905,090501,1,202211,亞新國土科技股份有限公司,其他利用土地,空置地,未使用地,92.561618161200002,350.807223749000002,09其他利用土地,0.035080722374900
09,0905,090501,1,202211,亞新國土科技股份有限公司,其他利用土地,空置地,未使用地,34.758475431400001,54.181637251500000,09其他利用土地,0.005418163725150
09,0905,090501,1,202211,亞新國土科技股份有限公司,其他利用土地,空置地,未使用地,75.691395140699996,301.842216203000021,09其他利用土地,0.030184221620300
09,0905,090501,1,202211,亞新國土科技股份有限公司,其他利用土地,空置地,未使用地,384.682197336000002,4841.912601490000270,09其他利用土地,0.484191260149000
09,0905,090501,1,202211,亞新國土科技股份有限公司,其他利用土地,空置地,未使用地,253.188861949000000,1964.039846979999993,09其他利用土地,0.196403984698000
09,0905,090501,1,202211,亞新國土科技股份有限公司,其他利用土地,空置地,未使用地,327.596327318000021,2085.910199819999889,09其他利用土地,0.208591019982000
09,0905,090501,1,202211,亞新國土科技股份有限公司,其他利用土地,空置地,未使用地,38.510603650699998,61.764598505400002,09其他利用土地,0.006176459850540
09,0905,090501,1,202211,亞新國土科技股份有限公司,其他利用土地,空置地,未使用地,209.140522226000002,521.143222668000021,09其他利用土地,0.052114322266800
09,0905,090501,1,202211,亞新國土科技股份有限公司,其他利用土地,空置地,未使用地,173.561627162999997,1083.189208329999929,09其他利用土地,0.108318920833000
09,0905,090501,1,202211,亞新國土科技股份有限公司,其他利用土地,空置地,未使用地,292.197133220000012,1022.444406830000048,09其他利用土地,0.102244440683000
09,0905,090501,1,202211,亞新國土科技股份有限公司,其他利用土地,空置地,未使用地,808.611924444000010,8289.739903350000532,09其他利用土地,0.828973990335000
09,0905,090501,1,202211,亞新國土科技股份有限公司,其他利用土地,空置地,未使用地,88.798694294699999,313.434413534999976,09其他利用土地,0.031343441353500
09,0905,090501,1,202211,亞新國土科技股份有限公司,其他利用土地,空置地,未使用地,673.067549887000041,5711.059281349999765,09其他利用土地,0.571105928135000
09,0905,090501,1,202211,亞新國土科技股份有限公司,其他利用土地,空置地,未使用地,80.135278237600005,353.270300356000007,09其他利用土地,0.035327030035600
09,0905,090501,1,202211,亞新國土科技股份有限公司,其他利用土地,空置地,未使用地,1711.425965079999969,17633.045626200000697,09其他利用土地,1.763304562620000
09,0905,090501,1,202211,亞新國土科技股份有限公司,其他利用土地,空置地,未使用地,50.201058515699998,148.132192728000007,09其他利用土地,0.014813219272800
09,0905,090501,1,202211,亞新國土科技股份有限公司,其他利用土地,空置地,未使用地,80.260315727700004,282.576499560999991,09其他利用土地,0.028257649956100
09,0905,090501,1,202211,亞新國土科技股份有限公司,其他利用土地,空置地,未使用地,190.026750394000004,1704.311870150000004,09其他利用土地,0.170431187015000
09,0905,090501,1,202211,亞新國土科技股份有限公司,其他利用土地,空置地,未使用地,67.347476936000007,178.269429502000008,09其他利用土地,0.017826942950200
09,0905,090501,1,202211,亞新國土科技股份有限公司,其他利用土地,空置地,未使用地,104.816510391999998,437.754372123999985,09其他利用土地,0.043775437212400
09,0905,090501,1,202211,亞新國土科技股份有限公司,其他利用土地,空置地,未使用地,199.384602661000002,1803.090480059999891,09其他利用土地,0.180309048006000
09,0905,090501,1,202211,亞新國土科技股份有限公司,其他利用土地,空置地,未使用地,200.868934431000014,1718.174175289999994,09其他利用土地,0.171817417529000
09,0905,090501,1,202211,亞新國土科技股份有限公司,其他利用土地,空置地,未使用地,269.764571901000011,1259.424119929999961,09其他利用土地,0.125942411993000
09,0905,090501,1,202211,亞新國土科技股份有限公司,其他利用土地,空置地,未使用地,305.232527227999981,1544.842291570000043,09其他利用土地,0.154484229157000
09,0905,090501,1,202211,亞新國土科技股份有限公司,其他利用土地,空置地,未使用地,218.728228268999999,711.385576259000004,09其他利用土地,0.071138557625900
09,0905,090501,1,202211,亞新國土科技股份有限公司,其他利用土地,空置地,未使用地,709.206322189000048,9589.756771719999961,09其他利用土地,0.958975677172000
09,0905,090501,1,202211,亞新國土科技股份有限公司,其他利用土地,空置地,未使用地,864.868707879999988,10868.956224499999735,09其他利用土地,1.086895622450000
09,0905,090501,1,202211,亞新國土科技股份有限公司,其他利用土地,空置地,未使用地,3297.681571860000076,75671.649985399999423,09其他利用土地,7.567164998540000
09,0905,090502,1,202211,亞新國土科技股份有限公司,其他利用土地,空置地,人工改變中土地,227.610168071000004,614.319494049000014,09其他利用土地,0.061431949404900
09,0905,090502,1,202211,亞新國土科技股份有限公司,其他利用土地,空置地,人工改變中土地,94.441185480300007,369.071551612000007,09其他利用土地,0.036907155161200
