COUNTY_ID,COUNTY,TOWN_ID,TOWN,V_ID,VILLAGE,A0A4_CNT,A5A9_CNT,A10A14_CNT,A15A19_CNT,A20A24_CNT,A25A29_CNT,A30A34_CNT,A35A39_CNT,A40A44_CNT,A45A49_CNT,A50A54_CNT,A55A59_CNT,A60A64_CNT,A65A69_CNT,A70A74_CNT,A75A79_CNT,A80A84_CNT,A85A89_CNT,A90A94_CNT,A95A99_CNT,A100UP_5_CNT,INFO_TIME
縣市代碼,縣市名稱,鄉鎮市區代碼,鄉鎮市區名稱,村里代碼,村里名稱,0-4歲人口數,5-9歲人口數,10-14歲人口數,15-19歲人口數,20-24歲人口數,25-29歲人口數,30-34歲人口數,35-39歲人口數,40-44歲人口數,45-49歲人口數,50-54歲人口數,55-59歲人口數,60-64歲人口數,65-69歲人口數,70-74歲人口數,75-79歲人口數,80-84歲人口數,85-89歲人口數,90-94歲人口數,95-99歲人口數,100歲以上人口數,資料時間
10014,臺東縣,10014100,大武鄉,10014100-001,大竹村,31,35,49,41,42,56,76,69,61,55,82,99,63,36,30,18,29,6,3,0,0,104Y12M
10014,臺東縣,10014100,大武鄉,10014100-003,大武村,60,70,89,99,111,107,139,131,138,106,158,130,127,74,46,46,27,16,4,2,1,104Y12M
10014,臺東縣,10014100,大武鄉,10014100-002,大鳥村,62,59,72,86,110,102,112,86,96,112,123,115,89,41,39,30,18,8,3,1,0,104Y12M
10014,臺東縣,10014100,大武鄉,10014100-004,尚武村,51,44,59,85,103,112,117,154,138,164,151,173,130,73,63,60,41,12,13,1,0,104Y12M
10014,臺東縣,10014100,大武鄉,10014100-005,南興村,20,14,26,28,37,45,48,63,51,47,70,66,50,26,21,19,10,12,1,0,0,104Y12M
10014,臺東縣,10014090,太麻里鄉,10014090-002,三和村,22,30,23,49,40,37,60,55,50,64,62,62,42,33,36,29,19,11,2,0,0,104Y12M
10014,臺東縣,10014090,太麻里鄉,10014090-006,大王村,79,86,99,101,134,144,170,136,156,153,159,186,186,113,73,68,50,30,13,2,0,104Y12M
10014,臺東縣,10014090,太麻里鄉,10014090-004,北里村,26,22,24,38,50,35,45,47,44,34,50,60,62,31,28,24,14,16,1,2,0,104Y12M
10014,臺東縣,10014090,太麻里鄉,10014090-009,多良村,38,37,58,52,82,60,77,77,100,79,96,92,74,40,37,20,21,10,6,0,0,104Y12M
10014,臺東縣,10014090,太麻里鄉,10014090-008,金崙村,82,80,108,121,135,121,131,171,160,181,194,160,112,74,58,41,38,22,9,2,0,104Y12M
10014,臺東縣,10014090,太麻里鄉,10014090-001,美和村,42,45,72,114,100,89,115,126,116,115,131,96,109,62,72,51,26,13,4,2,0,104Y12M
10014,臺東縣,10014090,太麻里鄉,10014090-007,香蘭村,21,32,32,33,50,59,73,51,55,74,89,73,57,52,53,35,32,14,4,2,0,104Y12M
10014,臺東縣,10014090,太麻里鄉,10014090-005,泰和村,53,69,64,102,116,117,123,125,125,126,147,122,114,95,61,65,42,28,7,3,0,104Y12M
10014,臺東縣,10014090,太麻里鄉,10014090-003,華源村,23,16,25,33,38,27,35,56,59,66,51,42,46,51,43,47,33,13,2,0,0,104Y12M
10014,臺東縣,10014020,成功鎮,10014020-003,三仙里,55,60,63,80,89,92,139,147,121,126,143,146,120,80,71,44,40,21,3,1,1,104Y12M
10014,臺東縣,10014020,成功鎮,10014020-004,三民里,110,73,129,218,205,211,235,279,213,258,275,247,240,164,126,88,60,28,14,5,0,104Y12M
10014,臺東縣,10014020,成功鎮,10014020-007,和平里,19,15,24,27,59,41,51,66,51,69,92,83,73,52,45,46,33,16,6,0,0,104Y12M
10014,臺東縣,10014020,成功鎮,10014020-006,忠仁里,90,120,134,156,173,150,212,223,200,218,204,220,201,128,102,89,62,35,10,0,0,104Y12M
10014,臺東縣,10014020,成功鎮,10014020-002,忠孝里,32,32,40,41,76,69,81,76,63,100,116,88,93,63,55,58,42,17,3,0,0,104Y12M
10014,臺東縣,10014020,成功鎮,10014020-005,忠智里,65,110,108,149,139,131,156,193,171,157,175,173,158,118,97,94,46,22,9,2,0,104Y12M
10014,臺東縣,10014020,成功鎮,10014020-008,信義里,57,50,67,74,105,110,150,150,168,196,204,183,171,121,88,89,59,48,12,3,1,104Y12M
10014,臺東縣,10014020,成功鎮,10014020-001,博愛里,10,12,19,27,37,23,52,44,40,67,80,72,52,53,49,36,23,9,7,1,0,104Y12M
10014,臺東縣,10014060,池上鄉,10014060-003,大坡村,11,13,13,14,24,15,26,24,18,21,37,38,38,19,17,17,14,6,3,0,0,104Y12M
10014,臺東縣,10014060,池上鄉,10014060-004,大埔村,21,29,37,50,66,41,63,73,74,63,75,67,83,62,44,34,18,9,6,3,1,104Y12M
10014,臺東縣,10014060,池上鄉,10014060-010,振興村,19,14,16,34,37,21,40,33,41,43,38,37,32,30,25,17,12,5,3,1,0,104Y12M
10014,臺東縣,10014060,池上鄉,10014060-009,富興村,14,12,19,26,23,19,31,34,33,39,46,41,32,26,23,18,6,9,0,1,0,104Y12M
10014,臺東縣,10014060,池上鄉,10014060-007,新興村,37,32,50,55,68,59,60,75,83,79,65,86,78,45,33,44,42,21,12,2,2,104Y12M
10014,臺東縣,10014060,池上鄉,10014060-008,萬安村,19,16,20,18,22,21,24,25,24,32,44,11,35,25,13,22,18,9,3,0,0,104Y12M
10014,臺東縣,10014060,池上鄉,10014060-001,福文村,35,44,57,98,76,62,74,105,123,116,117,99,91,66,60,46,42,36,17,3,0,104Y12M
10014,臺東縣,10014060,池上鄉,10014060-005,福原村,74,80,121,126,139,147,161,156,177,170,174,184,165,122,92,78,60,41,18,4,0,104Y12M
10014,臺東縣,10014060,池上鄉,10014060-002,慶豐村,15,13,30,48,45,40,49,60,58,69,74,50,57,55,20,34,31,9,7,1,1,104Y12M
10014,臺東縣,10014060,池上鄉,10014060-006,錦園村,10,12,14,21,16,20,20,20,30,32,41,39,32,23,17,26,14,8,5,0,0,104Y12M
10014,臺東縣,10014040,卑南鄉,10014040-010,太平村,122,103,116,222,291,269,261,274,301,294,301,263,226,114,85,60,46,49,15,7,2,104Y12M
10014,臺東縣,10014040,卑南鄉,10014040-002,利吉村,9,13,11,19,28,32,35,27,22,32,46,54,44,22,13,28,16,15,2,2,0,104Y12M
10014,臺東縣,10014040,卑南鄉,10014040-011,利嘉村,52,33,41,91,112,105,83,80,90,93,106,108,96,47,27,36,25,9,11,2,0,104Y12M
10014,臺東縣,10014040,卑南鄉,10014040-005,明峰村,41,34,59,75,76,89,95,90,109,99,115,87,117,85,68,42,36,25,8,3,0,104Y12M
10014,臺東縣,10014040,卑南鄉,10014040-012,東興村,59,59,63,85,112,90,120,111,115,141,125,93,78,55,31,25,19,11,4,2,0,104Y12M
10014,臺東縣,10014040,卑南鄉,10014040-006,初鹿村,59,53,77,103,96,86,115,132,105,116,113,121,119,75,56,44,41,26,9,0,1,104Y12M
10014,臺東縣,10014040,卑南鄉,10014040-007,美農村,27,30,43,82,72,62,65,89,94,105,115,84,74,59,61,52,34,22,12,3,0,104Y12M
10014,臺東縣,10014040,卑南鄉,10014040-009,泰安村,66,55,77,94,113,99,83,108,112,117,124,93,65,32,39,35,27,11,3,1,1,104Y12M
10014,臺東縣,10014040,卑南鄉,10014040-003,富山村,19,21,22,34,50,28,38,48,43,54,57,45,36,19,31,24,10,14,4,1,0,104Y12M
10014,臺東縣,10014040,卑南鄉,10014040-004,富源村,9,10,10,16,18,20,23,19,23,32,31,41,43,28,23,19,11,5,5,2,1,104Y12M
10014,臺東縣,10014040,卑南鄉,10014040-013,溫泉村,58,49,49,68,87,67,78,84,105,102,131,105,102,89,47,58,30,29,9,3,0,104Y12M
10014,臺東縣,10014040,卑南鄉,10014040-001,嘉豐村,19,24,18,36,33,47,42,41,33,52,54,49,36,24,22,21,12,12,3,0,0,104Y12M
10014,臺東縣,10014040,卑南鄉,10014040-008,賓朗村,78,80,128,183,164,172,165,176,197,217,236,201,173,132,98,99,58,39,16,3,1,104Y12M
10014,臺東縣,10014130,延平鄉,10014130-002,永康村,19,24,18,31,26,21,26,35,36,40,25,20,9,12,7,6,4,0,1,0,0,104Y12M
10014,臺東縣,10014130,延平鄉,10014130-001,武陵村,49,41,36,51,47,42,60,74,79,50,69,37,38,31,4,8,10,3,0,0,0,104Y12M
10014,臺東縣,10014130,延平鄉,10014130-003,紅葉村,25,31,31,31,42,29,53,63,35,39,32,37,26,24,3,9,3,3,0,0,0,104Y12M
10014,臺東縣,10014130,延平鄉,10014130-005,桃源村,77,62,74,94,92,100,102,101,117,104,98,83,60,31,6,17,14,7,4,0,0,104Y12M
10014,臺東縣,10014130,延平鄉,10014130-004,鸞山村,45,28,44,60,53,42,52,69,61,58,61,40,44,18,16,17,8,8,3,0,0,104Y12M
10014,臺東縣,10014070,東河鄉,10014070-001,北源村,40,28,44,65,70,88,152,169,138,159,166,157,151,94,84,72,71,39,14,3,0,104Y12M
10014,臺東縣,10014070,東河鄉,10014070-004,尚德村,6,8,11,20,11,12,23,24,20,32,27,33,30,15,17,11,15,1,1,1,0,104Y12M
10014,臺東縣,10014070,東河鄉,10014070-003,東河村,39,27,38,54,45,55,82,88,119,100,100,75,89,60,52,40,32,27,9,3,0,104Y12M
10014,臺東縣,10014070,東河鄉,10014070-002,泰源村,46,36,52,79,73,84,120,107,111,115,129,123,98,75,59,52,38,29,10,0,0,104Y12M
10014,臺東縣,10014070,東河鄉,10014070-007,都蘭村,92,72,96,116,137,138,176,185,164,193,240,214,206,147,103,90,68,44,21,1,0,104Y12M
10014,臺東縣,10014070,東河鄉,10014070-005,隆昌村,9,15,12,18,29,30,25,27,48,50,55,59,55,40,31,32,29,16,4,1,0,104Y12M
10014,臺東縣,10014070,東河鄉,10014070-006,興昌村,26,38,38,36,43,35,43,83,85,84,89,96,99,74,50,66,43,34,3,2,0,104Y12M
10014,臺東縣,10014140,金峰鄉,10014140-002,正興村,35,29,38,54,60,46,50,49,44,69,65,68,31,18,11,11,11,7,4,2,0,104Y12M
10014,臺東縣,10014140,金峰鄉,10014140-001,新興村,37,39,33,39,54,53,47,46,45,51,52,52,27,11,6,5,7,6,0,0,0,104Y12M
10014,臺東縣,10014140,金峰鄉,10014140-003,嘉蘭村,86,73,97,122,117,108,115,110,130,121,124,104,69,36,18,28,23,6,5,0,0,104Y12M
10014,臺東縣,10014140,金峰鄉,10014140-004,賓茂村,24,20,20,23,30,30,24,32,26,31,46,32,24,11,4,10,8,8,2,0,0,104Y12M
10014,臺東縣,10014140,金峰鄉,10014140-005,歷坵村,18,20,20,23,24,23,26,26,35,27,46,29,20,10,9,11,8,2,0,0,0,104Y12M
10014,臺東縣,10014080,長濱鄉,10014080-002,三間村,32,35,55,66,51,53,80,109,99,130,145,117,98,90,92,75,54,35,8,1,0,104Y12M
10014,臺東縣,10014080,長濱鄉,10014080-005,竹湖村,32,20,31,31,43,50,68,93,65,84,109,103,81,66,53,42,29,21,5,1,0,104Y12M
10014,臺東縣,10014080,長濱鄉,10014080-003,忠勇村,12,35,33,25,42,23,34,52,52,60,60,54,46,27,44,37,17,8,3,0,0,104Y12M
10014,臺東縣,10014080,長濱鄉,10014080-004,長濱村,54,73,89,107,141,116,150,142,158,208,230,202,154,127,111,107,70,44,12,2,0,104Y12M
10014,臺東縣,10014080,長濱鄉,10014080-006,寧埔村,31,35,26,36,77,82,102,97,93,142,148,126,127,101,79,64,39,12,12,0,0,104Y12M
10014,臺東縣,10014080,長濱鄉,10014080-001,樟原村,9,13,24,45,51,24,29,45,58,70,68,51,53,43,52,44,35,15,7,1,0,104Y12M
10014,臺東縣,10014120,海端鄉,10014120-006,加拿村,36,40,41,66,46,63,52,49,58,55,53,41,31,12,11,4,6,4,1,0,0,104Y12M
10014,臺東縣,10014120,海端鄉,10014120-003,利稻村,26,17,28,29,29,32,27,23,31,25,11,15,15,9,3,4,4,0,1,0,0,104Y12M
10014,臺東縣,10014120,海端鄉,10014120-005,崁頂村,35,40,52,61,51,69,63,53,53,53,65,50,36,19,9,14,2,3,1,0,0,104Y12M
10014,臺東縣,10014120,海端鄉,10014120-004,海端村,58,92,63,99,95,98,109,111,109,78,75,75,70,26,16,15,13,16,1,0,1,104Y12M
10014,臺東縣,10014120,海端鄉,10014120-001,廣原村,71,73,66,61,89,79,94,81,76,77,86,52,41,25,16,11,6,6,5,0,0,104Y12M
10014,臺東縣,10014120,海端鄉,10014120-002,霧鹿村,29,22,16,24,29,30,30,32,25,25,21,23,12,16,14,5,4,2,1,0,0,104Y12M
10014,臺東縣,10014050,鹿野鄉,10014050-004,永安村,48,56,66,103,104,112,121,133,122,147,182,138,114,71,63,53,35,22,14,2,0,104Y12M
10014,臺東縣,10014050,鹿野鄉,10014050-006,鹿野村,28,35,73,80,78,69,74,76,77,129,109,99,103,61,77,45,33,25,0,1,1,104Y12M
10014,臺東縣,10014050,鹿野鄉,10014050-001,瑞和村,29,25,21,54,54,40,57,56,51,75,65,50,56,35,29,31,18,8,7,1,0,104Y12M
10014,臺東縣,10014050,鹿野鄉,10014050-005,瑞隆村,16,36,41,50,58,60,61,81,77,85,74,89,84,63,39,50,32,19,5,0,1,104Y12M
10014,臺東縣,10014050,鹿野鄉,10014050-003,瑞源村,54,43,38,65,89,63,68,76,73,71,94,69,84,57,41,39,22,13,6,3,0,104Y12M
10014,臺東縣,10014050,鹿野鄉,10014050-002,瑞豐村,25,24,11,55,53,56,72,73,88,88,89,79,69,59,45,42,45,19,6,3,2,104Y12M
10014,臺東縣,10014050,鹿野鄉,10014050-007,龍田村,36,56,52,56,73,61,102,82,86,114,103,97,97,74,59,51,45,19,11,0,0,104Y12M
10014,臺東縣,10014150,達仁鄉,10014150-002,土村,27,33,39,71,80,71,62,103,93,94,80,71,54,32,21,19,7,3,2,0,0,104Y12M
10014,臺東縣,10014150,達仁鄉,10014150-001,台村,26,28,15,42,53,59,48,48,45,53,82,70,43,29,22,13,15,6,1,0,0,104Y12M
10014,臺東縣,10014150,達仁鄉,10014150-004,安朔村,27,25,27,34,55,48,65,56,56,66,64,87,57,27,16,9,8,10,2,0,0,104Y12M
10014,臺東縣,10014150,達仁鄉,10014150-006,南田村,2,10,14,18,31,31,28,40,24,38,32,41,21,13,1,3,5,3,2,0,0,104Y12M
10014,臺東縣,10014150,達仁鄉,10014150-005,森永村,23,16,15,12,32,32,32,38,33,41,47,44,25,20,15,6,9,7,4,1,0,104Y12M
10014,臺東縣,10014150,達仁鄉,10014150-003,新化村,19,17,15,21,22,20,27,31,32,29,43,29,24,20,11,11,7,2,1,0,0,104Y12M
10014,臺東縣,10014110,綠島鄉,10014110-002,中寮村,52,27,30,82,88,106,125,97,116,95,109,92,61,38,27,26,12,10,3,1,0,104Y12M
10014,臺東縣,10014110,綠島鄉,10014110-001,公館村,48,34,32,72,60,92,97,122,83,74,64,68,55,32,20,10,15,15,3,0,0,104Y12M
10014,臺東縣,10014110,綠島鄉,10014110-003,南寮村,62,43,52,86,117,169,139,169,145,138,105,115,79,71,32,27,21,7,4,1,0,104Y12M
10014,臺東縣,10014010,臺東市,10014010-021,大同里,26,31,47,69,69,48,65,87,70,69,62,64,67,54,37,36,17,11,6,0,1,104Y12M
10014,臺東縣,10014010,臺東市,10014010-024,中山里,96,95,51,52,44,58,75,85,75,70,59,75,73,61,36,37,31,18,10,0,0,104Y12M
10014,臺東縣,10014010,臺東市,10014010-011,中心里,198,303,446,340,303,235,245,318,271,295,306,257,246,151,111,78,53,35,12,6,0,104Y12M
10014,臺東縣,10014010,臺東市,10014010-020,中正里,13,12,21,43,63,49,83,67,58,68,68,82,93,62,43,41,32,14,7,1,0,104Y12M
10014,臺東縣,10014010,臺東市,10014010-015,中華里,73,72,61,119,135,137,144,158,152,149,156,138,146,91,74,57,41,24,9,3,0,104Y12M
10014,臺東縣,10014010,臺東市,10014010-019,仁愛里,22,16,17,42,56,63,71,54,53,50,69,91,62,55,24,26,14,11,6,1,0,104Y12M
10014,臺東縣,10014010,臺東市,10014010-023,文化里,150,169,128,58,49,70,86,102,91,63,88,70,74,44,21,21,14,8,7,1,1,104Y12M
10014,臺東縣,10014010,臺東市,10014010-014,四維里,26,26,20,48,44,62,38,57,48,62,75,45,32,37,34,27,9,8,2,1,0,104Y12M
10014,臺東縣,10014010,臺東市,10014010-008,民生里,100,68,107,202,249,264,271,283,244,272,282,336,318,209,131,86,59,40,14,2,0,104Y12M
10014,臺東縣,10014010,臺東市,10014010-013,民族里,238,340,285,156,134,98,130,148,162,156,122,102,98,63,65,55,32,21,4,2,0,104Y12M
10014,臺東縣,10014010,臺東市,10014010-018,民權里,46,18,27,54,84,67,101,82,58,71,69,87,63,41,35,38,23,13,8,1,1,104Y12M
10014,臺東縣,10014010,臺東市,10014010-034,永樂里,98,132,202,256,196,150,149,188,227,213,203,170,126,84,54,57,27,24,11,1,0,104Y12M
10014,臺東縣,10014010,臺東市,10014010-032,光明里,151,229,387,314,241,170,216,278,324,342,256,182,158,106,70,54,35,28,8,1,0,104Y12M
10014,臺東縣,10014010,臺東市,10014010-022,成功里,20,25,54,64,81,59,54,72,69,80,76,71,55,59,46,33,16,14,7,1,0,104Y12M
10014,臺東縣,10014010,臺東市,10014010-012,自強里,273,386,465,390,365,337,358,311,351,393,352,409,350,190,155,127,86,51,24,7,0,104Y12M
10014,臺東縣,10014010,臺東市,10014010-005,卑南里,96,78,108,229,228,207,239,247,281,295,279,214,209,111,103,85,45,30,10,0,1,104Y12M
10014,臺東縣,10014010,臺東市,10014010-003,岩灣里,72,42,73,169,167,144,175,202,223,226,201,158,128,78,67,49,23,53,13,9,1,104Y12M
10014,臺東縣,10014010,臺東市,10014010-036,東海里,317,255,197,238,220,243,306,293,241,242,284,299,220,149,103,86,45,40,14,1,0,104Y12M
10014,臺東縣,10014010,臺東市,10014010-045,知本里,39,49,58,122,128,101,116,96,111,138,147,117,99,52,54,41,28,17,9,3,1,104Y12M
10014,臺東縣,10014010,臺東市,10014010-004,南王里,88,76,121,241,245,223,217,219,209,257,278,243,201,152,78,91,60,35,7,5,2,104Y12M
10014,臺東縣,10014010,臺東市,10014010-006,南榮里,128,87,135,235,230,210,208,245,263,264,267,205,191,130,85,62,64,65,41,13,6,104Y12M
10014,臺東縣,10014010,臺東市,10014010-042,建和里,56,55,61,92,140,128,93,102,107,143,142,135,107,72,71,57,44,24,5,2,0,104Y12M
10014,臺東縣,10014010,臺東市,10014010-017,建國里,35,32,50,87,90,100,104,114,131,129,126,123,115,80,75,39,32,26,7,0,0,104Y12M
10014,臺東縣,10014010,臺東市,10014010-044,建業里,46,45,77,107,113,93,73,110,94,153,122,105,105,75,57,52,37,22,5,1,1,104Y12M
10014,臺東縣,10014010,臺東市,10014010-046,建農里,90,79,114,172,206,138,177,186,232,210,160,154,139,92,49,35,29,41,17,1,0,104Y12M
10014,臺東縣,10014010,臺東市,10014010-043,建興里,26,20,38,73,96,68,61,78,80,89,105,87,62,66,51,40,23,13,1,1,0,104Y12M
10014,臺東縣,10014010,臺東市,10014010-010,馬蘭里,224,394,460,341,274,206,212,258,267,251,262,208,199,122,115,83,62,32,12,3,0,104Y12M
10014,臺東縣,10014010,臺東市,10014010-035,康樂里,58,67,83,121,119,101,124,123,134,143,133,110,92,57,45,40,25,18,6,0,0,104Y12M
10014,臺東縣,10014010,臺東市,10014010-016,強國里,19,16,23,44,53,67,50,53,41,61,61,70,61,38,29,16,13,7,5,1,0,104Y12M
10014,臺東縣,10014010,臺東市,10014010-001,富岡里,32,62,47,88,109,108,130,147,112,132,153,133,146,85,75,66,41,20,7,1,0,104Y12M
10014,臺東縣,10014010,臺東市,10014010-002,富豐里,45,30,35,62,66,67,87,75,78,94,80,74,41,49,44,30,23,8,3,0,1,104Y12M
10014,臺東縣,10014010,臺東市,10014010-025,復國里,11,27,32,46,56,48,35,51,59,63,78,59,48,38,25,25,17,12,3,1,0,104Y12M
10014,臺東縣,10014010,臺東市,10014010-027,復興里,15,16,16,27,37,35,54,35,30,30,47,46,34,33,18,16,9,9,4,0,0,104Y12M
10014,臺東縣,10014010,臺東市,10014010-007,新生里,265,228,296,499,610,578,649,538,562,664,658,639,569,310,209,163,129,54,21,2,1,104Y12M
10014,臺東縣,10014010,臺東市,10014010-029,新園里,78,47,90,154,148,103,125,145,168,150,161,118,126,95,55,34,30,17,10,4,2,104Y12M
10014,臺東縣,10014010,臺東市,10014010-037,新興里,32,21,67,65,94,61,79,79,85,113,106,96,78,64,48,53,39,17,5,0,0,104Y12M
10014,臺東縣,10014010,臺東市,10014010-026,興國里,122,100,70,79,64,45,61,95,80,92,73,51,52,40,39,29,22,9,9,0,0,104Y12M
10014,臺東縣,10014010,臺東市,10014010-030,豐田里,94,96,102,170,197,189,167,171,217,190,191,167,150,123,58,61,33,31,18,0,1,104Y12M
10014,臺東縣,10014010,臺東市,10014010-031,豐年里,98,79,109,241,283,229,240,254,265,300,253,224,193,131,123,64,43,34,17,4,0,104Y12M
10014,臺東縣,10014010,臺東市,10014010-039,豐谷里,180,187,307,475,495,480,423,445,444,486,513,406,376,255,177,150,70,49,16,2,0,104Y12M
10014,臺東縣,10014010,臺東市,10014010-040,豐里里,90,92,150,217,232,189,218,184,198,245,235,202,168,117,71,83,62,29,14,5,1,104Y12M
10014,臺東縣,10014010,臺東市,10014010-041,豐原里,45,46,60,90,122,101,103,94,81,124,130,105,83,59,46,57,46,15,9,3,0,104Y12M
10014,臺東縣,10014010,臺東市,10014010-038,豐榮里,275,301,572,705,735,694,737,776,756,796,742,735,589,373,211,170,106,67,37,4,1,104Y12M
10014,臺東縣,10014010,臺東市,10014010-033,豐樂里,48,93,139,135,155,136,128,129,128,124,153,136,124,82,44,38,35,15,4,0,1,104Y12M
10014,臺東縣,10014010,臺東市,10014010-009,寶桑里,28,35,41,73,64,52,91,78,80,76,87,70,90,47,43,29,16,8,8,1,1,104Y12M
10014,臺東縣,10014010,臺東市,10014010-028,鐵花里,7,3,16,30,23,31,26,38,37,36,36,41,36,21,28,20,11,11,8,0,0,104Y12M
10014,臺東縣,10014030,關山鎮,10014030-004,中福里,31,39,65,40,63,63,75,67,46,62,70,102,73,59,44,37,27,13,9,1,0,104Y12M
10014,臺東縣,10014030,關山鎮,10014030-007,月眉里,21,25,33,53,55,58,48,46,69,74,86,68,58,45,27,31,23,18,7,1,1,104Y12M
10014,臺東縣,10014030,關山鎮,10014030-005,里里,64,75,123,139,139,129,146,140,127,155,170,164,149,94,72,84,52,23,8,2,0,104Y12M
10014,臺東縣,10014030,關山鎮,10014030-003,新福里,37,41,67,75,83,60,68,64,74,96,94,84,62,37,38,42,27,14,3,1,0,104Y12M
10014,臺東縣,10014030,關山鎮,10014030-006,電光里,24,17,25,41,35,41,42,35,58,54,55,39,59,38,30,29,14,10,1,0,0,104Y12M
10014,臺東縣,10014030,關山鎮,10014030-001,德高里,48,53,79,148,146,98,122,106,145,158,156,134,118,110,82,101,66,40,9,2,1,104Y12M
10014,臺東縣,10014030,關山鎮,10014030-002,豐泉里,49,56,95,114,88,89,102,86,91,119,97,124,94,52,43,41,36,17,6,0,0,104Y12M
10014,臺東縣,10014160,蘭嶼鄉,10014160-001,東清村,82,78,98,123,113,117,152,145,136,107,98,97,54,29,14,16,14,15,5,0,0,104Y12M
10014,臺東縣,10014160,蘭嶼鄉,10014160-003,紅頭村,78,61,66,100,96,118,144,139,133,130,102,110,82,42,20,13,24,6,3,1,0,104Y12M
10014,臺東縣,10014160,蘭嶼鄉,10014160-002,朗島村,49,42,53,88,104,94,92,76,58,61,52,49,38,22,11,6,16,6,0,0,0,104Y12M
10014,臺東縣,10014160,蘭嶼鄉,10014160-004,椰油村,89,65,57,74,88,93,135,127,86,79,70,68,61,23,17,8,16,8,3,0,0,104Y12M
10014,臺東縣,10014100,大武鄉,10014100-001,大竹村,30,23,54,43,46,60,76,83,63,59,80,91,65,47,30,15,24,9,2,1,0,105Y12M
10014,臺東縣,10014100,大武鄉,10014100-003,大武村,53,72,85,91,98,114,127,126,140,103,145,133,122,84,50,38,26,18,7,2,1,105Y12M
10014,臺東縣,10014100,大武鄉,10014100-002,大鳥村,54,53,77,83,102,108,99,98,89,110,128,115,94,50,31,29,21,7,3,0,1,105Y12M
10014,臺東縣,10014100,大武鄉,10014100-004,尚武村,48,46,54,73,110,102,109,157,126,168,139,177,127,85,54,62,42,14,14,3,0,105Y12M
10014,臺東縣,10014100,大武鄉,10014100-005,南興村,20,14,29,28,33,47,41,50,60,44,66,68,50,31,18,19,13,8,1,0,0,105Y12M
10014,臺東縣,10014090,太麻里鄉,10014090-002,三和村,19,32,25,46,41,35,58,53,50,65,56,63,46,40,35,30,17,12,2,0,0,105Y12M
10014,臺東縣,10014090,太麻里鄉,10014090-006,大王村,76,80,121,95,129,153,149,134,154,158,157,174,181,127,73,72,47,35,13,3,1,105Y12M
10014,臺東縣,10014090,太麻里鄉,10014090-004,北里村,23,21,23,38,47,31,38,48,49,38,41,67,55,41,22,24,11,19,1,1,0,105Y12M
10014,臺東縣,10014090,太麻里鄉,10014090-009,多良村,41,39,65,56,71,62,76,85,94,76,90,93,73,50,31,23,18,11,5,1,0,105Y12M
10014,臺東縣,10014090,太麻里鄉,10014090-008,金崙村,73,75,97,127,141,118,131,164,157,169,207,169,111,90,60,39,30,25,10,1,0,105Y12M
10014,臺東縣,10014090,太麻里鄉,10014090-001,美和村,44,46,75,104,110,91,109,124,117,120,131,98,110,73,62,53,30,10,2,2,0,105Y12M
10014,臺東縣,10014090,太麻里鄉,10014090-007,香蘭村,23,28,34,37,43,59,69,61,44,71,89,83,58,58,53,40,27,17,6,0,0,105Y12M
10014,臺東縣,10014090,太麻里鄉,10014090-005,泰和村,56,60,63,101,122,106,115,104,121,134,137,125,105,99,58,64,53,22,8,2,0,105Y12M
10014,臺東縣,10014090,太麻里鄉,10014090-003,華源村,19,14,19,29,40,25,37,47,67,58,61,39,45,52,38,45,33,18,3,0,0,105Y12M
10014,臺東縣,10014020,成功鎮,10014020-003,三仙里,50,49,61,79,96,85,117,143,127,124,140,150,119,95,57,53,35,24,3,1,1,105Y12M
10014,臺東縣,10014020,成功鎮,10014020-004,三民里,93,76,123,198,211,219,231,269,219,247,257,254,246,175,123,92,60,33,14,4,0,105Y12M
10014,臺東縣,10014020,成功鎮,10014020-007,和平里,14,14,25,29,47,50,49,56,53,62,89,83,76,46,50,41,29,16,7,1,0,105Y12M
10014,臺東縣,10014020,成功鎮,10014020-006,忠仁里,80,108,134,149,176,128,206,209,195,212,213,231,200,148,84,85,64,36,9,2,0,105Y12M
10014,臺東縣,10014020,成功鎮,10014020-002,忠孝里,30,26,42,29,73,65,84,71,66,87,113,91,82,78,54,52,44,13,3,0,0,105Y12M
10014,臺東縣,10014020,成功鎮,10014020-005,忠智里,71,120,103,139,144,132,151,183,177,162,176,175,149,134,85,96,50,20,12,3,0,105Y12M
10014,臺東縣,10014020,成功鎮,10014020-008,信義里,53,51,61,71,101,114,127,155,160,192,209,197,169,122,90,88,56,43,12,2,1,105Y12M
10014,臺東縣,10014020,成功鎮,10014020-001,博愛里,10,11,11,26,36,23,45,41,41,65,77,71,58,50,45,38,29,6,9,1,0,105Y12M
10014,臺東縣,10014060,池上鄉,10014060-003,大坡村,13,10,10,14,21,18,21,21,20,21,32,41,37,27,14,16,15,5,4,0,0,105Y12M
10014,臺東縣,10014060,池上鄉,10014060-004,大埔村,19,26,36,45,60,50,55,74,66,64,74,65,80,65,46,37,20,9,4,3,1,105Y12M
10014,臺東縣,10014060,池上鄉,10014060-010,振興村,16,13,17,32,38,20,30,38,36,45,39,32,43,27,26,19,13,4,3,1,0,105Y12M
10014,臺東縣,10014060,池上鄉,10014060-009,富興村,12,7,21,21,28,22,26,32,36,37,48,44,33,31,20,22,6,8,2,1,0,105Y12M
10014,臺東縣,10014060,池上鄉,10014060-007,新興村,23,31,41,57,63,59,59,63,81,87,65,77,67,63,32,36,43,22,12,4,2,105Y12M
10014,臺東縣,10014060,池上鄉,10014060-008,萬安村,11,14,22,16,25,18,18,23,26,26,42,17,27,28,13,19,15,15,2,1,0,105Y12M
10014,臺東縣,10014060,池上鄉,10014060-001,福文村,41,42,58,99,82,55,62,103,124,121,115,104,91,66,62,46,35,36,15,5,0,105Y12M
10014,臺東縣,10014060,池上鄉,10014060-005,福原村,76,78,127,113,143,150,144,156,177,174,171,187,162,128,90,84,64,35,20,7,1,105Y12M
10014,臺東縣,10014060,池上鄉,10014060-002,慶豐村,16,8,33,38,49,41,43,56,63,64,75,49,53,58,25,28,30,14,4,1,1,105Y12M
10014,臺東縣,10014060,池上鄉,10014060-006,錦園村,10,12,14,20,19,18,25,22,30,26,44,36,39,23,15,21,17,9,4,0,0,105Y12M
10014,臺東縣,10014040,卑南鄉,10014040-010,太平村,115,112,123,226,295,269,268,253,324,300,300,265,239,141,84,62,47,43,17,7,2,105Y12M
10014,臺東縣,10014040,卑南鄉,10014040-002,利吉村,13,12,12,19,23,37,32,29,24,28,48,60,39,25,12,30,13,17,3,1,0,105Y12M
10014,臺東縣,10014040,卑南鄉,10014040-011,利嘉村,57,41,37,85,109,103,95,77,86,96,111,100,102,59,31,32,22,12,8,3,0,105Y12M
10014,臺東縣,10014040,卑南鄉,10014040-005,明峰村,40,31,53,56,82,84,91,91,107,95,122,78,114,97,62,45,32,21,5,5,0,105Y12M
10014,臺東縣,10014040,卑南鄉,10014040-012,東興村,69,58,50,81,112,89,108,120,106,131,133,101,70,60,34,25,15,15,4,1,0,105Y12M
10014,臺東縣,10014040,卑南鄉,10014040-006,初鹿村,51,49,74,95,98,85,94,129,102,129,116,111,123,82,54,43,37,27,7,1,1,105Y12M
10014,臺東縣,10014040,卑南鄉,10014040-007,美農村,34,24,41,83,69,70,59,82,89,103,112,94,80,57,59,47,45,19,12,3,1,105Y12M
10014,臺東縣,10014040,卑南鄉,10014040-009,泰安村,73,54,77,102,104,102,79,104,102,127,119,108,61,43,30,35,23,16,2,0,0,105Y12M
10014,臺東縣,10014040,卑南鄉,10014040-003,富山村,15,19,22,36,40,32,28,52,42,50,58,42,38,21,27,30,7,14,5,1,0,105Y12M
10014,臺東縣,10014040,卑南鄉,10014040-004,富源村,9,10,5,18,22,19,20,20,23,35,31,38,31,40,24,17,13,5,7,2,0,105Y12M
10014,臺東縣,10014040,卑南鄉,10014040-013,溫泉村,57,51,51,58,84,63,63,93,92,109,116,114,108,88,54,55,32,30,9,3,0,105Y12M
10014,臺東縣,10014040,卑南鄉,10014040-001,嘉豐村,13,24,18,36,31,43,48,33,30,51,56,45,39,29,21,12,15,14,2,0,0,105Y12M
10014,臺東縣,10014040,卑南鄉,10014040-008,賓朗村,86,59,131,169,176,170,150,177,193,213,243,197,173,149,88,110,65,35,17,3,1,105Y12M
10014,臺東縣,10014130,延平鄉,10014130-002,永康村,26,17,24,30,23,21,28,33,37,40,31,20,11,14,4,7,2,0,1,0,0,105Y12M
10014,臺東縣,10014130,延平鄉,10014130-001,武陵村,47,42,45,47,53,44,57,62,86,49,65,40,39,32,7,6,9,2,0,0,0,105Y12M
10014,臺東縣,10014130,延平鄉,10014130-003,紅葉村,21,32,31,29,43,34,44,57,43,38,30,38,28,25,4,8,4,3,0,0,0,105Y12M
10014,臺東縣,10014130,延平鄉,10014130-005,桃源村,77,63,69,87,92,90,99,101,110,102,92,93,56,34,9,12,12,11,1,2,0,105Y12M
10014,臺東縣,10014130,延平鄉,10014130-004,鸞山村,42,28,39,62,50,37,48,66,58,54,56,47,40,20,12,16,14,7,2,0,0,105Y12M
10014,臺東縣,10014070,東河鄉,10014070-001,北源村,33,30,40,60,71,76,135,162,153,146,168,158,156,102,82,67,72,34,15,2,1,105Y12M
10014,臺東縣,10014070,東河鄉,10014070-004,尚德村,9,11,12,22,10,13,19,23,24,30,27,29,28,20,14,12,14,4,1,1,0,105Y12M
10014,臺東縣,10014070,東河鄉,10014070-003,東河村,36,21,38,50,51,47,67,93,105,115,89,77,78,74,52,41,26,29,13,3,0,105Y12M
10014,臺東縣,10014070,東河鄉,10014070-002,泰源村,36,47,49,73,67,86,112,90,115,114,122,125,98,77,58,55,38,30,10,0,0,105Y12M
10014,臺東縣,10014070,東河鄉,10014070-007,都蘭村,80,67,92,108,134,141,156,188,164,184,225,223,202,155,103,93,63,46,19,1,0,105Y12M
10014,臺東縣,10014070,東河鄉,10014070-005,隆昌村,9,11,15,20,26,26,34,26,49,49,58,51,63,38,27,33,31,17,6,0,0,105Y12M
10014,臺東縣,10014070,東河鄉,10014070-006,興昌村,25,34,42,36,46,29,43,69,97,87,94,86,95,88,52,59,38,32,6,2,0,105Y12M
10014,臺東縣,10014140,金峰鄉,10014140-002,正興村,34,31,42,49,59,54,43,51,48,64,64,71,38,22,9,10,11,10,4,2,0,105Y12M
10014,臺東縣,10014140,金峰鄉,10014140-001,新興村,40,40,30,35,60,46,50,49,43,50,52,57,26,14,10,6,3,9,0,0,0,105Y12M
10014,臺東縣,10014140,金峰鄉,10014140-003,嘉蘭村,96,66,92,126,122,114,111,100,122,122,131,92,78,49,16,19,24,10,4,1,0,105Y12M
10014,臺東縣,10014140,金峰鄉,10014140-004,賓茂村,31,18,15,24,28,34,24,35,25,30,45,33,23,15,5,10,6,9,1,0,0,105Y12M
10014,臺東縣,10014140,金峰鄉,10014140-005,歷坵村,12,21,18,20,26,22,24,27,33,29,41,34,20,13,8,11,10,1,0,0,0,105Y12M
10014,臺東縣,10014080,長濱鄉,10014080-002,三間村,33,26,51,59,58,42,75,103,99,122,146,110,96,90,89,70,61,33,13,1,0,105Y12M
10014,臺東縣,10014080,長濱鄉,10014080-005,竹湖村,23,21,28,32,36,52,53,95,68,81,109,101,85,66,55,40,33,21,5,2,0,105Y12M
10014,臺東縣,10014080,長濱鄉,10014080-003,忠勇村,13,32,31,30,29,24,34,45,55,57,56,52,48,29,36,38,15,9,2,1,0,105Y12M
10014,臺東縣,10014080,長濱鄉,10014080-004,長濱村,59,55,97,100,141,119,148,148,146,196,238,200,168,132,107,102,78,36,19,2,0,105Y12M
10014,臺東縣,10014080,長濱鄉,10014080-006,寧埔村,33,33,29,29,74,72,96,83,92,126,158,122,124,108,72,65,43,15,8,1,0,105Y12M
10014,臺東縣,10014080,長濱鄉,10014080-001,樟原村,16,10,17,40,45,26,26,39,56,61,69,55,54,50,46,37,34,17,8,0,0,105Y12M
10014,臺東縣,10014120,海端鄉,10014120-006,加拿村,31,38,39,57,58,48,55,49,53,49,62,36,30,14,12,5,5,2,2,1,0,105Y12M
10014,臺東縣,10014120,海端鄉,10014120-003,利稻村,30,19,24,29,27,34,27,25,30,28,11,13,18,10,4,4,1,2,1,0,0,105Y12M
10014,臺東縣,10014120,海端鄉,10014120-005,崁頂村,33,37,47,57,52,56,70,51,53,45,68,56,39,16,12,15,4,2,1,0,0,105Y12M
10014,臺東縣,10014120,海端鄉,10014120-004,海端村,70,78,67,104,90,92,102,109,111,82,84,70,67,32,15,17,14,11,4,0,1,105Y12M
10014,臺東縣,10014120,海端鄉,10014120-001,廣原村,66,74,69,68,77,85,83,88,68,90,71,61,42,35,16,8,6,4,5,0,0,105Y12M
10014,臺東縣,10014120,海端鄉,10014120-002,霧鹿村,28,22,17,22,26,27,32,33,23,25,24,18,15,14,14,5,3,1,1,0,0,105Y12M
10014,臺東縣,10014050,鹿野鄉,10014050-004,永安村,49,48,60,103,103,116,105,132,119,148,179,134,115,80,63,50,37,25,9,4,0,105Y12M
10014,臺東縣,10014050,鹿野鄉,10014050-006,鹿野村,30,30,71,72,81,69,61,81,79,112,114,97,102,68,68,51,33,28,2,1,1,105Y12M
10014,臺東縣,10014050,鹿野鄉,10014050-001,瑞和村,23,23,23,50,60,44,50,57,55,63,73,49,60,43,25,28,22,7,6,1,0,105Y12M
10014,臺東縣,10014050,鹿野鄉,10014050-005,瑞隆村,18,34,37,55,63,53,56,84,80,73,83,84,83,67,36,50,35,17,3,0,0,105Y12M
10014,臺東縣,10014050,鹿野鄉,10014050-003,瑞源村,45,39,33,62,80,73,60,72,72,74,88,72,81,59,47,35,23,15,5,6,0,105Y12M
10014,臺東縣,10014050,鹿野鄉,10014050-002,瑞豐村,20,27,12,54,57,53,70,67,85,83,92,83,78,62,43,37,45,25,8,1,0,105Y12M
10014,臺東縣,10014050,鹿野鄉,10014050-007,龍田村,37,50,54,63,64,69,86,86,79,110,105,109,91,81,58,50,53,19,7,1,0,105Y12M
10014,臺東縣,10014150,達仁鄉,10014150-002,土村,34,33,39,64,74,66,62,95,102,94,81,69,61,31,23,16,8,2,1,0,0,105Y12M
10014,臺東縣,10014150,達仁鄉,10014150-001,台村,29,28,16,35,50,56,52,55,40,55,71,68,49,32,16,15,15,9,2,0,0,105Y12M
10014,臺東縣,10014150,達仁鄉,10014150-004,安朔村,29,22,23,28,54,53,57,55,52,60,66,80,65,31,16,9,8,7,2,1,0,105Y12M
10014,臺東縣,10014150,達仁鄉,10014150-006,南田村,2,6,19,15,28,28,27,38,26,36,32,38,27,11,3,2,5,2,3,0,0,105Y12M
10014,臺東縣,10014150,達仁鄉,10014150-005,森永村,21,14,15,14,24,32,29,40,30,39,43,43,30,21,14,6,10,6,4,1,0,105Y12M
10014,臺東縣,10014150,達仁鄉,10014150-003,新化村,15,15,14,21,22,21,25,28,32,33,41,30,22,21,14,10,7,2,1,0,0,105Y12M
10014,臺東縣,10014110,綠島鄉,10014110-002,中寮村,58,26,28,78,85,103,116,103,103,92,107,96,63,42,25,23,16,11,5,0,0,105Y12M
10014,臺東縣,10014110,綠島鄉,10014110-001,公館村,47,36,27,70,57,84,96,108,105,73,64,69,53,36,23,14,12,14,3,1,0,105Y12M
10014,臺東縣,10014110,綠島鄉,10014110-003,南寮村,66,43,38,94,112,157,141,149,145,142,106,96,89,76,33,31,22,7,5,0,0,105Y12M
10014,臺東縣,10014010,臺東市,10014010-021,大同里,27,25,54,62,70,50,63,76,69,60,61,70,65,61,28,39,21,10,3,1,0,105Y12M
10014,臺東縣,10014010,臺東市,10014010-024,中山里,97,94,41,46,47,58,72,78,82,63,60,73,68,65,33,31,34,19,7,1,0,105Y12M
10014,臺東縣,10014010,臺東市,10014010-011,中心里,211,304,426,328,313,236,240,299,287,307,295,283,238,169,111,77,51,37,14,6,0,105Y12M
10014,臺東縣,10014010,臺東市,10014010-020,中正里,12,14,17,51,56,51,69,70,55,74,57,82,87,80,39,41,31,14,8,1,0,105Y12M
10014,臺東縣,10014010,臺東市,10014010-015,中華里,69,68,65,109,132,122,134,153,151,150,154,143,145,97,64,66,40,26,10,1,1,105Y12M
10014,臺東縣,10014010,臺東市,10014010-019,仁愛里,26,11,17,35,57,63,67,47,56,58,66,78,78,55,28,25,18,10,4,2,0,105Y12M
10014,臺東縣,10014010,臺東市,10014010-023,文化里,140,184,117,58,54,65,86,106,99,72,80,69,74,47,21,25,15,8,7,1,1,105Y12M
10014,臺東縣,10014010,臺東市,10014010-014,四維里,27,31,22,42,50,56,41,61,49,63,70,53,32,38,34,29,10,7,3,0,1,105Y12M
10014,臺東縣,10014010,臺東市,10014010-008,民生里,96,96,108,193,239,263,273,266,259,262,287,314,326,247,121,95,54,38,17,6,0,105Y12M
10014,臺東縣,10014010,臺東市,10014010-013,民族里,239,323,274,161,124,108,114,139,177,157,113,102,98,81,62,60,31,22,5,2,1,105Y12M
10014,臺東縣,10014010,臺東市,10014010-018,民權里,47,25,26,53,77,66,99,92,56,67,69,89,74,49,30,34,23,12,10,0,0,105Y12M
10014,臺東縣,10014010,臺東市,10014010-034,永樂里,90,131,195,256,199,155,150,191,232,194,223,188,130,90,45,69,21,23,7,2,0,105Y12M
10014,臺東縣,10014010,臺東市,10014010-032,光明里,138,227,339,321,256,171,206,268,297,354,267,189,144,121,67,57,36,27,9,1,0,105Y12M
10014,臺東縣,10014010,臺東市,10014010-022,成功里,20,24,47,64,79,57,52,61,69,85,75,70,55,62,50,33,15,13,8,0,0,105Y12M
10014,臺東縣,10014010,臺東市,10014010-012,自強里,276,367,456,359,352,356,355,314,331,388,347,402,361,205,165,134,87,54,25,5,1,105Y12M
10014,臺東縣,10014010,臺東市,10014010-005,卑南里,93,78,108,230,230,218,223,245,277,276,288,221,204,131,105,83,49,27,10,3,0,105Y12M
10014,臺東縣,10014010,臺東市,10014010-003,岩灣里,74,41,67,162,175,150,175,201,215,238,202,161,137,90,57,57,25,46,18,3,0,105Y12M
10014,臺東縣,10014010,臺東市,10014010-036,東海里,281,251,183,225,216,222,289,285,244,239,271,291,226,168,107,85,56,36,12,3,0,105Y12M
10014,臺東縣,10014010,臺東市,10014010-045,知本里,42,45,60,102,143,101,113,100,105,124,156,120,107,62,45,42,32,19,8,1,1,105Y12M
10014,臺東縣,10014010,臺東市,10014010-004,南王里,76,77,116,217,251,219,216,223,202,243,291,244,189,169,88,92,53,39,9,3,1,105Y12M
10014,臺東縣,10014010,臺東市,10014010-006,南榮里,123,80,125,231,233,199,212,230,264,270,260,215,191,150,81,72,46,68,44,14,3,105Y12M
10014,臺東縣,10014010,臺東市,10014010-042,建和里,55,51,56,90,131,139,89,102,88,140,148,137,109,79,65,57,49,20,6,2,0,105Y12M
10014,臺東縣,10014010,臺東市,10014010-017,建國里,43,25,47,81,90,105,104,110,110,138,124,131,108,91,73,41,32,23,10,0,0,105Y12M
10014,臺東縣,10014010,臺東市,10014010-044,建業里,43,40,71,106,114,99,71,107,99,135,128,111,105,78,53,55,29,27,4,0,0,105Y12M
10014,臺東縣,10014010,臺東市,10014010-046,建農里,93,70,99,166,205,138,167,182,219,235,170,150,141,106,46,42,28,36,18,2,0,105Y12M
10014,臺東縣,10014010,臺東市,10014010-043,建興里,31,20,34,76,92,79,63,77,79,91,108,90,55,71,49,44,21,13,4,1,0,105Y12M
10014,臺東縣,10014010,臺東市,10014010-010,馬蘭里,204,373,445,314,293,211,203,242,264,258,270,193,219,132,106,96,65,33,13,4,0,105Y12M
10014,臺東縣,10014010,臺東市,10014010-035,康樂里,52,61,88,106,123,101,109,126,132,150,131,123,100,63,40,47,23,15,5,2,0,105Y12M
10014,臺東縣,10014010,臺東市,10014010-016,強國里,28,16,24,41,55,65,52,51,47,51,54,70,65,45,26,16,12,7,6,0,0,105Y12M
10014,臺東縣,10014010,臺東市,10014010-001,富岡里,33,44,58,85,109,103,124,154,122,128,138,143,147,84,70,62,46,25,8,1,0,105Y12M
10014,臺東縣,10014010,臺東市,10014010-002,富豐里,45,29,37,57,54,78,86,75,77,87,81,83,45,52,36,35,20,13,2,0,1,105Y12M
10014,臺東縣,10014010,臺東市,10014010-025,復國里,9,21,38,40,49,53,35,44,57,65,79,58,55,37,25,23,19,10,4,1,0,105Y12M
10014,臺東縣,10014010,臺東市,10014010-027,復興里,13,15,21,23,31,38,43,42,33,32,47,48,35,28,22,20,9,8,4,0,0,105Y12M
10014,臺東縣,10014010,臺東市,10014010-007,新生里,254,238,255,487,597,572,594,546,579,652,656,663,553,370,215,160,117,71,21,2,1,105Y12M
10014,臺東縣,10014010,臺東市,10014010-029,新園里,73,55,87,147,162,103,125,131,167,160,169,123,122,102,54,38,31,13,12,3,0,105Y12M
10014,臺東縣,10014010,臺東市,10014010-037,新興里,30,22,50,63,91,67,71,86,72,106,111,92,81,73,39,43,40,19,9,0,0,105Y12M
10014,臺東縣,10014010,臺東市,10014010-026,興國里,121,102,54,71,65,61,56,88,75,88,77,49,55,51,33,30,19,10,11,0,0,105Y12M
10014,臺東縣,10014010,臺東市,10014010-030,豐田里,80,94,100,173,184,185,160,164,205,200,195,173,146,125,68,57,34,25,20,0,1,105Y12M
10014,臺東縣,10014010,臺東市,10014010-031,豐年里,101,86,101,216,311,234,257,247,270,297,259,238,200,151,108,65,40,36,15,3,1,105Y12M
10014,臺東縣,10014010,臺東市,10014010-039,豐谷里,202,171,283,440,493,494,422,438,450,492,510,414,396,278,170,154,82,47,18,4,0,105Y12M
10014,臺東縣,10014010,臺東市,10014010-040,豐里里,95,82,138,198,252,192,191,201,202,235,249,211,156,140,79,79,59,33,15,3,1,105Y12M
10014,臺東縣,10014010,臺東市,10014010-041,豐原里,50,57,54,76,126,106,98,91,81,128,131,109,82,67,47,56,49,18,6,2,0,105Y12M
10014,臺東縣,10014010,臺東市,10014010-038,豐榮里,280,278,548,681,750,700,701,759,787,783,765,739,632,418,215,184,102,62,30,5,1,105Y12M
10014,臺東縣,10014010,臺東市,10014010-033,豐樂里,44,82,135,132,149,127,127,126,121,123,150,136,123,87,44,35,35,17,5,0,1,105Y12M
10014,臺東縣,10014010,臺東市,10014010-009,寶桑里,31,45,45,64,75,49,83,79,84,81,84,69,80,62,32,37,10,4,10,2,1,105Y12M
10014,臺東縣,10014010,臺東市,10014010-028,鐵花里,9,3,13,28,22,22,24,29,43,40,31,42,32,29,22,21,10,14,7,0,0,105Y12M
10014,臺東縣,10014030,關山鎮,10014030-004,中福里,28,41,59,48,61,63,74,70,51,65,65,90,84,60,48,38,26,10,5,3,0,105Y12M
10014,臺東縣,10014030,關山鎮,10014030-007,月眉里,23,21,30,56,42,63,47,42,70,62,78,76,59,52,24,26,26,21,9,1,1,105Y12M
10014,臺東縣,10014030,關山鎮,10014030-005,里里,66,72,107,130,134,126,150,118,147,145,165,163,152,108,70,82,51,28,9,2,0,105Y12M
10014,臺東縣,10014030,關山鎮,10014030-003,新福里,38,30,65,64,87,65,62,61,76,93,106,71,68,46,31,43,30,11,5,1,0,105Y12M
10014,臺東縣,10014030,關山鎮,10014030-006,電光里,27,16,29,40,40,33,38,39,53,55,50,44,57,39,28,30,15,6,1,0,0,105Y12M
10014,臺東縣,10014030,關山鎮,10014030-001,德高里,50,48,74,134,148,112,99,117,131,165,158,141,107,113,93,90,71,38,10,3,1,105Y12M
10014,臺東縣,10014030,關山鎮,10014030-002,豐泉里,47,62,81,102,97,81,100,87,85,118,91,120,102,49,48,42,29,22,8,1,0,105Y12M
10014,臺東縣,10014160,蘭嶼鄉,10014160-001,東清村,76,66,99,120,121,115,139,160,135,111,105,85,73,35,10,18,14,13,9,0,0,105Y12M
10014,臺東縣,10014160,蘭嶼鄉,10014160-003,紅頭村,72,63,75,102,106,118,135,143,131,143,115,116,79,37,25,12,20,11,2,1,0,105Y12M
10014,臺東縣,10014160,蘭嶼鄉,10014160-002,朗島村,50,42,52,80,95,104,98,82,62,55,54,49,42,23,12,6,9,9,0,0,0,105Y12M
10014,臺東縣,10014160,蘭嶼鄉,10014160-004,椰油村,69,67,64,70,88,92,116,142,85,76,67,75,65,22,17,7,14,9,4,0,0,105Y12M
10014,臺東縣,10014100,大武鄉,10014100-001,大竹村,34,26,53,42,44,57,72,86,61,54,76,86,77,44,28,19,22,12,2,1,0,106Y12M
10014,臺東縣,10014100,大武鄉,10014100-003,大武村,47,65,76,79,95,108,115,122,132,113,137,137,117,88,42,40,29,15,11,1,1,106Y12M
10014,臺東縣,10014100,大武鄉,10014100-002,大鳥村,42,57,76,86,97,109,90,93,95,102,125,110,105,53,29,28,21,7,2,0,1,106Y12M
10014,臺東縣,10014100,大武鄉,10014100-004,尚武村,46,39,47,70,110,96,111,140,140,152,140,164,129,102,56,62,42,18,12,3,0,106Y12M
10014,臺東縣,10014100,大武鄉,10014100-005,南興村,13,21,21,37,28,39,42,53,62,42,59,74,60,30,20,18,11,12,2,0,0,106Y12M
10014,臺東縣,10014090,太麻里鄉,10014090-002,三和村,14,21,30,27,52,31,54,56,47,66,55,58,49,41,33,34,11,14,3,0,0,106Y12M
10014,臺東縣,10014090,太麻里鄉,10014090-006,大王村,66,73,114,105,116,153,134,141,153,146,158,167,172,145,76,67,52,36,13,3,2,106Y12M
10014,臺東縣,10014090,太麻里鄉,10014090-004,北里村,20,21,21,34,50,38,36,51,47,39,43,61,63,44,20,24,11,11,4,1,0,106Y12M
10014,臺東縣,10014090,太麻里鄉,10014090-009,多良村,48,36,49,55,77,63,75,91,83,77,85,89,83,55,29,24,17,15,5,1,0,106Y12M
10014,臺東縣,10014090,太麻里鄉,10014090-008,金崙村,71,73,94,119,145,124,118,160,163,160,195,173,120,91,63,45,29,21,10,1,0,106Y12M
10014,臺東縣,10014090,太麻里鄉,10014090-001,美和村,38,47,73,95,103,95,102,121,113,134,114,113,101,82,56,60,36,12,2,1,0,106Y12M
10014,臺東縣,10014090,太麻里鄉,10014090-007,香蘭村,21,27,38,35,50,51,66,66,43,70,91,80,67,48,55,47,25,12,6,1,0,106Y12M
10014,臺東縣,10014090,太麻里鄉,10014090-005,泰和村,55,50,67,85,123,110,108,101,123,131,126,136,98,105,65,62,52,23,10,3,0,106Y12M
10014,臺東縣,10014090,太麻里鄉,10014090-003,華源村,12,13,14,31,42,23,36,39,68,51,69,34,47,49,42,45,36,17,5,1,0,106Y12M
10014,臺東縣,10014020,成功鎮,10014020-003,三仙里,43,43,65,79,99,90,93,137,134,134,128,150,125,99,57,59,33,22,4,1,1,106Y12M
10014,臺東縣,10014020,成功鎮,10014020-004,三民里,101,68,118,189,213,226,221,266,227,243,250,258,242,186,131,100,54,36,15,3,1,106Y12M
10014,臺東縣,10014020,成功鎮,10014020-007,和平里,13,19,23,26,45,51,44,56,60,56,81,85,75,50,53,38,30,15,9,2,0,106Y12M
10014,臺東縣,10014020,成功鎮,10014020-006,忠仁里,73,105,128,146,161,135,178,205,190,209,195,235,192,155,93,79,68,34,12,4,0,106Y12M
10014,臺東縣,10014020,成功鎮,10014020-002,忠孝里,23,27,42,28,68,63,74,81,60,85,105,95,83,68,65,45,49,16,1,1,0,106Y12M
10014,臺東縣,10014020,成功鎮,10014020-005,忠智里,68,117,109,129,149,135,149,175,168,172,165,191,139,154,82,86,61,17,13,4,0,106Y12M
10014,臺東縣,10014020,成功鎮,10014020-008,信義里,48,50,56,70,102,110,109,137,163,173,207,199,182,124,87,88,58,40,15,2,1,106Y12M
10014,臺東縣,10014020,成功鎮,10014020-001,博愛里,16,8,11,20,33,24,37,46,41,57,74,77,60,45,51,43,27,4,8,1,0,106Y12M
10014,臺東縣,10014060,池上鄉,10014060-003,大坡村,6,21,7,14,21,18,20,20,25,17,29,48,39,30,14,14,14,8,2,1,0,106Y12M
10014,臺東縣,10014060,池上鄉,10014060-004,大埔村,17,15,42,42,62,50,46,74,55,73,65,70,76,70,52,39,20,9,4,0,2,106Y12M
10014,臺東縣,10014060,池上鄉,10014060-010,振興村,15,14,14,27,40,26,25,35,38,46,44,30,45,31,24,17,14,5,2,1,0,106Y12M
10014,臺東縣,10014060,池上鄉,10014060-009,富興村,13,11,18,25,28,19,22,30,40,37,40,46,32,35,15,20,10,8,3,1,0,106Y12M
10014,臺東縣,10014060,池上鄉,10014060-007,新興村,24,26,37,51,60,69,54,61,82,90,67,76,72,61,33,37,44,21,10,3,3,106Y12M
10014,臺東縣,10014060,池上鄉,10014060-008,萬安村,11,17,15,18,23,18,12,26,21,29,36,27,24,28,15,14,17,15,1,1,0,106Y12M
10014,臺東縣,10014060,池上鄉,10014060-001,福文村,36,36,59,86,81,65,49,91,127,115,114,100,100,75,52,52,32,32,13,8,0,106Y12M
10014,臺東縣,10014060,池上鄉,10014060-005,福原村,79,81,107,120,140,150,128,166,163,177,165,182,173,125,88,87,64,39,14,8,1,106Y12M
10014,臺東縣,10014060,池上鄉,10014060-002,慶豐村,15,10,27,38,50,43,34,51,63,59,71,61,47,59,28,25,31,15,4,1,1,106Y12M
10014,臺東縣,10014060,池上鄉,10014060-006,錦園村,9,9,10,21,17,19,19,18,27,27,46,38,37,24,18,18,17,11,2,2,0,106Y12M
10014,臺東縣,10014040,卑南鄉,10014040-010,太平村,110,114,111,218,274,274,252,258,303,319,286,284,226,177,77,70,46,43,23,6,1,106Y12M
10014,臺東縣,10014040,卑南鄉,10014040-002,利吉村,13,12,16,18,23,39,29,35,22,24,48,64,46,29,13,24,18,15,4,1,0,106Y12M
10014,臺東縣,10014040,卑南鄉,10014040-011,利嘉村,56,46,31,78,116,103,106,70,86,104,112,108,103,65,35,33,19,15,3,6,0,106Y12M
10014,臺東縣,10014040,卑南鄉,10014040-005,明峰村,45,26,57,55,90,82,88,95,105,93,117,94,96,105,57,51,33,19,9,5,0,106Y12M
10014,臺東縣,10014040,卑南鄉,10014040-012,東興村,70,58,55,69,118,95,97,122,92,135,136,118,73,63,39,20,16,11,5,0,1,106Y12M
10014,臺東縣,10014040,卑南鄉,10014040-006,初鹿村,40,41,66,96,98,88,82,118,107,119,122,110,115,88,58,44,32,28,10,2,1,106Y12M
10014,臺東縣,10014040,卑南鄉,10014040-007,美農村,37,27,29,83,73,76,56,85,85,101,116,91,88,53,57,51,42,19,11,3,1,106Y12M
10014,臺東縣,10014040,卑南鄉,10014040-009,泰安村,72,49,78,93,106,118,71,99,101,122,125,108,63,43,30,35,22,15,4,0,0,106Y12M
10014,臺東縣,10014040,卑南鄉,10014040-003,富山村,12,16,21,30,41,30,34,43,41,51,66,44,40,21,24,30,13,9,6,2,0,106Y12M
10014,臺東縣,10014040,卑南鄉,10014040-004,富源村,8,11,6,14,28,17,19,21,18,36,31,35,36,39,23,19,14,6,6,3,0,106Y12M
10014,臺東縣,10014040,卑南鄉,10014040-013,溫泉村,56,63,46,58,76,68,52,90,92,95,123,121,101,88,57,52,38,25,12,5,0,106Y12M
10014,臺東縣,10014040,卑南鄉,10014040-001,嘉豐村,17,24,15,34,36,33,54,34,32,46,53,47,38,31,20,15,15,10,4,0,0,106Y12M
10014,臺東縣,10014040,卑南鄉,10014040-008,賓朗村,65,61,123,155,189,169,143,175,184,210,242,191,183,162,98,111,60,39,15,4,2,106Y12M
10014,臺東縣,10014130,延平鄉,10014130-002,永康村,28,18,23,24,31,19,34,32,34,41,35,19,14,11,7,6,3,0,0,0,0,106Y12M
10014,臺東縣,10014130,延平鄉,10014130-001,武陵村,37,46,45,48,52,49,48,67,77,57,62,38,39,37,8,3,11,1,0,0,0,106Y12M
10014,臺東縣,10014130,延平鄉,10014130-003,紅葉村,20,26,37,31,39,40,33,55,54,37,32,36,30,23,8,4,7,0,2,0,0,106Y12M
10014,臺東縣,10014130,延平鄉,10014130-005,桃源村,75,65,64,97,91,88,98,98,112,103,94,93,61,39,11,12,11,9,2,2,0,106Y12M
10014,臺東縣,10014130,延平鄉,10014130-004,鸞山村,36,33,29,65,54,36,48,66,60,58,59,48,40,24,12,16,14,8,1,1,0,106Y12M
10014,臺東縣,10014070,東河鄉,10014070-001,北源村,31,31,41,51,73,74,105,165,162,148,147,177,151,112,81,66,71,30,18,3,0,106Y12M
10014,臺東縣,10014070,東河鄉,10014070-004,尚德村,5,10,10,16,15,8,18,27,21,25,25,31,25,19,13,10,11,5,1,1,0,106Y12M
10014,臺東縣,10014070,東河鄉,10014070-003,東河村,33,29,31,51,55,44,59,89,102,113,105,76,77,78,52,44,30,23,11,4,0,106Y12M
10014,臺東縣,10014070,東河鄉,10014070-002,泰源村,28,44,47,63,68,76,90,88,102,119,111,127,99,85,62,47,41,23,17,0,0,106Y12M
10014,臺東縣,10014070,東河鄉,10014070-007,都蘭村,67,62,83,109,127,137,141,189,164,188,213,227,209,147,106,92,71,42,19,2,0,106Y12M
10014,臺東縣,10014070,東河鄉,10014070-005,隆昌村,7,12,22,19,28,27,34,27,43,52,54,55,69,43,25,31,28,16,9,0,0,106Y12M
10014,臺東縣,10014070,東河鄉,10014070-006,興昌村,15,36,39,34,52,31,37,69,83,94,85,93,101,87,50,62,38,30,8,1,0,106Y12M
10014,臺東縣,10014140,金峰鄉,10014140-002,正興村,31,32,35,57,49,63,43,49,49,55,70,69,40,24,10,9,12,7,7,1,0,106Y12M
10014,臺東縣,10014140,金峰鄉,10014140-001,新興村,41,38,27,40,55,45,59,46,41,51,57,56,30,18,12,6,4,7,1,0,0,106Y12M
10014,臺東縣,10014140,金峰鄉,10014140-003,嘉蘭村,94,70,89,115,134,124,92,107,119,123,128,103,86,47,24,16,24,10,4,1,0,106Y12M
10014,臺東縣,10014140,金峰鄉,10014140-004,賓茂村,25,21,15,25,31,35,21,35,26,24,49,31,28,16,7,9,6,9,1,0,0,106Y12M
10014,臺東縣,10014140,金峰鄉,10014140-005,歷坵村,17,20,15,23,28,24,25,30,27,29,43,36,23,11,7,9,13,3,0,0,0,106Y12M
10014,臺東縣,10014080,長濱鄉,10014080-002,三間村,27,24,42,47,62,41,58,96,106,111,147,102,106,90,88,69,62,30,14,2,0,106Y12M
10014,臺東縣,10014080,長濱鄉,10014080-005,竹湖村,25,25,23,32,37,50,47,82,70,79,116,100,96,66,56,40,35,20,5,2,0,106Y12M
10014,臺東縣,10014080,長濱鄉,10014080-003,忠勇村,11,28,34,23,34,24,24,44,50,56,60,61,44,33,34,36,18,10,2,0,0,106Y12M
10014,臺東縣,10014080,長濱鄉,10014080-004,長濱村,57,55,94,86,134,126,137,140,157,187,233,189,180,142,102,103,84,33,20,3,0,106Y12M
10014,臺東縣,10014080,長濱鄉,10014080-006,寧埔村,24,33,29,31,60,77,72,93,85,119,158,126,126,100,81,69,34,18,7,3,0,106Y12M
10014,臺東縣,10014080,長濱鄉,10014080-001,樟原村,17,9,17,31,49,25,25,38,43,67,68,59,59,50,42,41,30,19,7,1,0,106Y12M
10014,臺東縣,10014120,海端鄉,10014120-006,加拿村,32,28,43,48,57,48,49,48,50,50,54,44,33,17,8,8,4,2,2,1,0,106Y12M
10014,臺東縣,10014120,海端鄉,10014120-003,利稻村,26,18,24,28,30,31,30,27,26,26,16,12,20,10,3,4,1,3,1,0,0,106Y12M
10014,臺東縣,10014120,海端鄉,10014120-005,崁頂村,32,37,43,55,58,60,65,50,49,48,63,59,41,22,11,12,7,1,2,0,0,106Y12M
10014,臺東縣,10014120,海端鄉,10014120-004,海端村,59,76,70,102,86,99,101,112,112,81,81,75,68,37,15,17,12,10,6,0,1,106Y12M
10014,臺東縣,10014120,海端鄉,10014120-001,廣原村,64,67,63,77,65,85,69,93,72,85,67,62,43,37,18,9,6,2,2,1,0,106Y12M
10014,臺東縣,10014120,海端鄉,10014120-002,霧鹿村,19,28,16,23,22,27,25,38,18,20,30,17,16,16,12,7,2,1,1,0,0,106Y12M
10014,臺東縣,10014050,鹿野鄉,10014050-004,永安村,46,47,56,102,100,113,110,124,117,146,172,140,117,84,66,52,39,25,7,4,0,106Y12M
10014,臺東縣,10014050,鹿野鄉,10014050-006,鹿野村,35,32,65,70,85,78,64,77,83,97,122,97,106,73,58,53,36,26,5,1,1,106Y12M
10014,臺東縣,10014050,鹿野鄉,10014050-001,瑞和村,22,23,20,39,63,52,38,60,50,65,73,58,50,45,29,24,26,7,6,1,0,106Y12M
10014,臺東縣,10014050,鹿野鄉,10014050-005,瑞隆村,24,25,38,57,59,54,63,72,74,82,81,81,91,69,33,51,34,19,2,0,0,106Y12M
10014,臺東縣,10014050,鹿野鄉,10014050-003,瑞源村,43,38,28,50,81,73,65,62,79,63,85,80,80,59,47,35,29,13,6,2,2,106Y12M
10014,臺東縣,10014050,鹿野鄉,10014050-002,瑞豐村,20,24,14,61,54,51,66,62,88,81,94,80,75,68,36,43,45,23,11,2,0,106Y12M
10014,臺東縣,10014050,鹿野鄉,10014050-007,龍田村,36,37,56,66,60,72,64,97,75,109,104,115,86,84,53,55,40,23,9,1,0,106Y12M
10014,臺東縣,10014150,達仁鄉,10014150-002,土村,37,29,47,56,84,76,64,84,107,89,85,75,58,38,23,16,11,2,0,0,0,106Y12M
10014,臺東縣,10014150,達仁鄉,10014150-001,台村,34,26,22,34,49,51,59,50,36,54,61,75,47,32,16,18,16,11,1,0,0,106Y12M
10014,臺東縣,10014150,達仁鄉,10014150-004,安朔村,26,27,23,26,41,53,52,56,53,60,61,72,66,36,16,10,6,7,3,1,0,106Y12M
10014,臺東縣,10014150,達仁鄉,10014150-006,南田村,5,5,11,18,26,30,24,36,25,30,33,40,24,12,3,3,3,3,3,0,0,106Y12M
10014,臺東縣,10014150,達仁鄉,10014150-005,森永村,18,15,15,16,21,37,25,45,30,30,43,46,39,21,15,9,7,5,3,1,0,106Y12M
10014,臺東縣,10014150,達仁鄉,10014150-003,新化村,12,12,15,23,18,24,21,24,35,35,39,34,24,25,12,10,7,4,1,0,0,106Y12M
10014,臺東縣,10014110,綠島鄉,10014110-002,中寮村,63,27,28,61,91,115,108,111,108,88,102,107,66,46,29,22,19,7,7,0,0,106Y12M
10014,臺東縣,10014110,綠島鄉,10014110-001,公館村,52,37,34,61,82,91,99,125,122,88,58,72,58,41,24,13,11,15,4,1,0,106Y12M
10014,臺東縣,10014110,綠島鄉,10014110-003,南寮村,70,52,36,96,125,151,146,155,142,152,111,119,94,70,45,29,23,11,5,1,0,106Y12M
10014,臺東縣,10014010,臺東市,10014010-021,大同里,22,25,39,55,70,57,56,65,71,64,64,68,63,53,38,38,25,9,3,3,0,106Y12M
10014,臺東縣,10014010,臺東市,10014010-024,中山里,92,95,31,42,45,55,67,85,66,57,62,68,65,64,41,29,26,20,8,1,0,106Y12M
10014,臺東縣,10014010,臺東市,10014010-011,中心里,200,311,416,293,310,248,215,295,303,264,298,291,230,174,121,81,50,37,13,7,0,106Y12M
10014,臺東縣,10014010,臺東市,10014010-020,中正里,8,12,12,47,56,47,59,67,58,70,64,73,76,89,42,35,38,13,10,1,0,106Y12M
10014,臺東縣,10014010,臺東市,10014010-015,中華里,65,66,59,88,126,137,130,152,159,147,161,147,146,107,72,66,41,26,11,1,0,106Y12M
10014,臺東縣,10014010,臺東市,10014010-019,仁愛里,25,16,19,33,51,61,65,53,58,49,72,76,75,64,28,27,18,7,8,2,0,106Y12M
10014,臺東縣,10014010,臺東市,10014010-023,文化里,142,203,119,55,44,58,83,109,86,82,70,68,71,56,23,22,19,8,4,0,2,106Y12M
10014,臺東縣,10014010,臺東市,10014010-014,四維里,27,41,29,37,48,58,49,57,45,61,70,60,30,41,37,25,15,8,3,0,1,106Y12M
10014,臺東縣,10014010,臺東市,10014010-008,民生里,96,110,89,185,238,242,269,274,256,272,277,291,328,279,118,98,50,40,14,7,0,106Y12M
10014,臺東縣,10014010,臺東市,10014010-013,民族里,227,316,264,155,123,104,117,139,159,153,130,108,88,84,57,64,41,23,6,0,1,106Y12M
10014,臺東縣,10014010,臺東市,10014010-018,民權里,55,34,23,51,77,72,94,97,53,72,64,77,73,51,31,32,26,14,11,0,0,106Y12M
10014,臺東縣,10014010,臺東市,10014010-034,永樂里,83,134,194,241,205,164,134,191,218,218,216,196,138,96,54,54,33,15,14,3,0,106Y12M
10014,臺東縣,10014010,臺東市,10014010-032,光明里,130,217,342,294,265,172,183,270,270,356,291,185,151,130,70,62,33,24,10,1,0,106Y12M
10014,臺東縣,10014010,臺東市,10014010-022,成功里,23,26,44,58,70,57,50,58,66,85,75,64,63,53,55,28,19,12,6,0,0,106Y12M
10014,臺東縣,10014010,臺東市,10014010-012,自強里,253,369,456,342,342,348,344,344,323,379,342,383,368,241,160,143,73,61,25,8,2,106Y12M
10014,臺東縣,10014010,臺東市,10014010-005,卑南里,87,73,106,222,252,227,205,259,266,288,276,239,193,152,101,94,52,24,12,5,0,106Y12M
10014,臺東縣,10014010,臺東市,10014010-003,岩灣里,64,39,56,155,190,150,174,188,225,244,209,172,153,97,61,61,30,42,22,5,1,106Y12M
10014,臺東縣,10014010,臺東市,10014010-036,東海里,274,245,167,193,238,210,272,285,238,245,260,294,236,168,104,92,59,35,12,4,0,106Y12M
10014,臺東縣,10014010,臺東市,10014010-045,知本里,46,45,56,91,138,112,102,106,97,133,155,123,110,72,43,47,35,18,8,3,1,106Y12M
10014,臺東縣,10014010,臺東市,10014010-004,南王里,81,67,100,222,227,252,205,218,206,235,293,242,196,176,98,91,55,31,12,2,1,106Y12M
10014,臺東縣,10014010,臺東市,10014010-006,南榮里,118,94,111,219,269,196,198,219,265,272,259,211,185,170,93,65,46,60,41,13,3,106Y12M
10014,臺東縣,10014010,臺東市,10014010-042,建和里,51,62,57,89,124,152,81,105,81,133,147,136,115,84,59,57,54,20,7,2,0,106Y12M
10014,臺東縣,10014010,臺東市,10014010-017,建國里,46,31,37,87,87,105,92,93,123,123,129,133,106,94,74,46,30,20,12,0,0,106Y12M
10014,臺東縣,10014010,臺東市,10014010-044,建業里,44,42,65,104,108,97,80,99,93,135,126,110,95,87,55,53,31,31,4,0,0,106Y12M
10014,臺東縣,10014010,臺東市,10014010-046,建農里,87,63,85,173,190,157,150,172,217,238,181,152,154,104,59,43,28,30,20,2,0,106Y12M
10014,臺東縣,10014010,臺東市,10014010-043,建興里,25,15,36,68,94,81,60,77,79,91,99,99,53,73,50,36,28,15,3,1,0,106Y12M
10014,臺東縣,10014010,臺東市,10014010-010,馬蘭里,172,371,451,280,284,207,197,256,230,263,266,200,221,144,117,90,76,28,15,3,0,106Y12M
10014,臺東縣,10014010,臺東市,10014010-035,康樂里,51,66,86,105,128,99,92,124,118,144,148,112,108,62,46,47,25,14,6,1,0,106Y12M
10014,臺東縣,10014010,臺東市,10014010-016,強國里,30,18,23,31,47,63,54,52,45,46,50,70,66,43,29,19,16,4,4,1,0,106Y12M
10014,臺東縣,10014010,臺東市,10014010-001,富岡里,34,46,60,77,116,106,101,157,130,132,130,148,142,101,64,68,44,26,11,0,1,106Y12M
10014,臺東縣,10014010,臺東市,10014010-002,富豐里,42,37,34,60,55,71,89,79,72,88,78,82,49,50,36,35,19,12,3,0,1,106Y12M
10014,臺東縣,10014010,臺東市,10014010-025,復國里,8,17,34,34,52,52,33,42,56,59,74,57,57,40,25,25,15,13,4,0,1,106Y12M
10014,臺東縣,10014010,臺東市,10014010-027,復興里,14,16,18,17,25,39,35,39,32,31,41,42,31,32,20,21,11,5,5,0,0,106Y12M
10014,臺東縣,10014010,臺東市,10014010-007,新生里,253,250,233,464,590,602,564,579,572,621,661,650,576,400,240,168,126,65,23,4,1,106Y12M
10014,臺東縣,10014010,臺東市,10014010-029,新園里,67,53,76,141,176,114,114,129,151,174,169,124,117,113,56,48,27,11,11,5,0,106Y12M
10014,臺東縣,10014010,臺東市,10014010-037,新興里,30,26,48,55,84,77,68,90,61,103,108,99,84,67,42,33,43,17,12,0,0,106Y12M
10014,臺東縣,10014010,臺東市,10014010-026,興國里,111,109,40,61,75,63,49,75,77,88,73,56,49,53,37,31,19,18,6,4,0,106Y12M
10014,臺東縣,10014010,臺東市,10014010-030,豐田里,97,99,90,166,178,184,161,175,190,203,183,176,151,122,83,49,45,22,16,2,0,106Y12M
10014,臺東縣,10014010,臺東市,10014010-031,豐年里,148,87,90,209,321,284,261,264,255,312,262,253,207,163,113,69,37,33,15,3,1,106Y12M
10014,臺東縣,10014010,臺東市,10014010-039,豐谷里,194,163,260,429,489,483,429,436,424,474,515,440,405,285,188,152,85,44,22,4,0,106Y12M
10014,臺東縣,10014010,臺東市,10014010-040,豐里里,95,73,128,187,270,201,186,189,193,239,250,207,166,141,86,76,58,35,13,3,1,106Y12M
10014,臺東縣,10014010,臺東市,10014010-041,豐原里,43,61,60,72,118,111,96,101,72,119,136,124,79,72,48,57,47,22,5,0,0,106Y12M
10014,臺東縣,10014010,臺東市,10014010-038,豐榮里,254,247,508,665,739,707,668,776,795,779,771,748,654,462,235,201,89,64,28,3,0,106Y12M
10014,臺東縣,10014010,臺東市,10014010-033,豐樂里,46,77,136,126,132,140,121,126,124,124,134,139,126,97,51,36,35,14,6,0,0,106Y12M
10014,臺東縣,10014010,臺東市,10014010-009,寶桑里,37,47,47,63,84,46,70,79,85,90,77,77,73,66,35,40,9,5,5,3,0,106Y12M
10014,臺東縣,10014010,臺東市,10014010-028,鐵花里,9,0,15,28,21,22,26,21,37,41,32,34,37,32,19,24,14,12,7,1,0,106Y12M
10014,臺東縣,10014030,關山鎮,10014030-004,中福里,26,39,50,51,57,61,77,63,59,64,65,80,90,63,43,45,24,11,8,3,0,106Y12M
10014,臺東縣,10014030,關山鎮,10014030-007,月眉里,23,18,30,52,51,61,46,42,63,69,69,90,53,51,23,33,25,17,8,1,0,106Y12M
10014,臺東縣,10014030,關山鎮,10014030-005,里里,62,83,83,119,145,133,136,118,153,138,164,163,146,116,80,70,59,27,7,3,0,106Y12M
10014,臺東縣,10014030,關山鎮,10014030-003,新福里,42,38,49,59,82,69,55,64,69,86,109,70,78,47,34,37,35,11,7,1,0,106Y12M
10014,臺東縣,10014030,關山鎮,10014030-006,電光里,23,14,34,31,42,35,33,41,45,59,49,47,48,43,31,27,16,6,0,0,0,106Y12M
10014,臺東縣,10014030,關山鎮,10014030-001,德高里,50,49,70,108,165,116,90,123,120,167,165,144,102,115,86,91,67,47,12,5,1,106Y12M
10014,臺東縣,10014030,關山鎮,10014030-002,豐泉里,47,74,65,97,95,88,92,101,83,102,105,116,105,55,50,39,26,23,10,1,0,106Y12M
10014,臺東縣,10014160,蘭嶼鄉,10014160-001,東清村,81,68,83,123,123,114,132,164,137,118,100,96,75,41,10,20,12,14,5,1,0,106Y12M
10014,臺東縣,10014160,蘭嶼鄉,10014160-003,紅頭村,64,53,66,90,112,116,119,150,135,136,116,121,70,45,33,11,15,12,4,1,0,106Y12M
10014,臺東縣,10014160,蘭嶼鄉,10014160-002,朗島村,55,41,47,71,94,113,90,89,59,60,49,50,46,24,16,7,7,7,2,0,0,106Y12M
10014,臺東縣,10014160,蘭嶼鄉,10014160-004,椰油村,55,80,59,72,87,97,114,132,101,70,74,82,59,33,14,7,13,9,2,2,0,106Y12M
10014,臺東縣,10014100,大武鄉,10014100-001,大竹村,37,18,48,45,48,50,64,95,71,55,63,90,79,49,28,20,21,12,3,1,0,107Y12M
10014,臺東縣,10014100,大武鄉,10014100-003,大武村,46,69,72,69,94,108,107,125,127,121,122,140,108,95,44,39,28,16,12,1,1,107Y12M
10014,臺東縣,10014100,大武鄉,10014100-002,大鳥村,53,49,79,77,110,108,99,97,96,102,121,107,104,59,32,24,22,9,1,0,1,107Y12M
10014,臺東縣,10014100,大武鄉,10014100-004,尚武村,37,42,45,60,101,100,106,126,136,137,139,152,139,115,58,55,48,15,8,4,0,107Y12M
10014,臺東縣,10014100,大武鄉,10014100-005,南興村,17,15,18,39,26,44,37,45,60,48,55,72,63,32,18,15,13,11,4,0,0,107Y12M
10014,臺東縣,10014090,太麻里鄉,10014090-002,三和村,18,21,28,26,47,37,53,53,50,58,58,57,51,45,29,33,17,12,5,0,0,107Y12M
10014,臺東縣,10014090,太麻里鄉,10014090-006,大王村,73,65,106,109,101,134,133,153,146,161,148,157,175,142,88,73,51,33,19,2,2,107Y12M
10014,臺東縣,10014090,太麻里鄉,10014090-004,北里村,18,18,25,28,44,46,34,42,50,43,39,61,61,51,18,22,15,13,4,0,0,107Y12M
10014,臺東縣,10014090,太麻里鄉,10014090-009,多良村,40,42,42,53,77,66,64,89,86,84,87,95,80,51,40,23,17,16,4,2,0,107Y12M
10014,臺東縣,10014090,太麻里鄉,10014090-008,金崙村,69,67,85,119,139,139,127,152,176,157,187,180,139,100,63,46,31,20,11,1,0,107Y12M
10014,臺東縣,10014090,太麻里鄉,10014090-001,美和村,40,38,68,95,106,100,93,112,111,132,107,123,99,99,50,62,40,13,1,0,0,107Y12M
10014,臺東縣,10014090,太麻里鄉,10014090-007,香蘭村,17,28,31,39,48,48,67,70,48,59,95,84,67,47,52,50,23,17,6,2,0,107Y12M
10014,臺東縣,10014090,太麻里鄉,10014090-005,泰和村,47,55,68,81,116,108,107,111,114,134,109,132,121,93,68,64,49,25,7,5,0,107Y12M
10014,臺東縣,10014090,太麻里鄉,10014090-003,華源村,11,11,16,34,38,29,32,44,54,64,74,34,48,45,43,40,35,22,4,1,0,107Y12M
10014,臺東縣,10014020,成功鎮,10014020-003,三仙里,45,36,62,70,109,89,74,135,128,127,131,154,136,101,60,64,29,21,5,1,0,107Y12M
10014,臺東縣,10014020,成功鎮,10014020-004,三民里,88,73,115,169,212,211,205,263,234,240,236,263,240,194,138,94,58,39,9,8,0,107Y12M
10014,臺東縣,10014020,成功鎮,10014020-007,和平里,14,18,25,22,38,54,40,51,63,56,73,87,77,54,47,43,27,19,10,2,0,107Y12M
10014,臺東縣,10014020,成功鎮,10014020-006,忠仁里,74,86,117,148,152,135,152,206,207,203,197,229,197,166,99,74,72,36,11,3,0,107Y12M
10014,臺東縣,10014020,成功鎮,10014020-002,忠孝里,25,26,36,32,66,68,66,78,67,79,103,102,79,72,63,41,48,15,4,1,0,107Y12M
10014,臺東縣,10014020,成功鎮,10014020-005,忠智里,57,118,107,121,127,145,138,166,170,169,158,188,139,164,75,89,65,22,14,4,0,107Y12M
10014,臺東縣,10014020,成功鎮,10014020-008,信義里,49,39,63,66,99,114,108,134,157,179,205,209,181,131,91,79,67,36,14,2,1,107Y12M
10014,臺東縣,10014020,成功鎮,10014020-001,博愛里,13,8,13,17,31,26,33,37,50,62,65,82,63,40,55,42,25,8,7,1,0,107Y12M
10014,臺東縣,10014060,池上鄉,10014060-003,大坡村,7,12,10,13,21,20,17,19,27,19,26,41,41,31,15,14,15,7,2,1,0,107Y12M
10014,臺東縣,10014060,池上鄉,10014060-004,大埔村,22,16,40,41,55,54,44,78,55,75,60,75,79,64,49,43,22,13,2,2,1,107Y12M
10014,臺東縣,10014060,池上鄉,10014060-010,振興村,10,13,12,25,32,33,21,37,42,43,44,31,42,36,23,15,15,5,3,1,0,107Y12M
10014,臺東縣,10014060,池上鄉,10014060-009,富興村,13,13,16,21,31,17,17,33,34,38,34,50,35,33,17,19,13,5,5,1,0,107Y12M
10014,臺東縣,10014060,池上鄉,10014060-007,新興村,22,29,30,52,56,63,54,58,82,95,59,75,75,74,34,34,42,24,10,3,2,107Y12M
10014,臺東縣,10014060,池上鄉,10014060-008,萬安村,7,18,13,17,21,17,17,24,21,24,31,38,18,28,16,13,18,16,1,1,0,107Y12M
10014,臺東縣,10014060,池上鄉,10014060-001,福文村,36,33,54,87,82,69,47,80,109,133,96,110,100,80,50,51,36,33,12,9,1,107Y12M
10014,臺東縣,10014060,池上鄉,10014060-005,福原村,76,83,106,120,155,147,129,151,164,175,156,211,164,128,96,83,63,45,14,5,2,107Y12M
10014,臺東縣,10014060,池上鄉,10014060-002,慶豐村,15,12,19,39,47,41,32,47,66,58,66,64,52,57,31,18,33,17,2,3,1,107Y12M
10014,臺東縣,10014060,池上鄉,10014060-006,錦園村,11,10,8,19,17,17,18,19,21,33,37,40,42,28,17,17,18,14,3,1,0,107Y12M
10014,臺東縣,10014040,卑南鄉,10014040-010,太平村,116,98,118,207,266,296,246,252,277,315,283,304,240,177,88,66,50,39,23,4,2,107Y12M
10014,臺東縣,10014040,卑南鄉,10014040-002,利吉村,15,8,14,16,16,40,31,35,25,23,51,54,52,32,13,20,20,13,6,1,0,107Y12M
10014,臺東縣,10014040,卑南鄉,10014040-011,利嘉村,60,46,32,72,113,94,101,80,85,92,112,99,104,79,34,32,19,18,3,3,1,107Y12M
10014,臺東縣,10014040,卑南鄉,10014040-005,明峰村,51,23,53,59,82,80,87,105,90,99,113,105,98,97,57,60,38,17,11,3,0,107Y12M
10014,臺東縣,10014040,卑南鄉,10014040-012,東興村,54,56,58,71,105,100,80,120,109,129,143,118,80,62,38,23,18,11,6,1,0,107Y12M
10014,臺東縣,10014040,卑南鄉,10014040-006,初鹿村,49,37,60,98,96,86,83,117,112,123,112,108,119,86,63,42,35,23,15,2,1,107Y12M
10014,臺東縣,10014040,卑南鄉,10014040-007,美農村,43,26,28,69,83,70,55,78,96,99,125,94,90,63,51,56,40,21,13,4,0,107Y12M
10014,臺東縣,10014040,卑南鄉,10014040-009,泰安村,60,58,75,81,105,123,78,91,101,118,122,110,69,51,31,29,24,12,7,0,0,107Y12M
10014,臺東縣,10014040,卑南鄉,10014040-003,富山村,14,12,24,29,36,30,32,39,38,43,60,51,44,22,18,28,14,10,4,2,0,107Y12M
10014,臺東縣,10014040,卑南鄉,10014040-004,富源村,6,9,5,16,21,15,25,20,17,36,31,31,37,40,20,18,14,6,5,1,1,107Y12M
10014,臺東縣,10014040,卑南鄉,10014040-013,溫泉村,42,75,46,55,69,71,56,90,92,98,118,116,106,92,57,56,42,27,13,2,1,107Y12M
10014,臺東縣,10014040,卑南鄉,10014040-001,嘉豐村,15,26,19,32,35,27,52,38,37,41,45,54,40,26,23,15,13,9,5,0,0,107Y12M
10014,臺東縣,10014040,卑南鄉,10014040-008,賓朗村,60,58,107,146,192,143,164,157,184,196,234,202,182,166,98,112,59,34,12,5,1,107Y12M
10014,臺東縣,10014130,延平鄉,10014130-002,永康村,27,16,20,25,27,23,30,38,33,48,37,23,18,8,8,7,3,0,0,0,0,107Y12M
10014,臺東縣,10014130,延平鄉,10014130-001,武陵村,41,42,43,54,53,49,41,68,77,58,66,44,35,37,13,2,10,3,0,0,0,107Y12M
10014,臺東縣,10014130,延平鄉,10014130-003,紅葉村,23,19,33,33,36,42,30,52,61,35,35,39,31,24,11,4,5,2,2,0,0,107Y12M
10014,臺東縣,10014130,延平鄉,10014130-005,桃源村,77,63,61,88,102,100,99,100,116,106,94,94,62,47,16,9,12,9,3,2,0,107Y12M
10014,臺東縣,10014130,延平鄉,10014130-004,鸞山村,40,34,23,60,62,43,44,62,66,63,60,53,36,26,13,15,15,6,2,1,0,107Y12M
10014,臺東縣,10014070,東河鄉,10014070-001,北源村,32,35,35,45,81,72,94,160,175,146,163,176,153,127,79,62,64,33,21,3,0,107Y12M
10014,臺東縣,10014070,東河鄉,10014070-004,尚德村,6,8,13,14,14,11,18,22,25,19,32,25,26,21,10,12,11,5,2,1,0,107Y12M
10014,臺東縣,10014070,東河鄉,10014070-003,東河村,28,37,28,45,59,52,50,87,101,111,105,76,78,76,48,48,31,24,9,7,0,107Y12M
10014,臺東縣,10014070,東河鄉,10014070-002,泰源村,30,34,47,61,67,75,83,97,92,123,110,127,105,83,71,48,40,20,14,1,0,107Y12M
10014,臺東縣,10014070,東河鄉,10014070-007,都蘭村,68,56,86,105,121,122,139,188,170,185,208,222,209,159,118,86,71,44,16,4,0,107Y12M
10014,臺東縣,10014070,東河鄉,10014070-005,隆昌村,7,13,18,19,26,29,32,27,38,49,59,61,63,50,30,27,27,19,9,1,0,107Y12M
10014,臺東縣,10014070,東河鄉,10014070-006,興昌村,18,27,41,36,44,35,35,55,93,91,78,96,97,94,41,55,45,26,11,0,1,107Y12M
10014,臺東縣,10014140,金峰鄉,10014140-002,正興村,31,27,37,58,51,69,45,51,46,49,72,75,47,30,9,8,11,6,6,3,0,107Y12M
10014,臺東縣,10014140,金峰鄉,10014140-001,新興村,40,38,25,47,55,49,48,56,43,49,62,46,46,16,12,6,2,6,1,0,0,107Y12M
10014,臺東縣,10014140,金峰鄉,10014140-003,嘉蘭村,98,70,83,120,138,124,99,115,111,135,127,104,91,62,24,15,22,14,1,3,0,107Y12M
10014,臺東縣,10014140,金峰鄉,10014140-004,賓茂村,21,23,16,23,30,35,21,30,26,28,39,39,29,18,7,8,8,4,3,1,0,107Y12M
10014,臺東縣,10014140,金峰鄉,10014140-005,歷坵村,15,17,15,26,24,34,22,33,22,30,38,52,20,17,6,10,10,5,0,0,0,107Y12M
10014,臺東縣,10014080,長濱鄉,10014080-002,三間村,31,26,36,43,69,37,56,84,114,98,137,119,106,89,84,77,56,31,12,2,0,107Y12M
10014,臺東縣,10014080,長濱鄉,10014080-005,竹湖村,23,23,25,33,38,46,44,80,69,83,100,109,90,65,52,56,26,23,9,0,0,107Y12M
10014,臺東縣,10014080,長濱鄉,10014080-003,忠勇村,12,23,37,25,33,26,22,36,57,55,63,57,44,34,25,41,19,11,2,0,0,107Y12M
10014,臺東縣,10014080,長濱鄉,10014080-004,長濱村,52,55,92,83,125,132,117,143,150,176,244,198,194,138,102,98,78,36,19,3,0,107Y12M
10014,臺東縣,10014080,長濱鄉,10014080-006,寧埔村,22,38,28,31,54,84,67,83,89,110,165,114,136,110,73,65,36,19,5,1,0,107Y12M
10014,臺東縣,10014080,長濱鄉,10014080-001,樟原村,18,10,14,29,48,34,24,32,45,64,64,62,58,46,47,40,30,20,9,0,0,107Y12M
10014,臺東縣,10014120,海端鄉,10014120-006,加拿村,28,33,41,45,56,51,45,45,44,54,52,47,35,19,7,10,4,3,2,0,0,107Y12M
10014,臺東縣,10014120,海端鄉,10014120-003,利稻村,27,17,19,32,27,33,28,27,26,28,16,13,18,12,6,3,2,2,1,0,0,107Y12M
10014,臺東縣,10014120,海端鄉,10014120-005,崁頂村,37,34,46,44,61,57,59,52,51,47,57,60,48,21,15,9,8,2,1,0,0,107Y12M
10014,臺東縣,10014120,海端鄉,10014120-004,海端村,52,71,74,92,94,88,109,109,110,87,84,69,76,38,19,16,13,8,6,0,1,107Y12M
10014,臺東縣,10014120,海端鄉,10014120-001,廣原村,64,66,62,75,66,81,69,88,77,74,64,70,46,38,16,11,6,1,0,1,0,107Y12M
10014,臺東縣,10014120,海端鄉,10014120-002,霧鹿村,17,23,20,24,23,24,23,35,15,22,30,17,18,14,8,11,3,1,0,0,0,107Y12M
10014,臺東縣,10014050,鹿野鄉,10014050-004,永安村,53,47,40,86,104,109,99,125,118,134,172,146,121,95,56,52,39,28,6,3,0,107Y12M
10014,臺東縣,10014050,鹿野鄉,10014050-006,鹿野村,30,34,61,69,79,73,62,76,86,97,125,101,100,81,57,58,37,23,5,1,1,107Y12M
10014,臺東縣,10014050,鹿野鄉,10014050-001,瑞和村,28,21,24,42,61,60,33,61,52,55,75,58,48,55,27,22,23,10,6,2,0,107Y12M
10014,臺東縣,10014050,鹿野鄉,10014050-005,瑞隆村,21,27,36,60,53,57,58,63,80,89,86,76,94,66,41,45,36,21,3,0,0,107Y12M
10014,臺東縣,10014050,鹿野鄉,10014050-003,瑞源村,38,35,29,42,70,71,65,62,80,60,84,78,70,71,48,33,35,11,6,2,1,107Y12M
10014,臺東縣,10014050,鹿野鄉,10014050-002,瑞豐村,19,21,17,62,57,58,57,62,99,82,89,79,79,68,38,47,43,19,9,3,0,107Y12M
10014,臺東縣,10014050,鹿野鄉,10014050-007,龍田村,30,33,53,72,48,71,59,103,66,98,115,108,92,83,57,53,44,18,8,1,0,107Y12M
10014,臺東縣,10014150,達仁鄉,10014150-002,土村,40,23,58,54,90,76,62,84,102,98,89,78,59,45,27,17,11,3,0,0,0,107Y12M
10014,臺東縣,10014150,達仁鄉,10014150-001,台村,31,18,25,30,50,60,55,56,42,55,57,73,52,40,19,17,15,9,2,0,0,107Y12M
10014,臺東縣,10014150,達仁鄉,10014150-004,安朔村,20,27,25,26,41,47,53,53,45,57,60,72,57,47,20,12,2,6,4,1,0,107Y12M
10014,臺東縣,10014150,達仁鄉,10014150-006,南田村,8,3,9,16,26,30,26,33,27,28,27,36,26,14,4,3,1,4,2,0,0,107Y12M
10014,臺東縣,10014150,達仁鄉,10014150-005,森永村,15,15,15,21,22,36,23,49,35,38,44,57,48,21,15,9,5,3,4,1,0,107Y12M
10014,臺東縣,10014150,達仁鄉,10014150-003,新化村,8,14,19,24,23,20,23,20,35,40,37,39,25,24,12,13,2,6,0,0,0,107Y12M
10014,臺東縣,10014110,綠島鄉,10014110-002,中寮村,75,28,28,56,95,115,111,123,103,89,101,107,68,55,24,25,22,5,7,0,0,107Y12M
10014,臺東縣,10014110,綠島鄉,10014110-001,公館村,52,40,39,56,85,105,103,127,136,115,60,78,62,49,22,16,10,14,5,1,0,107Y12M
10014,臺東縣,10014110,綠島鄉,10014110-003,南寮村,77,46,37,90,129,166,158,149,151,152,118,117,104,72,49,30,23,12,3,2,0,107Y12M
10014,臺東縣,10014010,臺東市,10014010-021,大同里,20,23,38,47,65,66,55,66,68,67,54,73,59,61,36,41,27,6,3,2,0,107Y12M
10014,臺東縣,10014010,臺東市,10014010-024,中山里,108,79,25,45,39,53,64,82,52,68,58,66,66,63,46,27,24,22,9,1,0,107Y12M
10014,臺東縣,10014010,臺東市,10014010-011,中心里,191,313,396,287,276,242,206,280,297,264,300,294,216,198,122,93,56,31,12,5,1,107Y12M
10014,臺東縣,10014010,臺東市,10014010-020,中正里,8,12,11,49,49,51,54,68,57,74,59,64,77,95,45,36,43,14,10,1,0,107Y12M
10014,臺東縣,10014010,臺東市,10014010-015,中華里,64,76,61,96,125,122,135,140,145,162,153,143,150,115,68,69,32,25,13,2,0,107Y12M
10014,臺東縣,10014010,臺東市,10014010-019,仁愛里,24,12,20,32,45,56,59,57,61,50,60,75,76,61,37,28,21,9,7,2,0,107Y12M
10014,臺東縣,10014010,臺東市,10014010-023,文化里,147,187,123,60,49,68,88,106,103,85,71,74,72,65,26,22,18,8,6,0,2,107Y12M
10014,臺東縣,10014010,臺東市,10014010-014,四維里,33,48,26,37,46,63,57,51,56,59,67,62,43,42,33,27,19,7,3,1,0,107Y12M
10014,臺東縣,10014010,臺東市,10014010-008,民生里,109,124,96,188,216,239,247,291,263,270,250,302,321,300,135,106,58,38,19,4,0,107Y12M
10014,臺東縣,10014010,臺東市,10014010-013,民族里,233,309,258,145,123,104,121,147,138,163,124,104,94,92,59,65,42,20,11,0,0,107Y12M
10014,臺東縣,10014010,臺東市,10014010-018,民權里,52,41,22,51,80,72,77,107,62,69,72,80,74,51,31,32,32,12,9,0,0,107Y12M
10014,臺東縣,10014010,臺東市,10014010-034,永樂里,88,148,192,220,219,165,137,184,212,225,196,209,159,105,66,49,37,16,10,4,0,107Y12M
10014,臺東縣,10014010,臺東市,10014010-032,光明里,111,212,334,271,250,204,161,256,273,332,294,195,165,133,74,59,28,25,7,4,0,107Y12M
10014,臺東縣,10014010,臺東市,10014010-022,成功里,14,19,44,60,69,65,52,48,67,81,76,71,61,59,42,41,17,9,6,1,0,107Y12M
10014,臺東縣,10014010,臺東市,10014010-012,自強里,243,401,432,338,343,322,335,350,326,381,329,373,381,271,159,138,94,59,27,8,3,107Y12M
10014,臺東縣,10014010,臺東市,10014010-005,卑南里,92,67,98,230,259,227,188,251,279,285,275,265,184,171,101,101,55,22,12,6,0,107Y12M
10014,臺東縣,10014010,臺東市,10014010-003,岩灣里,58,51,56,142,196,154,165,196,229,250,222,197,152,119,61,67,29,35,27,5,1,107Y12M
10014,臺東縣,10014010,臺東市,10014010-036,東海里,256,257,169,198,230,191,250,288,244,239,238,286,253,171,113,91,65,33,15,5,0,107Y12M
10014,臺東縣,10014010,臺東市,10014010-045,知本里,50,46,56,78,135,123,91,113,99,130,155,132,112,81,40,51,33,17,10,4,1,107Y12M
10014,臺東縣,10014010,臺東市,10014010-004,南王里,94,72,91,208,250,252,206,218,230,232,284,264,208,177,92,89,57,32,14,2,0,107Y12M
10014,臺東縣,10014010,臺東市,10014010-006,南榮里,109,92,99,215,261,201,194,210,249,274,243,228,189,183,89,68,46,60,43,10,4,107Y12M
10014,臺東縣,10014010,臺東市,10014010-042,建和里,55,63,49,86,104,150,95,97,92,118,151,139,108,90,52,62,53,20,10,2,0,107Y12M
10014,臺東縣,10014010,臺東市,10014010-017,建國里,43,28,26,81,98,95,91,109,106,123,121,123,110,105,64,59,32,13,10,2,0,107Y12M
10014,臺東縣,10014010,臺東市,10014010-044,建業里,36,46,53,115,106,93,91,100,91,123,131,113,97,98,51,54,35,29,5,1,0,107Y12M
10014,臺東縣,10014010,臺東市,10014010-046,建農里,90,60,84,153,183,171,140,161,201,232,198,164,162,110,60,40,33,24,19,3,0,107Y12M
10014,臺東縣,10014010,臺東市,10014010-043,建興里,18,16,31,72,84,74,44,70,80,87,93,99,68,69,52,40,29,13,4,0,0,107Y12M
10014,臺東縣,10014010,臺東市,10014010-010,馬蘭里,176,367,422,248,253,222,205,239,224,265,243,220,209,157,99,105,67,34,15,2,0,107Y12M
10014,臺東縣,10014010,臺東市,10014010-035,康樂里,61,65,75,100,111,101,102,115,122,144,145,115,110,68,46,46,26,13,8,1,0,107Y12M
10014,臺東縣,10014010,臺東市,10014010-016,強國里,32,20,19,30,43,58,61,53,46,42,58,65,69,43,32,24,14,8,4,0,0,107Y12M
10014,臺東縣,10014010,臺東市,10014010-001,富岡里,29,43,67,75,120,95,101,147,132,131,133,151,146,107,65,59,47,26,8,1,0,107Y12M
10014,臺東縣,10014010,臺東市,10014010-002,富豐里,41,26,36,53,50,76,90,73,72,83,87,78,51,48,38,33,21,14,3,0,0,107Y12M
10014,臺東縣,10014010,臺東市,10014010-025,復國里,10,10,35,29,51,53,37,36,45,61,72,62,54,37,27,20,19,10,5,1,0,107Y12M
10014,臺東縣,10014010,臺東市,10014010-027,復興里,13,13,23,16,25,34,37,37,32,35,37,41,42,26,19,26,9,5,4,0,0,107Y12M
10014,臺東縣,10014010,臺東市,10014010-007,新生里,251,218,229,459,560,545,565,589,559,581,686,628,587,438,238,184,119,70,25,3,1,107Y12M
10014,臺東縣,10014010,臺東市,10014010-029,新園里,61,52,60,146,169,113,115,131,139,184,159,137,109,111,65,55,23,12,7,5,0,107Y12M
10014,臺東縣,10014010,臺東市,10014010-037,新興里,32,32,41,50,76,86,70,86,63,95,109,101,87,56,52,37,41,16,10,1,0,107Y12M
10014,臺東縣,10014010,臺東市,10014010-026,興國里,112,98,34,53,74,63,45,71,70,72,80,55,52,60,32,32,20,20,3,6,0,107Y12M
10014,臺東縣,10014010,臺東市,10014010-030,豐田里,95,105,96,160,173,180,163,171,183,213,182,181,149,140,96,46,47,15,19,2,0,107Y12M
10014,臺東縣,10014010,臺東市,10014010-031,豐年里,153,80,97,215,279,309,251,279,261,302,276,251,221,164,116,84,40,33,14,5,1,107Y12M
10014,臺東縣,10014010,臺東市,10014010-039,豐谷里,182,172,226,421,479,470,411,449,406,467,508,467,405,302,200,164,90,48,17,7,0,107Y12M
10014,臺東縣,10014010,臺東市,10014010-040,豐里里,88,74,110,173,245,230,162,186,183,226,264,222,163,148,88,74,52,39,9,4,0,107Y12M
10014,臺東縣,10014010,臺東市,10014010-041,豐原里,51,57,62,64,107,110,90,109,72,115,120,141,83,70,51,52,47,22,6,1,0,107Y12M
10014,臺東縣,10014010,臺東市,10014010-038,豐榮里,238,266,443,649,733,688,646,748,821,766,767,755,664,516,243,218,112,57,34,4,0,107Y12M
10014,臺東縣,10014010,臺東市,10014010-033,豐樂里,44,79,127,129,119,138,116,126,132,124,130,136,123,99,60,40,29,21,6,0,0,107Y12M
10014,臺東縣,10014010,臺東市,10014010-009,寶桑里,36,47,45,60,78,52,65,74,91,83,75,75,70,77,35,38,15,3,4,3,1,107Y12M
10014,臺東縣,10014010,臺東市,10014010-028,鐵花里,5,5,15,25,39,25,21,19,38,44,38,38,42,36,14,23,13,12,6,3,0,107Y12M
10014,臺東縣,10014030,關山鎮,10014030-004,中福里,27,40,44,49,50,62,71,66,60,58,65,82,95,59,43,48,26,14,6,3,0,107Y12M
10014,臺東縣,10014030,關山鎮,10014030-007,月眉里,26,16,28,42,59,58,47,37,66,67,62,91,60,47,34,29,24,10,9,1,0,107Y12M
10014,臺東縣,10014030,關山鎮,10014030-005,里里,58,91,95,103,135,141,109,130,156,150,143,173,147,123,75,73,56,32,9,2,0,107Y12M
10014,臺東縣,10014030,關山鎮,10014030-003,新福里,37,37,47,60,73,80,52,68,61,91,97,93,69,55,29,40,32,14,9,1,0,107Y12M
10014,臺東縣,10014030,關山鎮,10014030-006,電光里,18,10,36,30,39,35,30,44,42,61,42,52,47,48,30,28,16,7,0,0,0,107Y12M
10014,臺東縣,10014030,關山鎮,10014030-001,德高里,43,40,69,98,157,134,85,121,116,166,171,159,100,118,94,87,74,40,16,5,1,107Y12M
10014,臺東縣,10014030,關山鎮,10014030-002,豐泉里,37,73,69,95,97,79,90,103,79,96,105,114,106,71,46,44,27,23,10,3,0,107Y12M
10014,臺東縣,10014160,蘭嶼鄉,10014160-001,東清村,86,73,79,113,131,121,130,163,138,137,96,96,85,43,13,11,18,11,5,1,0,107Y12M
10014,臺東縣,10014160,蘭嶼鄉,10014160-003,紅頭村,69,40,74,81,110,113,122,149,141,124,119,119,77,50,37,9,14,13,4,2,0,107Y12M
10014,臺東縣,10014160,蘭嶼鄉,10014160-002,朗島村,50,47,47,69,90,105,98,85,75,59,48,53,47,26,19,9,7,7,2,0,0,107Y12M
10014,臺東縣,10014160,蘭嶼鄉,10014160-004,椰油村,54,84,61,76,86,107,98,145,113,81,63,92,55,33,16,8,12,9,2,2,0,107Y12M
10014,臺東縣,10014100,大武鄉,10014100-001,大竹村,35,20,47,48,41,46,62,80,77,51,65,86,82,49,29,21,19,14,3,1,0,108Y12M
10014,臺東縣,10014100,大武鄉,10014100-003,大武村,48,72,60,67,86,102,96,119,133,121,111,134,123,87,53,38,31,16,9,0,1,108Y12M
10014,臺東縣,10014100,大武鄉,10014100-002,大鳥村,50,48,73,72,103,106,96,96,83,93,116,112,107,62,38,24,20,12,2,1,1,108Y12M
10014,臺東縣,10014100,大武鄉,10014100-004,尚武村,40,36,33,61,96,91,88,108,148,124,135,145,147,108,65,46,42,27,4,3,0,108Y12M
10014,臺東縣,10014100,大武鄉,10014100-005,南興村,23,13,15,33,29,35,36,42,59,46,49,70,64,39,13,15,13,9,3,0,0,108Y12M
10014,臺東縣,10014090,太麻里鄉,10014090-002,三和村,14,15,23,26,48,39,33,59,45,56,57,58,53,39,30,31,19,12,5,1,0,108Y12M
10014,臺東縣,10014090,太麻里鄉,10014090-006,大王村,61,56,93,112,106,135,119,154,148,152,143,159,182,142,94,67,58,36,18,1,2,108Y12M
10014,臺東縣,10014090,太麻里鄉,10014090-004,北里村,16,17,26,27,44,49,27,47,55,48,32,56,64,48,23,25,15,12,9,0,0,108Y12M
10014,臺東縣,10014090,太麻里鄉,10014090-009,多良村,38,37,44,56,70,67,62,80,86,91,73,97,83,65,38,21,19,15,6,1,0,108Y12M
10014,臺東縣,10014090,太麻里鄉,10014090-008,金崙村,61,68,83,124,120,139,124,145,161,155,181,191,150,97,60,57,24,20,10,3,0,108Y12M
10014,臺東縣,10014090,太麻里鄉,10014090-001,美和村,42,37,61,84,112,92,100,102,113,126,106,123,108,96,54,65,38,17,3,0,0,108Y12M
10014,臺東縣,10014090,太麻里鄉,10014090-007,香蘭村,16,25,29,45,43,52,63,69,57,51,84,90,72,42,51,54,19,18,6,2,0,108Y12M
10014,臺東縣,10014090,太麻里鄉,10014090-005,泰和村,42,55,60,76,117,119,102,109,112,128,118,125,117,103,70,58,52,26,10,4,0,108Y12M
10014,臺東縣,10014090,太麻里鄉,10014090-003,華源村,10,9,9,33,36,29,26,43,48,61,65,45,41,46,45,44,32,24,4,1,0,108Y12M
10014,臺東縣,10014020,成功鎮,10014020-003,三仙里,44,39,55,63,103,91,69,131,128,133,118,147,144,105,62,59,28,21,8,0,1,108Y12M
10014,臺東縣,10014020,成功鎮,10014020-004,三民里,77,77,103,146,213,205,195,215,269,220,245,243,243,202,149,104,55,34,12,7,0,108Y12M
10014,臺東縣,10014020,成功鎮,10014020-007,和平里,11,15,20,27,29,50,40,41,66,47,80,81,74,58,47,43,30,18,8,3,0,108Y12M
10014,臺東縣,10014020,成功鎮,10014020-006,忠仁里,69,86,108,144,146,138,139,183,214,199,196,215,202,180,97,79,68,27,15,4,0,108Y12M
10014,臺東縣,10014020,成功鎮,10014020-002,忠孝里,22,23,34,32,52,73,59,72,74,69,101,103,90,71,62,44,44,24,2,1,0,108Y12M
10014,臺東縣,10014020,成功鎮,10014020-005,忠智里,55,107,117,108,128,144,116,167,193,156,155,179,152,150,94,82,72,21,16,4,0,108Y12M
10014,臺東縣,10014020,成功鎮,10014020-008,信義里,43,48,53,72,85,103,93,131,162,177,189,202,182,149,81,82,67,35,14,3,1,108Y12M
10014,臺東縣,10014020,成功鎮,10014020-001,博愛里,7,8,9,15,30,26,29,35,46,44,71,80,61,46,54,45,26,7,7,2,0,108Y12M
10014,臺東縣,10014060,池上鄉,10014060-003,大坡村,8,13,8,13,19,26,13,24,24,17,24,36,43,34,17,11,15,6,3,0,0,108Y12M
10014,臺東縣,10014060,池上鄉,10014060-004,大埔村,24,19,32,44,51,65,35,69,60,72,68,65,74,71,53,42,26,12,4,2,1,108Y12M
10014,臺東縣,10014060,池上鄉,10014060-010,振興村,14,15,12,23,32,33,23,37,34,46,43,38,40,30,24,20,12,7,3,1,0,108Y12M
10014,臺東縣,10014060,池上鄉,10014060-009,富興村,12,12,13,25,30,15,15,29,40,28,38,46,41,31,22,20,13,6,4,1,0,108Y12M
10014,臺東縣,10014060,池上鄉,10014060-007,新興村,20,25,27,48,53,61,43,58,78,94,65,72,75,67,41,32,38,27,11,3,2,108Y12M
10014,臺東縣,10014060,池上鄉,10014060-008,萬安村,9,16,10,19,17,19,15,21,22,21,28,45,11,26,23,13,16,14,4,1,0,108Y12M
10014,臺東縣,10014060,池上鄉,10014060-001,福文村,48,32,48,77,85,83,53,69,98,130,100,104,104,78,52,50,39,25,14,7,1,108Y12M
10014,臺東縣,10014060,池上鄉,10014060-005,福原村,96,80,96,124,135,150,134,150,161,187,156,194,172,128,95,86,65,40,18,3,1,108Y12M
10014,臺東縣,10014060,池上鄉,10014060-002,慶豐村,23,19,12,37,43,43,38,46,70,50,61,73,50,51,41,22,29,17,3,2,0,108Y12M
10014,臺東縣,10014060,池上鄉,10014060-006,錦園村,12,9,8,18,21,13,19,21,21,33,31,46,38,27,17,16,17,12,2,1,0,108Y12M
10014,臺東縣,10014040,卑南鄉,10014040-010,太平村,125,96,105,195,259,302,248,259,281,309,281,301,260,185,101,70,49,37,27,2,3,108Y12M
10014,臺東縣,10014040,卑南鄉,10014040-002,利吉村,14,10,12,17,20,34,27,39,25,21,45,54,53,37,17,19,20,12,7,1,0,108Y12M
10014,臺東縣,10014040,卑南鄉,10014040-011,利嘉村,52,52,31,69,106,103,103,83,78,92,104,99,115,80,36,32,22,19,4,4,1,108Y12M
10014,臺東縣,10014040,卑南鄉,10014040-005,明峰村,45,22,50,56,79,74,82,104,94,104,111,107,86,96,67,56,33,19,15,3,0,108Y12M
10014,臺東縣,10014040,卑南鄉,10014040-012,東興村,48,56,49,74,97,103,81,118,103,121,148,116,92,60,38,26,14,10,6,3,0,108Y12M
10014,臺東縣,10014040,卑南鄉,10014040-006,初鹿村,44,36,55,91,97,84,71,117,114,115,113,107,113,95,62,45,34,25,17,3,1,108Y12M
10014,臺東縣,10014040,卑南鄉,10014040-007,美農村,42,23,28,67,71,81,54,78,87,104,123,102,87,78,46,54,38,21,14,5,0,108Y12M
10014,臺東縣,10014040,卑南鄉,10014040-009,泰安村,56,64,58,76,115,107,95,87,94,114,119,114,76,56,30,31,22,13,8,1,0,108Y12M
10014,臺東縣,10014040,卑南鄉,10014040-003,富山村,14,13,21,26,31,33,32,32,38,43,54,54,41,26,16,23,20,8,6,1,0,108Y12M
10014,臺東縣,10014040,卑南鄉,10014040-004,富源村,3,6,6,15,20,16,20,21,15,30,30,35,35,41,21,20,11,6,3,2,1,108Y12M
10014,臺東縣,10014040,卑南鄉,10014040-013,溫泉村,40,77,35,45,59,71,60,81,79,101,110,124,96,98,61,48,50,22,15,2,1,108Y12M
10014,臺東縣,10014040,卑南鄉,10014040-001,嘉豐村,15,18,22,24,39,27,46,40,42,36,45,56,41,26,25,16,10,9,5,0,0,108Y12M
10014,臺東縣,10014040,卑南鄉,10014040-008,賓朗村,60,59,104,144,195,154,143,157,176,196,222,222,189,171,105,89,79,32,17,4,0,108Y12M
10014,臺東縣,10014130,延平鄉,10014130-002,永康村,28,20,15,24,31,19,24,36,27,46,39,22,22,10,8,6,3,0,0,0,0,108Y12M
10014,臺東縣,10014130,延平鄉,10014130-001,武陵村,35,38,35,51,50,46,42,56,89,56,64,49,34,30,18,3,5,6,0,0,0,108Y12M
10014,臺東縣,10014130,延平鄉,10014130-003,紅葉村,22,17,35,30,36,39,29,47,67,34,38,32,32,24,15,4,4,1,2,0,0,108Y12M
10014,臺東縣,10014130,延平鄉,10014130-005,桃源村,77,58,59,80,102,100,101,92,117,103,92,89,67,50,23,7,10,10,3,2,0,108Y12M
10014,臺東縣,10014130,延平鄉,10014130-004,鸞山村,38,33,21,50,62,46,39,65,59,66,56,53,38,29,10,17,14,4,3,0,0,108Y12M
10014,臺東縣,10014070,東河鄉,10014070-001,北源村,32,34,30,49,70,63,94,146,167,147,175,165,150,143,76,65,47,43,18,2,0,108Y12M
10014,臺東縣,10014070,東河鄉,10014070-004,尚德村,7,7,11,14,14,8,18,20,21,18,34,28,26,22,7,14,8,10,2,1,0,108Y12M
10014,臺東縣,10014070,東河鄉,10014070-003,東河村,19,30,30,41,58,52,49,89,81,116,100,86,80,83,50,45,34,21,14,6,1,108Y12M
10014,臺東縣,10014070,東河鄉,10014070-002,泰源村,31,33,46,50,73,61,78,93,97,114,119,121,114,85,67,44,40,23,16,2,0,108Y12M
10014,臺東縣,10014070,東河鄉,10014070-007,都蘭村,62,65,79,96,123,117,123,185,180,181,192,225,211,168,124,88,72,44,17,5,0,108Y12M
10014,臺東縣,10014070,東河鄉,10014070-005,隆昌村,7,13,18,18,23,30,31,28,34,53,59,55,61,52,35,26,24,15,9,1,0,108Y12M
10014,臺東縣,10014070,東河鄉,10014070-006,興昌村,15,26,36,36,42,42,36,48,79,88,84,98,92,90,55,52,42,24,16,0,1,108Y12M
10014,臺東縣,10014140,金峰鄉,10014140-002,正興村,30,30,34,50,61,59,47,51,44,48,65,73,60,29,13,8,7,9,6,3,0,108Y12M
10014,臺東縣,10014140,金峰鄉,10014140-001,新興村,40,36,29,41,45,50,49,51,44,49,60,47,51,22,12,6,3,3,2,0,0,108Y12M
10014,臺東縣,10014140,金峰鄉,10014140-003,嘉蘭村,90,74,77,105,146,119,99,120,106,130,121,110,94,61,29,16,16,16,0,3,0,108Y12M
10014,臺東縣,10014140,金峰鄉,10014140-004,賓茂村,16,25,17,23,25,28,24,30,29,31,32,44,28,21,9,2,10,5,3,0,0,108Y12M
10014,臺東縣,10014140,金峰鄉,10014140-005,歷坵村,27,13,19,26,28,33,18,32,26,28,35,45,25,19,8,7,6,7,0,0,0,108Y12M
10014,臺東縣,10014080,長濱鄉,10014080-002,三間村,28,25,40,48,60,39,46,83,101,98,124,140,103,90,78,72,60,32,14,4,0,108Y12M
10014,臺東縣,10014080,長濱鄉,10014080-005,竹湖村,20,26,24,36,29,45,48,71,77,71,98,112,92,67,55,55,29,18,9,1,0,108Y12M
10014,臺東縣,10014080,長濱鄉,10014080-003,忠勇村,16,14,31,31,30,30,19,38,48,54,61,55,50,35,25,40,20,8,2,1,0,108Y12M
10014,臺東縣,10014080,長濱鄉,10014080-004,長濱村,55,53,83,81,120,136,104,142,152,172,228,225,181,141,105,96,80,43,16,2,0,108Y12M
10014,臺東縣,10014080,長濱鄉,10014080-006,寧埔村,22,24,27,36,43,69,64,77,94,97,159,123,134,109,71,68,37,21,4,0,0,108Y12M
10014,臺東縣,10014080,長濱鄉,10014080-001,樟原村,14,8,14,22,41,39,16,31,39,59,66,58,60,45,40,42,28,22,6,1,0,108Y12M
10014,臺東縣,10014120,海端鄉,10014120-006,加拿村,22,32,43,43,54,49,46,39,45,57,49,48,32,23,6,8,2,3,0,0,0,108Y12M
10014,臺東縣,10014120,海端鄉,10014120-003,利稻村,18,21,19,29,28,28,26,31,20,29,21,13,16,12,6,4,3,1,1,0,0,108Y12M
10014,臺東縣,10014120,海端鄉,10014120-005,崁頂村,39,37,51,41,59,57,59,50,47,52,48,63,46,26,14,9,7,2,2,0,0,108Y12M
10014,臺東縣,10014120,海端鄉,10014120-004,海端村,52,63,74,86,99,83,106,103,116,84,72,76,76,45,20,13,14,8,10,0,1,108Y12M
10014,臺東縣,10014120,海端鄉,10014120-001,廣原村,58,70,58,78,63,78,69,83,73,74,65,71,44,43,21,8,7,1,0,1,0,108Y12M
10014,臺東縣,10014120,海端鄉,10014120-002,霧鹿村,13,20,23,22,23,22,22,35,20,20,28,18,19,7,11,11,3,1,0,0,0,108Y12M
10014,臺東縣,10014050,鹿野鄉,10014050-004,永安村,57,40,44,82,106,105,92,110,121,129,151,167,123,95,61,55,40,25,9,3,0,108Y12M
10014,臺東縣,10014050,鹿野鄉,10014050-006,鹿野村,28,29,46,61,79,71,68,72,75,84,133,102,100,84,51,64,38,18,10,0,1,108Y12M
10014,臺東縣,10014050,鹿野鄉,10014050-001,瑞和村,27,15,20,38,56,58,36,60,53,48,74,60,47,58,29,24,23,9,3,1,1,108Y12M
10014,臺東縣,10014050,鹿野鄉,10014050-005,瑞隆村,29,26,31,62,55,60,53,63,84,76,93,75,87,66,47,39,41,18,5,0,0,108Y12M
10014,臺東縣,10014050,鹿野鄉,10014050-003,瑞源村,33,40,21,45,62,75,53,62,71,67,82,86,67,73,53,37,31,13,7,3,1,108Y12M
10014,臺東縣,10014050,鹿野鄉,10014050-002,瑞豐村,21,18,18,64,61,44,59,69,83,80,79,87,76,68,43,41,39,30,8,1,0,108Y12M
10014,臺東縣,10014050,鹿野鄉,10014050-007,龍田村,25,34,52,64,57,68,58,92,73,91,112,95,99,88,55,57,43,21,9,1,0,108Y12M
10014,臺東縣,10014150,達仁鄉,10014150-002,土村,45,26,50,52,87,81,65,76,105,94,87,82,65,42,28,16,11,2,1,0,0,108Y12M
10014,臺東縣,10014150,達仁鄉,10014150-001,台村,35,17,27,24,49,58,57,57,43,45,50,73,56,40,23,17,14,7,2,0,0,108Y12M
10014,臺東縣,10014150,達仁鄉,10014150-004,安朔村,17,28,23,26,35,45,41,57,42,58,56,67,65,46,15,14,4,6,4,1,0,108Y12M
10014,臺東縣,10014150,達仁鄉,10014150-006,南田村,9,3,10,17,26,31,22,27,29,24,27,39,23,16,5,3,1,4,2,0,0,108Y12M
10014,臺東縣,10014150,達仁鄉,10014150-005,森永村,12,18,15,23,18,33,21,43,34,33,44,46,50,21,16,11,3,2,4,1,0,108Y12M
10014,臺東縣,10014150,達仁鄉,10014150-003,新化村,8,13,18,21,19,21,26,15,34,38,37,40,23,25,15,11,5,5,0,0,0,108Y12M
10014,臺東縣,10014110,綠島鄉,10014110-002,中寮村,77,28,30,49,79,101,107,125,92,109,91,96,73,50,33,25,21,9,5,0,0,108Y12M
10014,臺東縣,10014110,綠島鄉,10014110-001,公館村,44,52,36,49,82,103,95,99,137,104,69,72,70,52,24,19,11,11,9,2,0,108Y12M
10014,臺東縣,10014110,綠島鄉,10014110-003,南寮村,86,39,42,87,142,171,157,146,149,145,127,116,100,66,61,27,25,16,1,2,0,108Y12M
10014,臺東縣,10014010,臺東市,10014010-021,大同里,13,23,38,38,69,63,45,67,69,62,60,62,66,55,38,42,28,6,4,2,0,108Y12M
10014,臺東縣,10014010,臺東市,10014010-024,中山里,105,84,26,37,48,47,62,70,60,61,63,61,64,71,40,30,28,20,8,4,0,108Y12M
10014,臺東縣,10014010,臺東市,10014010-011,中心里,193,355,404,265,257,258,199,275,307,261,278,297,232,213,132,95,56,32,14,3,2,108Y12M
10014,臺東縣,10014010,臺東市,10014010-020,中正里,11,7,12,39,54,49,46,64,66,72,59,64,66,85,54,37,37,19,9,1,0,108Y12M
10014,臺東縣,10014010,臺東市,10014010-015,中華里,58,79,57,102,127,133,126,146,144,162,149,149,141,125,73,69,46,24,13,2,1,108Y12M
10014,臺東縣,10014010,臺東市,10014010-019,仁愛里,20,14,20,34,39,57,51,63,59,48,58,73,86,59,44,20,24,13,4,2,0,108Y12M
10014,臺東縣,10014010,臺東市,10014010-023,文化里,142,188,125,65,43,60,89,95,99,82,71,73,67,72,39,21,17,11,4,2,2,108Y12M
10014,臺東縣,10014010,臺東市,10014010-014,四維里,38,41,32,33,47,66,56,50,61,56,66,67,50,40,31,31,20,4,5,1,0,108Y12M
10014,臺東縣,10014010,臺東市,10014010-008,民生里,107,116,83,166,219,235,231,279,270,261,265,280,319,296,163,111,66,38,18,4,0,108Y12M
10014,臺東縣,10014010,臺東市,10014010-013,民族里,264,314,243,136,121,108,108,159,133,149,116,110,100,95,49,70,40,19,12,0,0,108Y12M
10014,臺東縣,10014010,臺東市,10014010-018,民權里,51,42,18,40,72,73,69,101,69,66,72,75,74,51,30,35,30,15,8,0,0,108Y12M
10014,臺東縣,10014010,臺東市,10014010-034,永樂里,77,162,208,202,234,161,144,162,198,233,219,200,166,118,68,51,38,21,8,4,0,108Y12M
10014,臺東縣,10014010,臺東市,10014010-032,光明里,99,215,319,252,258,217,165,234,282,292,329,202,168,131,85,55,37,18,9,4,0,108Y12M
10014,臺東縣,10014010,臺東市,10014010-022,成功里,22,25,38,58,60,64,51,54,59,75,72,71,65,57,44,32,22,10,5,1,0,108Y12M
10014,臺東縣,10014010,臺東市,10014010-012,自強里,238,417,459,327,335,328,312,379,312,354,350,351,398,304,157,136,100,59,26,8,2,108Y12M
10014,臺東縣,10014010,臺東市,10014010-005,卑南里,79,72,89,208,260,230,182,245,270,290,281,261,197,181,99,101,55,25,12,4,0,108Y12M
10014,臺東縣,10014010,臺東市,10014010-003,岩灣里,54,52,51,138,193,155,157,182,238,267,223,199,169,125,63,66,36,28,31,4,1,108Y12M
10014,臺東縣,10014010,臺東市,10014010-036,東海里,263,227,183,191,237,182,239,280,259,220,212,277,271,180,110,82,71,32,20,4,0,108Y12M
10014,臺東縣,10014010,臺東市,10014010-045,知本里,55,48,60,72,123,137,83,110,94,118,155,147,111,85,52,46,37,19,8,3,2,108Y12M
10014,臺東縣,10014010,臺東市,10014010-004,南王里,92,71,92,181,252,254,205,222,245,223,273,246,236,172,114,82,59,37,12,3,0,108Y12M
10014,臺東縣,10014010,臺東市,10014010-006,南榮里,98,99,98,200,257,210,180,206,250,267,237,244,190,186,114,66,47,54,35,14,3,108Y12M
10014,臺東縣,10014010,臺東市,10014010-042,建和里,58,57,52,83,101,148,100,93,98,114,141,141,122,89,61,57,46,25,12,2,0,108Y12M
10014,臺東縣,10014010,臺東市,10014010-017,建國里,53,27,26,68,94,98,85,107,106,115,115,120,117,95,76,63,30,16,10,3,0,108Y12M
10014,臺東縣,10014010,臺東市,10014010-044,建業里,41,40,40,108,122,99,98,84,101,109,141,120,92,100,64,50,29,30,7,1,0,108Y12M
10014,臺東縣,10014010,臺東市,10014010-046,建農里,93,56,80,146,173,176,134,172,190,237,203,171,158,119,69,41,30,20,21,4,0,108Y12M
10014,臺東縣,10014010,臺東市,10014010-043,建興里,23,14,25,58,83,80,47,62,72,92,87,99,78,59,50,49,27,13,5,1,0,108Y12M
10014,臺東縣,10014010,臺東市,10014010-010,馬蘭里,160,345,428,227,226,214,196,228,235,243,231,233,201,164,98,105,67,37,13,4,0,108Y12M
10014,臺東縣,10014010,臺東市,10014010-035,康樂里,68,65,69,90,121,99,101,118,116,154,137,128,111,72,46,36,30,12,8,2,0,108Y12M
10014,臺東縣,10014010,臺東市,10014010-016,強國里,21,19,21,33,43,54,56,51,50,38,58,64,69,44,38,19,14,7,2,0,0,108Y12M
10014,臺東縣,10014010,臺東市,10014010-001,富岡里,29,36,70,70,101,106,93,137,143,122,140,153,134,116,71,61,42,25,10,2,0,108Y12M
10014,臺東縣,10014010,臺東市,10014010-002,富豐里,45,26,34,61,53,74,88,76,65,85,89,78,65,48,34,36,14,20,3,1,0,108Y12M
10014,臺東縣,10014010,臺東市,10014010-025,復國里,12,14,36,33,40,53,40,35,40,63,63,61,56,38,26,21,18,11,6,1,0,108Y12M
10014,臺東縣,10014010,臺東市,10014010-027,復興里,12,17,26,12,25,39,34,39,43,35,36,49,37,24,18,20,14,6,4,0,0,108Y12M
10014,臺東縣,10014010,臺東市,10014010-007,新生里,223,237,221,431,515,565,530,604,522,573,699,643,590,468,254,187,119,80,24,6,1,108Y12M
10014,臺東縣,10014010,臺東市,10014010-029,新園里,69,47,60,131,168,136,102,127,140,184,157,140,118,112,76,47,30,13,6,4,0,108Y12M
10014,臺東縣,10014010,臺東市,10014010-037,新興里,22,35,37,55,64,88,63,72,72,90,99,110,76,68,52,37,36,18,10,3,0,108Y12M
10014,臺東縣,10014010,臺東市,10014010-026,興國里,108,110,32,48,63,66,41,66,75,54,81,58,49,56,38,31,26,17,3,5,0,108Y12M
10014,臺東縣,10014010,臺東市,10014010-030,豐田里,88,104,94,152,165,184,167,156,169,218,181,184,149,137,102,50,43,20,21,2,0,108Y12M
10014,臺東縣,10014010,臺東市,10014010-031,豐年里,163,86,106,200,284,290,271,296,268,289,284,245,244,173,109,96,45,27,12,6,0,108Y12M
10014,臺東縣,10014010,臺東市,10014010-039,豐谷里,190,166,205,386,476,483,413,429,425,452,516,472,402,335,212,163,103,47,22,7,0,108Y12M
10014,臺東縣,10014010,臺東市,10014010-040,豐里里,89,79,111,160,219,235,158,194,183,216,255,238,180,139,97,69,62,38,11,4,0,108Y12M
10014,臺東縣,10014010,臺東市,10014010-041,豐原里,39,63,52,53,94,112,84,97,91,91,126,134,92,73,55,49,42,29,5,1,0,108Y12M
10014,臺東縣,10014010,臺東市,10014010-038,豐榮里,238,265,398,641,705,689,617,770,791,806,765,731,695,534,291,215,129,47,31,8,0,108Y12M
10014,臺東縣,10014010,臺東市,10014010-033,豐樂里,41,77,120,125,118,135,114,126,134,115,139,146,130,104,63,38,27,24,6,1,0,108Y12M
10014,臺東縣,10014010,臺東市,10014010-009,寶桑里,25,49,51,52,65,61,54,74,84,88,71,87,67,79,31,38,19,4,4,2,1,108Y12M
10014,臺東縣,10014010,臺東市,10014010-028,鐵花里,4,7,11,21,34,24,22,16,32,46,37,38,39,34,18,22,13,11,4,5,0,108Y12M
10014,臺東縣,10014030,關山鎮,10014030-004,中福里,27,38,42,42,46,63,59,66,63,50,63,68,101,55,54,42,33,14,4,5,0,108Y12M
10014,臺東縣,10014030,關山鎮,10014030-007,月眉里,21,18,25,38,57,51,49,39,57,65,69,82,64,48,40,22,28,13,10,1,0,108Y12M
10014,臺東縣,10014030,關山鎮,10014030-005,里里,46,91,93,96,128,128,106,124,160,136,143,162,165,124,77,71,60,27,12,2,0,108Y12M
10014,臺東縣,10014030,關山鎮,10014030-003,新福里,42,40,38,56,74,74,58,67,59,81,99,88,81,52,30,34,41,16,7,0,1,108Y12M
10014,臺東縣,10014030,關山鎮,10014030-006,電光里,14,14,22,36,39,31,32,43,32,59,49,51,41,51,31,26,20,9,0,0,0,108Y12M
10014,臺東縣,10014030,關山鎮,10014030-001,德高里,48,37,65,93,155,141,86,115,112,164,172,168,106,116,103,75,80,40,21,5,0,108Y12M
10014,臺東縣,10014030,關山鎮,10014030-002,豐泉里,41,67,68,81,105,74,85,101,81,95,105,102,120,71,50,44,29,19,10,4,0,108Y12M
10014,臺東縣,10014160,蘭嶼鄉,10014160-001,東清村,93,68,75,106,138,124,117,158,139,129,107,101,97,40,20,12,17,8,6,0,0,108Y12M
10014,臺東縣,10014160,蘭嶼鄉,10014160-003,紅頭村,60,51,64,81,105,105,130,146,135,134,123,111,88,54,40,13,8,15,3,2,0,108Y12M
10014,臺東縣,10014160,蘭嶼鄉,10014160-002,朗島村,48,47,39,64,90,101,94,87,70,56,63,54,45,31,20,7,2,8,2,0,0,108Y12M
10014,臺東縣,10014160,蘭嶼鄉,10014160-004,椰油村,54,80,60,67,87,104,91,156,104,84,69,79,54,36,20,11,11,5,3,1,0,108Y12M
10014,臺東縣,10014010,臺東市,10014010-001,富岡里,30,33,69,70,102,102,97,137,143,121,137,154,129,124,70,61,46,24,10,2,0,109Y03M
10014,臺東縣,10014010,臺東市,10014010-002,富豐里,51,25,36,54,57,71,90,78,66,83,86,79,68,48,36,35,16,20,3,0,0,109Y03M
10014,臺東縣,10014010,臺東市,10014010-003,岩灣里,53,50,62,139,191,158,154,190,235,263,234,203,167,128,66,67,36,28,29,4,1,109Y03M
10014,臺東縣,10014010,臺東市,10014010-004,南王里,100,69,91,178,259,251,211,227,246,217,280,245,239,176,117,81,58,41,10,3,0,109Y03M
10014,臺東縣,10014010,臺東市,10014010-005,卑南里,78,78,82,206,262,228,196,240,260,298,277,254,204,183,102,96,56,26,12,3,0,109Y03M
10014,臺東縣,10014010,臺東市,10014010-006,南榮里,107,102,90,199,255,211,179,208,249,260,243,244,197,190,122,65,47,53,35,13,3,109Y03M
10014,臺東縣,10014010,臺東市,10014010-007,新生里,226,248,222,429,513,575,528,601,534,569,683,632,599,483,269,186,118,76,27,9,1,109Y03M
10014,臺東縣,10014010,臺東市,10014010-008,民生里,103,125,83,165,217,232,222,281,277,257,264,282,313,298,167,109,66,40,18,5,0,109Y03M
10014,臺東縣,10014010,臺東市,10014010-009,寶桑里,20,44,50,48,70,61,53,75,81,88,70,88,69,78,31,40,18,4,4,2,1,109Y03M
10014,臺東縣,10014010,臺東市,10014010-010,馬蘭里,165,349,412,223,214,212,193,222,229,242,234,227,197,169,94,107,67,40,13,3,0,109Y03M
10014,臺東縣,10014010,臺東市,10014010-011,中心里,191,358,414,252,267,256,200,272,316,251,277,289,247,210,134,91,60,33,14,3,2,109Y03M
10014,臺東縣,10014010,臺東市,10014010-012,自強里,231,405,465,320,336,325,310,378,309,355,350,344,393,307,163,134,101,57,27,8,2,109Y03M
10014,臺東縣,10014010,臺東市,10014010-013,民族里,257,319,244,127,131,98,108,154,131,150,113,106,101,94,50,68,43,18,12,0,0,109Y03M
10014,臺東縣,10014010,臺東市,10014010-014,四維里,38,39,30,28,53,60,59,49,61,56,64,68,48,41,30,31,20,4,5,1,0,109Y03M
10014,臺東縣,10014010,臺東市,10014010-015,中華里,58,75,58,96,131,131,127,152,145,162,153,146,146,122,81,67,48,24,13,2,1,109Y03M
10014,臺東縣,10014010,臺東市,10014010-016,強國里,24,20,22,35,44,50,54,47,52,39,61,63,63,52,36,20,13,8,3,0,0,109Y03M
10014,臺東縣,10014010,臺東市,10014010-017,建國里,47,29,29,68,89,100,78,107,112,113,113,113,114,94,79,67,29,18,10,3,0,109Y03M
10014,臺東縣,10014010,臺東市,10014010-018,民權里,46,43,19,38,72,70,73,100,63,72,62,75,79,52,33,35,30,15,8,0,0,109Y03M
10014,臺東縣,10014010,臺東市,10014010-019,仁愛里,21,15,22,34,40,54,53,59,60,48,55,72,87,62,39,24,24,14,4,2,0,109Y03M
10014,臺東縣,10014010,臺東市,10014010-020,中正里,10,8,13,38,52,47,47,65,65,68,60,61,67,87,55,35,38,19,8,2,0,109Y03M
10014,臺東縣,10014010,臺東市,10014010-021,大同里,16,24,36,40,69,62,42,66,72,60,60,59,64,56,40,40,27,8,4,2,0,109Y03M
10014,臺東縣,10014010,臺東市,10014010-022,成功里,22,28,31,60,61,62,52,52,61,70,72,75,62,53,48,34,23,8,6,1,0,109Y03M
10014,臺東縣,10014010,臺東市,10014010-023,文化里,138,187,128,65,43,62,86,98,94,87,67,79,67,72,40,22,18,10,3,2,2,109Y03M
10014,臺東縣,10014010,臺東市,10014010-024,中山里,109,84,24,35,43,49,56,71,65,56,63,62,64,68,44,30,27,20,9,3,0,109Y03M
10014,臺東縣,10014010,臺東市,10014010-025,復國里,11,16,33,37,41,50,41,34,41,61,63,64,56,41,27,20,18,11,4,1,0,109Y03M
10014,臺東縣,10014010,臺東市,10014010-026,興國里,106,107,32,43,64,63,49,63,74,53,81,59,48,55,41,30,27,17,3,4,0,109Y03M
10014,臺東縣,10014010,臺東市,10014010-027,復興里,11,16,25,11,25,37,31,43,41,35,38,45,39,22,19,19,14,6,4,0,0,109Y03M
10014,臺東縣,10014010,臺東市,10014010-028,鐵花里,4,8,7,21,33,22,21,17,31,44,38,36,42,33,17,21,15,9,5,5,0,109Y03M
10014,臺東縣,10014010,臺東市,10014010-029,新園里,65,47,52,132,167,138,98,129,137,188,159,146,119,112,73,49,31,13,7,4,0,109Y03M
10014,臺東縣,10014010,臺東市,10014010-030,豐田里,85,103,88,151,177,184,162,161,164,223,180,182,157,138,99,55,40,20,20,4,0,109Y03M
10014,臺東縣,10014010,臺東市,10014010-031,豐年里,170,87,106,198,279,299,267,284,273,280,294,250,238,182,104,101,46,24,14,6,0,109Y03M
10014,臺東縣,10014010,臺東市,10014010-032,光明里,98,212,327,249,247,223,167,229,290,284,322,212,175,133,84,57,40,19,9,3,0,109Y03M
10014,臺東縣,10014010,臺東市,10014010-033,豐樂里,42,81,124,117,121,132,118,118,141,110,139,144,131,106,62,36,32,22,6,1,0,109Y03M
10014,臺東縣,10014010,臺東市,10014010-034,永樂里,78,156,201,192,243,164,144,162,195,225,215,204,173,119,71,50,39,19,9,4,0,109Y03M
10014,臺東縣,10014010,臺東市,10014010-035,康樂里,61,72,70,88,116,103,103,117,118,152,139,132,105,70,49,36,29,12,8,2,0,109Y03M
10014,臺東縣,10014010,臺東市,10014010-036,東海里,253,234,171,195,236,184,230,270,265,214,209,272,272,188,110,83,71,31,22,3,0,109Y03M
10014,臺東縣,10014010,臺東市,10014010-037,新興里,22,34,35,50,61,90,64,70,72,82,102,107,76,68,51,36,36,20,9,3,0,109Y03M
10014,臺東縣,10014010,臺東市,10014010-038,豐榮里,239,272,389,624,711,690,616,764,782,805,767,730,693,535,315,200,139,49,32,5,1,109Y03M
10014,臺東縣,10014010,臺東市,10014010-039,豐谷里,185,172,210,358,481,475,420,431,421,451,508,470,400,336,219,162,106,49,20,6,0,109Y03M
10014,臺東縣,10014010,臺東市,10014010-040,豐里里,86,81,109,145,215,241,158,206,183,204,262,231,183,139,100,64,64,39,10,4,0,109Y03M
10014,臺東縣,10014010,臺東市,10014010-041,豐原里,39,62,51,49,95,111,85,99,91,91,125,131,94,71,59,45,43,32,5,1,0,109Y03M
10014,臺東縣,10014010,臺東市,10014010-042,建和里,59,57,54,84,95,146,100,92,104,111,135,142,123,93,61,60,46,27,11,2,0,109Y03M
10014,臺東縣,10014010,臺東市,10014010-043,建興里,23,13,24,62,81,82,44,63,70,94,93,93,84,59,51,47,28,14,5,1,0,109Y03M
10014,臺東縣,10014010,臺東市,10014010-044,建業里,44,38,40,104,120,105,97,83,101,104,138,123,87,102,68,52,29,29,8,1,0,109Y03M
10014,臺東縣,10014010,臺東市,10014010-045,知本里,55,43,58,70,124,133,88,103,94,119,149,150,106,96,49,47,36,20,7,3,2,109Y03M
10014,臺東縣,10014010,臺東市,10014010-046,建農里,90,56,81,140,173,176,131,170,185,240,208,171,154,122,73,41,31,20,23,4,0,109Y03M
10014,臺東縣,10014020,成功鎮,10014020-001,博愛里,7,7,11,16,25,28,29,36,47,43,66,83,64,45,56,41,27,7,6,1,0,109Y03M
10014,臺東縣,10014020,成功鎮,10014020-002,忠孝里,25,21,34,30,50,72,57,73,76,67,93,106,86,77,55,51,40,24,3,1,0,109Y03M
10014,臺東縣,10014020,成功鎮,10014020-003,三仙里,46,36,51,61,104,87,71,125,130,130,118,143,138,109,64,57,29,20,9,0,1,109Y03M
10014,臺東縣,10014020,成功鎮,10014020-004,三民里,79,80,97,139,222,203,197,209,274,213,254,236,245,213,146,104,56,34,14,5,1,109Y03M
10014,臺東縣,10014020,成功鎮,10014020-005,忠智里,56,102,114,103,126,142,119,161,195,159,154,179,155,146,98,82,72,22,14,3,0,109Y03M
10014,臺東縣,10014020,成功鎮,10014020-006,忠仁里,71,82,111,144,146,135,144,179,208,191,202,211,198,180,102,77,65,28,18,4,0,109Y03M
10014,臺東縣,10014020,成功鎮,10014020-007,和平里,7,16,21,27,27,49,39,40,65,46,79,77,77,55,49,43,30,17,8,3,0,109Y03M
10014,臺東縣,10014020,成功鎮,10014020-008,信義里,40,46,51,74,81,101,90,131,160,176,188,202,189,143,90,77,68,34,13,2,2,109Y03M
10014,臺東縣,10014030,關山鎮,10014030-001,德高里,47,40,67,86,152,144,89,107,113,159,172,166,112,115,103,74,83,41,21,4,0,109Y03M
10014,臺東縣,10014030,關山鎮,10014030-002,豐泉里,41,71,70,80,101,78,85,99,82,94,108,99,123,71,50,39,32,18,10,3,0,109Y03M
10014,臺東縣,10014030,關山鎮,10014030-003,新福里,41,41,40,56,72,76,57,68,56,80,99,89,82,48,32,33,40,17,8,0,1,109Y03M
10014,臺東縣,10014030,關山鎮,10014030-004,中福里,23,38,42,41,47,62,58,65,62,47,69,67,100,56,55,43,34,13,5,4,0,109Y03M
10014,臺東縣,10014030,關山鎮,10014030-005,里壠里,43,93,95,98,124,134,105,115,162,136,148,160,165,123,82,65,60,29,12,2,0,109Y03M
10014,臺東縣,10014030,關山鎮,10014030-006,電光里,12,19,21,35,40,31,34,39,29,59,48,49,45,51,30,25,21,7,2,0,0,109Y03M
10014,臺東縣,10014030,關山鎮,10014030-007,月眉里,21,17,27,35,56,52,47,36,55,66,69,83,67,47,41,24,24,15,8,4,0,109Y03M
10014,臺東縣,10014040,卑南鄉,10014040-001,嘉豐村,15,19,22,19,40,31,42,40,40,40,44,55,40,26,23,21,10,7,7,0,0,109Y03M
10014,臺東縣,10014040,卑南鄉,10014040-002,利吉村,15,11,11,17,21,32,28,38,26,21,40,58,52,38,18,16,23,11,8,0,0,109Y03M
10014,臺東縣,10014040,卑南鄉,10014040-003,富山村,13,13,23,25,30,37,29,32,41,43,48,58,43,27,14,24,20,7,5,2,0,109Y03M
10014,臺東縣,10014040,卑南鄉,10014040-004,富源村,4,5,6,15,19,18,19,21,15,30,27,33,36,41,22,17,14,6,3,2,1,109Y03M
10014,臺東縣,10014040,卑南鄉,10014040-005,明峰村,43,23,44,57,80,79,80,108,85,114,105,110,83,100,66,56,32,20,13,4,0,109Y03M
10014,臺東縣,10014040,卑南鄉,10014040-006,初鹿村,52,33,51,92,100,83,73,116,116,114,113,109,111,95,67,45,32,23,18,3,1,109Y03M
10014,臺東縣,10014040,卑南鄉,10014040-007,美農村,43,24,25,66,75,80,54,69,95,104,114,111,81,77,48,55,40,21,11,5,0,109Y03M
10014,臺東縣,10014040,卑南鄉,10014040-008,賓朗村,62,55,102,141,202,160,142,161,168,191,223,227,196,169,106,87,84,32,18,4,0,109Y03M
10014,臺東縣,10014040,卑南鄉,10014040-009,泰安村,58,61,56,77,109,115,94,84,96,114,115,109,79,55,36,32,19,14,7,1,0,109Y03M
10014,臺東縣,10014040,卑南鄉,10014040-010,太平村,126,94,102,197,249,306,254,253,285,310,279,301,265,189,103,73,51,34,24,3,2,109Y03M
10014,臺東縣,10014040,卑南鄉,10014040-011,利嘉村,50,51,33,69,105,99,110,80,76,97,103,94,116,84,38,31,24,15,4,4,1,109Y03M
10014,臺東縣,10014040,卑南鄉,10014040-012,東興村,44,58,51,74,90,107,80,115,103,124,140,119,93,57,37,27,15,9,6,3,0,109Y03M
10014,臺東縣,10014040,卑南鄉,10014040-013,溫泉村,36,73,25,46,59,69,58,80,82,96,110,128,94,96,65,46,50,21,15,3,1,109Y03M
10014,臺東縣,10014050,鹿野鄉,10014050-001,瑞和村,28,15,19,37,55,56,36,61,48,50,75,59,50,56,31,25,23,8,2,1,1,109Y03M
10014,臺東縣,10014050,鹿野鄉,10014050-002,瑞豐村,22,18,16,63,57,47,61,65,78,86,78,89,76,63,47,38,38,30,8,1,0,109Y03M
10014,臺東縣,10014050,鹿野鄉,10014050-003,瑞源村,29,34,24,43,59,75,55,59,71,67,82,82,67,74,55,39,30,12,7,3,1,109Y03M
10014,臺東縣,10014050,鹿野鄉,10014050-004,永安村,62,46,40,77,103,101,96,109,126,126,147,171,120,99,62,58,39,23,11,3,0,109Y03M
10014,臺東縣,10014050,鹿野鄉,10014050-005,瑞隆村,26,24,31,57,59,58,58,60,82,72,92,76,87,67,46,37,45,19,4,0,0,109Y03M
10014,臺東縣,10014050,鹿野鄉,10014050-006,鹿野村,24,29,43,63,75,75,67,73,76,85,125,109,100,87,54,61,37,20,10,0,1,109Y03M
10014,臺東縣,10014050,鹿野鄉,10014050-007,龍田村,23,33,52,61,56,70,51,93,71,94,112,90,98,91,60,55,42,23,8,1,0,109Y03M
10014,臺東縣,10014060,池上鄉,10014060-001,福文村,47,32,48,76,88,84,52,72,96,126,108,100,98,83,51,50,36,26,17,7,0,109Y03M
10014,臺東縣,10014060,池上鄉,10014060-002,慶豐村,24,21,11,33,44,45,36,45,65,53,64,70,54,51,42,21,28,19,4,2,0,109Y03M
10014,臺東縣,10014060,池上鄉,10014060-003,大坡村,9,11,10,13,18,26,14,23,23,18,24,36,42,36,14,14,14,8,2,1,0,109Y03M
10014,臺東縣,10014060,池上鄉,10014060-004,大埔村,28,22,30,41,53,63,31,67,63,68,70,65,74,72,54,40,28,12,4,2,1,109Y03M
10014,臺東縣,10014060,池上鄉,10014060-005,福原村,105,79,91,123,134,157,135,148,167,181,158,189,171,131,97,87,65,42,18,2,1,109Y03M
10014,臺東縣,10014060,池上鄉,10014060-006,錦園村,12,11,10,17,23,12,19,19,20,33,32,45,39,26,17,18,16,12,3,1,0,109Y03M
10014,臺東縣,10014060,池上鄉,10014060-007,新興村,18,22,31,47,48,61,44,59,77,89,68,72,76,65,44,32,38,28,10,3,2,109Y03M
10014,臺東縣,10014060,池上鄉,10014060-008,萬安村,8,15,9,19,16,20,16,21,19,23,26,46,10,28,21,15,15,14,5,1,0,109Y03M
10014,臺東縣,10014060,池上鄉,10014060-009,富興村,12,13,14,22,31,18,13,30,41,27,37,47,41,28,23,21,12,6,5,1,0,109Y03M
10014,臺東縣,10014060,池上鄉,10014060-010,振興村,13,13,12,21,29,34,25,35,32,42,45,40,38,32,24,21,12,7,3,0,0,109Y03M
10014,臺東縣,10014070,東河鄉,10014070-001,北源村,30,38,31,47,67,67,93,144,172,146,176,154,152,147,79,63,46,44,15,3,0,109Y03M
10014,臺東縣,10014070,東河鄉,10014070-002,泰源村,30,30,47,46,76,59,77,87,97,113,120,119,112,84,68,45,38,25,16,1,0,109Y03M
10014,臺東縣,10014070,東河鄉,10014070-003,東河村,18,31,29,38,61,51,51,84,84,110,100,91,84,81,52,44,36,18,15,5,1,109Y03M
10014,臺東縣,10014070,東河鄉,10014070-004,尚德村,8,7,11,12,15,8,15,18,24,17,34,25,27,22,9,14,8,10,2,0,1,109Y03M
10014,臺東縣,10014070,東河鄉,10014070-005,隆昌村,7,13,17,16,24,29,29,26,36,50,58,55,63,52,33,28,23,14,9,1,0,109Y03M
10014,臺東縣,10014070,東河鄉,10014070-006,興昌村,16,24,35,39,42,43,35,46,79,92,85,95,93,89,53,57,38,22,17,0,1,109Y03M
10014,臺東縣,10014070,東河鄉,10014070-007,都蘭村,59,73,76,99,118,120,116,187,181,179,183,225,211,175,126,85,72,46,16,4,0,109Y03M
10014,臺東縣,10014080,長濱鄉,10014080-001,樟原村,17,8,13,21,42,38,18,31,40,55,68,58,61,45,39,39,31,23,5,1,0,109Y03M
10014,臺東縣,10014080,長濱鄉,10014080-002,三間村,29,26,38,48,58,42,43,79,104,96,128,141,105,88,78,71,58,33,14,4,0,109Y03M
10014,臺東縣,10014080,長濱鄉,10014080-003,忠勇村,16,12,31,31,27,34,17,36,51,51,60,55,50,39,26,38,20,8,3,1,0,109Y03M
10014,臺東縣,10014080,長濱鄉,10014080-004,長濱村,55,46,82,81,122,132,107,143,144,169,224,226,187,138,114,91,78,41,17,2,0,109Y03M
10014,臺東縣,10014080,長濱鄉,10014080-005,竹湖村,16,26,25,35,28,44,47,69,81,71,92,110,96,68,55,57,30,18,9,1,0,109Y03M
10014,臺東縣,10014080,長濱鄉,10014080-006,寧埔村,21,25,27,34,44,71,58,81,90,95,154,133,133,108,72,66,36,22,5,0,0,109Y03M
10014,臺東縣,10014090,太麻里鄉,10014090-001,美和村,43,36,61,83,112,92,97,98,118,119,106,126,108,93,53,68,38,17,3,0,0,109Y03M
10014,臺東縣,10014090,太麻里鄉,10014090-002,三和村,14,14,22,25,49,37,32,58,49,53,55,62,52,38,30,30,19,12,6,1,0,109Y03M
10014,臺東縣,10014090,太麻里鄉,10014090-003,華源村,11,8,8,35,36,28,25,41,50,57,65,44,42,45,44,44,35,25,4,1,0,109Y03M
10014,臺東縣,10014090,太麻里鄉,10014090-004,北里村,16,17,26,26,43,50,24,51,52,52,29,58,66,47,20,27,16,9,11,0,0,109Y03M
10014,臺東縣,10014090,太麻里鄉,10014090-005,泰和村,46,53,57,73,117,124,98,105,115,124,115,127,115,102,75,55,54,25,12,3,0,109Y03M
10014,臺東縣,10014090,太麻里鄉,10014090-006,大王村,59,59,88,117,107,134,112,160,147,153,141,162,176,143,100,65,57,38,15,4,2,109Y03M
10014,臺東縣,10014090,太麻里鄉,10014090-007,香蘭村,15,25,30,44,43,56,62,64,64,51,83,85,78,44,49,56,20,18,7,2,0,109Y03M
10014,臺東縣,10014090,太麻里鄉,10014090-008,金崙村,61,65,77,128,118,139,121,140,161,161,180,193,155,99,57,59,26,18,11,3,0,109Y03M
10014,臺東縣,10014090,太麻里鄉,10014090-009,多良村,42,36,43,58,66,67,63,76,87,87,78,94,85,64,39,24,19,14,6,1,0,109Y03M
10014,臺東縣,10014100,大武鄉,10014100-001,大竹村,35,19,47,47,39,46,58,82,79,50,64,76,89,51,28,23,16,14,4,1,0,109Y03M
10014,臺東縣,10014100,大武鄉,10014100-002,大鳥村,50,47,65,71,105,100,92,101,79,92,117,107,107,66,39,25,20,12,2,1,1,109Y03M
10014,臺東縣,10014100,大武鄉,10014100-003,大武村,50,67,58,71,84,101,92,118,130,122,105,137,122,86,53,37,28,18,8,1,1,109Y03M
10014,臺東縣,10014100,大武鄉,10014100-004,尚武村,38,39,33,61,93,88,94,108,145,118,131,138,147,108,63,49,43,26,3,3,0,109Y03M
10014,臺東縣,10014100,大武鄉,10014100-005,南興村,24,13,14,32,28,36,34,40,58,46,48,65,60,42,15,15,13,9,3,0,0,109Y03M
10014,臺東縣,10014110,綠島鄉,10014110-001,公館村,44,51,39,47,86,101,90,98,137,109,71,67,71,57,25,19,10,10,10,2,0,109Y03M
10014,臺東縣,10014110,綠島鄉,10014110-002,中寮村,68,26,30,48,80,101,110,117,93,103,96,97,73,51,32,25,21,7,6,0,0,109Y03M
10014,臺東縣,10014110,綠島鄉,10014110-003,南寮村,84,39,42,82,149,169,155,139,151,142,131,117,100,66,59,28,23,17,1,2,0,109Y03M
10014,臺東縣,10014120,海端鄉,10014120-001,廣原村,56,66,64,76,64,75,69,83,69,74,69,69,44,42,20,9,6,1,0,1,0,109Y03M
10014,臺東縣,10014120,海端鄉,10014120-002,霧鹿村,11,22,22,21,24,22,21,34,21,20,26,19,19,5,14,11,3,2,0,0,0,109Y03M
10014,臺東縣,10014120,海端鄉,10014120-003,利稻村,20,19,16,31,26,29,25,32,18,28,24,12,15,13,7,3,4,1,1,0,0,109Y03M
10014,臺東縣,10014120,海端鄉,10014120-004,海端村,49,64,65,85,103,85,105,99,117,85,71,75,76,49,20,12,13,7,9,0,1,109Y03M
10014,臺東縣,10014120,海端鄉,10014120-005,崁頂村,41,36,47,44,59,56,60,47,49,47,48,64,47,27,14,7,8,1,2,0,0,109Y03M
10014,臺東縣,10014120,海端鄉,10014120-006,加拿村,23,28,47,41,57,46,47,39,46,58,52,43,31,27,6,6,4,3,0,0,0,109Y03M
10014,臺東縣,10014130,延平鄉,10014130-001,武陵村,35,36,35,50,52,48,44,54,86,59,62,52,33,31,20,3,5,5,0,0,0,109Y03M
10014,臺東縣,10014130,延平鄉,10014130-002,永康村,28,20,17,23,31,20,23,35,26,42,43,22,23,10,8,6,2,0,0,0,0,109Y03M
10014,臺東縣,10014130,延平鄉,10014130-003,紅葉村,25,19,32,30,34,39,28,47,70,31,40,28,35,22,17,5,4,1,2,0,0,109Y03M
10014,臺東縣,10014130,延平鄉,10014130-004,鸞山村,37,36,22,48,63,45,35,65,59,64,54,54,35,33,10,16,14,5,3,0,0,109Y03M
10014,臺東縣,10014130,延平鄉,10014130-005,桃源村,74,62,55,76,102,102,95,96,109,107,94,89,68,49,24,7,9,9,3,1,0,109Y03M
10014,臺東縣,10014140,金峰鄉,10014140-001,新興村,41,37,29,41,44,51,47,50,47,49,55,48,51,22,13,6,4,3,2,0,0,109Y03M
10014,臺東縣,10014140,金峰鄉,10014140-002,正興村,31,31,34,48,58,61,49,49,47,45,65,73,59,30,12,9,7,9,6,3,0,109Y03M
10014,臺東縣,10014140,金峰鄉,10014140-003,嘉蘭村,90,79,76,105,144,122,97,124,99,135,121,113,91,62,30,17,15,16,0,3,0,109Y03M
10014,臺東縣,10014140,金峰鄉,10014140-004,賓茂村,14,23,17,23,26,26,25,30,29,28,34,45,29,20,10,2,10,5,3,0,0,109Y03M
10014,臺東縣,10014140,金峰鄉,10014140-005,歷坵村,26,13,16,26,26,30,23,31,27,25,34,42,29,20,8,7,7,7,0,0,0,109Y03M
10014,臺東縣,10014150,達仁鄉,10014150-001,台坂村,38,20,24,23,51,58,59,54,45,44,47,74,58,40,23,17,14,8,1,1,0,109Y03M
10014,臺東縣,10014150,達仁鄉,10014150-002,土坂村,45,26,48,57,82,80,65,71,107,93,88,80,64,47,28,16,10,3,1,0,0,109Y03M
10014,臺東縣,10014150,達仁鄉,10014150-003,新化村,9,12,19,21,19,21,24,17,32,38,36,41,23,25,15,12,3,6,1,0,0,109Y03M
10014,臺東縣,10014150,達仁鄉,10014150-004,安朔村,19,28,22,28,34,46,40,54,43,57,57,64,68,44,17,15,4,6,4,0,0,109Y03M
10014,臺東縣,10014150,達仁鄉,10014150-005,森永村,8,14,16,20,17,33,21,39,35,33,43,47,46,23,16,11,3,2,4,0,0,109Y03M
10014,臺東縣,10014150,達仁鄉,10014150-006,南田村,14,6,12,21,27,34,24,29,33,26,28,37,26,18,6,4,1,3,2,1,0,109Y03M
10014,臺東縣,10014160,蘭嶼鄉,10014160-001,東清村,94,67,74,105,138,128,118,155,141,126,109,100,103,39,19,15,15,8,5,0,0,109Y03M
10014,臺東縣,10014160,蘭嶼鄉,10014160-002,朗島村,48,43,40,61,91,101,96,87,70,57,62,54,40,34,23,7,0,9,2,0,0,109Y03M
10014,臺東縣,10014160,蘭嶼鄉,10014160-003,紅頭村,61,55,58,81,109,109,124,148,129,135,125,106,93,56,39,14,8,16,3,2,0,109Y03M
10014,臺東縣,10014160,蘭嶼鄉,10014160-004,椰油村,54,81,61,67,85,107,98,147,108,86,69,76,59,40,20,13,8,7,3,1,0,109Y03M
10014,臺東縣,10014010,臺東市,10014010-001,富岡里,35,37,71,69,109,97,93,132,150,120,134,149,132,126,75,58,47,25,10,2,0,109Y06M
10014,臺東縣,10014010,臺東市,10014010-002,富豐里,48,26,34,52,58,69,91,82,63,78,96,77,71,46,37,35,16,20,3,0,0,109Y06M
10014,臺東縣,10014010,臺東市,10014010-003,岩灣里,51,45,65,138,190,164,146,196,240,260,238,200,168,131,66,65,33,17,12,1,1,109Y06M
10014,臺東縣,10014010,臺東市,10014010-004,南王里,97,71,92,175,258,249,217,230,250,217,281,252,239,177,127,76,64,38,8,3,0,109Y06M
10014,臺東縣,10014010,臺東市,10014010-005,卑南里,72,79,84,199,263,225,191,238,257,298,275,259,205,185,103,96,55,28,11,4,0,109Y06M
10014,臺東縣,10014010,臺東市,10014010-006,南榮里,100,107,86,198,260,214,177,209,243,265,246,242,190,200,122,72,48,51,34,15,3,109Y06M
10014,臺東縣,10014010,臺東市,10014010-007,新生里,221,253,211,426,504,568,527,593,542,564,682,629,598,496,274,187,119,73,30,9,1,109Y06M
10014,臺東縣,10014010,臺東市,10014010-008,民生里,91,137,83,160,214,225,223,275,281,253,257,289,316,294,176,111,69,41,17,5,0,109Y06M
10014,臺東縣,10014010,臺東市,10014010-009,寶桑里,24,43,47,50,70,59,51,79,82,84,75,82,67,80,32,39,20,5,4,2,1,109Y06M
10014,臺東縣,10014010,臺東市,10014010-010,馬蘭里,159,352,420,215,221,218,195,210,230,240,225,222,208,167,100,106,67,42,13,3,0,109Y06M
10014,臺東縣,10014010,臺東市,10014010-011,中心里,185,360,413,255,263,264,202,267,315,257,272,276,252,221,134,92,57,33,13,2,2,109Y06M
10014,臺東縣,10014010,臺東市,10014010-012,自強里,233,401,475,322,333,323,315,375,312,333,373,347,384,316,167,135,102,57,27,9,2,109Y06M
10014,臺東縣,10014010,臺東市,10014010-013,民族里,259,320,243,128,128,106,105,150,130,143,126,102,102,94,49,66,48,19,12,0,0,109Y06M
10014,臺東縣,10014010,臺東市,10014010-014,四維里,35,37,27,28,49,58,59,47,63,54,70,67,47,39,31,32,19,5,5,1,0,109Y06M
10014,臺東縣,10014010,臺東市,10014010-015,中華里,52,83,58,94,131,128,129,151,147,161,149,145,146,120,80,69,49,21,13,2,0,109Y06M
10014,臺東縣,10014010,臺東市,10014010-016,強國里,21,18,21,34,43,50,55,49,52,40,60,61,66,54,36,20,14,9,2,0,0,109Y06M
10014,臺東縣,10014010,臺東市,10014010-017,建國里,44,28,27,68,82,98,81,101,101,115,107,111,108,102,78,60,27,18,10,3,0,109Y06M
10014,臺東縣,10014010,臺東市,10014010-018,民權里,42,45,17,33,72,74,68,102,62,69,61,76,77,51,34,34,28,15,8,0,0,109Y06M
10014,臺東縣,10014010,臺東市,10014010-019,仁愛里,25,17,18,30,41,56,56,59,60,49,55,69,86,62,42,25,23,11,5,2,0,109Y06M
10014,臺東縣,10014010,臺東市,10014010-020,中正里,11,6,12,38,52,48,45,71,65,64,61,58,70,85,57,37,35,21,8,2,0,109Y06M
10014,臺東縣,10014010,臺東市,10014010-021,大同里,16,29,34,37,73,58,42,69,72,59,65,56,64,54,44,38,29,8,4,2,0,109Y06M
10014,臺東縣,10014010,臺東市,10014010-022,成功里,22,28,34,59,65,63,54,49,62,71,76,79,63,53,47,34,23,7,7,1,0,109Y06M
10014,臺東縣,10014010,臺東市,10014010-023,文化里,144,185,127,58,45,56,87,100,95,88,66,81,68,68,42,25,22,18,23,2,2,109Y06M
10014,臺東縣,10014010,臺東市,10014010-024,中山里,116,86,23,33,45,48,55,72,66,55,62,64,61,71,42,33,25,21,9,3,0,109Y06M
10014,臺東縣,10014010,臺東市,10014010-025,復國里,12,15,32,34,42,52,41,34,41,60,59,70,55,43,26,21,18,11,4,1,0,109Y06M
10014,臺東縣,10014010,臺東市,10014010-026,興國里,109,105,32,41,61,63,52,63,66,58,80,59,45,54,41,32,24,17,4,4,0,109Y06M
10014,臺東縣,10014010,臺東市,10014010-027,復興里,11,15,27,12,21,40,32,43,39,33,40,46,36,24,18,19,13,6,4,0,0,109Y06M
10014,臺東縣,10014010,臺東市,10014010-028,鐵花里,4,7,6,18,35,23,19,19,29,42,37,34,44,33,15,23,15,9,5,5,0,109Y06M
10014,臺東縣,10014010,臺東市,10014010-029,新園里,68,45,52,130,163,148,97,128,138,184,160,146,123,115,72,51,29,13,7,4,0,109Y06M
10014,臺東縣,10014010,臺東市,10014010-030,豐田里,86,105,80,148,178,182,161,165,168,214,182,182,166,135,102,55,42,19,19,5,0,109Y06M
10014,臺東縣,10014010,臺東市,10014010-031,豐年里,166,87,106,191,279,298,268,297,269,279,297,250,232,184,102,105,45,24,15,6,0,109Y06M
10014,臺東縣,10014010,臺東市,10014010-032,光明里,88,213,323,242,251,216,163,225,289,281,321,219,179,142,80,59,39,20,8,3,0,109Y06M
10014,臺東縣,10014010,臺東市,10014010-033,豐樂里,40,83,121,117,111,131,120,120,142,110,137,144,133,108,60,40,33,20,7,1,0,109Y06M
10014,臺東縣,10014010,臺東市,10014010-034,永樂里,78,154,190,189,248,159,148,153,192,229,215,202,173,121,72,51,35,20,9,4,0,109Y06M
10014,臺東縣,10014010,臺東市,10014010-035,康樂里,60,69,72,87,113,100,105,114,118,150,139,134,106,75,50,37,26,13,8,2,0,109Y06M
10014,臺東縣,10014010,臺東市,10014010-036,東海里,264,225,166,200,235,185,229,265,270,206,218,266,272,192,116,79,74,33,20,3,0,109Y06M
10014,臺東縣,10014010,臺東市,10014010-037,新興里,25,36,38,51,60,85,60,72,69,80,95,111,80,65,52,35,36,20,8,3,0,109Y06M
10014,臺東縣,10014010,臺東市,10014010-038,豐榮里,232,283,388,604,708,711,626,742,809,801,774,708,699,536,329,197,142,53,31,5,0,109Y06M
10014,臺東縣,10014010,臺東市,10014010-039,豐谷里,182,173,204,349,476,468,419,433,419,449,500,474,388,344,223,156,110,49,22,5,1,109Y06M
10014,臺東縣,10014010,臺東市,10014010-040,豐里里,91,84,100,147,210,244,156,209,192,197,259,231,189,144,101,64,66,37,12,4,0,109Y06M
10014,臺東縣,10014010,臺東市,10014010-041,豐原里,38,62,52,48,90,111,82,101,93,92,122,134,95,76,59,45,44,30,6,1,0,109Y06M
10014,臺東縣,10014010,臺東市,10014010-042,建和里,57,53,57,81,99,147,97,87,106,105,139,143,121,97,63,61,46,26,11,2,0,109Y06M
10014,臺東縣,10014010,臺東市,10014010-043,建興里,20,14,22,60,82,81,46,61,70,97,96,91,83,59,52,46,30,14,4,1,0,109Y06M
10014,臺東縣,10014010,臺東市,10014010-044,建業里,46,44,38,96,119,107,98,75,105,99,140,124,90,102,72,50,30,27,9,1,0,109Y06M
10014,臺東縣,10014010,臺東市,10014010-045,知本里,52,43,55,74,124,128,93,103,93,121,149,153,106,95,55,44,37,20,7,3,2,109Y06M
10014,臺東縣,10014010,臺東市,10014010-046,建農里,90,57,84,139,165,180,134,166,187,236,203,178,157,121,78,41,29,19,22,5,0,109Y06M
10014,臺東縣,10014020,成功鎮,10014020-001,博愛里,6,5,11,15,22,29,29,36,49,41,65,86,61,46,54,40,31,5,7,1,0,109Y06M
10014,臺東縣,10014020,成功鎮,10014020-002,忠孝里,25,23,34,27,52,71,56,71,76,66,87,103,95,77,52,53,40,26,2,1,0,109Y06M
10014,臺東縣,10014020,成功鎮,10014020-003,三仙里,44,30,50,56,107,80,77,118,129,134,119,138,141,106,70,57,28,19,11,0,1,109Y06M
10014,臺東縣,10014020,成功鎮,10014020-004,三民里,82,71,99,138,215,204,199,207,277,200,261,243,240,218,147,103,58,33,13,5,1,109Y06M
10014,臺東縣,10014020,成功鎮,10014020-005,忠智里,57,106,107,101,128,138,114,163,186,165,153,171,157,147,97,82,71,21,13,2,0,109Y06M
10014,臺東縣,10014020,成功鎮,10014020-006,忠仁里,78,85,107,141,144,131,132,188,213,185,203,208,199,182,103,75,61,31,15,4,0,109Y06M
10014,臺東縣,10014020,成功鎮,10014020-007,和平里,8,18,22,25,27,50,36,41,62,50,74,81,78,58,47,44,29,16,7,4,0,109Y06M
10014,臺東縣,10014020,成功鎮,10014020-008,信義里,37,42,53,71,81,98,93,132,157,168,193,203,185,151,90,74,69,33,16,2,2,109Y06M
10014,臺東縣,10014030,關山鎮,10014030-001,德高里,46,42,62,91,149,141,91,107,115,150,176,164,113,118,99,75,84,39,24,4,0,109Y06M
10014,臺東縣,10014030,關山鎮,10014030-002,豐泉里,42,73,73,75,103,79,84,96,86,89,107,97,126,74,49,39,33,17,10,3,0,109Y06M
10014,臺東縣,10014030,關山鎮,10014030-003,新福里,41,44,37,54,75,78,56,69,55,77,99,96,84,47,33,33,40,17,7,0,1,109Y06M
10014,臺東縣,10014030,關山鎮,10014030-004,中福里,21,38,40,39,46,59,61,64,56,51,69,67,98,56,53,39,35,13,5,4,0,109Y06M
10014,臺東縣,10014030,關山鎮,10014030-005,里壠里,44,92,94,93,124,133,106,112,154,131,151,158,160,130,83,61,63,29,11,1,0,109Y06M
10014,臺東縣,10014030,關山鎮,10014030-006,電光里,12,17,19,36,38,29,37,40,30,58,47,51,44,52,29,25,21,8,2,0,0,109Y06M
10014,臺東縣,10014030,關山鎮,10014030-007,月眉里,20,19,27,35,52,57,46,36,49,70,64,82,70,44,42,20,24,15,7,5,0,109Y06M
10014,臺東縣,10014040,卑南鄉,10014040-001,嘉豐村,15,18,22,20,39,27,45,41,40,36,48,55,40,28,23,19,11,7,5,0,0,109Y06M
10014,臺東縣,10014040,卑南鄉,10014040-002,利吉村,15,9,12,16,22,31,29,36,26,21,40,59,53,39,18,15,20,14,8,0,0,109Y06M
10014,臺東縣,10014040,卑南鄉,10014040-003,富山村,14,14,22,25,29,42,27,33,40,44,50,54,42,32,14,25,19,7,5,2,0,109Y06M
10014,臺東縣,10014040,卑南鄉,10014040-004,富源村,2,5,5,16,19,19,18,22,14,28,28,31,39,39,22,19,14,6,3,1,1,109Y06M
10014,臺東縣,10014040,卑南鄉,10014040-005,明峰村,44,21,39,59,78,76,82,105,85,114,104,114,81,100,70,55,30,24,13,4,0,109Y06M
10014,臺東縣,10014040,卑南鄉,10014040-006,初鹿村,54,34,50,90,104,81,73,114,117,116,112,109,113,97,66,44,31,26,17,3,1,109Y06M
10014,臺東縣,10014040,卑南鄉,10014040-007,美農村,42,24,19,64,77,80,55,68,89,106,109,113,84,71,52,55,38,22,11,3,0,109Y06M
10014,臺東縣,10014040,卑南鄉,10014040-008,賓朗村,63,54,100,147,190,168,148,157,166,190,222,232,188,168,108,90,85,29,20,4,0,109Y06M
10014,臺東縣,10014040,卑南鄉,10014040-009,泰安村,60,62,56,79,116,112,94,85,99,114,117,109,79,60,34,30,22,14,6,2,0,109Y06M
10014,臺東縣,10014040,卑南鄉,10014040-010,太平村,124,101,100,192,243,313,256,257,285,314,280,300,263,194,102,78,53,30,24,3,1,109Y06M
10014,臺東縣,10014040,卑南鄉,10014040-011,利嘉村,49,54,36,67,107,99,107,79,78,97,100,97,110,88,38,29,26,15,4,4,1,109Y06M
10014,臺東縣,10014040,卑南鄉,10014040-012,東興村,46,53,57,74,86,111,75,114,103,122,143,119,91,56,41,26,16,9,6,3,0,109Y06M
10014,臺東縣,10014040,卑南鄉,10014040-013,溫泉村,33,73,21,47,55,72,51,87,81,95,110,119,101,96,69,45,48,22,14,3,1,109Y06M
10014,臺東縣,10014050,鹿野鄉,10014050-001,瑞和村,26,13,19,37,57,55,36,57,48,49,76,59,49,55,31,26,23,8,2,1,1,109Y06M
10014,臺東縣,10014050,鹿野鄉,10014050-002,瑞豐村,21,19,18,65,58,45,58,67,74,86,77,88,73,63,51,37,38,30,8,1,0,109Y06M
10014,臺東縣,10014050,鹿野鄉,10014050-003,瑞源村,27,32,26,41,56,76,55,58,72,70,74,89,62,79,54,37,31,13,7,3,1,109Y06M
10014,臺東縣,10014050,鹿野鄉,10014050-004,永安村,60,50,43,74,101,99,103,103,127,122,147,171,123,98,65,55,41,21,11,3,0,109Y06M
10014,臺東縣,10014050,鹿野鄉,10014050-005,瑞隆村,28,24,29,57,58,61,57,57,77,78,89,73,89,66,48,38,45,18,5,0,0,109Y06M
10014,臺東縣,10014050,鹿野鄉,10014050-006,鹿野村,24,34,42,62,70,81,65,69,75,83,125,102,96,91,53,61,35,19,11,0,1,109Y06M
10014,臺東縣,10014050,鹿野鄉,10014050-007,龍田村,21,34,49,61,60,65,51,90,72,91,108,99,95,96,62,53,44,22,9,1,0,109Y06M
10014,臺東縣,10014060,池上鄉,10014060-001,福文村,49,28,45,67,89,87,54,70,95,126,111,103,102,84,49,49,38,25,17,7,0,109Y06M
10014,臺東縣,10014060,池上鄉,10014060-002,慶豐村,26,24,9,29,46,47,36,48,63,51,65,67,56,51,43,22,28,18,3,3,0,109Y06M
10014,臺東縣,10014060,池上鄉,10014060-003,大坡村,10,10,11,12,20,24,14,24,21,21,25,35,41,34,15,15,13,8,2,1,0,109Y06M
10014,臺東縣,10014060,池上鄉,10014060-004,大埔村,28,24,28,43,48,64,31,68,58,72,70,65,71,74,56,37,28,13,4,2,1,109Y06M
10014,臺東縣,10014060,池上鄉,10014060-005,福原村,109,80,91,113,137,152,136,149,161,172,160,191,165,136,95,84,68,41,19,1,1,109Y06M
10014,臺東縣,10014060,池上鄉,10014060-006,錦園村,12,7,11,17,23,14,16,20,21,32,30,47,37,26,19,15,18,13,4,1,0,109Y06M
10014,臺東縣,10014060,池上鄉,10014060-007,新興村,18,20,30,46,48,60,44,56,79,85,70,69,76,66,44,31,39,28,8,4,2,109Y06M
10014,臺東縣,10014060,池上鄉,10014060-008,萬安村,9,15,10,16,18,20,17,19,20,22,27,46,8,30,22,13,17,12,6,1,0,109Y06M
10014,臺東縣,10014060,池上鄉,10014060-009,富興村,13,12,12,25,31,18,13,30,32,33,38,47,40,28,25,21,11,5,6,1,0,109Y06M
10014,臺東縣,10014060,池上鄉,10014060-010,振興村,15,11,14,21,28,35,27,32,33,43,44,41,37,33,24,21,12,7,3,0,0,109Y06M
10014,臺東縣,10014070,東河鄉,10014070-001,北源村,30,40,30,46,65,66,89,142,173,142,172,156,147,144,81,65,45,42,15,3,0,109Y06M
10014,臺東縣,10014070,東河鄉,10014070-002,泰源村,31,29,46,46,78,62,76,86,96,110,121,118,116,85,72,44,37,26,16,1,0,109Y06M
10014,臺東縣,10014070,東河鄉,10014070-003,東河村,17,35,31,38,60,50,49,80,86,110,106,91,82,81,51,46,34,19,14,5,2,109Y06M
10014,臺東縣,10014070,東河鄉,10014070-004,尚德村,4,8,11,11,14,9,13,19,24,18,31,25,29,21,10,14,8,9,1,1,1,109Y06M
10014,臺東縣,10014070,東河鄉,10014070-005,隆昌村,7,11,18,15,21,30,28,27,34,53,55,57,60,54,33,27,23,12,9,1,0,109Y06M
10014,臺東縣,10014070,東河鄉,10014070-006,興昌村,21,24,34,41,43,44,33,45,78,95,85,96,94,84,57,54,42,23,17,1,0,109Y06M
10014,臺東縣,10014070,東河鄉,10014070-007,都蘭村,58,74,73,101,117,121,114,186,187,172,185,222,210,176,127,83,70,49,15,4,0,109Y06M
10014,臺東縣,10014080,長濱鄉,10014080-001,樟原村,17,8,12,22,41,39,17,30,42,56,64,60,58,46,39,38,33,21,6,1,0,109Y06M
10014,臺東縣,10014080,長濱鄉,10014080-002,三間村,29,25,46,46,57,46,44,76,104,94,128,145,104,86,79,72,59,36,11,4,0,109Y06M
10014,臺東縣,10014080,長濱鄉,10014080-003,忠勇村,16,12,33,30,25,36,18,34,52,52,58,56,49,40,25,37,23,8,3,1,0,109Y06M
10014,臺東縣,10014080,長濱鄉,10014080-004,長濱村,58,46,75,83,121,130,110,139,145,166,224,229,185,136,118,89,80,43,18,2,0,109Y06M
10014,臺東縣,10014080,長濱鄉,10014080-005,竹湖村,18,25,25,31,32,43,47,64,85,69,87,114,95,67,59,57,27,19,7,1,0,109Y06M
10014,臺東縣,10014080,長濱鄉,10014080-006,寧埔村,21,27,30,33,40,74,61,80,84,96,147,139,128,110,77,65,38,21,6,0,0,109Y06M
10014,臺東縣,10014090,太麻里鄉,10014090-001,美和村,35,37,58,84,110,93,97,95,118,117,101,129,107,97,56,64,39,17,3,0,0,109Y06M
10014,臺東縣,10014090,太麻里鄉,10014090-002,三和村,14,11,23,25,48,37,33,55,46,56,54,58,55,37,29,28,22,13,6,1,0,109Y06M
10014,臺東縣,10014090,太麻里鄉,10014090-003,華源村,11,7,9,33,35,27,28,40,51,56,66,43,41,47,43,42,39,25,4,1,0,109Y06M
10014,臺東縣,10014090,太麻里鄉,10014090-004,北里村,16,16,23,27,43,51,24,50,54,48,34,60,65,51,22,29,16,10,11,0,0,109Y06M
10014,臺東縣,10014090,太麻里鄉,10014090-005,泰和村,46,51,57,73,112,124,95,107,113,125,116,122,117,102,79,52,53,25,13,3,0,109Y06M
10014,臺東縣,10014090,太麻里鄉,10014090-006,大王村,55,61,80,113,108,128,119,161,145,143,149,163,168,146,101,65,55,34,18,4,2,109Y06M
10014,臺東縣,10014090,太麻里鄉,10014090-007,香蘭村,18,24,30,44,42,53,61,69,64,48,85,87,76,45,50,55,21,17,8,2,0,109Y06M
10014,臺東縣,10014090,太麻里鄉,10014090-008,金崙村,59,62,78,124,120,137,125,136,162,162,182,195,149,102,59,55,33,18,11,4,0,109Y06M
10014,臺東縣,10014090,太麻里鄉,10014090-009,多良村,42,34,45,60,64,68,60,74,89,91,74,98,86,66,38,25,20,14,6,1,0,109Y06M
10014,臺東縣,10014100,大武鄉,10014100-001,大竹村,36,20,46,49,37,44,58,81,84,50,62,74,91,51,27,25,16,14,4,1,0,109Y06M
10014,臺東縣,10014100,大武鄉,10014100-002,大鳥村,47,42,64,73,99,102,89,104,80,90,112,110,106,68,38,25,18,10,3,1,1,109Y06M
10014,臺東縣,10014100,大武鄉,10014100-003,大武村,49,63,57,72,83,101,89,119,127,123,101,136,118,91,55,37,27,19,7,2,1,109Y06M
10014,臺東縣,10014100,大武鄉,10014100-004,尚武村,36,41,34,61,89,90,97,100,149,114,137,133,152,111,61,49,41,29,3,3,0,109Y06M
10014,臺東縣,10014100,大武鄉,10014100-005,南興村,23,16,14,33,28,34,37,39,58,46,48,62,63,43,16,15,13,8,2,0,0,109Y06M
10014,臺東縣,10014110,綠島鄉,10014110-001,公館村,45,51,40,46,83,110,90,95,135,107,71,65,75,56,27,19,9,11,10,2,0,109Y06M
10014,臺東縣,10014110,綠島鄉,10014110-002,中寮村,64,30,30,48,83,100,113,116,92,100,99,94,77,48,34,26,20,9,4,0,0,109Y06M
10014,臺東縣,10014110,綠島鄉,10014110-003,南寮村,85,40,44,74,148,167,162,133,157,140,135,117,105,64,59,27,26,16,1,1,0,109Y06M
10014,臺東縣,10014120,海端鄉,10014120-001,廣原村,56,67,62,73,64,72,71,81,69,70,75,63,45,41,20,10,6,1,0,1,0,109Y06M
10014,臺東縣,10014120,海端鄉,10014120-002,霧鹿村,12,20,21,22,23,22,20,32,20,18,28,19,19,5,14,11,2,3,0,0,0,109Y06M
10014,臺東縣,10014120,海端鄉,10014120-003,利稻村,18,17,14,29,27,25,26,31,19,28,24,12,13,15,7,3,4,1,1,0,0,109Y06M
10014,臺東縣,10014120,海端鄉,10014120-004,海端村,48,66,63,83,105,92,97,99,114,86,75,72,73,53,18,15,12,8,8,0,1,109Y06M
10014,臺東縣,10014120,海端鄉,10014120-005,崁頂村,40,36,49,42,62,56,58,53,46,49,47,64,47,30,13,9,9,1,2,0,0,109Y06M
10014,臺東縣,10014120,海端鄉,10014120-006,加拿村,23,27,44,41,62,46,48,40,45,61,48,48,31,27,6,5,3,3,0,0,0,109Y06M
10014,臺東縣,10014130,延平鄉,10014130-001,武陵村,31,37,37,52,48,53,42,53,82,67,59,55,33,31,20,3,5,5,0,0,0,109Y06M
10014,臺東縣,10014130,延平鄉,10014130-002,永康村,29,17,17,24,29,21,22,33,28,39,43,22,23,11,8,6,3,0,0,0,0,109Y06M
10014,臺東縣,10014130,延平鄉,10014130-003,紅葉村,25,17,31,31,32,40,26,45,70,33,39,26,36,24,17,4,5,1,2,0,0,109Y06M
10014,臺東縣,10014130,延平鄉,10014130-004,鸞山村,38,37,20,49,60,52,34,62,64,61,58,52,38,32,11,15,14,6,3,0,0,109Y06M
10014,臺東縣,10014130,延平鄉,10014130-005,桃源村,74,60,54,75,100,96,90,101,106,110,91,90,72,48,24,6,11,9,3,1,0,109Y06M
10014,臺東縣,10014140,金峰鄉,10014140-001,新興村,40,39,30,41,45,51,50,48,47,49,55,49,50,23,13,5,5,3,2,0,0,109Y06M
10014,臺東縣,10014140,金峰鄉,10014140-002,正興村,32,35,34,47,57,64,48,47,43,47,64,72,60,32,12,9,6,9,6,3,0,109Y06M
10014,臺東縣,10014140,金峰鄉,10014140-003,嘉蘭村,91,80,68,109,142,128,96,123,96,138,121,115,88,60,32,17,16,15,1,2,0,109Y06M
10014,臺東縣,10014140,金峰鄉,10014140-004,賓茂村,15,23,17,23,22,30,24,30,29,26,35,48,30,19,11,2,9,3,4,0,0,109Y06M
10014,臺東縣,10014140,金峰鄉,10014140-005,歷坵村,27,13,15,26,24,34,22,31,26,26,29,44,31,18,9,7,7,7,0,0,0,109Y06M
10014,臺東縣,10014150,達仁鄉,10014150-001,台坂村,36,20,27,22,48,58,62,51,49,41,49,70,60,40,22,18,15,7,2,1,0,109Y06M
10014,臺東縣,10014150,達仁鄉,10014150-002,土坂村,43,27,47,55,81,79,67,73,102,96,87,79,65,49,27,16,11,3,1,0,0,109Y06M
10014,臺東縣,10014150,達仁鄉,10014150-003,新化村,9,12,18,20,22,22,23,16,34,38,37,41,26,23,15,12,4,4,1,0,0,109Y06M
10014,臺東縣,10014150,達仁鄉,10014150-004,安朔村,19,28,21,27,34,49,35,54,43,54,62,52,75,42,19,14,4,6,4,0,0,109Y06M
10014,臺東縣,10014150,達仁鄉,10014150-005,森永村,9,13,14,18,20,33,20,38,34,34,41,47,43,26,15,11,4,2,3,1,0,109Y06M
10014,臺東縣,10014150,達仁鄉,10014150-006,南田村,14,6,12,20,27,37,24,27,33,27,30,37,28,17,6,4,1,3,2,1,0,109Y06M
10014,臺東縣,10014160,蘭嶼鄉,10014160-001,東清村,92,66,75,102,139,130,119,146,147,129,106,96,105,42,21,15,13,7,5,0,0,109Y06M
10014,臺東縣,10014160,蘭嶼鄉,10014160-002,朗島村,49,42,39,63,89,97,97,92,65,56,65,51,43,34,24,7,0,9,2,0,0,109Y06M
10014,臺東縣,10014160,蘭嶼鄉,10014160-003,紅頭村,64,55,53,85,112,108,127,144,133,135,126,105,93,56,39,16,8,16,2,2,0,109Y06M
10014,臺東縣,10014160,蘭嶼鄉,10014160-004,椰油村,51,77,63,65,82,105,101,139,111,86,71,74,60,41,21,13,8,7,3,1,0,109Y06M
10014,臺東縣,10014010,臺東市,10014010-001,富岡里,35,38,73,68,108,95,96,125,151,114,138,145,132,130,78,55,46,26,11,2,0,109Y09M
10014,臺東縣,10014010,臺東市,10014010-002,富豐里,49,28,35,54,56,66,87,87,65,77,95,80,69,46,37,33,17,18,5,0,0,109Y09M
10014,臺東縣,10014010,臺東市,10014010-003,岩灣里,51,47,67,135,191,166,152,192,245,252,237,213,169,128,70,61,34,15,12,1,0,109Y09M
10014,臺東縣,10014010,臺東市,10014010-004,南王里,95,74,91,178,255,251,226,222,241,227,268,263,235,184,131,74,66,38,9,3,0,109Y09M
10014,臺東縣,10014010,臺東市,10014010-005,卑南里,62,93,90,200,262,220,193,238,263,297,283,257,208,186,104,92,63,25,11,4,0,109Y09M
10014,臺東縣,10014010,臺東市,10014010-006,南榮里,106,109,83,190,261,218,173,215,239,270,251,244,194,196,120,73,48,50,31,13,5,109Y09M
10014,臺東縣,10014010,臺東市,10014010-007,新生里,217,254,219,423,498,566,513,597,548,552,690,627,599,510,281,185,117,77,30,7,1,109Y09M
10014,臺東縣,10014010,臺東市,10014010-008,民生里,87,134,90,157,209,218,229,273,285,253,257,281,312,294,183,113,70,39,19,5,0,109Y09M
10014,臺東縣,10014010,臺東市,10014010-009,寶桑里,24,35,52,49,66,63,50,82,77,79,78,83,62,80,38,37,21,4,4,1,1,109Y09M
10014,臺東縣,10014010,臺東市,10014010-010,馬蘭里,161,352,406,209,227,218,193,200,233,232,230,215,204,176,103,101,70,42,15,3,0,109Y09M
10014,臺東縣,10014010,臺東市,10014010-011,中心里,183,366,400,243,261,270,208,258,318,267,264,281,254,229,132,100,56,33,10,3,2,109Y09M
10014,臺東縣,10014010,臺東市,10014010-012,自強里,243,419,465,302,333,316,316,378,319,319,379,350,388,320,166,135,107,55,28,9,2,109Y09M
10014,臺東縣,10014010,臺東市,10014010-013,民族里,250,332,233,130,120,108,104,144,132,137,133,101,98,89,51,63,51,18,11,0,0,109Y09M
10014,臺東縣,10014010,臺東市,10014010-014,四維里,34,32,28,25,50,56,59,49,59,55,66,65,50,39,29,32,20,4,5,2,0,109Y09M
10014,臺東縣,10014010,臺東市,10014010-015,中華里,48,77,55,93,122,124,131,147,145,158,146,148,146,124,83,63,50,24,12,2,0,109Y09M
10014,臺東縣,10014010,臺東市,10014010-016,強國里,23,21,20,36,41,47,57,47,52,40,63,57,65,53,39,20,14,10,2,0,0,109Y09M
10014,臺東縣,10014010,臺東市,10014010-017,建國里,48,32,23,71,84,98,79,99,106,118,104,112,104,103,77,65,28,15,12,2,0,109Y09M
10014,臺東縣,10014010,臺東市,10014010-018,民權里,45,40,16,32,68,78,63,100,69,60,62,70,77,49,36,33,29,14,8,0,0,109Y09M
10014,臺東縣,10014010,臺東市,10014010-019,仁愛里,25,17,17,31,38,59,56,61,52,53,53,72,83,61,44,23,23,11,5,2,0,109Y09M
10014,臺東縣,10014010,臺東市,10014010-020,中正里,8,3,11,35,54,46,43,67,66,62,65,57,71,83,57,34,36,21,9,2,0,109Y09M
10014,臺東縣,10014010,臺東市,10014010-021,大同里,15,33,32,34,76,55,45,64,80,56,65,56,63,55,44,35,31,8,3,1,0,109Y09M
10014,臺東縣,10014010,臺東市,10014010-022,成功里,20,27,37,56,65,65,53,45,61,70,76,81,62,53,48,34,23,7,5,2,0,109Y09M
10014,臺東縣,10014010,臺東市,10014010-023,文化里,146,178,127,59,45,53,81,103,96,92,67,79,69,70,40,25,24,15,24,3,2,109Y09M
10014,臺東縣,10014010,臺東市,10014010-024,中山里,117,82,20,33,44,46,59,74,65,53,63,63,59,71,48,32,25,20,8,4,0,109Y09M
10014,臺東縣,10014010,臺東市,10014010-025,復國里,11,13,29,32,41,49,43,31,43,57,60,68,56,44,29,18,20,11,4,1,0,109Y09M
10014,臺東縣,10014010,臺東市,10014010-026,興國里,106,103,31,39,62,59,50,58,72,54,82,58,48,49,40,33,24,15,3,6,0,109Y09M
10014,臺東縣,10014010,臺東市,10014010-027,復興里,9,15,23,13,19,41,31,44,39,35,36,45,36,27,18,19,12,7,3,0,0,109Y09M
10014,臺東縣,10014010,臺東市,10014010-028,鐵花里,5,7,5,18,34,22,21,19,27,43,38,34,40,32,16,24,12,9,6,4,0,109Y09M
10014,臺東縣,10014010,臺東市,10014010-029,新園里,61,53,54,119,169,155,92,130,140,178,163,147,115,121,77,49,26,15,6,3,0,109Y09M
10014,臺東縣,10014010,臺東市,10014010-030,豐田里,87,108,81,144,179,180,164,170,175,220,180,181,168,140,104,55,42,21,16,7,0,109Y09M
10014,臺東縣,10014010,臺東市,10014010-031,豐年里,161,89,111,190,275,308,263,297,267,274,302,260,225,189,110,99,46,24,15,6,0,109Y09M
10014,臺東縣,10014010,臺東市,10014010-032,光明里,82,217,314,239,252,224,162,219,287,285,316,224,179,147,89,58,35,24,9,3,0,109Y09M
10014,臺東縣,10014010,臺東市,10014010-033,豐樂里,40,84,117,111,112,136,113,122,145,108,137,144,131,114,59,41,32,21,6,1,0,109Y09M
10014,臺東縣,10014010,臺東市,10014010-034,永樂里,78,167,188,185,247,163,149,147,193,239,207,205,170,124,75,54,35,18,10,4,0,109Y09M
10014,臺東縣,10014010,臺東市,10014010-035,康樂里,61,69,70,88,111,105,100,112,118,146,144,133,106,79,51,35,24,12,8,3,0,109Y09M
10014,臺東縣,10014010,臺東市,10014010-036,東海里,274,222,161,193,226,183,221,269,269,201,219,257,279,190,120,79,73,32,22,2,1,109Y09M
10014,臺東縣,10014010,臺東市,10014010-037,新興里,21,38,40,48,61,83,60,68,73,81,96,107,77,67,52,36,36,20,7,4,0,109Y09M
10014,臺東縣,10014010,臺東市,10014010-038,豐榮里,230,287,391,598,702,711,623,742,798,795,782,702,698,549,328,195,145,58,29,6,1,109Y09M
10014,臺東縣,10014010,臺東市,10014010-039,豐谷里,168,182,212,336,480,461,427,422,420,451,488,485,387,346,219,157,112,50,22,5,1,109Y09M
10014,臺東縣,10014010,臺東市,10014010-040,豐里里,89,83,102,147,204,245,161,208,183,201,258,234,184,152,101,66,65,37,13,5,0,109Y09M
10014,臺東縣,10014010,臺東市,10014010-041,豐原里,39,59,58,45,91,108,86,92,100,87,120,134,103,79,56,47,44,30,7,1,0,109Y09M
10014,臺東縣,10014010,臺東市,10014010-042,建和里,63,52,56,77,97,144,105,83,103,101,138,145,127,97,63,62,45,26,11,2,0,109Y09M
10014,臺東縣,10014010,臺東市,10014010-043,建興里,22,16,23,56,80,85,48,57,73,90,97,93,88,53,56,46,27,15,4,1,0,109Y09M
10014,臺東縣,10014010,臺東市,10014010-044,建業里,46,42,33,94,114,105,102,72,109,98,136,120,99,98,71,52,29,24,10,1,0,109Y09M
10014,臺東縣,10014010,臺東市,10014010-045,知本里,52,42,53,69,128,125,95,98,95,122,141,147,119,95,56,43,36,24,6,4,2,109Y09M
10014,臺東縣,10014010,臺東市,10014010-046,建農里,90,62,82,139,153,190,128,177,182,231,208,184,154,123,83,40,30,20,23,5,0,109Y09M
10014,臺東縣,10014020,成功鎮,10014020-001,博愛里,8,4,12,12,23,31,27,36,49,42,67,79,63,44,50,44,29,7,4,2,0,109Y09M
10014,臺東縣,10014020,成功鎮,10014020-002,忠孝里,22,27,32,30,48,67,61,72,75,65,86,104,92,79,55,46,45,26,3,1,0,109Y09M
10014,臺東縣,10014020,成功鎮,10014020-003,三仙里,42,28,54,51,109,79,78,110,128,129,122,136,145,105,74,55,27,21,11,0,1,109Y09M
10014,臺東縣,10014020,成功鎮,10014020-004,三民里,82,73,88,132,219,198,198,203,269,208,257,245,236,226,147,105,56,33,13,5,1,109Y09M
10014,臺東縣,10014020,成功鎮,10014020-005,忠智里,56,102,103,96,136,135,109,155,191,157,154,174,160,142,102,79,73,21,14,2,0,109Y09M
10014,臺東縣,10014020,成功鎮,10014020-006,忠仁里,71,82,100,140,143,133,129,187,206,180,204,205,202,176,106,74,62,32,16,4,0,109Y09M
10014,臺東縣,10014020,成功鎮,10014020-007,和平里,8,19,22,26,27,52,35,41,58,53,73,77,79,59,49,43,28,17,6,4,0,109Y09M
10014,臺東縣,10014020,成功鎮,10014020-008,信義里,38,42,58,68,82,99,88,130,153,164,198,206,178,160,95,73,69,32,16,2,2,109Y09M
10014,臺東縣,10014030,關山鎮,10014030-001,德高里,47,40,62,87,150,143,90,105,119,151,170,159,125,117,100,69,83,41,23,5,0,109Y09M
10014,臺東縣,10014030,關山鎮,10014030-002,豐泉里,39,74,77,69,104,78,80,96,90,86,110,95,126,78,47,39,34,17,9,3,0,109Y09M
10014,臺東縣,10014030,關山鎮,10014030-003,新福里,40,45,34,53,74,71,57,71,54,75,94,101,82,51,31,34,40,15,8,1,1,109Y09M
10014,臺東縣,10014030,關山鎮,10014030-004,中福里,21,39,42,37,46,58,63,63,56,48,72,60,101,58,51,39,30,13,5,4,0,109Y09M
10014,臺東縣,10014030,關山鎮,10014030-005,里壠里,47,88,89,88,129,134,104,111,148,125,159,154,159,131,81,61,61,28,13,1,0,109Y09M
10014,臺東縣,10014030,關山鎮,10014030-006,電光里,15,18,18,33,38,31,35,38,30,62,47,54,44,53,27,26,18,9,2,0,0,109Y09M
10014,臺東縣,10014030,關山鎮,10014030-007,月眉里,18,17,25,34,51,53,49,35,48,69,61,84,66,48,42,20,24,14,7,5,0,109Y09M
10014,臺東縣,10014040,卑南鄉,10014040-001,嘉豐村,14,17,22,19,39,29,42,41,39,35,49,55,42,29,22,19,12,7,4,0,0,109Y09M
10014,臺東縣,10014040,卑南鄉,10014040-002,利吉村,15,13,13,18,20,30,27,37,27,24,38,55,58,39,20,14,19,14,9,0,0,109Y09M
10014,臺東縣,10014040,卑南鄉,10014040-003,富山村,12,11,21,23,29,43,28,30,43,44,51,55,38,34,13,24,21,5,7,2,0,109Y09M
10014,臺東縣,10014040,卑南鄉,10014040-004,富源村,3,6,5,14,19,17,20,23,14,25,30,32,40,41,22,19,14,6,3,1,1,109Y09M
10014,臺東縣,10014040,卑南鄉,10014040-005,明峰村,41,24,38,55,80,69,84,106,82,117,101,116,81,103,71,53,30,23,13,5,0,109Y09M
10014,臺東縣,10014040,卑南鄉,10014040-006,初鹿村,52,31,47,81,109,80,70,110,117,115,115,107,111,100,67,46,30,25,17,2,1,109Y09M
10014,臺東縣,10014040,卑南鄉,10014040-007,美農村,45,25,17,57,84,75,56,64,90,100,108,114,84,71,53,51,39,23,9,3,0,109Y09M
10014,臺東縣,10014040,卑南鄉,10014040-008,賓朗村,65,56,95,146,193,168,151,149,165,182,226,235,189,158,119,90,84,28,21,4,0,109Y09M
10014,臺東縣,10014040,卑南鄉,10014040-009,泰安村,55,64,58,81,113,114,90,84,102,113,116,108,84,59,31,33,22,14,6,2,0,109Y09M
10014,臺東縣,10014040,卑南鄉,10014040-010,太平村,124,93,102,190,245,315,257,244,288,306,298,302,260,201,107,75,51,31,18,6,1,109Y09M
10014,臺東縣,10014040,卑南鄉,10014040-011,利嘉村,44,54,38,62,113,98,103,80,82,94,96,105,109,85,42,28,26,14,5,4,1,109Y09M
10014,臺東縣,10014040,卑南鄉,10014040-012,東興村,47,54,54,76,76,113,80,104,105,117,150,120,91,58,40,26,17,8,7,3,0,109Y09M
10014,臺東縣,10014040,卑南鄉,10014040-013,溫泉村,35,68,19,47,54,74,48,82,79,96,109,123,95,99,70,44,50,22,14,3,0,109Y09M
10014,臺東縣,10014050,鹿野鄉,10014050-001,瑞和村,26,13,18,35,55,57,36,57,51,47,75,61,44,57,31,25,24,8,2,1,1,109Y09M
10014,臺東縣,10014050,鹿野鄉,10014050-002,瑞豐村,20,21,18,65,54,43,57,68,72,87,75,86,70,66,51,38,35,31,8,1,0,109Y09M
10014,臺東縣,10014050,鹿野鄉,10014050-003,瑞源村,29,35,27,39,56,80,53,56,74,69,73,89,65,81,55,38,28,16,7,3,1,109Y09M
10014,臺東縣,10014050,鹿野鄉,10014050-004,永安村,62,50,45,69,105,94,108,104,128,123,146,170,125,104,63,53,42,20,14,3,0,109Y09M
10014,臺東縣,10014050,鹿野鄉,10014050-005,瑞隆村,29,20,31,59,54,62,57,59,73,75,91,70,87,67,50,36,43,20,5,0,0,109Y09M
10014,臺東縣,10014050,鹿野鄉,10014050-006,鹿野村,22,34,42,51,75,79,61,71,76,84,119,108,95,90,51,65,32,20,12,0,1,109Y09M
10014,臺東縣,10014050,鹿野鄉,10014050-007,龍田村,21,33,46,60,61,63,49,93,72,88,105,101,98,95,62,53,42,25,7,2,0,109Y09M
10014,臺東縣,10014060,池上鄉,10014060-001,福文村,46,29,44,66,86,81,57,68,95,124,109,106,99,83,48,49,33,28,18,7,0,109Y09M
10014,臺東縣,10014060,池上鄉,10014060-002,慶豐村,26,25,9,29,47,46,35,52,57,53,67,67,54,53,44,22,25,19,3,3,0,109Y09M
10014,臺東縣,10014060,池上鄉,10014060-003,大坡村,10,9,10,13,18,24,15,24,23,20,25,36,38,37,15,15,13,8,2,1,0,109Y09M
10014,臺東縣,10014060,池上鄉,10014060-004,大埔村,29,22,25,43,46,64,36,65,60,68,70,67,68,76,55,40,29,13,4,1,1,109Y09M
10014,臺東縣,10014060,池上鄉,10014060-005,福原村,111,78,91,118,132,150,144,148,160,173,159,184,166,141,98,82,72,41,18,1,1,109Y09M
10014,臺東縣,10014060,池上鄉,10014060-006,錦園村,8,9,11,16,20,14,18,20,19,29,32,47,38,28,19,16,17,12,4,1,0,109Y09M
10014,臺東縣,10014060,池上鄉,10014060-007,新興村,20,18,28,44,48,60,44,57,77,83,67,72,76,68,47,27,37,30,10,4,2,109Y09M
10014,臺東縣,10014060,池上鄉,10014060-008,萬安村,9,15,9,17,19,19,18,18,22,19,28,44,9,29,23,13,15,12,5,1,0,109Y09M
10014,臺東縣,10014060,池上鄉,10014060-009,富興村,13,9,12,21,35,19,13,29,30,34,39,47,41,28,24,22,11,6,6,0,1,109Y09M
10014,臺東縣,10014060,池上鄉,10014060-010,振興村,16,10,13,21,30,35,25,35,34,41,46,39,34,36,23,23,11,7,4,0,0,109Y09M
10014,臺東縣,10014070,東河鄉,10014070-001,北源村,25,39,30,46,67,62,87,140,169,139,171,160,149,141,80,66,45,40,17,4,0,109Y09M
10014,臺東縣,10014070,東河鄉,10014070-002,泰源村,31,30,39,51,75,58,75,87,99,105,121,120,114,87,71,43,36,26,14,3,0,109Y09M
10014,臺東縣,10014070,東河鄉,10014070-003,東河村,17,35,27,37,59,54,45,78,88,109,109,91,79,82,51,46,31,18,13,4,3,109Y09M
10014,臺東縣,10014070,東河鄉,10014070-004,尚德村,4,7,10,12,15,8,13,18,25,18,30,24,28,23,13,13,9,9,1,1,1,109Y09M
10014,臺東縣,10014070,東河鄉,10014070-005,隆昌村,8,10,19,13,21,31,29,25,32,53,52,60,63,54,32,23,24,11,10,1,0,109Y09M
10014,臺東縣,10014070,東河鄉,10014070-006,興昌村,21,27,33,43,37,47,36,43,80,90,83,95,95,84,63,48,44,23,17,1,0,109Y09M
10014,臺東縣,10014070,東河鄉,10014070-007,都蘭村,55,77,73,97,113,118,120,178,190,168,186,225,214,173,133,80,73,48,14,6,0,109Y09M
10014,臺東縣,10014080,長濱鄉,10014080-001,樟原村,13,9,12,23,41,39,15,30,41,54,64,60,51,52,38,40,32,19,7,1,0,109Y09M
10014,臺東縣,10014080,長濱鄉,10014080-002,三間村,31,26,47,46,56,48,42,75,103,96,125,145,107,87,79,71,61,36,9,5,0,109Y09M
10014,臺東縣,10014080,長濱鄉,10014080-003,忠勇村,16,14,32,30,26,39,16,32,54,55,55,58,48,41,25,35,22,10,3,1,0,109Y09M
10014,臺東縣,10014080,長濱鄉,10014080-004,長濱村,56,43,71,84,118,133,111,137,144,169,221,229,191,137,117,88,72,43,17,3,0,109Y09M
10014,臺東縣,10014080,長濱鄉,10014080-005,竹湖村,18,24,23,29,32,43,46,58,88,69,86,112,94,72,58,54,31,20,7,1,0,109Y09M
10014,臺東縣,10014080,長濱鄉,10014080-006,寧埔村,18,23,30,30,41,67,63,78,86,96,141,140,127,112,75,66,38,22,6,0,0,109Y09M
10014,臺東縣,10014090,太麻里鄉,10014090-001,美和村,35,38,53,87,111,95,92,96,118,118,106,131,101,100,52,65,40,18,3,0,0,109Y09M
10014,臺東縣,10014090,太麻里鄉,10014090-002,三和村,14,10,20,24,49,38,29,55,50,53,53,59,57,35,29,30,21,13,6,1,0,109Y09M
10014,臺東縣,10014090,太麻里鄉,10014090-003,華源村,10,8,11,31,37,27,27,38,49,59,66,41,40,45,40,40,40,23,7,1,0,109Y09M
10014,臺東縣,10014090,太麻里鄉,10014090-004,北里村,16,17,19,25,42,53,25,49,53,47,41,54,65,53,23,29,16,10,11,0,0,109Y09M
10014,臺東縣,10014090,太麻里鄉,10014090-005,泰和村,48,48,60,72,108,126,98,105,113,122,110,129,115,104,81,48,56,27,14,3,0,109Y09M
10014,臺東縣,10014090,太麻里鄉,10014090-006,大王村,54,65,77,115,106,125,122,160,145,144,143,162,175,150,104,63,54,34,19,4,2,109Y09M
10014,臺東縣,10014090,太麻里鄉,10014090-007,香蘭村,19,22,33,43,42,50,62,70,62,50,84,87,75,46,51,50,24,17,8,1,0,109Y09M
10014,臺東縣,10014090,太麻里鄉,10014090-008,金崙村,63,63,78,126,117,140,116,133,161,169,183,197,146,105,63,54,30,23,11,4,0,109Y09M
10014,臺東縣,10014090,太麻里鄉,10014090-009,多良村,42,29,40,61,59,71,56,78,85,92,76,97,86,64,36,27,19,14,4,2,0,109Y09M
10014,臺東縣,10014100,大武鄉,10014100-001,大竹村,39,17,44,49,40,43,56,78,87,51,57,79,89,52,27,26,14,15,4,1,0,109Y09M
10014,臺東縣,10014100,大武鄉,10014100-002,大鳥村,45,42,60,71,100,104,89,98,83,88,112,111,100,75,36,25,17,11,3,1,1,109Y09M
10014,臺東縣,10014100,大武鄉,10014100-003,大武村,50,69,59,72,81,98,92,119,124,126,101,135,112,95,58,36,28,19,6,2,1,109Y09M
10014,臺東縣,10014100,大武鄉,10014100-004,尚武村,44,37,34,60,87,92,94,102,145,116,137,132,156,109,64,47,44,25,5,2,0,109Y09M
10014,臺東縣,10014100,大武鄉,10014100-005,南興村,23,15,13,32,27,33,36,39,55,50,49,58,63,44,18,17,13,9,1,0,0,109Y09M
10014,臺東縣,10014110,綠島鄉,10014110-001,公館村,41,51,40,44,82,104,93,92,130,107,76,68,71,55,31,16,11,11,9,1,0,109Y09M
10014,臺東縣,10014110,綠島鄉,10014110-002,中寮村,62,30,31,48,93,93,118,113,96,99,98,95,78,49,35,25,18,9,5,0,0,109Y09M
10014,臺東縣,10014110,綠島鄉,10014110-003,南寮村,88,40,46,68,146,172,170,135,155,143,136,112,109,62,63,25,28,15,2,1,0,109Y09M
10014,臺東縣,10014120,海端鄉,10014120-001,廣原村,52,71,64,72,63,72,71,80,70,71,76,63,46,40,20,10,7,1,0,1,0,109Y09M
10014,臺東縣,10014120,海端鄉,10014120-002,霧鹿村,10,19,24,21,23,25,19,23,27,20,27,18,21,6,14,10,1,4,0,0,0,109Y09M
10014,臺東縣,10014120,海端鄉,10014120-003,利稻村,18,19,13,30,27,24,24,28,23,28,24,13,14,13,8,3,4,1,0,1,0,109Y09M
10014,臺東縣,10014120,海端鄉,10014120-004,海端村,52,58,72,74,107,95,96,98,107,94,70,75,72,57,18,12,14,8,8,0,1,109Y09M
10014,臺東縣,10014120,海端鄉,10014120-005,崁頂村,44,31,51,45,65,51,61,55,44,51,47,63,50,29,14,8,10,1,2,0,0,109Y09M
10014,臺東縣,10014120,海端鄉,10014120-006,加拿村,26,27,42,38,68,45,48,39,43,61,49,51,33,27,6,5,3,3,0,0,0,109Y09M
10014,臺東縣,10014130,延平鄉,10014130-001,武陵村,33,36,39,48,48,55,41,51,78,73,53,62,33,29,19,3,4,5,0,0,0,109Y09M
10014,臺東縣,10014130,延平鄉,10014130-002,永康村,25,18,17,22,32,22,21,31,31,38,44,23,23,11,7,5,4,1,0,0,0,109Y09M
10014,臺東縣,10014130,延平鄉,10014130-003,紅葉村,26,21,33,28,30,42,24,46,70,35,41,25,36,23,18,3,6,1,2,0,0,109Y09M
10014,臺東縣,10014130,延平鄉,10014130-004,鸞山村,41,33,21,44,61,53,38,59,63,57,56,58,38,32,11,15,13,5,4,0,0,109Y09M
10014,臺東縣,10014130,延平鄉,10014130-005,桃源村,76,65,54,72,107,91,91,101,104,111,96,94,67,53,24,5,11,10,2,2,0,109Y09M
10014,臺東縣,10014140,金峰鄉,10014140-001,新興村,39,42,30,40,43,51,53,45,46,49,50,52,49,25,11,7,4,4,2,0,0,109Y09M
10014,臺東縣,10014140,金峰鄉,10014140-002,正興村,31,31,30,48,55,64,49,45,47,44,66,67,65,32,12,10,6,7,5,3,1,109Y09M
10014,臺東縣,10014140,金峰鄉,10014140-003,嘉蘭村,88,77,70,109,140,125,96,119,99,139,123,113,91,63,31,17,16,15,2,1,0,109Y09M
10014,臺東縣,10014140,金峰鄉,10014140-004,賓茂村,16,24,17,22,22,30,24,28,30,28,36,44,30,23,11,1,7,5,3,0,0,109Y09M
10014,臺東縣,10014140,金峰鄉,10014140-005,歷坵村,28,13,15,24,26,32,22,30,28,27,26,44,32,18,10,7,6,6,0,0,0,109Y09M
10014,臺東縣,10014150,達仁鄉,10014150-001,台坂村,33,20,27,21,48,58,58,53,52,40,49,67,61,41,24,17,15,6,1,0,0,109Y09M
10014,臺東縣,10014150,達仁鄉,10014150-002,土坂村,36,27,48,52,80,74,69,72,102,94,87,81,67,47,28,16,12,3,1,0,0,109Y09M
10014,臺東縣,10014150,達仁鄉,10014150-003,新化村,10,12,17,19,23,23,21,15,33,40,36,39,30,22,15,10,6,4,1,0,0,109Y09M
10014,臺東縣,10014150,達仁鄉,10014150-004,安朔村,21,19,25,27,32,49,35,54,49,49,63,53,74,42,20,14,4,6,4,0,0,109Y09M
10014,臺東縣,10014150,達仁鄉,10014150-005,森永村,9,14,15,19,19,29,22,35,37,33,44,43,41,27,17,9,4,2,3,1,0,109Y09M
10014,臺東縣,10014150,達仁鄉,10014150-006,南田村,15,7,12,20,27,33,28,25,34,26,31,37,28,16,7,4,1,3,2,1,0,109Y09M
10014,臺東縣,10014160,蘭嶼鄉,10014160-001,東清村,95,70,71,106,142,130,122,151,145,133,110,96,101,48,21,13,14,7,6,0,0,109Y09M
10014,臺東縣,10014160,蘭嶼鄉,10014160-002,朗島村,50,38,37,62,95,100,92,89,74,57,63,50,46,36,21,9,1,9,2,0,0,109Y09M
10014,臺東縣,10014160,蘭嶼鄉,10014160-003,紅頭村,64,58,52,80,115,114,126,142,133,126,131,100,98,55,35,18,9,14,2,1,1,109Y09M
10014,臺東縣,10014160,蘭嶼鄉,10014160-004,椰油村,49,75,61,66,84,109,100,137,116,86,71,71,64,45,20,13,8,7,3,1,0,109Y09M
10014,臺東縣,10014010,臺東市,10014010-001,富岡里,31,36,72,66,103,96,92,125,147,115,139,147,128,127,82,58,46,24,12,2,0,109Y12M
10014,臺東縣,10014010,臺東市,10014010-002,富豐里,50,28,35,52,63,64,88,88,60,77,97,85,70,41,41,35,16,15,4,0,0,109Y12M
10014,臺東縣,10014010,臺東市,10014010-003,岩灣里,50,51,69,134,187,173,147,195,239,256,244,209,170,131,74,60,35,14,13,1,0,109Y12M
10014,臺東縣,10014010,臺東市,10014010-004,南王里,96,75,88,166,263,253,228,226,239,231,268,262,232,184,139,72,61,41,9,2,0,109Y12M
10014,臺東縣,10014010,臺東市,10014010-005,卑南里,61,94,84,200,268,220,190,239,258,305,280,263,209,188,105,91,65,27,12,4,0,109Y12M
10014,臺東縣,10014010,臺東市,10014010-006,南榮里,108,107,81,181,259,228,177,204,230,275,255,245,197,197,121,75,47,51,31,11,5,109Y12M
10014,臺東縣,10014010,臺東市,10014010-007,新生里,217,267,207,403,503,573,522,588,536,561,670,636,604,519,285,188,119,74,30,8,1,109Y12M
10014,臺東縣,10014010,臺東市,10014010-008,民生里,87,131,83,152,210,214,223,278,283,245,263,278,318,290,195,112,69,41,18,4,0,109Y12M
10014,臺東縣,10014010,臺東市,10014010-009,寶桑里,21,36,49,50,65,63,47,78,76,78,77,84,61,76,40,38,20,5,4,1,1,109Y12M
10014,臺東縣,10014010,臺東市,10014010-010,馬蘭里,154,375,394,202,224,224,192,199,232,229,225,216,196,178,110,99,67,43,14,4,0,109Y12M
10014,臺東縣,10014010,臺東市,10014010-011,中心里,182,359,407,248,257,273,214,260,322,268,262,277,257,225,137,99,60,34,10,4,2,109Y12M
10014,臺東縣,10014010,臺東市,10014010-012,自強里,243,428,461,301,337,307,307,387,325,304,378,342,387,324,176,136,109,56,25,11,2,109Y12M
10014,臺東縣,10014010,臺東市,10014010-013,民族里,242,330,230,131,114,106,103,143,126,142,126,107,97,88,51,59,53,19,10,0,0,109Y12M
10014,臺東縣,10014010,臺東市,10014010-014,四維里,32,26,30,25,48,52,60,49,61,47,71,64,49,34,35,31,18,6,6,2,0,109Y12M
10014,臺東縣,10014010,臺東市,10014010-015,中華里,42,69,62,87,122,120,128,143,153,154,139,152,142,129,80,64,50,26,11,3,0,109Y12M
10014,臺東縣,10014010,臺東市,10014010-016,強國里,22,18,21,32,46,46,55,51,52,39,61,57,65,54,38,20,13,10,3,0,0,109Y12M
10014,臺東縣,10014010,臺東市,10014010-017,建國里,48,34,24,66,88,87,90,90,99,117,105,112,108,100,78,63,30,14,9,3,0,109Y12M
10014,臺東縣,10014010,臺東市,10014010-018,民權里,46,36,19,31,64,83,64,94,75,61,62,68,76,55,35,30,32,15,5,2,0,109Y12M
10014,臺東縣,10014010,臺東市,10014010-019,仁愛里,22,21,14,30,42,56,55,59,49,56,51,69,84,61,46,24,24,9,7,2,0,109Y12M
10014,臺東縣,10014010,臺東市,10014010-020,中正里,8,3,9,30,53,50,38,70,67,59,69,58,71,80,58,37,33,24,8,3,0,109Y12M
10014,臺東縣,10014010,臺東市,10014010-021,大同里,18,36,33,39,68,64,46,66,81,57,66,56,60,57,46,34,30,8,3,2,0,109Y12M
10014,臺東縣,10014010,臺東市,10014010-022,成功里,19,30,35,59,58,70,54,47,60,70,75,80,61,55,50,35,23,7,4,2,0,109Y12M
10014,臺東縣,10014010,臺東市,10014010-023,文化里,143,190,121,67,46,59,82,98,100,93,69,80,66,68,46,24,23,14,25,4,1,109Y12M
10014,臺東縣,10014010,臺東市,10014010-024,中山里,111,86,23,32,45,41,63,75,64,52,62,56,63,66,52,35,23,19,9,3,0,109Y12M
10014,臺東縣,10014010,臺東市,10014010-025,復國里,13,11,30,32,40,43,45,30,41,58,62,67,55,43,30,17,21,10,5,1,0,109Y12M
10014,臺東縣,10014010,臺東市,10014010-026,興國里,107,105,33,34,65,58,51,59,71,55,74,62,48,47,43,32,24,16,3,6,0,109Y12M
10014,臺東縣,10014010,臺東市,10014010-027,復興里,10,12,18,13,18,38,32,42,35,32,36,41,38,26,20,18,13,8,3,0,0,109Y12M
10014,臺東縣,10014010,臺東市,10014010-028,鐵花里,5,8,5,16,34,22,23,16,28,41,35,39,39,32,18,24,12,7,7,4,0,109Y12M
10014,臺東縣,10014010,臺東市,10014010-029,新園里,59,50,50,122,159,147,98,131,140,174,163,155,113,120,78,49,26,14,8,3,0,109Y12M
10014,臺東縣,10014010,臺東市,10014010-030,豐田里,86,109,85,147,185,185,173,178,183,222,194,183,166,146,108,54,41,22,15,6,0,109Y12M
10014,臺東縣,10014010,臺東市,10014010-031,豐年里,165,88,112,188,263,311,274,293,271,272,306,257,224,194,114,102,42,24,14,6,0,109Y12M
10014,臺東縣,10014010,臺東市,10014010-032,光明里,79,214,310,244,243,229,158,217,278,285,325,228,178,145,92,59,39,18,13,3,0,109Y12M
10014,臺東縣,10014010,臺東市,10014010-033,豐樂里,41,85,121,108,112,139,111,121,145,107,136,144,125,118,67,38,29,23,7,1,0,109Y12M
10014,臺東縣,10014010,臺東市,10014010-034,永樂里,75,171,191,185,250,167,146,142,205,233,215,210,167,124,81,52,36,17,11,4,0,109Y12M
10014,臺東縣,10014010,臺東市,10014010-035,康樂里,59,70,70,82,115,107,97,108,121,147,142,137,102,80,52,34,26,13,8,3,0,109Y12M
10014,臺東縣,10014010,臺東市,10014010-036,東海里,272,232,150,188,224,187,216,273,270,204,213,260,274,193,125,76,72,33,22,2,1,109Y12M
10014,臺東縣,10014010,臺東市,10014010-037,新興里,18,41,41,50,53,82,60,72,71,79,102,99,84,64,58,34,37,21,6,4,0,109Y12M
10014,臺東縣,10014010,臺東市,10014010-038,豐榮里,227,263,390,584,695,716,632,733,795,790,782,705,707,542,355,190,152,56,31,7,1,109Y12M
10014,臺東縣,10014010,臺東市,10014010-039,豐谷里,169,195,213,331,475,448,438,405,432,443,484,491,386,348,220,151,115,48,23,6,1,109Y12M
10014,臺東縣,10014010,臺東市,10014010-040,豐里里,86,81,103,140,204,240,161,210,183,208,243,242,191,154,102,60,66,38,14,5,0,109Y12M
10014,臺東縣,10014010,臺東市,10014010-041,豐原里,35,64,60,45,84,110,82,93,103,79,129,135,99,83,57,41,47,31,7,1,0,109Y12M
10014,臺東縣,10014010,臺東市,10014010-042,建和里,59,53,55,71,101,141,108,83,98,102,138,144,123,98,63,64,42,28,11,2,0,109Y12M
10014,臺東縣,10014010,臺東市,10014010-043,建興里,22,14,21,54,76,84,56,53,72,88,97,92,89,54,58,44,30,15,4,1,0,109Y12M
10014,臺東縣,10014010,臺東市,10014010-044,建業里,52,42,32,92,116,106,97,75,109,96,137,117,95,100,68,52,32,20,10,1,0,109Y12M
10014,臺東縣,10014010,臺東市,10014010-045,知本里,53,45,48,72,127,125,90,108,97,122,141,148,121,94,60,42,35,23,6,5,2,109Y12M
10014,臺東縣,10014010,臺東市,10014010-046,建農里,99,63,74,139,148,190,139,175,181,226,211,188,156,125,84,41,31,18,24,5,0,109Y12M
10014,臺東縣,10014020,成功鎮,10014020-001,博愛里,9,7,11,12,22,34,25,39,48,43,65,78,64,43,54,42,28,10,3,2,0,109Y12M
10014,臺東縣,10014020,成功鎮,10014020-002,忠孝里,22,30,29,33,47,70,57,73,75,63,87,108,84,81,59,45,41,24,5,1,0,109Y12M
10014,臺東縣,10014020,成功鎮,10014020-003,三仙里,42,34,52,52,99,86,72,105,132,122,121,139,142,112,70,60,27,20,11,0,1,109Y12M
10014,臺東縣,10014020,成功鎮,10014020-004,三民里,82,72,86,129,218,191,192,199,277,203,255,255,232,226,151,102,56,31,13,6,1,109Y12M
10014,臺東縣,10014020,成功鎮,10014020-005,忠智里,59,100,109,87,138,137,104,155,187,163,152,175,160,140,107,79,73,23,14,1,0,109Y12M
10014,臺東縣,10014020,成功鎮,10014020-006,忠仁里,72,77,105,137,135,142,131,182,206,184,200,200,203,181,111,77,61,33,14,4,0,109Y12M
10014,臺東縣,10014020,成功鎮,10014020-007,和平里,10,19,22,26,27,51,35,41,63,51,73,80,76,63,46,42,33,17,5,4,0,109Y12M
10014,臺東縣,10014020,成功鎮,10014020-008,信義里,42,44,54,65,77,105,91,132,150,163,199,201,185,156,98,71,67,34,16,2,2,109Y12M
10014,臺東縣,10014030,關山鎮,10014030-001,德高里,47,39,60,77,157,140,91,107,112,152,165,164,125,112,102,66,83,44,23,5,0,109Y12M
10014,臺東縣,10014030,關山鎮,10014030-002,豐泉里,38,74,73,70,107,82,75,101,86,83,112,95,123,87,47,41,31,17,10,3,0,109Y12M
10014,臺東縣,10014030,關山鎮,10014030-003,新福里,38,45,35,54,72,75,54,70,59,69,95,101,78,57,28,35,36,19,7,1,1,109Y12M
10014,臺東縣,10014030,關山鎮,10014030-004,中福里,22,36,45,37,42,58,61,64,57,46,70,62,100,59,50,39,30,14,5,4,0,109Y12M
10014,臺東縣,10014030,關山鎮,10014030-005,里壠里,46,91,83,91,123,131,98,117,146,125,153,156,161,129,83,60,60,31,12,1,0,109Y12M
10014,臺東縣,10014030,關山鎮,10014030-006,電光里,16,17,17,33,37,30,33,35,35,60,51,52,42,54,30,22,20,8,3,0,0,109Y12M
10014,臺東縣,10014030,關山鎮,10014030-007,月眉里,20,15,24,33,55,53,47,39,47,63,67,80,69,49,40,21,23,14,8,5,0,109Y12M
10014,臺東縣,10014040,卑南鄉,10014040-001,嘉豐村,11,14,24,20,40,25,40,39,41,37,47,56,42,31,21,19,13,6,5,0,0,109Y12M
10014,臺東縣,10014040,卑南鄉,10014040-002,利吉村,16,13,13,14,25,28,26,38,29,23,34,58,58,44,20,11,22,13,9,1,0,109Y12M
10014,臺東縣,10014040,卑南鄉,10014040-003,富山村,17,14,19,25,28,43,27,31,43,40,53,56,40,32,14,25,19,6,8,2,0,109Y12M
10014,臺東縣,10014040,卑南鄉,10014040-004,富源村,2,7,5,13,19,16,19,20,16,25,31,30,39,41,25,19,13,7,3,1,1,109Y12M
10014,臺東縣,10014040,卑南鄉,10014040-005,明峰村,40,27,33,59,75,70,84,99,83,118,95,124,83,102,70,53,32,24,12,4,0,109Y12M
10014,臺東縣,10014040,卑南鄉,10014040-006,初鹿村,49,34,43,83,104,80,67,101,123,111,114,107,111,104,69,43,31,26,17,2,1,109Y12M
10014,臺東縣,10014040,卑南鄉,10014040-007,美農村,42,21,17,55,82,76,60,62,88,103,105,115,85,72,55,53,37,22,12,3,0,109Y12M
10014,臺東縣,10014040,卑南鄉,10014040-008,賓朗村,67,50,92,150,196,164,154,144,161,188,222,232,186,164,120,87,88,30,19,5,0,109Y12M
10014,臺東縣,10014040,卑南鄉,10014040-009,泰安村,54,63,55,81,114,115,89,76,104,112,111,113,83,62,30,32,21,16,5,2,0,109Y12M
10014,臺東縣,10014040,卑南鄉,10014040-010,太平村,124,93,108,170,246,316,251,252,282,301,301,303,253,202,111,73,49,33,20,5,1,109Y12M
10014,臺東縣,10014040,卑南鄉,10014040-011,利嘉村,42,51,37,60,111,99,98,82,84,93,92,108,107,90,42,23,26,14,5,3,1,109Y12M
10014,臺東縣,10014040,卑南鄉,10014040-012,東興村,41,51,49,77,79,105,81,104,106,115,145,124,87,64,40,25,15,10,6,4,0,109Y12M
10014,臺東縣,10014040,卑南鄉,10014040-013,溫泉村,39,64,18,41,58,67,48,80,80,97,106,127,91,101,71,44,50,23,13,3,1,109Y12M
10014,臺東縣,10014050,鹿野鄉,10014050-001,瑞和村,22,14,18,32,55,56,37,53,54,48,72,64,46,55,32,25,24,9,2,1,1,109Y12M
10014,臺東縣,10014050,鹿野鄉,10014050-002,瑞豐村,20,21,18,62,56,43,58,67,73,85,75,83,70,67,51,41,33,29,9,1,0,109Y12M
10014,臺東縣,10014050,鹿野鄉,10014050-003,瑞源村,30,34,30,34,54,83,53,54,74,73,73,89,62,83,54,39,25,16,7,3,1,109Y12M
10014,臺東縣,10014050,鹿野鄉,10014050-004,永安村,57,48,43,69,106,89,111,109,128,117,148,173,127,108,58,51,44,23,14,3,0,109Y12M
10014,臺東縣,10014050,鹿野鄉,10014050-005,瑞隆村,30,19,30,55,56,62,58,57,71,78,91,67,84,68,54,34,42,22,5,0,0,109Y12M
10014,臺東縣,10014050,鹿野鄉,10014050-006,鹿野村,19,34,40,55,73,78,62,64,79,81,123,105,90,97,53,62,32,21,12,0,1,109Y12M
10014,臺東縣,10014050,鹿野鄉,10014050-007,龍田村,19,28,39,61,62,63,50,88,75,83,104,99,100,92,65,51,42,27,7,3,0,109Y12M
10014,臺東縣,10014060,池上鄉,10014060-001,福文村,43,31,43,64,88,81,58,66,92,121,110,110,96,82,52,47,30,29,20,7,0,109Y12M
10014,臺東縣,10014060,池上鄉,10014060-002,慶豐村,29,23,9,30,47,45,36,51,57,52,69,68,52,54,47,19,28,17,4,3,0,109Y12M
10014,臺東縣,10014060,池上鄉,10014060-003,大坡村,8,8,13,13,17,23,14,24,25,21,22,36,39,39,16,14,14,7,2,1,0,109Y12M
10014,臺東縣,10014060,池上鄉,10014060-004,大埔村,28,21,26,40,44,68,36,61,66,69,66,70,65,79,57,41,28,13,5,1,1,109Y12M
10014,臺東縣,10014060,池上鄉,10014060-005,福原村,113,80,87,115,131,149,149,144,158,169,165,170,174,144,102,82,70,38,22,1,1,109Y12M
10014,臺東縣,10014060,池上鄉,10014060-006,錦園村,7,6,13,13,21,12,18,22,19,29,31,47,37,31,20,14,19,11,5,1,0,109Y12M
10014,臺東縣,10014060,池上鄉,10014060-007,新興村,23,19,27,40,52,60,46,56,75,79,70,69,76,71,47,29,34,31,9,4,2,109Y12M
10014,臺東縣,10014060,池上鄉,10014060-008,萬安村,9,16,9,17,18,20,18,16,21,19,29,43,10,29,23,11,16,13,5,1,0,109Y12M
10014,臺東縣,10014060,池上鄉,10014060-009,富興村,13,10,11,22,31,20,16,26,31,34,40,47,42,28,24,20,13,6,6,0,0,109Y12M
10014,臺東縣,10014060,池上鄉,10014060-010,振興村,16,10,13,16,35,36,22,37,34,39,43,41,34,32,27,23,10,8,4,0,0,109Y12M
10014,臺東縣,10014070,東河鄉,10014070-001,北源村,28,37,31,46,63,63,84,138,165,144,173,161,146,144,80,67,43,41,16,4,0,109Y12M
10014,臺東縣,10014070,東河鄉,10014070-002,泰源村,27,30,37,53,71,57,74,83,99,106,120,120,113,87,68,46,39,26,13,3,0,109Y12M
10014,臺東縣,10014070,東河鄉,10014070-003,東河村,16,35,25,38,58,54,45,76,87,109,104,94,80,84,53,45,29,17,14,4,3,109Y12M
10014,臺東縣,10014070,東河鄉,10014070-004,尚德村,4,7,11,10,17,9,10,20,24,18,27,25,26,25,13,13,9,9,1,1,1,109Y12M
10014,臺東縣,10014070,東河鄉,10014070-005,隆昌村,7,8,17,17,21,30,27,28,28,55,56,56,61,56,34,22,24,13,10,1,0,109Y12M
10014,臺東縣,10014070,東河鄉,10014070-006,興昌村,21,24,30,45,35,47,34,40,80,89,87,92,90,89,63,47,43,25,16,0,0,109Y12M
10014,臺東縣,10014070,東河鄉,10014070-007,都蘭村,49,81,70,98,118,119,125,166,195,166,184,221,211,180,129,83,73,46,19,6,0,109Y12M
10014,臺東縣,10014080,長濱鄉,10014080-001,樟原村,12,9,11,24,44,39,14,29,39,54,63,60,54,54,39,36,33,19,8,1,0,109Y12M
10014,臺東縣,10014080,長濱鄉,10014080-002,三間村,28,30,44,48,57,41,46,71,104,96,120,141,112,86,81,71,63,35,10,6,0,109Y12M
10014,臺東縣,10014080,長濱鄉,10014080-003,忠勇村,15,14,32,31,28,39,17,31,52,54,55,59,46,41,26,32,24,12,3,0,0,109Y12M
10014,臺東縣,10014080,長濱鄉,10014080-004,長濱村,54,44,70,84,111,132,108,136,144,168,214,237,196,141,115,90,66,44,18,3,0,109Y12M
10014,臺東縣,10014080,長濱鄉,10014080-005,竹湖村,18,24,22,27,34,39,47,56,89,67,84,113,93,78,59,52,34,19,7,1,0,109Y12M
10014,臺東縣,10014080,長濱鄉,10014080-006,寧埔村,14,22,30,29,41,65,62,80,81,94,140,143,119,114,82,60,42,21,5,1,0,109Y12M
10014,臺東縣,10014090,太麻里鄉,10014090-001,美和村,36,38,48,88,115,94,90,101,111,124,109,132,99,101,57,61,44,17,4,0,0,109Y12M
10014,臺東縣,10014090,太麻里鄉,10014090-002,三和村,14,8,18,24,46,39,31,54,51,52,56,56,57,36,28,30,22,13,6,2,0,109Y12M
10014,臺東縣,10014090,太麻里鄉,10014090-003,華源村,10,7,9,30,36,29,25,35,52,56,69,41,41,43,39,39,43,22,6,1,0,109Y12M
10014,臺東縣,10014090,太麻里鄉,10014090-004,北里村,12,21,19,25,38,53,27,48,51,51,39,55,67,54,25,28,17,10,11,0,0,109Y12M
10014,臺東縣,10014090,太麻里鄉,10014090-005,泰和村,43,49,59,72,109,120,100,103,112,121,107,132,111,103,85,50,53,29,15,3,0,109Y12M
10014,臺東縣,10014090,太麻里鄉,10014090-006,大王村,59,67,79,110,109,119,124,162,136,151,148,154,174,160,104,60,53,36,19,4,1,109Y12M
10014,臺東縣,10014090,太麻里鄉,10014090-007,香蘭村,19,22,33,45,39,52,56,73,63,55,83,86,75,49,52,46,27,16,8,1,0,109Y12M
10014,臺東縣,10014090,太麻里鄉,10014090-008,金崙村,67,62,72,122,123,133,119,126,169,161,184,202,148,102,67,52,30,21,11,5,0,109Y12M
10014,臺東縣,10014090,太麻里鄉,10014090-009,多良村,42,32,43,62,60,73,51,76,88,96,77,94,86,67,36,27,17,15,4,2,0,109Y12M
10014,臺東縣,10014100,大武鄉,10014100-001,大竹村,36,14,38,51,42,43,51,81,82,60,52,72,93,53,25,26,14,15,4,0,0,109Y12M
10014,臺東縣,10014100,大武鄉,10014100-002,大鳥村,45,43,57,74,92,99,87,104,82,89,109,114,100,77,37,26,17,11,3,1,1,109Y12M
10014,臺東縣,10014100,大武鄉,10014100-003,大武村,50,73,58,72,81,98,94,115,122,127,101,138,108,96,59,36,28,20,5,3,1,109Y12M
10014,臺東縣,10014100,大武鄉,10014100-004,尚武村,46,38,35,59,84,91,91,101,139,113,145,129,156,114,65,46,46,23,4,3,0,109Y12M
10014,臺東縣,10014100,大武鄉,10014100-005,南興村,21,17,13,32,28,30,34,43,54,49,48,60,64,43,21,16,12,7,2,0,0,109Y12M
10014,臺東縣,10014110,綠島鄉,10014110-001,公館村,41,45,41,41,84,104,93,93,133,102,81,66,70,55,34,17,10,12,10,1,0,109Y12M
10014,臺東縣,10014110,綠島鄉,10014110-002,中寮村,59,33,27,47,86,97,114,114,91,100,96,94,78,48,35,24,19,9,4,1,0,109Y12M
10014,臺東縣,10014110,綠島鄉,10014110-003,南寮村,87,39,44,66,135,182,167,134,159,142,141,107,111,69,62,26,27,14,4,1,0,109Y12M
10014,臺東縣,10014120,海端鄉,10014120-001,廣原村,49,70,75,69,63,75,71,77,72,69,73,70,44,39,21,11,7,2,0,1,0,109Y12M
10014,臺東縣,10014120,海端鄉,10014120-002,霧鹿村,9,20,24,18,26,24,18,24,29,20,26,19,20,7,13,11,1,4,0,0,0,109Y12M
10014,臺東縣,10014120,海端鄉,10014120-003,利稻村,20,18,13,28,29,23,26,28,23,27,25,12,14,14,8,3,4,1,0,1,0,109Y12M
10014,臺東縣,10014120,海端鄉,10014120-004,海端村,56,57,72,71,105,98,90,102,103,98,72,74,71,56,21,12,13,8,6,0,1,109Y12M
10014,臺東縣,10014120,海端鄉,10014120-005,崁頂村,39,34,49,43,68,46,65,54,47,46,52,62,47,32,15,6,11,1,2,0,0,109Y12M
10014,臺東縣,10014120,海端鄉,10014120-006,加拿村,22,28,43,38,65,45,50,42,43,55,52,51,33,27,7,5,3,3,0,0,0,109Y12M
10014,臺東縣,10014130,延平鄉,10014130-001,武陵村,33,37,42,47,51,54,43,52,75,80,51,63,33,31,19,3,3,6,0,0,0,109Y12M
10014,臺東縣,10014130,延平鄉,10014130-002,永康村,24,18,18,21,33,23,21,28,36,41,43,24,21,8,10,5,4,1,0,0,0,109Y12M
10014,臺東縣,10014130,延平鄉,10014130-003,紅葉村,27,24,30,28,30,40,24,47,66,37,42,25,32,24,21,3,6,2,2,0,0,109Y12M
10014,臺東縣,10014130,延平鄉,10014130-004,鸞山村,40,35,23,40,59,53,37,55,62,59,54,57,37,32,13,15,12,4,6,0,0,109Y12M
10014,臺東縣,10014130,延平鄉,10014130-005,桃源村,76,66,54,73,110,91,91,100,106,109,97,94,71,52,25,5,11,7,4,2,0,109Y12M
10014,臺東縣,10014140,金峰鄉,10014140-001,新興村,37,40,34,37,47,50,53,44,49,49,48,48,55,26,11,7,4,4,2,0,0,109Y12M
10014,臺東縣,10014140,金峰鄉,10014140-002,正興村,32,31,26,47,55,60,52,47,51,43,65,66,67,26,17,9,7,8,5,3,1,109Y12M
10014,臺東縣,10014140,金峰鄉,10014140-003,嘉蘭村,87,79,69,109,142,123,97,119,102,132,125,115,94,60,35,16,17,15,2,1,0,109Y12M
10014,臺東縣,10014140,金峰鄉,10014140-004,賓茂村,16,24,15,24,22,30,26,26,31,26,34,43,30,25,11,2,6,6,3,0,0,109Y12M
10014,臺東縣,10014140,金峰鄉,10014140-005,歷坵村,28,16,16,23,24,31,24,31,27,27,26,43,34,19,10,6,6,6,0,0,0,109Y12M
10014,臺東縣,10014150,達仁鄉,10014150-001,台坂村,33,20,29,23,50,57,58,54,57,41,55,70,60,40,26,16,12,8,1,0,0,109Y12M
10014,臺東縣,10014150,達仁鄉,10014150-002,土坂村,34,30,44,52,80,73,71,67,103,96,86,81,70,45,31,16,12,3,1,0,0,109Y12M
10014,臺東縣,10014150,達仁鄉,10014150-003,新化村,10,12,17,19,24,25,17,18,31,37,37,40,30,21,17,10,6,4,1,0,0,109Y12M
10014,臺東縣,10014150,達仁鄉,10014150-004,安朔村,23,16,24,28,32,48,39,53,48,46,62,49,73,44,21,13,6,6,4,0,0,109Y12M
10014,臺東縣,10014150,達仁鄉,10014150-005,森永村,8,15,14,18,20,25,25,33,35,36,42,43,43,27,16,9,4,2,3,1,0,109Y12M
10014,臺東縣,10014150,達仁鄉,10014150-006,南田村,15,6,12,20,25,32,28,27,37,23,32,33,30,17,7,3,2,2,2,1,0,109Y12M
10014,臺東縣,10014160,蘭嶼鄉,10014160-001,東清村,94,81,76,101,142,130,122,153,141,137,110,95,98,51,25,13,13,7,6,0,0,109Y12M
10014,臺東縣,10014160,蘭嶼鄉,10014160-002,朗島村,49,45,40,60,93,109,91,88,77,58,63,51,46,37,19,10,3,9,2,0,0,109Y12M
10014,臺東縣,10014160,蘭嶼鄉,10014160-003,紅頭村,64,64,57,82,117,118,123,142,131,131,129,103,98,57,38,18,8,14,3,1,1,109Y12M
10014,臺東縣,10014160,蘭嶼鄉,10014160-004,椰油村,51,81,65,65,84,111,99,132,121,84,77,67,64,52,19,14,6,8,4,1,0,109Y12M
10014,臺東縣,10014010,臺東市,10014010-001,富岡里,32,37,66,72,101,90,85,128,144,122,135,132,131,134,85,52,44,28,9,3,0,110Y06M
10014,臺東縣,10014010,臺東市,10014010-002,富豐里,46,24,30,53,60,66,82,85,59,75,100,78,74,40,41,27,21,14,5,0,0,110Y06M
10014,臺東縣,10014010,臺東市,10014010-003,岩灣里,48,49,64,129,191,183,143,191,217,256,249,210,167,130,80,56,42,16,12,1,0,110Y06M
10014,臺東縣,10014010,臺東市,10014010-004,南王里,99,77,86,166,251,261,235,232,239,239,259,275,238,179,142,79,62,41,7,3,0,110Y06M
10014,臺東縣,10014010,臺東市,10014010-005,卑南里,59,91,77,179,291,220,199,237,250,306,286,272,214,193,114,92,64,30,12,3,1,110Y06M
10014,臺東縣,10014010,臺東市,10014010-006,南榮里,111,116,88,176,252,234,163,206,238,275,250,258,198,191,144,71,47,47,33,11,4,110Y06M
10014,臺東縣,10014010,臺東市,10014010-007,新生里,221,255,192,383,493,577,520,564,548,553,657,656,623,507,323,190,119,76,33,8,2,110Y06M
10014,臺東縣,10014010,臺東市,10014010-008,民生里,89,132,81,139,213,219,209,271,277,243,264,278,294,292,214,112,74,42,18,5,0,110Y06M
10014,臺東縣,10014010,臺東市,10014010-009,寶桑里,33,33,47,52,62,65,46,77,74,84,72,87,61,74,48,35,21,4,4,0,1,110Y06M
10014,臺東縣,10014010,臺東市,10014010-010,馬蘭里,137,363,410,202,221,221,196,187,232,233,224,219,184,195,114,88,71,39,17,1,0,110Y06M
10014,臺東縣,10014010,臺東市,10014010-011,中心里,173,355,429,244,242,274,215,253,309,261,268,278,259,222,146,97,57,38,9,4,2,110Y06M
10014,臺東縣,10014010,臺東市,10014010-012,自強里,235,445,460,289,325,308,308,389,318,302,371,348,390,325,181,136,109,52,28,9,2,110Y06M
10014,臺東縣,10014010,臺東市,10014010-013,民族里,236,347,237,127,103,102,92,143,130,145,125,92,93,86,59,55,52,21,10,1,0,110Y06M
10014,臺東縣,10014010,臺東市,10014010-014,四維里,33,28,30,25,49,51,55,48,58,47,70,64,55,28,40,30,20,7,5,3,0,110Y06M
10014,臺東縣,10014010,臺東市,10014010-015,中華里,46,64,67,89,112,124,111,151,149,144,139,160,137,136,82,62,51,26,14,3,0,110Y06M
10014,臺東縣,10014010,臺東市,10014010-016,強國里,21,23,20,34,40,49,57,45,53,45,58,54,66,56,38,20,12,10,3,1,0,110Y06M
10014,臺東縣,10014010,臺東市,10014010-017,建國里,52,38,23,65,83,89,96,91,96,104,114,108,111,93,86,59,30,15,9,3,0,110Y06M
10014,臺東縣,10014010,臺東市,10014010-018,民權里,37,35,18,27,64,78,59,88,73,58,65,72,72,58,37,29,31,11,6,4,0,110Y06M
10014,臺東縣,10014010,臺東市,10014010-019,仁愛里,21,21,11,28,41,51,55,47,52,57,54,63,76,63,47,24,26,6,6,2,0,110Y06M
10014,臺東縣,10014010,臺東市,10014010-020,中正里,8,3,6,30,52,46,33,60,68,56,70,50,74,67,73,38,32,23,9,3,0,110Y06M
10014,臺東縣,10014010,臺東市,10014010-021,大同里,17,29,26,40,59,66,46,57,79,60,60,59,58,60,46,31,31,9,2,1,0,110Y06M
10014,臺東縣,10014010,臺東市,10014010-022,成功里,20,32,33,60,60,67,56,45,58,62,76,82,66,51,54,40,21,8,4,2,0,110Y06M
10014,臺東縣,10014010,臺東市,10014010-023,文化里,156,193,126,61,47,66,86,98,101,96,81,79,66,73,45,26,25,13,24,6,1,110Y06M
10014,臺東縣,10014010,臺東市,10014010-024,中山里,113,87,27,27,46,37,60,74,63,52,58,53,62,65,58,33,24,19,9,3,0,110Y06M
10014,臺東縣,10014010,臺東市,10014010-025,復國里,13,10,25,31,36,44,45,29,39,55,64,68,51,41,32,18,20,10,5,1,0,110Y06M
10014,臺東縣,10014010,臺東市,10014010-026,興國里,102,112,30,31,61,61,51,58,66,53,71,64,47,48,41,32,22,12,5,6,0,110Y06M
10014,臺東縣,10014010,臺東市,10014010-027,復興里,9,15,18,15,22,32,33,41,34,28,35,44,37,28,21,15,17,7,3,1,0,110Y06M
10014,臺東縣,10014010,臺東市,10014010-028,鐵花里,6,8,5,12,32,27,21,22,23,38,41,35,40,28,23,19,15,7,7,3,0,110Y06M
10014,臺東縣,10014010,臺東市,10014010-029,新園里,63,50,47,115,149,161,101,124,136,160,171,161,114,119,77,47,24,15,6,2,0,110Y06M
10014,臺東縣,10014010,臺東市,10014010-030,豐田里,87,106,87,142,194,198,186,196,172,226,205,190,173,156,115,54,40,22,13,7,0,110Y06M
10014,臺東縣,10014010,臺東市,10014010-031,豐年里,150,87,107,189,254,314,259,290,274,275,309,257,227,190,129,93,48,22,14,6,0,110Y06M
10014,臺東縣,10014010,臺東市,10014010-032,光明里,88,194,308,237,239,225,169,208,276,280,325,234,181,142,102,57,40,19,12,3,0,110Y06M
10014,臺東縣,10014010,臺東市,10014010-033,豐樂里,42,84,117,113,105,143,110,124,152,102,134,144,128,126,69,36,28,22,6,1,0,110Y06M
10014,臺東縣,10014010,臺東市,10014010-034,永樂里,80,180,182,178,248,179,141,152,202,229,207,215,177,123,84,46,48,14,10,3,1,110Y06M
10014,臺東縣,10014010,臺東市,10014010-035,康樂里,61,76,64,89,102,110,95,109,118,146,143,135,105,79,58,30,31,13,6,3,1,110Y06M
10014,臺東縣,10014010,臺東市,10014010-036,東海里,260,240,138,179,224,186,215,259,266,200,201,252,273,192,136,76,69,33,21,3,1,110Y06M
10014,臺東縣,10014010,臺東市,10014010-037,新興里,21,43,37,52,52,80,61,76,72,76,102,99,79,66,67,33,33,22,4,5,0,110Y06M
10014,臺東縣,10014010,臺東市,10014010-038,豐榮里,223,259,385,566,681,713,641,719,782,804,776,711,695,571,375,188,150,59,30,7,1,110Y06M
10014,臺東縣,10014010,臺東市,10014010-039,豐谷里,172,194,214,333,446,458,430,403,430,431,468,499,390,348,233,146,122,50,22,5,1,110Y06M
10014,臺東縣,10014010,臺東市,10014010-040,豐里里,84,90,104,134,196,245,168,198,190,208,228,247,191,144,117,59,62,39,15,6,0,110Y06M
10014,臺東縣,10014010,臺東市,10014010-041,豐原里,41,61,60,45,78,114,86,89,101,80,128,134,103,79,64,36,48,36,5,1,0,110Y06M
10014,臺東縣,10014010,臺東市,10014010-042,建和里,68,52,56,66,99,142,109,85,97,102,128,147,130,93,68,60,41,30,9,4,0,110Y06M
10014,臺東縣,10014010,臺東市,10014010-043,建興里,24,15,18,48,76,92,59,50,73,80,98,95,89,54,55,45,32,15,6,1,0,110Y06M
10014,臺東縣,10014010,臺東市,10014010-044,建業里,52,39,31,79,118,105,100,79,106,93,131,112,96,98,73,50,35,19,13,1,0,110Y06M
10014,臺東縣,10014010,臺東市,10014010-045,知本里,49,48,47,70,119,129,90,104,98,124,134,143,117,105,59,40,33,25,6,5,2,110Y06M
10014,臺東縣,10014010,臺東市,10014010-046,建農里,93,62,70,138,151,177,149,168,172,223,213,186,166,120,94,39,34,20,20,7,0,110Y06M
10014,臺東縣,10014020,成功鎮,10014020-001,博愛里,7,7,11,9,25,31,27,33,46,38,58,76,69,45,54,37,32,13,2,2,0,110Y06M
10014,臺東縣,10014020,成功鎮,10014020-002,忠孝里,19,31,27,39,42,68,52,73,79,63,86,102,86,76,64,47,37,28,5,1,0,110Y06M
10014,臺東縣,10014020,成功鎮,10014020-003,三仙里,36,33,50,52,98,82,73,100,131,122,123,135,138,114,75,54,33,17,10,0,1,110Y06M
10014,臺東縣,10014020,成功鎮,10014020-004,三民里,84,73,81,120,199,195,193,207,275,201,254,245,235,229,158,102,59,32,12,6,1,110Y06M
10014,臺東縣,10014020,成功鎮,10014020-005,忠智里,52,103,102,87,141,131,109,144,182,170,150,172,165,137,110,77,73,24,13,1,0,110Y06M
10014,臺東縣,10014020,成功鎮,10014020-006,忠仁里,63,76,108,128,134,146,115,184,207,181,200,201,212,180,124,70,62,34,16,3,0,110Y06M
10014,臺東縣,10014020,成功鎮,10014020-007,和平里,12,17,24,28,23,48,39,41,67,54,76,78,71,68,43,44,32,18,6,4,0,110Y06M
10014,臺東縣,10014020,成功鎮,10014020-008,信義里,32,45,54,65,80,101,93,127,145,162,198,202,185,155,107,69,66,37,15,3,2,110Y06M
10014,臺東縣,10014030,關山鎮,10014030-001,德高里,51,32,57,68,153,143,102,99,118,142,164,166,126,115,100,71,81,44,20,7,0,110Y06M
10014,臺東縣,10014030,關山鎮,10014030-002,豐泉里,35,74,72,65,106,82,76,97,77,85,105,87,119,97,46,42,30,17,11,4,0,110Y06M
10014,臺東縣,10014030,關山鎮,10014030-003,新福里,36,52,35,50,68,74,52,69,60,69,87,106,73,65,32,30,37,20,4,1,0,110Y06M
10014,臺東縣,10014030,關山鎮,10014030-004,中福里,19,36,41,37,42,54,57,64,57,48,69,58,98,59,53,38,30,13,4,2,2,110Y06M
10014,臺東縣,10014030,關山鎮,10014030-005,里壠里,38,96,86,86,120,124,105,119,125,141,146,163,159,129,99,57,57,30,12,1,0,110Y06M
10014,臺東縣,10014030,關山鎮,10014030-006,電光里,16,17,19,31,36,32,32,32,35,58,55,48,43,54,32,22,22,10,3,0,0,110Y06M
10014,臺東縣,10014030,關山鎮,10014030-007,月眉里,18,17,23,29,58,49,52,37,44,63,63,80,69,47,48,19,23,16,7,5,0,110Y06M
10014,臺東縣,10014040,卑南鄉,10014040-001,嘉豐村,15,12,27,18,38,27,37,45,38,33,48,58,42,30,26,17,11,6,6,0,0,110Y06M
10014,臺東縣,10014040,卑南鄉,10014040-002,利吉村,13,12,13,13,24,28,27,36,27,23,35,56,58,46,22,14,23,11,9,0,0,110Y06M
10014,臺東縣,10014040,卑南鄉,10014040-003,富山村,14,18,18,25,29,38,26,27,45,44,46,55,39,34,14,25,19,5,6,2,0,110Y06M
10014,臺東縣,10014040,卑南鄉,10014040-004,富源村,4,5,5,9,19,15,18,19,16,21,35,30,39,34,30,19,10,10,1,3,1,110Y06M
10014,臺東縣,10014040,卑南鄉,10014040-005,明峰村,32,30,36,60,69,80,75,88,92,114,101,117,78,103,78,51,34,21,14,5,0,110Y06M
10014,臺東縣,10014040,卑南鄉,10014040-006,初鹿村,45,30,47,79,100,85,57,86,134,97,128,106,104,106,69,43,31,25,18,2,1,110Y06M
10014,臺東縣,10014040,卑南鄉,10014040-007,美農村,34,26,18,50,85,72,68,63,78,101,100,116,86,75,57,54,34,26,11,4,0,110Y06M
10014,臺東縣,10014040,卑南鄉,10014040-008,賓朗村,68,44,91,149,195,156,158,141,155,189,234,224,189,155,127,76,95,31,22,5,0,110Y06M
10014,臺東縣,10014040,卑南鄉,10014040-009,泰安村,44,58,50,86,113,116,92,81,98,108,118,112,88,65,32,30,22,12,5,2,0,110Y06M
10014,臺東縣,10014040,卑南鄉,10014040-010,太平村,130,99,105,162,249,316,272,255,281,306,298,301,260,213,118,69,47,31,22,7,0,110Y06M
10014,臺東縣,10014040,卑南鄉,10014040-011,利嘉村,50,52,46,55,105,102,96,85,82,95,88,107,101,102,44,23,24,15,4,4,1,110Y06M
10014,臺東縣,10014040,卑南鄉,10014040-012,東興村,35,46,45,75,79,104,80,99,109,104,141,126,91,67,35,27,16,9,7,4,0,110Y06M
10014,臺東縣,10014040,卑南鄉,10014040-013,溫泉村,37,54,18,46,55,64,48,70,88,92,106,120,88,107,71,40,48,24,14,3,1,110Y06M
10014,臺東縣,10014050,鹿野鄉,10014050-001,瑞和村,22,15,17,33,52,59,39,50,55,47,67,69,48,49,36,26,22,11,2,0,1,110Y06M
10014,臺東縣,10014050,鹿野鄉,10014050-002,瑞豐村,19,18,15,62,57,43,47,65,72,87,71,77,75,74,52,42,29,28,9,2,0,110Y06M
10014,臺東縣,10014050,鹿野鄉,10014050-003,瑞源村,28,33,25,31,56,74,54,54,73,70,76,86,62,81,58,39,25,18,7,3,1,110Y06M
10014,臺東縣,10014050,鹿野鄉,10014050-004,永安村,52,54,39,69,107,95,110,109,125,115,147,172,133,106,62,50,39,27,15,3,0,110Y06M
10014,臺東縣,10014050,鹿野鄉,10014050-005,瑞隆村,25,22,27,47,61,59,61,53,74,78,83,70,84,69,57,34,43,21,5,0,0,110Y06M
10014,臺東縣,10014050,鹿野鄉,10014050-006,鹿野村,20,34,37,54,72,76,67,61,75,77,116,105,90,92,56,60,34,19,13,1,0,110Y06M
10014,臺東縣,10014050,鹿野鄉,10014050-007,龍田村,22,27,36,58,64,64,52,77,85,83,101,96,98,95,72,49,42,27,8,4,0,110Y06M
10014,臺東縣,10014060,池上鄉,10014060-001,福文村,46,32,44,55,89,81,56,63,87,122,115,104,93,82,58,45,32,26,22,6,2,110Y06M
10014,臺東縣,10014060,池上鄉,10014060-002,慶豐村,29,28,5,29,43,53,34,49,56,56,69,69,49,53,50,21,27,18,5,3,0,110Y06M
10014,臺東縣,10014060,池上鄉,10014060-003,大坡村,7,9,12,13,14,23,16,23,23,19,22,34,37,36,22,13,14,9,2,0,0,110Y06M
10014,臺東縣,10014060,池上鄉,10014060-004,大埔村,30,22,26,38,44,68,35,54,68,67,68,65,62,83,65,35,30,14,4,1,0,110Y06M
10014,臺東縣,10014060,池上鄉,10014060-005,福原村,119,78,88,116,124,146,155,143,153,173,167,167,174,140,111,79,72,40,21,3,1,110Y06M
10014,臺東縣,10014060,池上鄉,10014060-006,錦園村,10,6,12,9,19,14,16,23,17,29,30,43,34,34,21,13,17,11,7,0,0,110Y06M
10014,臺東縣,10014060,池上鄉,10014060-007,新興村,24,21,26,37,57,57,46,61,66,84,72,66,81,63,54,30,36,29,9,4,2,110Y06M
10014,臺東縣,10014060,池上鄉,10014060-008,萬安村,9,9,12,17,18,21,15,15,23,19,29,40,16,24,26,11,16,12,7,0,0,110Y06M
10014,臺東縣,10014060,池上鄉,10014060-009,富興村,15,8,13,21,33,19,17,26,30,34,35,49,42,31,23,17,15,4,6,0,0,110Y06M
10014,臺東縣,10014060,池上鄉,10014060-010,振興村,18,9,12,15,32,36,25,33,36,36,45,39,32,36,26,23,10,8,4,0,0,110Y06M
10014,臺東縣,10014070,東河鄉,10014070-001,北源村,25,34,29,49,61,56,81,131,164,147,169,168,144,145,79,70,45,40,17,4,0,110Y06M
10014,臺東縣,10014070,東河鄉,10014070-002,泰源村,27,23,42,49,72,59,67,85,98,107,123,116,112,86,71,44,43,23,14,4,0,110Y06M
10014,臺東縣,10014070,東河鄉,10014070-003,東河村,15,31,29,36,54,52,44,81,84,99,116,89,79,80,61,45,28,18,14,4,3,110Y06M
10014,臺東縣,10014070,東河鄉,10014070-004,尚德村,3,5,11,10,18,8,11,19,26,17,26,22,27,25,10,14,9,9,1,0,1,110Y06M
10014,臺東縣,10014070,東河鄉,10014070-005,隆昌村,8,9,15,20,20,27,29,25,28,51,53,51,63,56,36,19,26,12,11,0,0,110Y06M
10014,臺東縣,10014070,東河鄉,10014070-006,興昌村,20,21,33,45,32,52,30,43,74,91,88,95,89,89,68,48,40,23,14,0,0,110Y06M
10014,臺東縣,10014070,東河鄉,10014070-007,都蘭村,49,80,64,95,111,126,124,161,200,163,183,220,213,179,132,80,74,46,21,6,0,110Y06M
10014,臺東縣,10014080,長濱鄉,10014080-001,樟原村,12,11,10,21,47,33,19,23,43,51,61,63,56,49,47,35,34,19,7,0,0,110Y06M
10014,臺東縣,10014080,長濱鄉,10014080-002,三間村,27,31,39,49,55,47,45,67,103,98,113,142,111,85,85,73,57,38,10,7,0,110Y06M
10014,臺東縣,10014080,長濱鄉,10014080-003,忠勇村,14,12,32,29,31,32,18,32,53,52,59,54,44,41,29,30,24,13,2,0,0,110Y06M
10014,臺東縣,10014080,長濱鄉,10014080-004,長濱村,50,46,63,85,110,133,104,138,144,158,207,236,186,144,117,87,67,47,15,3,0,110Y06M
10014,臺東縣,10014080,長濱鄉,10014080-005,竹湖村,17,23,14,26,36,37,45,48,82,70,80,111,93,81,59,53,34,18,7,0,0,110Y06M
10014,臺東縣,10014080,長濱鄉,10014080-006,寧埔村,19,25,28,31,37,67,61,81,74,90,132,149,123,111,90,58,40,24,5,0,0,110Y06M
10014,臺東縣,10014090,太麻里鄉,10014090-001,美和村,29,36,49,88,115,90,90,97,113,125,111,133,99,101,62,55,43,19,4,0,0,110Y06M
10014,臺東縣,10014090,太麻里鄉,10014090-002,三和村,11,7,14,22,42,35,35,54,51,52,54,58,53,38,30,29,23,12,6,2,0,110Y06M
10014,臺東縣,10014090,太麻里鄉,10014090-003,華源村,12,7,5,30,34,34,23,34,51,52,69,44,39,43,41,34,43,23,8,1,0,110Y06M
10014,臺東縣,10014090,太麻里鄉,10014090-004,北里村,11,16,15,28,36,44,31,39,50,52,43,49,71,50,28,24,18,11,8,0,0,110Y06M
10014,臺東縣,10014090,太麻里鄉,10014090-005,泰和村,45,46,53,75,105,119,102,104,101,114,120,129,113,99,89,50,50,28,14,2,0,110Y06M
10014,臺東縣,10014090,太麻里鄉,10014090-006,大王村,54,70,66,121,105,116,126,156,139,145,147,152,172,164,104,65,53,37,21,5,1,110Y06M
10014,臺東縣,10014090,太麻里鄉,10014090-007,香蘭村,25,25,34,41,42,46,61,69,67,53,84,87,75,47,49,51,26,17,9,2,0,110Y06M
10014,臺東縣,10014090,太麻里鄉,10014090-008,金崙村,67,60,73,110,134,131,117,123,161,155,181,203,151,101,71,52,29,20,13,5,0,110Y06M
10014,臺東縣,10014090,太麻里鄉,10014090-009,多良村,40,33,40,64,59,73,49,73,89,95,75,98,82,73,38,25,17,13,3,2,0,110Y06M
10014,臺東縣,10014100,大武鄉,10014100-001,大竹村,33,14,31,54,37,40,52,76,82,61,52,75,93,51,31,26,14,11,5,0,0,110Y06M
10014,臺東縣,10014100,大武鄉,10014100-002,大鳥村,52,46,52,76,89,97,96,100,85,82,113,115,103,75,43,24,15,10,3,0,1,110Y06M
10014,臺東縣,10014100,大武鄉,10014100-003,大武村,41,69,61,73,74,91,97,113,118,128,92,140,111,89,66,37,28,15,9,4,1,110Y06M
10014,臺東縣,10014100,大武鄉,10014100-004,尚武村,42,35,35,55,82,86,88,92,149,107,145,125,155,109,69,48,46,25,6,3,0,110Y06M
10014,臺東縣,10014100,大武鄉,10014100-005,南興村,19,17,14,29,29,31,35,40,47,56,48,57,67,43,26,13,13,9,2,0,0,110Y06M
10014,臺東縣,10014110,綠島鄉,10014110-001,公館村,41,43,41,40,87,105,95,86,130,109,83,61,66,55,33,15,12,11,9,0,0,110Y06M
10014,臺東縣,10014110,綠島鄉,10014110-002,中寮村,60,34,36,44,83,107,118,115,96,92,96,90,82,54,34,26,16,12,3,2,0,110Y06M
10014,臺東縣,10014110,綠島鄉,10014110-003,南寮村,81,39,42,66,139,196,176,144,153,151,142,107,110,72,63,30,28,13,4,1,0,110Y06M
10014,臺東縣,10014120,海端鄉,10014120-001,廣原村,52,64,64,63,74,69,77,77,72,64,76,64,50,36,25,12,6,2,0,1,0,110Y06M
10014,臺東縣,10014120,海端鄉,10014120-002,霧鹿村,10,18,25,17,27,24,16,23,30,19,24,22,18,9,13,11,1,4,0,0,0,110Y06M
10014,臺東縣,10014120,海端鄉,10014120-003,利稻村,19,18,16,26,27,22,29,29,23,29,24,12,12,18,8,3,4,1,0,0,0,110Y06M
10014,臺東縣,10014120,海端鄉,10014120-004,海端村,60,58,64,71,112,95,91,100,106,99,69,77,69,57,24,10,12,10,5,0,0,110Y06M
10014,臺東縣,10014120,海端鄉,10014120-005,崁頂村,43,34,63,44,66,53,59,60,47,42,54,64,53,33,14,6,12,1,1,0,0,110Y06M
10014,臺東縣,10014120,海端鄉,10014120-006,加拿村,26,25,44,42,64,48,43,49,43,52,50,51,34,26,10,4,4,2,0,0,0,110Y06M
10014,臺東縣,10014130,延平鄉,10014130-001,武陵村,40,39,36,53,50,54,49,52,74,80,53,63,32,35,20,4,2,5,1,0,0,110Y06M
10014,臺東縣,10014130,延平鄉,10014130-002,永康村,21,17,15,24,32,26,21,26,36,40,46,25,22,10,11,5,4,1,0,0,0,110Y06M
10014,臺東縣,10014130,延平鄉,10014130-003,紅葉村,27,22,32,28,30,40,28,44,65,33,44,27,32,28,22,2,6,1,1,0,0,110Y06M
10014,臺東縣,10014130,延平鄉,10014130-004,鸞山村,40,33,25,37,57,54,40,54,65,55,57,54,40,34,13,12,11,6,6,0,0,110Y06M
10014,臺東縣,10014130,延平鄉,10014130-005,桃源村,80,62,54,77,111,87,90,97,101,107,97,94,76,52,24,5,10,7,5,1,0,110Y06M
10014,臺東縣,10014140,金峰鄉,10014140-001,新興村,36,38,32,35,46,53,49,46,49,45,50,50,57,26,11,8,4,4,2,0,0,110Y06M
10014,臺東縣,10014140,金峰鄉,10014140-002,正興村,31,34,27,45,56,57,54,47,50,44,63,61,70,31,17,8,7,9,4,2,1,110Y06M
10014,臺東縣,10014140,金峰鄉,10014140-003,嘉蘭村,78,81,67,107,142,120,101,113,98,128,123,113,93,61,41,17,14,16,2,1,0,110Y06M
10014,臺東縣,10014140,金峰鄉,10014140-004,賓茂村,12,28,17,20,21,28,29,23,32,24,34,42,33,22,13,3,6,6,3,0,0,110Y06M
10014,臺東縣,10014140,金峰鄉,10014140-005,歷坵村,25,18,17,22,24,30,25,27,32,24,25,44,34,19,11,4,6,5,0,0,0,110Y06M
10014,臺東縣,10014150,達仁鄉,10014150-001,台坂村,29,22,29,24,45,60,52,55,59,40,59,63,59,46,23,16,14,5,1,0,0,110Y06M
10014,臺東縣,10014150,達仁鄉,10014150-002,土坂村,38,34,35,53,79,74,72,64,100,95,87,84,74,45,29,19,10,5,1,0,0,110Y06M
10014,臺東縣,10014150,達仁鄉,10014150-003,新化村,13,11,15,20,23,24,21,18,28,37,38,39,30,19,20,10,6,4,1,0,0,110Y06M
10014,臺東縣,10014150,達仁鄉,10014150-004,安朔村,22,16,23,26,31,42,40,51,47,46,62,52,66,51,19,11,8,5,3,0,0,110Y06M
10014,臺東縣,10014150,達仁鄉,10014150-005,森永村,8,13,16,18,18,23,27,27,37,34,41,42,46,27,17,10,4,2,2,1,0,110Y06M
10014,臺東縣,10014150,達仁鄉,10014150-006,南田村,11,8,10,22,24,30,27,30,34,24,32,35,28,19,5,3,2,2,2,1,0,110Y06M
10014,臺東縣,10014160,蘭嶼鄉,10014160-001,東清村,93,71,72,98,145,135,126,138,147,138,109,97,94,63,24,14,10,10,5,1,0,110Y06M
10014,臺東縣,10014160,蘭嶼鄉,10014160-002,朗島村,45,46,39,58,88,106,91,91,80,59,57,51,45,39,19,11,2,8,3,0,0,110Y06M
10014,臺東縣,10014160,蘭嶼鄉,10014160-003,紅頭村,64,56,55,74,114,119,125,133,131,130,124,118,93,61,38,16,8,11,4,1,1,110Y06M
10014,臺東縣,10014160,蘭嶼鄉,10014160-004,椰油村,50,70,68,60,86,107,100,128,122,89,77,71,64,56,18,14,5,7,5,1,0,110Y06M
10014,臺東縣,10014010,臺東市,10014010-001,富岡里,34,36,61,76,94,90,85,115,150,116,138,128,135,132,79,59,43,29,9,2,0,110Y09M
10014,臺東縣,10014010,臺東市,10014010-002,富豐里,45,24,27,50,60,68,83,76,63,76,98,82,75,39,46,27,21,13,4,0,0,110Y09M
10014,臺東縣,10014010,臺東市,10014010-003,岩灣里,47,50,64,124,182,185,148,194,212,259,246,215,166,135,79,55,43,15,13,2,0,110Y09M
10014,臺東縣,10014010,臺東市,10014010-004,南王里,110,77,82,167,246,263,235,240,237,225,267,279,232,180,152,76,63,38,10,3,0,110Y09M
10014,臺東縣,10014010,臺東市,10014010-005,卑南里,60,84,79,184,292,228,202,218,257,302,295,273,213,196,118,88,64,29,13,2,2,110Y09M
10014,臺東縣,10014010,臺東市,10014010-006,南榮里,99,114,78,181,246,233,157,213,233,273,253,261,199,194,141,72,53,43,37,12,3,110Y09M
10014,臺東縣,10014010,臺東市,10014010-007,新生里,206,266,191,370,498,583,513,546,537,575,652,649,642,499,337,194,120,76,32,9,2,110Y09M
10014,臺東縣,10014010,臺東市,10014010-008,民生里,91,129,82,135,214,214,217,266,275,245,264,277,288,297,213,113,76,43,18,6,0,110Y09M
10014,臺東縣,10014010,臺東市,10014010-009,寶桑里,28,32,39,54,64,61,43,74,76,86,74,88,60,72,51,31,25,4,4,0,1,110Y09M
10014,臺東縣,10014010,臺東市,10014010-010,馬蘭里,137,370,393,176,220,218,188,187,235,219,225,218,181,203,111,90,71,38,16,1,0,110Y09M
10014,臺東縣,10014010,臺東市,10014010-011,中心里,162,377,424,232,240,271,210,252,303,262,272,274,264,225,148,101,56,36,7,4,2,110Y09M
10014,臺東縣,10014010,臺東市,10014010-012,自強里,240,441,443,283,313,311,308,365,315,303,366,348,389,332,186,133,113,55,26,10,2,110Y09M
10014,臺東縣,10014010,臺東市,10014010-013,民族里,233,354,236,135,97,97,96,138,132,142,125,91,92,86,61,50,56,19,13,1,0,110Y09M
10014,臺東縣,10014010,臺東市,10014010-014,四維里,29,24,32,26,48,50,51,49,57,48,68,63,54,32,40,28,21,7,5,2,0,110Y09M
10014,臺東縣,10014010,臺東市,10014010-015,中華里,49,63,68,81,109,128,111,145,148,150,142,161,139,136,87,63,50,28,13,4,0,110Y09M
10014,臺東縣,10014010,臺東市,10014010-016,強國里,19,18,15,36,39,48,55,51,49,48,53,50,65,58,38,21,11,11,3,1,0,110Y09M
10014,臺東縣,10014010,臺東市,10014010-017,建國里,52,37,26,60,84,88,97,88,92,106,119,104,116,91,81,58,29,15,10,4,0,110Y09M
10014,臺東縣,10014010,臺東市,10014010-018,民權里,38,34,16,25,62,72,60,86,76,55,66,64,71,58,41,29,27,12,4,4,0,110Y09M
10014,臺東縣,10014010,臺東市,10014010-019,仁愛里,20,21,10,29,38,52,50,49,51,53,54,64,71,64,49,24,23,8,6,2,0,110Y09M
10014,臺東縣,10014010,臺東市,10014010-020,中正里,10,3,7,29,56,43,32,57,61,58,72,52,68,71,76,36,36,22,7,5,0,110Y09M
10014,臺東縣,10014010,臺東市,10014010-021,大同里,20,30,29,35,59,66,47,53,78,61,56,59,55,61,47,29,28,10,2,1,0,110Y09M
10014,臺東縣,10014010,臺東市,10014010-022,成功里,19,29,38,58,55,71,51,52,51,67,74,78,70,51,51,42,21,7,4,2,0,110Y09M
10014,臺東縣,10014010,臺東市,10014010-023,文化里,150,192,128,57,43,58,85,98,97,97,81,80,66,74,45,26,25,10,25,8,1,110Y09M
10014,臺東縣,10014010,臺東市,10014010-024,中山里,114,79,28,29,42,38,58,67,68,56,52,52,62,67,60,29,23,21,9,3,0,110Y09M
10014,臺東縣,10014010,臺東市,10014010-025,復國里,11,11,25,32,36,45,47,30,37,54,64,67,49,44,31,18,21,9,5,1,0,110Y09M
10014,臺東縣,10014010,臺東市,10014010-026,興國里,94,111,27,32,56,63,55,51,66,53,70,68,46,48,44,27,23,11,7,6,0,110Y09M
10014,臺東縣,10014010,臺東市,10014010-027,復興里,10,17,19,15,18,31,36,36,32,29,31,45,37,30,21,14,18,7,3,1,0,110Y09M
10014,臺東縣,10014010,臺東市,10014010-028,鐵花里,5,7,4,11,32,27,21,21,22,38,42,34,39,28,24,20,14,7,8,3,0,110Y09M
10014,臺東縣,10014010,臺東市,10014010-029,新園里,61,52,47,117,142,166,97,122,136,157,179,162,111,123,79,50,25,15,6,1,1,110Y09M
10014,臺東縣,10014010,臺東市,10014010-030,豐田里,80,97,90,143,195,204,186,199,185,227,210,199,173,153,116,56,41,22,13,7,0,110Y09M
10014,臺東縣,10014010,臺東市,10014010-031,豐年里,149,89,111,193,249,310,257,297,276,290,314,249,233,188,135,93,47,21,15,7,0,110Y09M
10014,臺東縣,10014010,臺東市,10014010-032,光明里,82,207,303,230,236,228,172,201,278,277,325,239,186,138,107,56,38,23,12,3,0,110Y09M
10014,臺東縣,10014010,臺東市,10014010-033,豐樂里,41,79,115,112,107,142,106,120,141,110,128,150,126,126,70,35,27,25,6,1,0,110Y09M
10014,臺東縣,10014010,臺東市,10014010-034,永樂里,79,181,174,182,246,180,139,142,202,230,203,223,172,123,83,47,48,14,9,4,1,110Y09M
10014,臺東縣,10014010,臺東市,10014010-035,康樂里,59,80,69,85,104,113,98,109,120,146,145,122,110,82,55,32,30,14,7,2,0,110Y09M
10014,臺東縣,10014010,臺東市,10014010-036,東海里,258,240,134,173,218,188,210,258,256,200,202,241,278,189,144,75,67,34,19,4,1,110Y09M
10014,臺東縣,10014010,臺東市,10014010-037,新興里,19,37,39,51,52,73,64,72,78,70,103,99,81,66,68,32,29,24,4,5,0,110Y09M
10014,臺東縣,10014010,臺東市,10014010-038,豐榮里,225,259,380,550,688,706,671,714,773,825,782,710,698,576,388,187,152,62,29,7,1,110Y09M
10014,臺東縣,10014010,臺東市,10014010-039,豐谷里,170,181,228,333,432,472,417,413,428,427,470,498,386,353,242,149,124,48,22,5,1,110Y09M
10014,臺東縣,10014010,臺東市,10014010-040,豐里里,76,95,104,131,197,240,173,197,190,210,229,247,192,141,119,57,61,40,15,6,0,110Y09M
10014,臺東縣,10014010,臺東市,10014010-041,豐原里,41,58,59,45,89,114,83,88,100,79,128,139,99,82,65,36,44,35,8,1,0,110Y09M
10014,臺東縣,10014010,臺東市,10014010-042,建和里,75,53,59,67,97,137,120,80,99,96,134,143,129,97,66,60,40,32,9,4,0,110Y09M
10014,臺東縣,10014010,臺東市,10014010-043,建興里,26,12,18,45,77,88,65,49,78,77,95,96,86,53,59,42,34,15,6,1,0,110Y09M
10014,臺東縣,10014010,臺東市,10014010-044,建業里,51,37,24,75,116,109,93,78,102,97,130,114,94,98,72,52,36,18,13,1,0,110Y09M
10014,臺東縣,10014010,臺東市,10014010-045,知本里,50,50,45,75,108,131,93,105,98,114,139,148,117,107,62,37,33,26,6,5,1,110Y09M
10014,臺東縣,10014010,臺東市,10014010-046,建農里,88,65,66,139,150,179,146,165,175,215,218,185,161,127,94,40,35,20,20,7,0,110Y09M
10014,臺東縣,10014020,成功鎮,10014020-001,博愛里,9,7,12,10,24,31,26,35,40,43,61,72,72,46,51,41,33,12,1,3,0,110Y09M
10014,臺東縣,10014020,成功鎮,10014020-002,忠孝里,18,27,24,38,37,67,50,75,79,65,86,105,87,69,67,49,36,29,5,1,0,110Y09M
10014,臺東縣,10014020,成功鎮,10014020-003,三仙里,36,34,52,52,87,91,72,96,125,122,126,130,142,111,80,53,33,18,10,0,1,110Y09M
10014,臺東縣,10014020,成功鎮,10014020-004,三民里,83,79,85,119,189,201,195,210,273,211,251,236,240,225,164,100,62,32,11,6,1,110Y09M
10014,臺東縣,10014020,成功鎮,10014020-005,忠智里,49,104,104,83,145,122,110,144,179,170,156,167,167,139,117,72,74,27,12,3,0,110Y09M
10014,臺東縣,10014020,成功鎮,10014020-006,忠仁里,64,76,108,129,132,144,115,179,200,184,204,196,218,181,122,69,60,31,18,2,0,110Y09M
10014,臺東縣,10014020,成功鎮,10014020-007,和平里,11,17,21,27,26,45,42,41,67,54,73,77,74,71,42,44,30,17,7,4,0,110Y09M
10014,臺東縣,10014020,成功鎮,10014020-008,信義里,35,38,55,70,77,102,94,119,150,152,206,191,191,158,104,70,67,35,16,2,1,110Y09M
10014,臺東縣,10014030,關山鎮,10014030-001,德高里,49,44,56,73,150,143,102,97,114,146,169,164,132,107,107,72,76,48,22,7,0,110Y09M
10014,臺東縣,10014030,關山鎮,10014030-002,豐泉里,35,70,69,63,96,84,73,98,81,91,100,88,120,95,48,43,31,16,11,5,0,110Y09M
10014,臺東縣,10014030,關山鎮,10014030-003,新福里,37,55,35,47,66,77,54,66,64,65,86,103,71,64,35,30,35,19,3,1,0,110Y09M
10014,臺東縣,10014030,關山鎮,10014030-004,中福里,20,35,39,37,43,54,55,62,58,48,68,58,91,67,54,37,28,13,4,1,2,110Y09M
10014,臺東縣,10014030,關山鎮,10014030-005,里壠里,36,88,86,84,115,125,100,118,123,142,145,162,158,130,100,58,56,31,11,2,0,110Y09M
10014,臺東縣,10014030,關山鎮,10014030-006,電光里,16,17,19,32,33,35,32,26,36,56,56,44,45,54,33,23,20,10,3,0,0,110Y09M
10014,臺東縣,10014030,關山鎮,10014030-007,月眉里,18,14,24,28,58,44,54,39,44,61,61,79,71,46,45,20,24,17,7,5,0,110Y09M
10014,臺東縣,10014040,卑南鄉,10014040-001,嘉豐村,16,11,26,20,37,26,36,46,38,30,46,61,39,32,27,17,9,6,7,0,0,110Y09M
10014,臺東縣,10014040,卑南鄉,10014040-002,利吉村,13,14,14,13,23,27,25,35,28,25,35,52,62,45,24,15,22,11,9,0,0,110Y09M
10014,臺東縣,10014040,卑南鄉,10014040-003,富山村,16,18,15,28,30,32,30,27,46,42,46,52,41,33,16,25,18,4,7,2,0,110Y09M
10014,臺東縣,10014040,卑南鄉,10014040-004,富源村,3,3,6,8,17,15,19,18,15,23,36,30,37,31,33,19,11,10,1,3,1,110Y09M
10014,臺東縣,10014040,卑南鄉,10014040-005,明峰村,34,31,35,61,67,76,75,85,94,111,99,120,77,101,82,51,35,20,13,5,0,110Y09M
10014,臺東縣,10014040,卑南鄉,10014040-006,初鹿村,44,30,39,78,101,84,62,86,127,97,127,111,103,106,67,47,32,21,19,2,2,110Y09M
10014,臺東縣,10014040,卑南鄉,10014040-007,美農村,36,26,19,48,86,74,63,63,79,102,100,115,90,75,56,55,35,27,10,3,0,110Y09M
10014,臺東縣,10014040,卑南鄉,10014040-008,賓朗村,64,55,84,149,180,173,150,141,161,181,228,236,182,156,130,77,97,31,20,6,0,110Y09M
10014,臺東縣,10014040,卑南鄉,10014040-009,泰安村,41,50,46,83,115,109,87,82,99,99,123,112,96,61,33,30,24,9,6,2,0,110Y09M
10014,臺東縣,10014040,卑南鄉,10014040-010,太平村,133,102,101,163,248,300,284,265,277,312,302,300,258,219,128,66,45,28,24,7,0,110Y09M
10014,臺東縣,10014040,卑南鄉,10014040-011,利嘉村,53,55,47,55,102,103,95,83,83,91,90,114,98,104,47,23,24,15,3,3,1,110Y09M
10014,臺東縣,10014040,卑南鄉,10014040-012,東興村,39,46,47,69,82,109,72,99,116,101,140,128,91,68,38,27,16,10,6,4,0,110Y09M
10014,臺東縣,10014040,卑南鄉,10014040-013,溫泉村,36,48,19,45,53,64,50,72,86,88,114,120,93,106,76,39,48,23,17,3,1,110Y09M
10014,臺東縣,10014050,鹿野鄉,10014050-001,瑞和村,23,16,18,34,51,60,39,49,53,53,62,69,50,47,38,23,22,13,2,0,1,110Y09M
10014,臺東縣,10014050,鹿野鄉,10014050-002,瑞豐村,19,18,18,58,60,44,45,66,66,86,75,77,75,74,53,43,28,29,9,3,0,110Y09M
10014,臺東縣,10014050,鹿野鄉,10014050-003,瑞源村,25,32,28,30,54,72,53,57,69,72,73,86,62,79,59,43,23,19,8,3,1,110Y09M
10014,臺東縣,10014050,鹿野鄉,10014050-004,永安村,51,54,39,66,104,100,104,110,127,115,142,173,129,111,63,49,42,26,15,3,0,110Y09M
10014,臺東縣,10014050,鹿野鄉,10014050-005,瑞隆村,25,19,27,50,62,56,60,48,73,78,81,75,81,69,55,33,45,20,5,0,0,110Y09M
10014,臺東縣,10014050,鹿野鄉,10014050-006,鹿野村,16,39,35,52,70,79,67,60,72,79,116,104,91,90,59,58,31,19,14,1,0,110Y09M
10014,臺東縣,10014050,鹿野鄉,10014050-007,龍田村,22,26,36,57,63,63,56,75,82,82,103,98,98,93,71,47,43,28,8,4,0,110Y09M
10014,臺東縣,10014060,池上鄉,10014060-001,福文村,45,33,43,53,92,78,56,55,93,116,112,109,89,87,56,45,30,28,22,6,2,110Y09M
10014,臺東縣,10014060,池上鄉,10014060-002,慶豐村,31,25,6,30,40,50,37,47,52,59,69,66,51,52,52,21,24,16,7,3,0,110Y09M
10014,臺東縣,10014060,池上鄉,10014060-003,大坡村,7,9,11,12,16,23,15,23,22,21,23,33,41,34,23,12,14,10,2,0,0,110Y09M
10014,臺東縣,10014060,池上鄉,10014060-004,大埔村,33,21,25,38,44,66,36,54,69,65,66,64,63,85,66,36,29,16,4,1,0,110Y09M
10014,臺東縣,10014060,池上鄉,10014060-005,福原村,112,75,85,114,123,142,158,137,154,168,167,169,171,138,113,81,73,35,22,4,1,110Y09M
10014,臺東縣,10014060,池上鄉,10014060-006,錦園村,10,5,11,8,19,14,16,23,16,30,25,47,34,34,21,11,18,11,6,1,0,110Y09M
10014,臺東縣,10014060,池上鄉,10014060-007,新興村,26,20,27,36,56,58,47,61,64,87,71,67,77,62,60,30,33,28,12,3,2,110Y09M
10014,臺東縣,10014060,池上鄉,10014060-008,萬安村,9,8,11,18,17,20,16,14,21,22,29,38,17,22,27,10,17,12,8,0,0,110Y09M
10014,臺東縣,10014060,池上鄉,10014060-009,富興村,15,8,11,23,33,18,18,22,30,35,36,48,42,27,25,18,15,3,7,0,0,110Y09M
10014,臺東縣,10014060,池上鄉,10014060-010,振興村,16,11,13,15,33,35,25,27,43,37,44,43,30,38,25,22,11,8,4,0,0,110Y09M
10014,臺東縣,10014070,東河鄉,10014070-001,北源村,27,34,34,48,60,60,77,122,165,142,169,172,144,143,87,66,47,37,16,5,0,110Y09M
10014,臺東縣,10014070,東河鄉,10014070-002,泰源村,29,21,40,50,70,57,66,87,90,108,124,112,118,83,72,44,43,25,13,4,0,110Y09M
10014,臺東縣,10014070,東河鄉,10014070-003,東河村,17,31,28,36,51,52,43,80,83,94,123,84,77,78,65,47,29,16,12,5,3,110Y09M
10014,臺東縣,10014070,東河鄉,10014070-004,尚德村,4,7,12,10,18,5,12,19,26,18,24,25,25,24,13,12,9,10,1,0,1,110Y09M
10014,臺東縣,10014070,東河鄉,10014070-005,隆昌村,9,9,14,19,19,28,25,29,27,51,54,51,60,58,35,18,27,14,11,0,0,110Y09M
10014,臺東縣,10014070,東河鄉,10014070-006,興昌村,18,16,35,41,34,55,26,40,71,90,92,97,81,90,73,48,39,21,15,1,0,110Y09M
10014,臺東縣,10014070,東河鄉,10014070-007,都蘭村,52,83,65,93,117,124,123,158,201,171,182,221,213,174,137,81,72,48,20,8,0,110Y09M
10014,臺東縣,10014080,長濱鄉,10014080-001,樟原村,12,11,8,20,44,32,19,24,39,52,62,61,54,51,46,33,32,21,7,0,0,110Y09M
10014,臺東縣,10014080,長濱鄉,10014080-002,三間村,30,27,37,44,56,46,47,62,105,98,114,140,112,90,78,72,58,38,9,6,0,110Y09M
10014,臺東縣,10014080,長濱鄉,10014080-003,忠勇村,13,14,31,28,31,31,20,32,51,55,58,56,43,40,28,30,25,13,2,0,0,110Y09M
10014,臺東縣,10014080,長濱鄉,10014080-004,長濱村,47,49,64,93,108,124,113,135,152,155,201,234,185,151,117,87,70,46,14,4,0,110Y09M
10014,臺東縣,10014080,長濱鄉,10014080-005,竹湖村,15,19,16,23,37,37,44,41,87,68,80,106,96,82,58,53,33,18,9,0,0,110Y09M
10014,臺東縣,10014080,長濱鄉,10014080-006,寧埔村,20,23,28,28,39,65,60,83,74,84,132,153,118,116,93,58,38,25,5,0,0,110Y09M
10014,臺東縣,10014090,太麻里鄉,10014090-001,美和村,28,37,48,90,114,96,83,99,114,124,112,137,97,100,67,52,44,21,3,0,0,110Y09M
10014,臺東縣,10014090,太麻里鄉,10014090-002,三和村,9,8,16,21,43,37,36,54,50,50,60,54,53,38,34,29,22,13,6,1,0,110Y09M
10014,臺東縣,10014090,太麻里鄉,10014090-003,華源村,12,6,7,27,34,36,21,34,49,57,66,51,40,44,38,34,42,21,10,2,0,110Y09M
10014,臺東縣,10014090,太麻里鄉,10014090-004,北里村,12,18,14,27,38,45,32,41,48,54,44,43,71,51,30,23,17,11,8,0,0,110Y09M
10014,臺東縣,10014090,太麻里鄉,10014090-005,泰和村,45,49,50,78,102,121,97,102,106,114,121,127,112,97,92,50,54,27,12,3,0,110Y09M
10014,臺東縣,10014090,太麻里鄉,10014090-006,大王村,47,72,69,124,100,119,127,148,137,142,146,159,169,162,107,67,51,36,21,5,1,110Y09M
10014,臺東縣,10014090,太麻里鄉,10014090-007,香蘭村,22,27,31,38,47,43,59,71,72,49,85,84,77,47,50,49,29,14,10,2,0,110Y09M
10014,臺東縣,10014090,太麻里鄉,10014090-008,金崙村,69,67,72,111,125,133,121,121,166,158,173,209,147,103,75,54,28,20,14,6,0,110Y09M
10014,臺東縣,10014090,太麻里鄉,10014090-009,多良村,38,32,39,67,60,73,50,68,92,93,79,93,84,70,44,23,18,12,3,1,0,110Y09M
10014,臺東縣,10014100,大武鄉,10014100-001,大竹村,30,15,29,53,37,40,50,77,79,58,56,74,89,55,32,25,14,12,5,0,0,110Y09M
10014,臺東縣,10014100,大武鄉,10014100-002,大鳥村,58,45,48,73,91,95,101,90,90,86,108,111,99,82,43,24,15,11,1,0,1,110Y09M
10014,臺東縣,10014100,大武鄉,10014100-003,大武村,42,67,68,69,76,85,101,112,119,121,99,139,116,87,73,39,29,14,8,4,1,110Y09M
10014,臺東縣,10014100,大武鄉,10014100-004,尚武村,37,34,36,53,78,91,80,90,149,103,144,119,150,113,72,44,50,22,8,3,0,110Y09M
10014,臺東縣,10014100,大武鄉,10014100-005,南興村,24,18,16,28,30,32,36,38,45,58,43,59,64,46,27,12,13,10,2,0,0,110Y09M
10014,臺東縣,10014110,綠島鄉,10014110-001,公館村,38,45,39,46,88,111,101,85,126,109,79,61,70,55,33,16,12,11,9,0,0,110Y09M
10014,臺東縣,10014110,綠島鄉,10014110-002,中寮村,55,35,34,44,86,104,122,113,96,87,92,92,81,52,37,24,18,10,5,2,0,110Y09M
10014,臺東縣,10014110,綠島鄉,10014110-003,南寮村,77,41,40,63,145,193,173,149,146,156,149,106,107,76,64,29,28,14,4,1,0,110Y09M
10014,臺東縣,10014120,海端鄉,10014120-001,廣原村,50,67,62,63,75,66,77,75,68,63,82,61,52,37,28,12,6,1,0,1,0,110Y09M
10014,臺東縣,10014120,海端鄉,10014120-002,霧鹿村,13,18,24,20,26,26,15,24,28,20,22,25,13,13,11,11,2,3,1,0,0,110Y09M
10014,臺東縣,10014120,海端鄉,10014120-003,利稻村,20,22,15,26,26,25,30,24,27,28,24,13,11,19,8,3,4,1,0,0,0,110Y09M
10014,臺東縣,10014120,海端鄉,10014120-004,海端村,58,64,65,76,109,96,91,97,100,105,69,75,67,60,24,10,13,9,6,0,0,110Y09M
10014,臺東縣,10014120,海端鄉,10014120-005,崁頂村,41,27,65,43,63,57,58,58,49,43,52,65,54,33,14,7,12,1,1,0,0,110Y09M
10014,臺東縣,10014120,海端鄉,10014120-006,加拿村,25,24,48,37,62,53,45,46,45,48,54,51,36,26,12,4,4,0,1,0,0,110Y09M
10014,臺東縣,10014130,延平鄉,10014130-001,武陵村,40,38,35,52,53,53,49,52,66,82,54,64,32,34,18,6,2,5,1,0,0,110Y09M
10014,臺東縣,10014130,延平鄉,10014130-002,永康村,23,22,16,24,34,25,22,28,34,41,45,26,20,11,12,5,4,1,0,0,0,110Y09M
10014,臺東縣,10014130,延平鄉,10014130-003,紅葉村,25,23,34,31,28,37,31,43,60,40,41,30,31,30,21,3,6,1,1,0,0,110Y09M
10014,臺東縣,10014130,延平鄉,10014130-004,鸞山村,37,35,23,35,58,58,37,48,68,55,55,54,43,35,14,10,12,6,5,0,0,110Y09M
10014,臺東縣,10014130,延平鄉,10014130-005,桃源村,73,68,55,76,105,92,88,100,101,104,99,97,78,49,26,5,10,8,5,0,1,110Y09M
10014,臺東縣,10014140,金峰鄉,10014140-001,新興村,32,44,31,36,47,56,50,44,51,44,52,49,57,30,9,10,4,3,3,0,0,110Y09M
10014,臺東縣,10014140,金峰鄉,10014140-002,正興村,31,33,26,44,53,57,55,43,47,49,60,60,72,32,18,8,6,9,4,2,1,110Y09M
10014,臺東縣,10014140,金峰鄉,10014140-003,嘉蘭村,78,77,69,98,141,120,109,115,98,124,122,118,88,66,41,18,12,18,3,1,0,110Y09M
10014,臺東縣,10014140,金峰鄉,10014140-004,賓茂村,11,25,16,19,21,27,31,21,33,23,32,44,32,21,14,4,7,6,3,0,0,110Y09M
10014,臺東縣,10014140,金峰鄉,10014140-005,歷坵村,25,16,14,23,23,34,25,27,31,26,26,43,38,19,11,4,6,5,0,0,0,110Y09M
10014,臺東縣,10014150,達仁鄉,10014150-001,台坂村,28,21,30,24,44,57,52,52,63,40,58,63,58,46,24,16,12,4,2,0,0,110Y09M
10014,臺東縣,10014150,達仁鄉,10014150-002,土坂村,36,29,35,52,76,72,70,62,96,93,94,79,74,49,30,17,12,4,1,0,0,110Y09M
10014,臺東縣,10014150,達仁鄉,10014150-003,新化村,12,7,14,22,22,27,21,20,27,38,36,40,29,18,21,10,7,4,1,0,0,110Y09M
10014,臺東縣,10014150,達仁鄉,10014150-004,安朔村,22,15,25,25,29,42,42,50,48,46,58,56,64,54,22,10,8,4,3,0,0,110Y09M
10014,臺東縣,10014150,達仁鄉,10014150-005,森永村,7,13,15,19,18,22,25,26,37,33,42,41,40,30,16,10,4,3,2,1,0,110Y09M
10014,臺東縣,10014150,達仁鄉,10014150-006,南田村,11,10,8,23,23,30,28,28,31,26,33,33,29,18,5,3,1,3,1,1,0,110Y09M
10014,臺東縣,10014160,蘭嶼鄉,10014160-001,東清村,94,69,71,98,146,133,124,141,146,136,113,99,88,64,28,10,14,9,4,1,0,110Y09M
10014,臺東縣,10014160,蘭嶼鄉,10014160-002,朗島村,43,43,42,57,88,107,93,90,80,60,59,52,43,39,20,11,2,8,3,0,0,110Y09M
10014,臺東縣,10014160,蘭嶼鄉,10014160-003,紅頭村,63,57,51,79,114,120,125,130,136,128,130,118,91,63,35,20,8,9,5,1,1,110Y09M
10014,臺東縣,10014160,蘭嶼鄉,10014160-004,椰油村,57,67,69,61,87,113,94,130,123,94,72,68,72,54,18,14,5,7,3,2,0,110Y09M
10014,臺東縣,10014010,臺東市,10014010-001,富岡里,77,61,88,133,156,150,168,192,212,197,224,214,214,167,132,85,62,43,14,3,0,110Y12M
10014,臺東縣,10014010,臺東市,10014010-003,岩灣里,46,46,64,114,179,191,148,180,218,257,245,216,166,136,84,48,48,14,13,2,0,110Y12M
10014,臺東縣,10014010,臺東市,10014010-004,南王里,104,82,80,168,242,258,233,240,246,229,263,281,235,175,152,81,64,35,14,1,1,110Y12M
10014,臺東縣,10014010,臺東市,10014010-005,卑南里,61,84,83,186,281,235,201,214,264,304,290,279,220,194,126,89,60,33,12,3,1,110Y12M
10014,臺東縣,10014010,臺東市,10014010-006,南榮里,98,110,79,175,235,223,161,198,226,275,251,244,200,193,140,70,52,41,38,12,3,110Y12M
10014,臺東縣,10014010,臺東市,10014010-007,新生里,107,155,110,197,260,312,278,256,264,305,356,330,327,256,171,97,62,42,18,0,1,110Y12M
10014,臺東縣,10014010,臺東市,10014010-008,民生里,73,105,87,117,179,195,186,228,224,221,232,230,239,248,194,94,71,39,16,8,0,110Y12M
10014,臺東縣,10014010,臺東市,10014010-009,寶桑里,48,55,44,79,94,92,76,110,129,125,121,151,112,121,87,44,36,12,5,2,1,110Y12M
10014,臺東縣,10014010,臺東市,10014010-010,馬蘭里,133,340,358,179,202,198,177,185,228,195,209,211,173,185,117,72,70,31,13,1,0,110Y12M
10014,臺東縣,10014010,臺東市,10014010-011,中心里,118,332,403,207,231,245,217,218,274,247,271,273,238,225,167,130,79,48,13,4,2,110Y12M
10014,臺東縣,10014010,臺東市,10014010-012,自強里,260,440,396,229,268,285,247,299,284,260,284,277,324,232,131,84,54,24,12,7,1,110Y12M
10014,臺東縣,10014010,臺東市,10014010-013,民族里,269,427,346,210,161,174,162,221,208,212,212,181,192,187,115,93,102,43,25,6,0,110Y12M
10014,臺東縣,10014010,臺東市,10014010-015,中華里,72,79,100,107,148,174,159,186,200,201,209,215,194,170,127,83,78,32,18,4,0,110Y12M
10014,臺東縣,10014010,臺東市,10014010-017,建國里,70,49,39,94,123,131,154,139,143,150,171,151,180,154,119,80,39,27,11,5,0,110Y12M
10014,臺東縣,10014010,臺東市,10014010-020,中正里,48,54,44,86,153,162,126,164,179,172,183,172,193,202,173,83,87,44,16,7,1,110Y12M
10014,臺東縣,10014010,臺東市,10014010-022,成功里,47,58,85,109,125,152,142,126,132,154,194,205,163,125,106,80,66,27,11,4,0,110Y12M
10014,臺東縣,10014010,臺東市,10014010-023,文化里,178,215,150,87,95,126,139,177,177,151,152,134,139,134,83,55,51,22,28,13,1,110Y12M
10014,臺東縣,10014010,臺東市,10014010-024,中山里,210,195,57,75,133,129,138,132,160,155,170,155,155,149,129,80,62,41,24,14,0,110Y12M
10014,臺東縣,10014010,臺東市,10014010-029,新園里,65,52,45,105,148,167,100,120,129,160,171,158,116,122,82,49,30,15,6,1,1,110Y12M
10014,臺東縣,10014010,臺東市,10014010-030,豐田里,80,98,85,139,193,205,198,190,190,230,212,199,176,148,119,60,38,23,11,8,0,110Y12M
10014,臺東縣,10014010,臺東市,10014010-031,豐年里,153,98,101,201,248,317,268,295,290,285,313,254,244,191,138,96,49,20,16,4,1,110Y12M
10014,臺東縣,10014010,臺東市,10014010-032,光明里,78,199,304,229,232,224,175,193,284,272,327,239,181,134,112,55,36,23,13,2,0,110Y12M
10014,臺東縣,10014010,臺東市,10014010-033,豐樂里,53,93,127,129,137,160,135,125,162,139,167,184,156,132,84,40,29,30,8,1,1,110Y12M
10014,臺東縣,10014010,臺東市,10014010-034,永樂里,105,192,198,218,288,231,179,173,252,276,243,284,229,158,114,51,62,22,12,5,1,110Y12M
10014,臺東縣,10014010,臺東市,10014010-035,康樂里,59,79,71,79,100,115,99,107,119,134,151,121,112,85,55,32,31,12,8,2,0,110Y12M
10014,臺東縣,10014010,臺東市,10014010-036,東海里,219,191,97,123,142,153,151,200,203,142,147,169,222,153,107,56,49,23,14,2,0,110Y12M
10014,臺東縣,10014010,臺東市,10014010-037,新興里,45,73,70,84,104,87,108,110,122,105,138,140,117,104,93,48,34,32,9,7,1,110Y12M
10014,臺東縣,10014010,臺東市,10014010-038,豐榮里,91,122,138,204,256,222,249,246,333,311,273,248,232,227,146,85,68,31,13,4,1,110Y12M
10014,臺東縣,10014010,臺東市,10014010-039,豐谷里,123,132,148,218,276,330,305,289,306,294,318,340,279,252,163,108,84,37,16,2,0,110Y12M
10014,臺東縣,10014010,臺東市,10014010-040,豐里里,72,93,90,133,188,237,173,186,184,206,227,238,189,136,116,62,56,38,16,7,0,110Y12M
10014,臺東縣,10014010,臺東市,10014010-041,豐原里,36,57,58,50,94,114,92,92,97,83,127,141,110,81,65,42,48,35,9,2,0,110Y12M
10014,臺東縣,10014010,臺東市,10014010-042,建和里,75,53,57,63,100,125,121,80,100,89,132,142,127,91,69,60,41,32,8,4,0,110Y12M
10014,臺東縣,10014010,臺東市,10014010-043,建興里,36,18,21,62,110,110,84,69,100,99,130,123,102,84,88,51,38,16,8,0,0,110Y12M
10014,臺東縣,10014010,臺東市,10014010-045,知本里,92,78,61,131,180,222,170,167,173,182,228,245,206,177,112,77,66,41,21,6,1,110Y12M
10014,臺東縣,10014010,臺東市,10014010-046,建農里,93,66,63,131,156,183,145,167,166,219,212,198,158,130,96,41,34,19,18,6,1,110Y12M
10014,臺東縣,10014010,臺東市,10014010-047,仁和里　,96,107,84,161,220,255,240,276,246,273,296,297,309,245,172,101,65,29,17,6,1,110Y12M
10014,臺東縣,10014010,臺東市,10014010-048,豐安里　,54,71,115,170,215,231,226,235,234,260,230,232,232,203,125,53,51,19,12,1,0,110Y12M
10014,臺東縣,10014010,臺東市,10014010-049,豐盛里　,92,103,169,207,278,335,278,273,268,329,352,295,269,212,160,80,59,15,9,4,0,110Y12M
10014,臺東縣,10014020,成功鎮,10014020-001,博愛里,9,6,11,12,21,30,25,36,35,44,65,68,70,48,54,38,31,15,1,3,0,110Y12M
10014,臺東縣,10014020,成功鎮,10014020-002,忠孝里,21,25,25,37,32,67,49,73,78,66,78,107,89,70,70,48,37,30,4,1,0,110Y12M
10014,臺東縣,10014020,成功鎮,10014020-003,三仙里,36,35,44,49,90,90,70,88,125,125,124,128,143,113,84,50,36,15,13,0,1,110Y12M
10014,臺東縣,10014020,成功鎮,10014020-004,三民里,86,80,87,110,187,200,188,212,268,220,245,235,243,230,162,97,66,33,10,7,0,110Y12M
10014,臺東縣,10014020,成功鎮,10014020-005,忠智里,49,97,103,84,136,133,111,143,178,173,156,169,162,137,120,73,73,30,11,4,0,110Y12M
10014,臺東縣,10014020,成功鎮,10014020-006,忠仁里,65,67,103,127,135,142,112,178,196,189,201,201,212,185,127,64,56,33,17,3,0,110Y12M
10014,臺東縣,10014020,成功鎮,10014020-007,和平里,10,17,19,29,25,42,41,41,60,61,69,82,72,73,41,46,30,17,7,4,0,110Y12M
10014,臺東縣,10014020,成功鎮,10014020-008,信義里,35,40,52,71,76,100,101,117,150,150,200,199,192,153,106,71,66,37,14,4,1,110Y12M
10014,臺東縣,10014030,關山鎮,10014030-001,德高里,49,46,53,71,141,145,103,99,117,143,165,169,140,106,101,79,77,48,19,6,0,110Y12M
10014,臺東縣,10014030,關山鎮,10014030-002,豐泉里,34,69,66,63,97,87,73,99,82,79,115,87,118,97,45,45,32,16,10,5,0,110Y12M
10014,臺東縣,10014030,關山鎮,10014030-003,新福里,39,56,33,50,61,77,55,66,63,66,84,104,72,61,37,27,36,18,3,1,0,110Y12M
10014,臺東縣,10014030,關山鎮,10014030-004,中福里,18,36,35,36,46,50,60,65,56,48,64,60,87,75,51,38,26,12,4,1,1,110Y12M
10014,臺東縣,10014030,關山鎮,10014030-005,里壠里,37,86,89,78,110,131,99,125,117,146,138,164,159,127,103,59,56,32,10,2,0,110Y12M
10014,臺東縣,10014030,關山鎮,10014030-006,電光里,12,18,17,31,35,33,33,24,36,54,55,45,45,55,33,23,21,9,2,0,0,110Y12M
10014,臺東縣,10014030,關山鎮,10014030-007,月眉里,17,13,23,27,55,44,56,34,43,65,56,78,72,50,46,19,21,21,6,5,0,110Y12M
10014,臺東縣,10014040,卑南鄉,10014040-001,嘉豐村,16,12,27,19,34,27,35,48,35,32,48,60,42,32,27,17,9,6,7,0,0,110Y12M
10014,臺東縣,10014040,卑南鄉,10014040-002,利吉村,11,16,14,13,23,24,27,33,29,28,33,52,64,45,23,14,21,11,11,0,0,110Y12M
10014,臺東縣,10014040,卑南鄉,10014040-003,富山村,18,16,13,27,30,33,29,28,44,40,45,53,42,34,17,19,22,4,7,2,0,110Y12M
10014,臺東縣,10014040,卑南鄉,10014040-004,富源村,3,3,7,7,17,15,19,18,15,25,35,30,38,28,34,19,11,8,3,3,1,110Y12M
10014,臺東縣,10014040,卑南鄉,10014040-005,明峰村,32,29,35,62,65,79,70,81,97,107,99,127,75,100,84,52,35,21,12,2,1,110Y12M
10014,臺東縣,10014040,卑南鄉,10014040-006,初鹿村,45,32,36,81,96,86,64,87,118,99,125,112,108,105,67,45,31,22,19,2,1,110Y12M
10014,臺東縣,10014040,卑南鄉,10014040-007,美農村,34,26,19,49,81,73,67,60,80,101,98,117,91,73,55,54,35,30,9,3,0,110Y12M
10014,臺東縣,10014040,卑南鄉,10014040-008,賓朗村,57,56,76,148,177,166,155,139,168,176,219,241,184,157,135,79,91,36,19,7,0,110Y12M
10014,臺東縣,10014040,卑南鄉,10014040-009,泰安村,43,52,46,81,114,109,86,83,98,99,123,113,100,59,35,27,26,11,6,2,0,110Y12M
10014,臺東縣,10014040,卑南鄉,10014040-010,太平村,134,101,110,161,250,299,278,271,268,312,298,297,260,227,125,67,49,29,23,8,1,110Y12M
10014,臺東縣,10014040,卑南鄉,10014040-011,利嘉村,52,56,48,53,97,103,95,81,79,94,90,113,98,99,50,23,21,15,4,3,1,110Y12M
10014,臺東縣,10014040,卑南鄉,10014040-012,東興村,39,46,46,66,85,111,74,99,115,102,138,128,98,58,45,27,16,9,7,4,0,110Y12M
10014,臺東縣,10014040,卑南鄉,10014040-013,溫泉村,35,46,19,41,51,61,54,64,90,93,106,119,99,100,80,40,49,24,14,4,1,110Y12M
10014,臺東縣,10014050,鹿野鄉,10014050-001,瑞和村,22,13,19,32,49,58,43,47,55,53,58,73,43,54,37,22,22,13,1,1,1,110Y12M
10014,臺東縣,10014050,鹿野鄉,10014050-002,瑞豐村,18,19,17,58,60,45,45,65,67,85,79,75,76,77,53,39,30,31,10,3,0,110Y12M
10014,臺東縣,10014050,鹿野鄉,10014050-003,瑞源村,24,33,30,29,49,73,56,52,68,73,68,86,66,80,56,44,26,18,9,2,1,110Y12M
10014,臺東縣,10014050,鹿野鄉,10014050-004,永安村,48,56,39,58,108,95,99,111,126,109,146,175,126,108,69,50,42,24,15,2,1,110Y12M
10014,臺東縣,10014050,鹿野鄉,10014050-005,瑞隆村,25,19,28,53,56,58,55,50,73,77,81,80,79,71,53,34,41,23,4,0,0,110Y12M
10014,臺東縣,10014050,鹿野鄉,10014050-006,鹿野村,12,37,33,55,64,83,64,54,80,81,106,107,95,87,59,57,32,21,14,1,0,110Y12M
10014,臺東縣,10014050,鹿野鄉,10014050-007,龍田村,23,26,37,57,67,59,59,78,84,78,101,98,103,89,72,47,42,30,8,4,0,110Y12M
10014,臺東縣,10014060,池上鄉,10014060-001,福文村,44,31,40,58,90,78,59,50,94,110,114,110,96,85,54,46,34,25,22,6,2,110Y12M
10014,臺東縣,10014060,池上鄉,10014060-002,慶豐村,31,25,5,26,40,51,37,47,50,61,65,67,52,50,53,23,22,18,7,2,0,110Y12M
10014,臺東縣,10014060,池上鄉,10014060-003,大坡村,7,8,12,11,16,21,16,23,20,22,23,32,40,37,24,11,13,11,2,0,0,110Y12M
10014,臺東縣,10014060,池上鄉,10014060-004,大埔村,35,20,24,36,46,62,41,51,70,64,64,68,65,85,65,40,28,16,5,1,0,110Y12M
10014,臺東縣,10014060,池上鄉,10014060-005,福原村,110,76,79,110,123,144,155,135,156,169,168,156,179,139,114,83,72,37,20,4,2,110Y12M
10014,臺東縣,10014060,池上鄉,10014060-006,錦園村,11,5,9,8,17,15,15,22,16,29,25,45,35,35,22,11,18,11,6,1,0,110Y12M
10014,臺東縣,10014060,池上鄉,10014060-007,新興村,28,19,25,39,52,63,48,62,57,87,76,69,79,62,60,30,30,31,10,2,3,110Y12M
10014,臺東縣,10014060,池上鄉,10014060-008,萬安村,10,8,11,15,17,23,16,13,20,24,26,39,18,22,25,12,17,9,9,0,0,110Y12M
10014,臺東縣,10014060,池上鄉,10014060-009,富興村,13,8,10,24,25,25,18,21,30,34,37,47,42,28,25,16,17,3,6,1,0,110Y12M
10014,臺東縣,10014060,池上鄉,10014060-010,振興村,17,10,13,15,32,34,24,28,42,38,45,42,32,38,26,22,11,6,3,0,0,110Y12M
10014,臺東縣,10014070,東河鄉,10014070-001,北源村,27,33,34,44,64,57,79,118,162,147,163,176,148,143,93,67,45,36,15,5,0,110Y12M
10014,臺東縣,10014070,東河鄉,10014070-002,泰源村,26,22,40,49,68,55,70,88,88,111,119,111,119,86,68,48,44,25,14,4,0,110Y12M
10014,臺東縣,10014070,東河鄉,10014070-003,東河村,14,33,27,37,50,55,42,75,88,94,120,82,79,74,66,44,31,17,11,5,3,110Y12M
10014,臺東縣,10014070,東河鄉,10014070-004,尚德村,4,7,12,9,18,6,11,19,23,20,23,25,25,22,16,11,9,8,2,0,1,110Y12M
10014,臺東縣,10014070,東河鄉,10014070-005,隆昌村,11,8,14,19,18,27,25,31,24,51,53,54,56,58,34,22,26,13,10,1,0,110Y12M
10014,臺東縣,10014070,東河鄉,10014070-006,興昌村,18,17,32,43,38,56,29,39,70,95,87,101,79,88,78,48,39,18,17,3,0,110Y12M
10014,臺東縣,10014070,東河鄉,10014070-007,都蘭村,48,81,68,91,116,120,127,148,201,176,175,214,218,175,140,81,76,45,20,7,0,110Y12M
10014,臺東縣,10014080,長濱鄉,10014080-001,樟原村,11,13,8,19,41,33,17,24,37,55,62,62,54,51,47,34,31,20,6,1,0,110Y12M
10014,臺東縣,10014080,長濱鄉,10014080-002,三間村,26,29,35,46,58,47,38,65,102,96,112,140,108,86,82,71,56,39,11,5,0,110Y12M
10014,臺東縣,10014080,長濱鄉,10014080-003,忠勇村,15,14,32,29,29,32,22,33,51,55,57,59,43,40,28,27,24,11,5,0,0,110Y12M
10014,臺東縣,10014080,長濱鄉,10014080-004,長濱村,49,49,59,94,106,124,108,141,157,156,191,241,183,152,117,90,74,44,11,8,0,110Y12M
10014,臺東縣,10014080,長濱鄉,10014080-005,竹湖村,16,17,18,23,36,34,44,41,83,72,79,104,97,79,62,52,33,20,9,0,0,110Y12M
10014,臺東縣,10014080,長濱鄉,10014080-006,寧埔村,22,22,28,28,39,61,60,80,76,85,122,158,117,119,94,55,38,25,5,0,0,110Y12M
10014,臺東縣,10014090,太麻里鄉,10014090-001,美和村,29,35,41,91,112,98,81,93,115,124,115,136,99,98,67,55,42,22,4,0,0,110Y12M
10014,臺東縣,10014090,太麻里鄉,10014090-002,三和村,10,9,11,24,42,38,32,54,51,46,63,53,52,35,34,30,22,14,6,1,0,110Y12M
10014,臺東縣,10014090,太麻里鄉,10014090-003,華源村,10,7,7,24,33,38,17,37,46,60,64,59,37,45,38,35,40,22,10,2,0,110Y12M
10014,臺東縣,10014090,太麻里鄉,10014090-004,北里村,16,17,14,25,40,46,34,40,46,56,43,44,71,46,34,20,18,10,8,1,0,110Y12M
10014,臺東縣,10014090,太麻里鄉,10014090-005,泰和村,42,49,51,79,97,122,101,102,100,116,121,125,111,96,92,50,53,29,12,3,0,110Y12M
10014,臺東縣,10014090,太麻里鄉,10014090-006,大王村,47,72,68,120,102,114,131,141,135,146,147,162,165,158,114,66,54,32,25,5,1,110Y12M
10014,臺東縣,10014090,太麻里鄉,10014090-007,香蘭村,21,28,32,38,43,42,62,72,70,51,79,88,75,51,47,48,30,14,10,2,0,110Y12M
10014,臺東縣,10014090,太麻里鄉,10014090-008,金崙村,69,69,73,106,126,138,118,122,159,155,171,207,158,102,76,53,30,19,14,7,0,110Y12M
10014,臺東縣,10014090,太麻里鄉,10014090-009,多良村,38,34,38,65,56,79,48,70,94,92,73,93,91,69,47,23,18,12,3,1,0,110Y12M
10014,臺東縣,10014100,大武鄉,10014100-001,大竹村,30,18,26,55,40,39,48,74,78,62,54,75,84,59,35,24,14,12,5,0,0,110Y12M
10014,臺東縣,10014100,大武鄉,10014100-002,大鳥村,54,49,47,71,87,93,99,94,88,85,103,115,103,81,43,20,18,9,1,0,1,110Y12M
10014,臺東縣,10014100,大武鄉,10014100-003,大武村,41,66,63,70,80,85,101,104,126,121,100,135,119,87,79,37,26,15,8,4,1,110Y12M
10014,臺東縣,10014100,大武鄉,10014100-004,尚武村,35,33,37,50,78,87,80,92,143,103,145,118,150,109,74,43,50,24,9,3,0,110Y12M
10014,臺東縣,10014100,大武鄉,10014100-005,南興村,26,18,16,29,29,33,40,37,44,61,41,62,64,46,28,13,11,11,2,0,0,110Y12M
10014,臺東縣,10014110,綠島鄉,10014110-001,公館村,35,45,35,45,91,107,99,86,118,115,80,58,68,54,35,18,12,9,9,1,0,110Y12M
10014,臺東縣,10014110,綠島鄉,10014110-002,中寮村,54,36,35,44,86,110,118,109,103,89,83,97,85,53,40,23,17,12,5,2,0,110Y12M
10014,臺東縣,10014110,綠島鄉,10014110-003,南寮村,72,47,38,59,153,200,176,153,145,158,151,118,107,77,70,31,28,14,5,1,0,110Y12M
10014,臺東縣,10014120,海端鄉,10014120-001,廣原村,50,68,62,64,74,65,78,73,72,63,80,61,50,38,31,12,5,3,0,1,0,110Y12M
10014,臺東縣,10014120,海端鄉,10014120-002,霧鹿村,15,18,24,22,26,25,16,24,29,20,22,24,15,11,11,10,3,3,1,0,0,110Y12M
10014,臺東縣,10014120,海端鄉,10014120-003,利稻村,21,20,16,24,28,23,34,23,25,29,24,11,13,17,10,2,4,0,1,0,0,110Y12M
10014,臺東縣,10014120,海端鄉,10014120-004,海端村,53,72,61,76,109,92,90,102,102,101,70,72,69,57,24,10,14,9,6,0,0,110Y12M
10014,臺東縣,10014120,海端鄉,10014120-005,崁頂村,45,26,61,46,62,58,58,60,50,46,51,62,54,35,13,8,9,2,1,0,0,110Y12M
10014,臺東縣,10014120,海端鄉,10014120-006,加拿村,26,23,47,35,58,59,43,47,47,49,47,59,35,26,10,5,4,0,1,0,0,110Y12M
10014,臺東縣,10014130,延平鄉,10014130-001,武陵村,40,40,39,48,57,52,46,52,68,81,56,61,35,34,19,6,2,5,1,0,0,110Y12M
10014,臺東縣,10014130,延平鄉,10014130-002,永康村,23,23,15,25,33,23,23,31,35,39,46,28,20,11,12,3,6,1,0,0,0,110Y12M
10014,臺東縣,10014130,延平鄉,10014130-003,紅葉村,26,21,33,29,28,40,30,40,57,46,38,30,34,28,22,3,7,1,1,0,0,110Y12M
10014,臺東縣,10014130,延平鄉,10014130-004,鸞山村,38,37,23,34,57,57,37,48,65,58,51,51,49,34,16,10,12,6,5,0,0,110Y12M
10014,臺東縣,10014130,延平鄉,10014130-005,桃源村,72,70,57,77,100,98,89,98,97,109,99,93,85,50,27,6,10,8,4,0,1,110Y12M
10014,臺東縣,10014140,金峰鄉,10014140-001,新興村,31,42,34,36,43,59,51,43,49,48,49,52,58,26,12,10,5,3,2,0,0,110Y12M
10014,臺東縣,10014140,金峰鄉,10014140-002,正興村,30,35,25,44,53,57,57,38,46,47,58,63,71,34,20,8,6,8,5,2,1,110Y12M
10014,臺東縣,10014140,金峰鄉,10014140-003,嘉蘭村,78,80,69,100,139,119,109,111,98,126,116,121,88,68,47,17,13,19,2,0,1,110Y12M
10014,臺東縣,10014140,金峰鄉,10014140-004,賓茂村,12,24,15,18,23,26,31,18,34,26,31,41,33,20,16,4,7,6,3,0,0,110Y12M
10014,臺東縣,10014140,金峰鄉,10014140-005,歷坵村,25,14,15,21,22,37,25,26,30,23,28,43,37,18,13,5,6,5,0,0,0,110Y12M
10014,臺東縣,10014150,達仁鄉,10014150-001,台坂村,29,21,35,24,42,55,53,56,62,40,56,62,58,47,26,14,12,5,3,0,0,110Y12M
10014,臺東縣,10014150,達仁鄉,10014150-002,土坂村,36,30,31,54,74,73,68,64,88,103,94,80,70,55,27,18,12,5,1,0,0,110Y12M
10014,臺東縣,10014150,達仁鄉,10014150-003,新化村,15,6,16,20,23,28,20,20,28,38,35,43,30,18,20,12,7,4,0,0,0,110Y12M
10014,臺東縣,10014150,達仁鄉,10014150-004,安朔村,23,20,24,26,27,40,46,48,49,43,54,56,70,50,25,10,8,4,2,1,0,110Y12M
10014,臺東縣,10014150,達仁鄉,10014150-005,森永村,7,13,14,17,21,22,25,26,37,33,44,38,43,30,16,9,4,3,2,1,0,110Y12M
10014,臺東縣,10014150,達仁鄉,10014150-006,南田村,12,7,6,23,24,29,27,26,32,28,34,31,30,19,5,3,1,2,1,0,0,110Y12M
10014,臺東縣,10014160,蘭嶼鄉,10014160-001,東清村,96,74,72,101,138,137,127,137,155,128,112,104,86,68,30,9,15,9,3,2,0,110Y12M
10014,臺東縣,10014160,蘭嶼鄉,10014160-002,朗島村,43,46,41,56,87,101,96,94,77,64,54,53,46,39,21,9,3,7,3,0,0,110Y12M
10014,臺東縣,10014160,蘭嶼鄉,10014160-003,紅頭村,67,58,50,75,113,123,123,131,133,127,137,112,100,60,35,20,7,8,7,1,1,110Y12M
10014,臺東縣,10014160,蘭嶼鄉,10014160-004,椰油村,56,58,71,65,83,113,99,122,127,92,74,64,74,55,18,12,4,8,3,2,0,110Y12M
10014,臺東縣,10014010,臺東市,10014010-001,富岡里,78,59,89,128,157,156,163,183,214,196,228,207,223,166,137,83,70,40,15,2,0,111Y03M
10014,臺東縣,10014010,臺東市,10014010-003,岩灣里,45,43,61,114,177,204,145,181,208,260,242,215,167,135,85,50,48,17,12,2,0,111Y03M
10014,臺東縣,10014010,臺東市,10014010-004,南王里,102,86,83,164,241,260,237,234,241,234,258,290,234,177,156,86,62,34,13,1,1,111Y03M
10014,臺東縣,10014010,臺東市,10014010-005,卑南里,60,85,87,187,272,244,209,209,274,302,291,277,228,194,132,88,65,33,13,1,2,111Y03M
10014,臺東縣,10014010,臺東市,10014010-006,南榮里,107,110,79,176,237,219,168,195,229,262,257,253,202,187,148,74,48,42,37,13,4,111Y03M
10014,臺東縣,10014010,臺東市,10014010-007,新生里,110,164,108,193,261,303,288,252,268,303,352,322,332,249,178,99,60,42,17,0,0,111Y03M
10014,臺東縣,10014010,臺東市,10014010-008,民生里,72,107,83,115,181,185,182,230,211,217,242,222,241,240,201,93,75,39,16,7,1,111Y03M
10014,臺東縣,10014010,臺東市,10014010-009,寶桑里,51,61,48,81,90,95,78,106,130,124,125,144,115,115,88,47,38,11,6,1,1,111Y03M
10014,臺東縣,10014010,臺東市,10014010-010,馬蘭里,134,340,354,176,192,193,172,186,228,183,219,209,170,186,116,79,70,34,13,2,0,111Y03M
10014,臺東縣,10014010,臺東市,10014010-011,中心里,121,329,400,211,222,248,216,211,269,238,266,273,235,221,164,135,82,47,13,3,2,111Y03M
10014,臺東縣,10014010,臺東市,10014010-012,自強里,262,437,394,230,255,287,258,289,287,244,285,274,323,226,145,87,54,24,11,3,2,111Y03M
10014,臺東縣,10014010,臺東市,10014010-013,民族里,264,436,342,212,168,177,155,215,213,205,208,187,191,178,123,91,104,42,23,6,0,111Y03M
10014,臺東縣,10014010,臺東市,10014010-015,中華里,71,79,96,113,141,175,166,174,199,203,211,210,190,170,130,81,75,35,16,5,0,111Y03M
10014,臺東縣,10014010,臺東市,10014010-017,建國里,70,52,41,86,133,132,158,133,138,149,171,149,184,156,119,77,41,30,9,5,0,111Y03M
10014,臺東縣,10014010,臺東市,10014010-020,中正里,45,43,42,92,145,159,123,163,175,174,182,171,182,196,181,83,84,45,15,8,1,111Y03M
10014,臺東縣,10014010,臺東市,10014010-022,成功里,47,59,79,111,117,154,144,122,136,150,202,193,172,120,105,82,67,30,11,4,0,111Y03M
10014,臺東縣,10014010,臺東市,10014010-023,文化里,177,216,151,83,84,124,142,180,177,145,155,131,135,129,87,57,47,26,28,12,1,111Y03M
10014,臺東縣,10014010,臺東市,10014010-024,中山里,202,193,53,79,129,129,131,135,157,149,176,145,155,148,125,80,63,42,23,15,0,111Y03M
10014,臺東縣,10014010,臺東市,10014010-029,新園里,62,52,46,97,143,175,106,118,125,154,177,158,119,120,82,47,35,13,6,0,1,111Y03M
10014,臺東縣,10014010,臺東市,10014010-030,豐田里,81,107,81,139,192,207,198,187,197,219,211,200,173,156,116,62,34,27,11,8,0,111Y03M
10014,臺東縣,10014010,臺東市,10014010-031,豐年里,146,94,94,195,242,324,271,290,292,283,305,255,251,184,146,96,50,22,18,3,1,111Y03M
10014,臺東縣,10014010,臺東市,10014010-032,光明里,77,190,310,231,235,221,172,184,284,261,325,246,179,134,112,58,36,23,14,1,0,111Y03M
10014,臺東縣,10014010,臺東市,10014010-033,豐樂里,58,94,133,127,137,150,136,122,165,138,162,188,156,130,90,41,28,30,8,1,1,111Y03M
10014,臺東縣,10014010,臺東市,10014010-034,永樂里,106,186,206,213,282,239,178,161,257,266,245,277,243,158,117,53,59,26,11,3,2,111Y03M
10014,臺東縣,10014010,臺東市,10014010-035,康樂里,55,82,72,81,105,111,100,107,123,126,148,127,109,87,52,34,33,12,8,2,0,111Y03M
10014,臺東縣,10014010,臺東市,10014010-036,東海里,216,195,90,126,135,151,152,196,199,144,143,164,221,158,107,56,53,23,14,2,0,111Y03M
10014,臺東縣,10014010,臺東市,10014010-037,新興里,48,70,70,73,97,91,111,109,117,98,139,136,111,106,93,45,34,28,12,7,1,111Y03M
10014,臺東縣,10014010,臺東市,10014010-038,豐榮里,96,117,136,202,252,229,235,255,326,315,270,248,230,230,151,88,68,33,13,4,1,111Y03M
10014,臺東縣,10014010,臺東市,10014010-039,豐谷里,128,121,155,210,277,321,309,296,300,286,312,343,278,254,163,115,81,35,16,3,0,111Y03M
10014,臺東縣,10014010,臺東市,10014010-040,豐里里,70,82,93,132,182,234,174,183,181,207,231,242,186,132,119,62,57,40,17,7,0,111Y03M
10014,臺東縣,10014010,臺東市,10014010-041,豐原里,34,56,60,48,95,115,90,94,91,79,129,136,115,79,67,40,51,34,11,2,0,111Y03M
10014,臺東縣,10014010,臺東市,10014010-042,建和里,71,55,58,60,98,127,119,76,105,88,130,136,129,88,72,58,43,31,9,4,0,111Y03M
10014,臺東縣,10014010,臺東市,10014010-043,建興里,40,16,19,67,110,104,90,68,95,103,128,126,101,81,90,52,34,19,9,0,0,111Y03M
10014,臺東縣,10014010,臺東市,10014010-045,知本里,87,84,64,125,182,220,167,164,174,183,231,248,205,168,119,74,66,42,21,6,0,111Y03M
10014,臺東縣,10014010,臺東市,10014010-046,建農里,84,71,61,125,156,186,145,158,162,224,210,200,155,135,92,43,35,19,17,6,1,111Y03M
10014,臺東縣,10014010,臺東市,10014010-047,仁和里,103,109,85,154,221,253,246,266,248,265,295,294,309,243,175,94,75,30,14,6,0,111Y03M
10014,臺東縣,10014010,臺東市,10014010-048,豐安里,58,70,117,174,212,230,224,232,241,258,238,226,232,205,129,50,57,18,12,2,0,111Y03M
10014,臺東縣,10014010,臺東市,10014010-049,豐盛里,94,104,170,208,278,324,273,277,261,329,351,299,269,211,160,89,58,16,10,4,0,111Y03M
10014,臺東縣,10014020,成功鎮,10014020-001,博愛里,8,7,9,13,19,29,25,37,32,45,63,69,69,49,50,40,33,15,0,3,0,111Y03M
10014,臺東縣,10014020,成功鎮,10014020-002,忠孝里,17,25,25,39,28,68,46,72,79,69,75,103,92,68,70,52,38,28,4,1,0,111Y03M
10014,臺東縣,10014020,成功鎮,10014020-003,三仙里,36,35,44,49,86,88,71,80,127,118,128,124,135,118,87,51,39,15,12,1,1,111Y03M
10014,臺東縣,10014020,成功鎮,10014020-004,三民里,77,76,92,109,189,193,188,211,273,219,242,237,244,234,164,95,69,30,12,6,0,111Y03M
10014,臺東縣,10014020,成功鎮,10014020-005,忠智里,53,101,107,79,131,138,119,142,179,171,162,162,166,134,132,69,72,33,11,4,0,111Y03M
10014,臺東縣,10014020,成功鎮,10014020-006,忠仁里,66,70,99,122,138,140,111,170,190,194,203,199,216,181,122,71,57,35,14,2,1,111Y03M
10014,臺東縣,10014020,成功鎮,10014020-007,和平里,9,17,18,30,20,47,38,42,58,62,67,83,72,75,39,45,32,16,7,4,0,111Y03M
10014,臺東縣,10014020,成功鎮,10014020-008,信義里,33,41,48,64,82,100,97,110,145,154,193,196,196,154,113,70,65,36,13,4,1,111Y03M
10014,臺東縣,10014030,關山鎮,10014030-001,德高里,42,50,48,76,134,140,109,99,112,138,167,165,138,102,104,78,73,49,20,7,0,111Y03M
10014,臺東縣,10014030,關山鎮,10014030-002,豐泉里,33,71,64,59,97,83,80,95,80,84,117,93,111,97,46,46,34,15,11,5,0,111Y03M
10014,臺東縣,10014030,關山鎮,10014030-003,新福里,38,52,39,47,60,75,57,64,64,66,84,98,77,62,36,27,36,18,2,1,0,111Y03M
10014,臺東縣,10014030,關山鎮,10014030-004,中福里,22,34,42,31,47,48,58,64,58,50,59,65,85,77,53,35,30,12,5,1,1,111Y03M
10014,臺東縣,10014030,關山鎮,10014030-005,里壠里,36,88,91,72,113,130,102,124,106,145,138,161,156,129,105,58,57,33,12,2,0,111Y03M
10014,臺東縣,10014030,關山鎮,10014030-006,電光里,13,18,15,33,33,35,31,26,35,52,55,46,45,52,35,25,21,9,2,0,0,111Y03M
10014,臺東縣,10014030,關山鎮,10014030-007,月眉里,14,11,22,23,56,43,56,35,42,64,57,71,83,48,46,16,24,20,6,5,0,111Y03M
10014,臺東縣,10014040,卑南鄉,10014040-001,嘉豐村,17,13,26,17,37,31,35,47,32,34,44,62,43,34,28,18,10,6,6,0,0,111Y03M
10014,臺東縣,10014040,卑南鄉,10014040-002,利吉村,9,16,12,13,22,25,25,34,29,27,35,51,62,45,23,15,19,12,9,0,0,111Y03M
10014,臺東縣,10014040,卑南鄉,10014040-003,富山村,16,15,12,27,28,34,27,31,40,43,44,53,43,34,19,19,22,5,7,1,0,111Y03M
10014,臺東縣,10014040,卑南鄉,10014040-004,富源村,5,2,8,6,16,16,17,18,15,25,35,31,36,30,32,20,11,7,3,3,1,111Y03M
10014,臺東縣,10014040,卑南鄉,10014040-005,明峰村,35,27,30,64,61,78,68,83,91,107,95,122,86,94,88,48,41,20,11,3,1,111Y03M
10014,臺東縣,10014040,卑南鄉,10014040-006,初鹿村,51,33,34,77,98,84,68,81,115,103,127,115,108,101,72,44,31,23,18,3,1,111Y03M
10014,臺東縣,10014040,卑南鄉,10014040-007,美農村,31,30,20,45,82,72,69,60,71,100,98,115,84,76,57,56,33,29,11,3,0,111Y03M
10014,臺東縣,10014040,卑南鄉,10014040-008,賓朗村,61,53,79,146,171,173,151,143,161,173,209,245,179,158,139,75,94,36,19,7,0,111Y03M
10014,臺東縣,10014040,卑南鄉,10014040-009,泰安村,46,53,43,81,113,107,94,79,97,99,126,112,103,58,39,26,24,13,6,2,0,111Y03M
10014,臺東縣,10014040,卑南鄉,10014040-010,太平村,127,96,111,164,245,299,282,272,267,314,303,295,264,227,138,64,49,27,22,9,1,111Y03M
10014,臺東縣,10014040,卑南鄉,10014040-011,利嘉村,49,61,46,56,93,105,98,83,80,97,89,112,96,98,55,20,22,17,4,3,1,111Y03M
10014,臺東縣,10014040,卑南鄉,10014040-012,東興村,43,48,45,67,83,111,78,92,119,97,137,127,102,59,47,27,17,8,7,4,0,111Y03M
10014,臺東縣,10014040,卑南鄉,10014040-013,溫泉村,34,49,20,39,49,58,57,62,91,90,109,116,97,101,79,45,46,24,15,3,1,111Y03M
10014,臺東縣,10014050,鹿野鄉,10014050-001,瑞和村,20,11,20,30,49,56,48,44,57,53,61,69,47,51,34,26,21,15,1,1,1,111Y03M
10014,臺東縣,10014050,鹿野鄉,10014050-002,瑞豐村,18,18,18,56,58,48,47,59,62,90,77,74,74,79,56,39,28,30,11,3,0,111Y03M
10014,臺東縣,10014050,鹿野鄉,10014050-003,瑞源村,19,33,27,28,48,70,58,49,66,75,64,90,62,82,56,42,27,20,8,2,1,111Y03M
10014,臺東縣,10014050,鹿野鄉,10014050-004,永安村,45,54,39,57,106,97,98,111,124,108,141,169,125,113,69,50,40,26,14,3,1,111Y03M
10014,臺東縣,10014050,鹿野鄉,10014050-005,瑞隆村,28,18,25,52,57,54,55,52,70,74,83,85,77,67,57,31,43,23,4,0,0,111Y03M
10014,臺東縣,10014050,鹿野鄉,10014050-006,鹿野村,15,32,31,55,66,83,59,54,75,83,100,113,93,90,59,50,33,21,16,1,0,111Y03M
10014,臺東縣,10014050,鹿野鄉,10014050-007,龍田村,25,29,35,58,69,55,59,76,88,73,106,100,103,86,74,47,42,33,10,4,0,111Y03M
10014,臺東縣,10014060,池上鄉,10014060-001,福文村,45,33,38,56,88,78,65,48,92,107,114,107,96,90,55,39,41,24,21,4,2,111Y03M
10014,臺東縣,10014060,池上鄉,10014060-002,慶豐村,34,26,6,26,41,53,38,47,49,59,65,67,57,44,58,23,18,18,9,1,0,111Y03M
10014,臺東縣,10014060,池上鄉,10014060-003,大坡村,8,7,13,9,15,22,16,23,20,19,23,29,46,37,24,11,11,11,2,0,0,111Y03M
10014,臺東縣,10014060,池上鄉,10014060-004,大埔村,37,17,25,31,46,63,43,51,70,61,67,71,65,84,68,38,29,13,6,1,0,111Y03M
10014,臺東縣,10014060,池上鄉,10014060-005,福原村,110,74,86,104,126,148,150,134,158,167,170,157,173,139,120,82,69,40,20,4,2,111Y03M
10014,臺東縣,10014060,池上鄉,10014060-006,錦園村,12,4,9,8,19,15,15,21,17,28,26,44,36,36,21,13,17,10,7,2,0,111Y03M
10014,臺東縣,10014060,池上鄉,10014060-007,新興村,30,23,24,38,50,63,54,58,58,83,84,62,83,61,60,29,33,32,9,1,2,111Y03M
10014,臺東縣,10014060,池上鄉,10014060-008,萬安村,10,8,11,14,19,23,17,16,21,28,26,37,21,24,25,12,17,9,9,0,0,111Y03M
10014,臺東縣,10014060,池上鄉,10014060-009,富興村,12,10,11,21,26,27,16,21,28,37,36,43,41,29,25,15,17,5,5,2,0,111Y03M
10014,臺東縣,10014060,池上鄉,10014060-010,振興村,17,13,11,15,33,33,28,27,41,39,42,46,28,40,27,20,12,5,2,0,0,111Y03M
10014,臺東縣,10014070,東河鄉,10014070-001,北源村,26,32,33,46,62,62,76,110,163,151,169,175,151,138,93,69,41,37,15,5,0,111Y03M
10014,臺東縣,10014070,東河鄉,10014070-002,泰源村,24,23,41,48,64,52,73,85,89,106,121,112,116,89,70,47,41,28,11,6,0,111Y03M
10014,臺東縣,10014070,東河鄉,10014070-003,東河村,14,30,28,28,58,65,42,65,94,91,121,82,80,72,69,45,32,16,11,4,4,111Y03M
10014,臺東縣,10014070,東河鄉,10014070-004,尚德村,3,7,9,12,17,7,11,17,22,21,22,24,26,22,17,10,8,9,2,0,1,111Y03M
10014,臺東縣,10014070,東河鄉,10014070-005,隆昌村,9,8,12,21,18,26,27,29,22,51,55,53,52,59,36,22,26,12,8,2,0,111Y03M
10014,臺東縣,10014070,東河鄉,10014070-006,興昌村,18,17,30,45,36,53,30,37,70,94,89,98,86,86,80,48,39,18,16,4,0,111Y03M
10014,臺東縣,10014070,東河鄉,10014070-007,都蘭村,44,82,67,89,117,120,121,144,205,179,181,210,211,186,140,82,76,46,19,5,0,111Y03M
10014,臺東縣,10014080,長濱鄉,10014080-001,樟原村,11,12,6,17,42,32,18,23,38,50,66,63,56,50,46,30,32,21,5,0,0,111Y03M
10014,臺東縣,10014080,長濱鄉,10014080-002,三間村,26,30,30,45,55,47,38,70,96,98,111,142,107,90,79,71,60,37,12,4,0,111Y03M
10014,臺東縣,10014080,長濱鄉,10014080-003,忠勇村,11,9,26,28,23,33,19,32,46,57,51,62,49,37,30,26,24,12,5,0,0,111Y03M
10014,臺東縣,10014080,長濱鄉,10014080-004,長濱村,49,45,67,97,105,132,103,137,156,158,195,237,182,158,119,83,79,46,12,8,0,111Y03M
10014,臺東縣,10014080,長濱鄉,10014080-005,竹湖村,15,19,16,24,34,34,44,35,87,70,75,107,100,81,60,51,31,24,10,0,0,111Y03M
10014,臺東縣,10014080,長濱鄉,10014080-006,寧埔村,22,22,29,29,40,59,62,77,78,83,117,156,117,126,94,57,40,23,7,0,0,111Y03M
10014,臺東縣,10014090,太麻里鄉,10014090-001,美和村,29,34,34,92,105,97,87,92,113,122,114,134,102,92,71,54,39,26,4,1,0,111Y03M
10014,臺東縣,10014090,太麻里鄉,10014090-002,三和村,9,10,10,26,42,38,33,49,52,44,65,52,53,38,34,27,23,14,5,1,0,111Y03M
10014,臺東縣,10014090,太麻里鄉,10014090-003,華源村,10,7,7,24,30,42,18,36,44,62,64,59,40,47,34,34,42,23,10,3,0,111Y03M
10014,臺東縣,10014090,太麻里鄉,10014090-004,北里村,14,20,14,23,39,45,37,38,44,56,44,42,66,47,37,18,18,10,7,1,0,111Y03M
10014,臺東縣,10014090,太麻里鄉,10014090-005,泰和村,40,48,48,76,97,113,103,100,103,112,119,123,113,97,89,55,53,28,12,3,0,111Y03M
10014,臺東縣,10014090,太麻里鄉,10014090-006,大王村,48,69,64,115,107,111,126,135,138,146,137,165,171,153,118,67,52,34,24,6,1,111Y03M
10014,臺東縣,10014090,太麻里鄉,10014090-007,香蘭村,24,24,29,41,41,45,62,70,70,50,79,88,73,52,48,41,35,13,8,3,0,111Y03M
10014,臺東縣,10014090,太麻里鄉,10014090-008,金崙村,72,71,71,104,128,139,125,122,160,157,169,202,163,107,76,54,31,20,15,5,0,111Y03M
10014,臺東縣,10014090,太麻里鄉,10014090-009,多良村,38,37,39,63,55,80,49,71,93,92,75,92,93,69,47,25,19,12,3,0,0,111Y03M
10014,臺東縣,10014100,大武鄉,10014100-001,大竹村,29,21,26,53,47,39,48,74,80,60,53,76,84,61,34,24,14,11,6,0,0,111Y03M
10014,臺東縣,10014100,大武鄉,10014100-002,大鳥村,52,45,45,74,83,93,101,94,89,90,97,118,100,83,44,20,18,9,2,0,1,111Y03M
10014,臺東縣,10014100,大武鄉,10014100-003,大武村,41,69,59,65,82,80,109,96,124,122,99,135,121,84,79,38,25,16,6,4,1,111Y03M
10014,臺東縣,10014100,大武鄉,10014100-004,尚武村,36,34,38,48,74,90,82,92,141,107,137,120,146,111,74,46,50,25,10,3,0,111Y03M
10014,臺東縣,10014100,大武鄉,10014100-005,南興村,24,19,17,28,31,32,38,38,41,65,42,61,68,46,28,12,10,11,4,0,0,111Y03M
10014,臺東縣,10014110,綠島鄉,10014110-001,公館村,34,45,32,47,90,113,97,87,115,115,82,58,65,57,35,19,13,8,7,2,0,111Y03M
10014,臺東縣,10014110,綠島鄉,10014110-002,中寮村,52,34,35,44,77,117,113,113,98,91,85,101,86,58,39,24,16,12,5,2,0,111Y03M
10014,臺東縣,10014110,綠島鄉,10014110-003,南寮村,63,47,39,63,147,207,185,157,150,156,155,123,120,79,69,34,28,15,4,1,0,111Y03M
10014,臺東縣,10014120,海端鄉,10014120-001,廣原村,51,57,65,67,70,72,73,67,76,69,83,59,50,35,33,12,5,3,0,1,0,111Y03M
10014,臺東縣,10014120,海端鄉,10014120-002,霧鹿村,16,20,21,22,27,24,16,23,32,19,23,23,17,11,11,10,3,2,2,0,0,111Y03M
10014,臺東縣,10014120,海端鄉,10014120-003,利稻村,19,19,20,26,28,21,35,22,26,27,26,10,14,17,11,2,4,0,1,0,0,111Y03M
10014,臺東縣,10014120,海端鄉,10014120-004,海端村,56,74,58,77,105,90,101,98,106,98,70,71,70,57,27,10,15,8,6,0,0,111Y03M
10014,臺東縣,10014120,海端鄉,10014120-005,崁頂村,52,27,67,47,60,59,59,60,52,47,50,63,56,36,14,9,8,3,1,0,0,111Y03M
10014,臺東縣,10014120,海端鄉,10014120-006,加拿村,26,23,51,39,56,54,46,43,49,50,51,54,36,27,11,6,4,0,1,0,0,111Y03M
10014,臺東縣,10014130,延平鄉,10014130-001,武陵村,42,40,41,48,53,52,47,51,68,79,58,60,37,34,20,6,1,5,1,0,0,111Y03M
10014,臺東縣,10014130,延平鄉,10014130-002,永康村,20,26,17,26,30,25,22,33,33,39,48,28,19,13,9,5,7,0,0,0,0,111Y03M
10014,臺東縣,10014130,延平鄉,10014130-003,紅葉村,23,21,33,28,29,39,32,36,51,49,37,30,33,29,22,3,4,3,1,0,0,111Y03M
10014,臺東縣,10014130,延平鄉,10014130-004,鸞山村,37,38,26,35,58,57,37,49,66,59,51,56,47,33,19,9,13,6,5,0,0,111Y03M
10014,臺東縣,10014130,延平鄉,10014130-005,桃源村,73,71,56,71,105,101,88,100,98,113,100,99,82,55,27,6,10,5,4,0,1,111Y03M
10014,臺東縣,10014140,金峰鄉,10014140-001,新興村,29,43,38,33,46,55,53,47,50,48,46,55,58,27,14,11,5,2,2,0,0,111Y03M
10014,臺東縣,10014140,金峰鄉,10014140-002,正興村,33,34,24,44,53,61,58,41,44,51,55,62,75,34,20,8,6,6,4,3,1,111Y03M
10014,臺東縣,10014140,金峰鄉,10014140-003,嘉蘭村,79,83,73,100,139,123,114,109,102,132,116,117,90,68,46,20,12,17,3,0,1,111Y03M
10014,臺東縣,10014140,金峰鄉,10014140-004,賓茂村,13,26,14,19,25,26,31,19,33,29,27,43,32,22,15,5,7,6,3,0,0,111Y03M
10014,臺東縣,10014140,金峰鄉,10014140-005,歷坵村,25,13,14,22,25,32,26,24,32,23,24,45,37,18,12,6,6,5,0,0,0,111Y03M
10014,臺東縣,10014150,達仁鄉,10014150-001,台坂村,28,22,33,24,41,54,56,57,61,40,53,58,66,46,27,13,12,6,3,0,0,111Y03M
10014,臺東縣,10014150,達仁鄉,10014150-002,土坂村,36,34,32,52,72,73,73,62,88,100,92,76,77,51,29,19,11,7,1,0,0,111Y03M
10014,臺東縣,10014150,達仁鄉,10014150-003,新化村,15,7,13,19,23,31,20,19,25,42,33,45,31,25,20,11,8,3,0,0,0,111Y03M
10014,臺東縣,10014150,達仁鄉,10014150-004,安朔村,26,21,22,24,30,37,48,45,52,45,54,56,66,54,27,8,8,5,2,1,0,111Y03M
10014,臺東縣,10014150,達仁鄉,10014150-005,森永村,8,12,14,16,22,17,30,25,39,32,40,42,41,33,15,8,7,3,2,1,0,111Y03M
10014,臺東縣,10014150,達仁鄉,10014150-006,南田村,11,6,8,20,27,30,25,27,33,25,35,30,32,19,5,3,1,2,1,0,0,111Y03M
10014,臺東縣,10014160,蘭嶼鄉,10014160-001,東清村,104,72,70,97,137,140,129,138,152,121,115,107,88,66,32,10,14,9,3,2,0,111Y03M
10014,臺東縣,10014160,蘭嶼鄉,10014160-002,朗島村,43,45,35,61,84,104,100,97,68,72,51,56,46,35,23,11,2,5,5,0,0,111Y03M
10014,臺東縣,10014160,蘭嶼鄉,10014160-003,紅頭村,67,64,48,78,110,124,126,131,127,135,133,110,101,60,37,22,8,6,9,1,1,111Y03M
10014,臺東縣,10014160,蘭嶼鄉,10014160-004,椰油村,54,56,73,60,83,112,104,116,128,91,77,61,77,55,21,12,4,8,3,1,1,111Y03M
10014,臺東縣,10014010,臺東市,10014010-001,富岡里,77,51,94,128,152,168,158,178,209,197,229,205,225,163,139,85,70,40,14,2,0,111Y06M
10014,臺東縣,10014010,臺東市,10014010-003,岩灣里,43,48,59,111,176,213,139,185,204,259,251,213,167,140,81,53,49,17,13,2,0,111Y06M
10014,臺東縣,10014010,臺東市,10014010-004,南王里,102,79,86,156,242,253,246,232,242,230,252,296,233,178,161,85,63,34,13,1,0,111Y06M
10014,臺東縣,10014010,臺東市,10014010-005,卑南里,60,86,83,186,269,246,209,207,274,292,291,281,236,190,137,95,66,32,13,1,2,111Y06M
10014,臺東縣,10014010,臺東市,10014010-006,南榮里,105,110,84,164,233,231,178,199,226,265,264,247,215,190,155,78,44,39,30,12,4,111Y06M
10014,臺東縣,10014010,臺東市,10014010-007,新生里,122,170,111,195,245,311,293,250,272,290,348,319,339,245,180,107,58,42,15,0,0,111Y06M
10014,臺東縣,10014010,臺東市,10014010-008,民生里,74,100,78,117,179,184,182,223,217,214,236,233,236,244,199,97,72,37,17,6,1,111Y06M
10014,臺東縣,10014010,臺東市,10014010-009,寶桑里,53,77,48,75,96,98,79,106,130,121,125,139,115,114,88,47,39,11,7,1,1,111Y06M
10014,臺東縣,10014010,臺東市,10014010-010,馬蘭里,142,334,366,173,180,188,170,186,233,177,212,210,172,182,112,81,65,42,13,2,0,111Y06M
10014,臺東縣,10014010,臺東市,10014010-011,中心里,127,320,403,203,219,262,215,212,266,238,267,267,234,218,161,141,82,44,15,2,2,111Y06M
10014,臺東縣,10014010,臺東市,10014010-012,自強里,253,425,395,225,250,280,259,272,282,250,283,272,309,231,148,88,52,25,11,1,1,111Y06M
10014,臺東縣,10014010,臺東市,10014010-013,民族里,260,423,347,200,168,177,148,217,216,201,206,188,188,175,125,90,103,44,23,6,0,111Y06M
10014,臺東縣,10014010,臺東市,10014010-015,中華里,76,87,97,117,135,171,180,170,198,211,211,214,196,176,129,84,76,34,17,3,0,111Y06M
10014,臺東縣,10014010,臺東市,10014010-017,建國里,67,57,45,82,130,126,159,132,138,150,170,145,183,161,121,76,40,32,7,6,0,111Y06M
10014,臺東縣,10014010,臺東市,10014010-020,中正里,40,33,43,86,142,162,123,156,174,172,173,173,179,190,183,84,80,49,12,7,1,111Y06M
10014,臺東縣,10014010,臺東市,10014010-022,成功里,51,56,78,108,117,149,143,122,140,142,201,189,162,127,102,85,63,33,11,5,0,111Y06M
10014,臺東縣,10014010,臺東市,10014010-023,文化里,158,229,148,87,78,110,136,183,169,145,159,133,130,129,89,54,46,30,24,15,1,111Y06M
10014,臺東縣,10014010,臺東市,10014010-024,中山里,197,185,49,78,125,128,120,141,156,143,175,143,152,143,126,86,58,44,21,12,1,111Y06M
10014,臺東縣,10014010,臺東市,10014010-029,新園里,61,54,47,95,138,178,103,119,123,156,174,162,116,118,83,48,33,13,6,0,1,111Y06M
10014,臺東縣,10014010,臺東市,10014010-030,豐田里,79,106,81,142,184,213,194,188,202,221,211,198,176,158,120,59,36,25,11,7,0,111Y06M
10014,臺東縣,10014010,臺東市,10014010-031,豐年里,142,100,96,197,243,323,272,299,290,284,312,252,250,189,145,99,49,21,20,4,0,111Y06M
10014,臺東縣,10014010,臺東市,10014010-032,光明里,75,174,306,226,235,226,171,185,282,252,325,254,177,137,116,55,39,22,14,2,0,111Y06M
10014,臺東縣,10014010,臺東市,10014010-033,豐樂里,55,91,140,123,135,144,137,120,167,131,168,186,152,133,93,45,28,29,8,1,1,111Y06M
10014,臺東縣,10014010,臺東市,10014010-034,永樂里,104,184,205,198,286,245,181,158,255,266,240,276,251,165,116,51,62,25,12,3,2,111Y06M
10014,臺東縣,10014010,臺東市,10014010-035,康樂里,54,74,72,74,107,106,102,109,118,128,154,131,109,85,49,38,33,12,8,2,0,111Y06M
10014,臺東縣,10014010,臺東市,10014010-036,東海里,210,190,88,124,130,153,149,202,193,146,143,155,222,158,106,58,54,23,15,1,0,111Y06M
10014,臺東縣,10014010,臺東市,10014010-037,新興里,45,71,69,74,88,93,108,106,117,102,140,141,113,109,84,52,32,31,11,5,1,111Y06M
10014,臺東縣,10014010,臺東市,10014010-038,豐榮里,101,121,144,191,252,224,238,253,321,319,273,249,226,228,156,87,70,34,13,3,1,111Y06M
10014,臺東縣,10014010,臺東市,10014010-039,豐谷里,129,126,158,204,277,313,305,291,299,286,305,337,286,248,165,112,81,38,14,3,0,111Y06M
10014,臺東縣,10014010,臺東市,10014010-040,豐里里,76,75,95,127,193,239,179,186,188,195,236,241,186,133,115,64,57,37,17,5,1,111Y06M
10014,臺東縣,10014010,臺東市,10014010-041,豐原里,36,58,62,45,99,116,90,96,91,74,124,132,117,79,70,40,49,35,11,2,0,111Y06M
10014,臺東縣,10014010,臺東市,10014010-042,建和里,69,49,57,64,91,123,121,75,103,89,129,133,128,92,72,57,41,31,10,5,0,111Y06M
10014,臺東縣,10014010,臺東市,10014010-043,建興里,41,15,18,66,105,110,92,64,96,97,130,121,107,75,94,54,34,18,8,0,0,111Y06M
10014,臺東縣,10014010,臺東市,10014010-045,知本里,85,85,64,125,185,222,167,164,167,179,239,244,203,174,113,75,67,40,20,6,0,111Y06M
10014,臺東縣,10014010,臺東市,10014010-046,建農里,90,69,57,126,165,187,151,156,162,228,212,200,161,138,86,48,34,19,16,6,1,111Y06M
10014,臺東縣,10014010,臺東市,10014010-047,仁和里,102,116,81,156,220,246,251,247,263,266,286,300,299,245,179,93,75,30,15,6,0,111Y06M
10014,臺東縣,10014010,臺東市,10014010-048,豐安里,61,65,121,171,198,242,214,236,243,255,239,224,239,206,124,56,56,14,11,2,0,111Y06M
10014,臺東縣,10014010,臺東市,10014010-049,豐盛里,89,106,169,206,272,322,275,273,267,320,348,303,283,206,157,94,57,17,9,6,0,111Y06M
10014,臺東縣,10014020,成功鎮,10014020-001,博愛里,9,6,9,10,16,29,25,31,31,46,63,67,68,51,50,35,36,16,0,3,0,111Y06M
10014,臺東縣,10014020,成功鎮,10014020-002,忠孝里,15,21,25,39,34,63,52,69,77,66,81,99,95,69,68,54,37,28,4,0,1,111Y06M
10014,臺東縣,10014020,成功鎮,10014020-003,三仙里,34,36,40,58,85,86,79,75,123,120,133,117,137,115,88,52,40,13,11,1,1,111Y06M
10014,臺東縣,10014020,成功鎮,10014020-004,三民里,77,76,89,109,184,195,192,203,273,221,245,230,243,232,163,99,71,25,14,5,0,111Y06M
10014,臺東縣,10014020,成功鎮,10014020-005,忠智里,50,101,100,80,130,141,116,137,180,173,157,158,178,127,134,69,70,36,12,5,0,111Y06M
10014,臺東縣,10014020,成功鎮,10014020-006,忠仁里,71,72,99,124,136,136,113,172,194,195,206,188,216,182,128,74,56,36,13,1,1,111Y06M
10014,臺東縣,10014020,成功鎮,10014020-007,和平里,10,18,21,26,25,44,40,42,58,59,68,81,74,75,43,45,33,16,7,4,0,111Y06M
10014,臺東縣,10014020,成功鎮,10014020-008,信義里,30,43,45,67,81,99,97,109,146,163,183,201,198,160,115,66,65,37,11,4,1,111Y06M
10014,臺東縣,10014030,關山鎮,10014030-001,德高里,43,50,46,71,126,151,114,95,123,124,173,169,142,101,109,73,74,47,22,7,1,111Y06M
10014,臺東縣,10014030,關山鎮,10014030-002,豐泉里,33,67,64,53,97,84,75,100,77,87,112,93,110,98,47,47,32,16,12,5,0,111Y06M
10014,臺東縣,10014030,關山鎮,10014030-003,新福里,34,55,41,44,59,73,58,64,67,63,82,101,75,67,35,28,35,18,3,1,0,111Y06M
10014,臺東縣,10014030,關山鎮,10014030-004,中福里,21,34,41,32,46,47,54,67,59,50,59,67,83,75,55,34,32,9,4,2,1,111Y06M
10014,臺東縣,10014030,關山鎮,10014030-005,里壠里,39,76,89,73,107,138,102,123,107,140,135,156,157,137,101,62,54,37,12,2,0,111Y06M
10014,臺東縣,10014030,關山鎮,10014030-006,電光里,12,19,18,31,32,36,31,26,36,51,56,43,46,51,37,23,21,9,2,0,0,111Y06M
10014,臺東縣,10014030,關山鎮,10014030-007,月眉里,15,17,22,23,49,50,55,32,45,63,60,67,87,48,47,15,26,18,6,3,0,111Y06M
10014,臺東縣,10014040,卑南鄉,10014040-001,嘉豐村,16,13,24,19,38,29,32,48,30,38,40,60,45,33,30,17,11,6,6,0,0,111Y06M
10014,臺東縣,10014040,卑南鄉,10014040-002,利吉村,9,16,11,13,23,21,24,35,31,27,33,48,70,45,26,14,20,11,9,0,0,111Y06M
10014,臺東縣,10014040,卑南鄉,10014040-003,富山村,13,14,13,25,28,32,27,30,40,41,45,54,44,32,20,18,23,5,7,1,0,111Y06M
10014,臺東縣,10014040,卑南鄉,10014040-004,富源村,6,2,7,9,15,18,15,23,14,24,36,33,35,29,32,19,10,10,3,2,0,111Y06M
10014,臺東縣,10014040,卑南鄉,10014040-005,明峰村,39,30,29,62,62,78,70,81,87,106,94,125,86,94,85,51,41,20,10,2,1,111Y06M
10014,臺東縣,10014040,卑南鄉,10014040-006,初鹿村,50,31,35,79,93,83,71,78,113,103,122,117,105,102,73,44,32,21,19,4,1,111Y06M
10014,臺東縣,10014040,卑南鄉,10014040-007,美農村,29,23,22,42,83,70,72,58,73,95,106,116,82,76,58,55,33,29,11,3,0,111Y06M
10014,臺東縣,10014040,卑南鄉,10014040-008,賓朗村,60,49,69,148,165,176,147,139,156,173,209,240,183,165,135,77,92,39,18,4,0,111Y06M
10014,臺東縣,10014040,卑南鄉,10014040-009,泰安村,57,55,41,85,111,112,100,79,98,96,127,111,102,60,37,26,27,13,6,2,0,111Y06M
10014,臺東縣,10014040,卑南鄉,10014040-010,太平村,125,106,115,158,244,289,291,276,261,317,309,300,263,223,149,61,52,27,21,8,1,111Y06M
10014,臺東縣,10014040,卑南鄉,10014040-011,利嘉村,47,60,42,54,93,108,101,82,78,91,93,104,100,96,58,21,20,16,5,3,1,111Y06M
10014,臺東縣,10014040,卑南鄉,10014040-012,東興村,43,47,44,68,81,112,79,90,113,99,133,127,105,61,49,27,14,11,7,4,0,111Y06M
10014,臺東縣,10014040,卑南鄉,10014040-013,溫泉村,32,50,22,39,49,56,57,56,92,86,100,122,102,98,82,47,45,21,16,3,1,111Y06M
10014,臺東縣,10014050,鹿野鄉,10014050-001,瑞和村,18,10,19,29,46,58,48,44,58,51,61,70,49,47,36,27,18,17,1,0,1,111Y06M
10014,臺東縣,10014050,鹿野鄉,10014050-002,瑞豐村,16,18,17,53,62,47,45,58,62,86,77,74,73,80,57,35,33,28,12,3,0,111Y06M
10014,臺東縣,10014050,鹿野鄉,10014050-003,瑞源村,19,33,27,30,42,68,63,48,65,76,59,88,69,77,58,43,28,18,8,2,1,111Y06M
10014,臺東縣,10014050,鹿野鄉,10014050-004,永安村,41,55,39,58,104,98,91,111,119,110,141,164,131,110,71,49,42,28,12,2,1,111Y06M
10014,臺東縣,10014050,鹿野鄉,10014050-005,瑞隆村,29,21,21,57,56,52,54,51,68,71,83,81,78,67,59,29,43,23,4,0,0,111Y06M
10014,臺東縣,10014050,鹿野鄉,10014050-006,鹿野村,17,29,26,51,64,78,66,52,76,78,95,120,96,94,59,47,36,20,16,1,0,111Y06M
10014,臺東縣,10014050,鹿野鄉,10014050-007,龍田村,26,30,34,57,70,56,60,77,86,75,105,104,99,85,75,41,43,29,10,4,0,111Y06M
10014,臺東縣,10014060,池上鄉,10014060-001,福文村,45,32,32,58,87,80,64,47,94,109,111,107,93,90,58,41,41,23,20,2,3,111Y06M
10014,臺東縣,10014060,池上鄉,10014060-002,慶豐村,36,31,6,25,41,53,40,46,49,64,59,70,61,43,55,26,17,20,9,1,0,111Y06M
10014,臺東縣,10014060,池上鄉,10014060-003,大坡村,9,8,13,8,15,22,16,23,19,21,23,30,48,34,26,12,10,11,2,0,0,111Y06M
10014,臺東縣,10014060,池上鄉,10014060-004,大埔村,38,15,26,31,45,61,45,50,69,62,66,70,66,86,66,39,29,12,7,1,0,111Y06M
10014,臺東縣,10014060,池上鄉,10014060-005,福原村,106,74,86,96,133,153,147,131,160,168,170,155,169,146,121,81,68,41,19,4,2,111Y06M
10014,臺東縣,10014060,池上鄉,10014060-006,錦園村,12,5,9,7,19,16,14,23,18,26,27,43,37,35,22,14,15,11,6,2,0,111Y06M
10014,臺東縣,10014060,池上鄉,10014060-007,新興村,29,24,24,35,52,61,56,59,55,86,85,62,82,65,60,27,32,32,8,1,2,111Y06M
10014,臺東縣,10014060,池上鄉,10014060-008,萬安村,7,9,13,11,22,24,15,17,25,26,26,38,25,23,23,15,16,9,9,0,0,111Y06M
10014,臺東縣,10014060,池上鄉,10014060-009,富興村,11,11,11,19,28,27,15,22,26,40,34,40,43,29,25,15,16,6,5,2,0,111Y06M
10014,臺東縣,10014060,池上鄉,10014060-010,振興村,18,13,11,15,29,35,29,27,38,44,42,45,30,40,28,18,11,7,2,0,0,111Y06M
10014,臺東縣,10014070,東河鄉,10014070-001,北源村,28,27,34,46,65,65,78,107,160,143,172,173,150,133,99,68,42,34,14,6,0,111Y06M
10014,臺東縣,10014070,東河鄉,10014070-002,泰源村,24,24,40,47,68,53,70,83,89,100,124,109,119,89,69,49,40,26,11,6,0,111Y06M
10014,臺東縣,10014070,東河鄉,10014070-003,東河村,18,28,28,29,56,64,49,64,98,88,121,89,84,72,65,47,31,17,10,5,4,111Y06M
10014,臺東縣,10014070,東河鄉,10014070-004,尚德村,1,8,9,12,15,7,9,16,23,22,20,25,25,22,17,10,7,8,3,0,1,111Y06M
10014,臺東縣,10014070,東河鄉,10014070-005,隆昌村,5,9,12,20,18,25,23,28,22,47,60,51,51,58,37,22,24,13,7,2,0,111Y06M
10014,臺東縣,10014070,東河鄉,10014070-006,興昌村,19,22,26,43,37,60,32,34,72,100,93,98,87,90,78,48,38,20,15,3,0,111Y06M
10014,臺東縣,10014070,東河鄉,10014070-007,都蘭村,44,77,65,93,114,122,115,141,210,180,181,212,210,190,137,86,72,50,19,5,1,111Y06M
10014,臺東縣,10014080,長濱鄉,10014080-001,樟原村,12,9,6,16,42,31,19,24,37,49,65,61,51,54,45,29,32,24,4,1,0,111Y06M
10014,臺東縣,10014080,長濱鄉,10014080-002,三間村,25,27,31,43,54,49,38,68,97,97,106,146,102,94,78,72,56,37,13,4,0,111Y06M
10014,臺東縣,10014080,長濱鄉,10014080-003,忠勇村,10,12,22,29,26,32,21,32,45,51,57,60,53,36,31,25,26,11,5,0,0,111Y06M
10014,臺東縣,10014080,長濱鄉,10014080-004,長濱村,46,48,72,94,99,135,104,139,146,165,194,238,186,163,123,82,73,49,11,8,0,111Y06M
10014,臺東縣,10014080,長濱鄉,10014080-005,竹湖村,13,21,17,21,35,35,47,36,86,71,73,109,98,85,60,50,31,25,11,0,0,111Y06M
10014,臺東縣,10014080,長濱鄉,10014080-006,寧埔村,22,20,32,28,41,60,63,73,77,81,117,160,115,125,91,58,43,20,8,0,0,111Y06M
10014,臺東縣,10014090,太麻里鄉,10014090-001,美和村,31,33,37,87,107,91,92,97,107,119,119,133,101,91,71,54,41,26,4,1,0,111Y06M
10014,臺東縣,10014090,太麻里鄉,10014090-002,三和村,10,9,10,27,38,39,32,47,54,44,64,48,55,39,33,27,24,13,6,1,0,111Y06M
10014,臺東縣,10014090,太麻里鄉,10014090-003,華源村,10,7,6,20,37,40,19,36,42,63,62,58,45,48,31,35,42,24,10,3,0,111Y06M
10014,臺東縣,10014090,太麻里鄉,10014090-004,北里村,17,19,12,26,38,51,36,38,43,54,46,44,62,51,37,15,21,10,6,2,0,111Y06M
10014,臺東縣,10014090,太麻里鄉,10014090-005,泰和村,35,51,45,78,98,114,104,95,98,111,125,121,115,92,93,54,54,27,11,3,0,111Y06M
10014,臺東縣,10014090,太麻里鄉,10014090-006,大王村,48,74,64,111,108,109,130,133,137,148,142,161,172,158,121,69,49,37,22,7,0,111Y06M
10014,臺東縣,10014090,太麻里鄉,10014090-007,香蘭村,24,25,28,43,40,47,60,71,73,48,79,90,73,54,49,40,37,12,8,3,0,111Y06M
10014,臺東縣,10014090,太麻里鄉,10014090-008,金崙村,76,68,72,103,128,139,131,121,163,160,168,204,162,106,75,57,32,20,14,5,0,111Y06M
10014,臺東縣,10014090,太麻里鄉,10014090-009,多良村,34,32,40,60,55,79,50,68,88,95,74,95,88,69,45,28,17,11,4,0,0,111Y06M
10014,臺東縣,10014100,大武鄉,10014100-001,大竹村,30,24,24,58,48,38,45,75,82,61,51,78,84,66,33,24,13,10,6,0,0,111Y06M
10014,臺東縣,10014100,大武鄉,10014100-002,大鳥村,57,44,42,74,83,93,105,96,89,94,93,121,104,81,46,21,18,8,2,0,1,111Y06M
10014,臺東縣,10014100,大武鄉,10014100-003,大武村,43,75,62,69,83,79,105,97,123,121,99,136,116,87,82,35,25,17,6,4,1,111Y06M
10014,臺東縣,10014100,大武鄉,10014100-004,尚武村,37,36,39,46,75,91,79,95,137,109,137,121,147,113,75,45,46,29,9,4,0,111Y06M
10014,臺東縣,10014100,大武鄉,10014100-005,南興村,23,15,17,27,33,31,37,40,47,61,43,53,70,47,30,11,9,9,4,1,0,111Y06M
10014,臺東縣,10014110,綠島鄉,10014110-001,公館村,34,48,31,46,93,114,103,87,113,119,85,58,69,57,38,19,13,8,7,2,0,111Y06M
10014,臺東縣,10014110,綠島鄉,10014110-002,中寮村,54,30,33,48,74,123,114,118,94,96,89,96,89,60,38,24,15,12,5,2,0,111Y06M
10014,臺東縣,10014110,綠島鄉,10014110-003,南寮村,65,43,42,64,153,220,188,157,155,162,154,125,123,78,71,34,26,16,5,1,0,111Y06M
10014,臺東縣,10014120,海端鄉,10014120-001,廣原村,55,54,68,70,69,70,77,64,80,69,78,62,49,34,35,11,5,3,0,0,0,111Y06M
10014,臺東縣,10014120,海端鄉,10014120-002,霧鹿村,15,19,22,20,27,25,19,22,34,17,22,24,17,10,11,10,2,2,2,0,0,111Y06M
10014,臺東縣,10014120,海端鄉,10014120-003,利稻村,18,19,16,29,28,22,34,24,28,27,26,10,14,18,11,2,3,0,1,0,0,111Y06M
10014,臺東縣,10014120,海端鄉,10014120-004,海端村,54,68,61,78,103,92,98,101,103,102,66,77,66,59,27,11,14,7,6,0,0,111Y06M
10014,臺東縣,10014120,海端鄉,10014120-005,崁頂村,51,27,65,45,66,56,57,62,49,47,49,67,55,37,16,9,8,3,0,0,0,111Y06M
10014,臺東縣,10014120,海端鄉,10014120-006,加拿村,26,21,48,37,57,49,47,43,51,49,48,53,39,28,10,6,4,0,1,0,0,111Y06M
10014,臺東縣,10014130,延平鄉,10014130-001,武陵村,43,39,39,50,59,54,43,45,74,80,55,61,39,33,24,6,1,5,1,0,0,111Y06M
10014,臺東縣,10014130,延平鄉,10014130-002,永康村,18,26,17,29,28,29,23,34,33,36,49,30,20,13,8,5,7,0,0,0,0,111Y06M
10014,臺東縣,10014130,延平鄉,10014130-003,紅葉村,24,22,33,29,31,37,34,34,52,51,34,32,29,29,22,4,4,2,1,0,0,111Y06M
10014,臺東縣,10014130,延平鄉,10014130-004,鸞山村,38,38,23,36,59,55,38,47,66,62,53,58,47,33,20,9,10,7,3,0,0,111Y06M
10014,臺東縣,10014130,延平鄉,10014130-005,桃源村,75,71,53,70,103,103,85,108,98,113,103,100,86,51,32,5,9,5,4,0,1,111Y06M
10014,臺東縣,10014140,金峰鄉,10014140-001,新興村,31,42,35,34,49,53,56,48,46,47,49,59,57,27,15,11,5,2,1,1,0,111Y06M
10014,臺東縣,10014140,金峰鄉,10014140-002,正興村,35,30,27,41,59,59,60,43,45,52,55,65,75,33,20,8,6,4,5,3,1,111Y06M
10014,臺東縣,10014140,金峰鄉,10014140-003,嘉蘭村,82,80,69,100,133,133,118,107,100,130,118,114,94,66,47,24,11,19,3,0,1,111Y06M
10014,臺東縣,10014140,金峰鄉,10014140-004,賓茂村,11,24,17,20,25,25,30,18,34,28,27,43,33,17,17,5,7,5,3,0,0,111Y06M
10014,臺東縣,10014140,金峰鄉,10014140-005,歷坵村,23,13,14,19,28,32,25,25,32,24,21,46,37,17,13,5,5,7,0,0,0,111Y06M
10014,臺東縣,10014150,達仁鄉,10014150-001,台坂村,29,24,31,26,38,57,53,60,56,42,53,59,67,46,27,12,13,6,3,0,0,111Y06M
10014,臺東縣,10014150,達仁鄉,10014150-002,土坂村,36,33,27,46,71,76,76,62,84,97,94,81,74,56,27,20,11,6,1,0,0,111Y06M
10014,臺東縣,10014150,達仁鄉,10014150-003,新化村,14,8,13,22,24,29,21,21,25,42,35,45,33,23,22,11,8,1,1,0,0,111Y06M
10014,臺東縣,10014150,達仁鄉,10014150-004,安朔村,29,20,23,23,30,37,46,47,50,46,58,56,62,55,29,9,9,4,3,1,0,111Y06M
10014,臺東縣,10014150,達仁鄉,10014150-005,森永村,8,11,14,15,24,22,27,22,40,31,40,43,40,37,15,7,7,2,3,1,0,111Y06M
10014,臺東縣,10014150,達仁鄉,10014150-006,南田村,11,5,9,18,28,30,30,26,34,25,34,29,36,18,5,3,1,1,1,0,0,111Y06M
10014,臺東縣,10014160,蘭嶼鄉,10014160-001,東清村,104,77,66,92,136,148,131,130,155,124,113,102,90,71,32,9,15,8,3,2,0,111Y06M
10014,臺東縣,10014160,蘭嶼鄉,10014160-002,朗島村,43,40,38,61,76,111,99,96,68,72,50,51,51,35,24,10,2,5,5,0,0,111Y06M
10014,臺東縣,10014160,蘭嶼鄉,10014160-003,紅頭村,62,65,45,84,103,130,128,132,134,128,135,109,108,57,38,23,7,6,8,2,1,111Y06M
10014,臺東縣,10014160,蘭嶼鄉,10014160-004,椰油村,51,51,77,61,84,107,97,124,129,97,72,66,79,49,24,12,5,8,3,0,0,111Y06M
10014,臺東縣,10014010,臺東市,10014010-001,富岡里,70,48,90,127,150,170,157,169,204,198,232,200,224,163,140,81,76,38,16,2,0,111Y09M
10014,臺東縣,10014010,臺東市,10014010-003,岩灣里,42,47,60,115,176,222,140,185,198,254,261,213,167,143,83,51,53,16,11,2,0,111Y09M
10014,臺東縣,10014010,臺東市,10014010-004,南王里,99,88,88,154,241,239,254,231,240,226,250,294,235,184,163,84,61,36,13,1,0,111Y09M
10014,臺東縣,10014010,臺東市,10014010-005,卑南里,60,80,83,183,264,246,211,201,274,293,294,276,242,190,142,93,72,31,14,1,2,111Y09M
10014,臺東縣,10014010,臺東市,10014010-006,南榮里,107,101,85,156,231,238,187,202,224,262,265,250,216,185,162,79,48,37,30,13,3,111Y09M
10014,臺東縣,10014010,臺東市,10014010-007,新生里,125,168,117,193,240,310,291,254,274,280,343,333,332,249,175,110,60,39,18,0,0,111Y09M
10014,臺東縣,10014010,臺東市,10014010-008,民生里,75,96,86,114,178,180,186,218,221,212,237,224,228,249,204,96,70,43,16,5,1,111Y09M
10014,臺東縣,10014010,臺東市,10014010-009,寶桑里,53,69,45,73,93,105,72,110,124,127,121,134,124,111,89,48,40,13,7,1,0,111Y09M
10014,臺東縣,10014010,臺東市,10014010-010,馬蘭里,138,331,365,171,173,196,164,182,237,165,218,214,166,185,118,84,63,46,12,4,0,111Y09M
10014,臺東縣,10014010,臺東市,10014010-011,中心里,132,307,401,199,220,251,212,203,257,249,259,265,240,216,163,138,88,44,14,2,2,111Y09M
10014,臺東縣,10014010,臺東市,10014010-012,自強里,265,430,399,225,249,273,256,264,299,244,281,276,314,224,155,86,52,26,9,2,1,111Y09M
10014,臺東縣,10014010,臺東市,10014010-013,民族里,256,416,348,186,168,178,145,208,220,191,208,185,187,177,127,87,101,48,24,6,0,111Y09M
10014,臺東縣,10014010,臺東市,10014010-015,中華里,75,91,93,120,132,171,189,168,197,209,210,210,202,173,127,90,75,35,17,3,0,111Y09M
10014,臺東縣,10014010,臺東市,10014010-017,建國里,63,65,45,77,125,131,153,131,138,151,158,154,181,163,121,78,42,30,8,6,0,111Y09M
10014,臺東縣,10014010,臺東市,10014010-020,中正里,38,36,49,82,135,157,133,149,170,176,171,175,178,192,183,86,77,54,12,8,1,111Y09M
10014,臺東縣,10014010,臺東市,10014010-022,成功里,52,58,74,103,119,152,148,123,145,148,190,193,165,130,100,87,62,35,11,4,0,111Y09M
10014,臺東縣,10014010,臺東市,10014010-023,文化里,147,242,148,90,87,107,135,176,169,147,162,129,133,126,84,59,41,31,25,15,1,111Y09M
10014,臺東縣,10014010,臺東市,10014010-024,中山里,188,182,49,68,128,125,128,129,156,137,176,143,150,142,126,80,61,41,23,10,2,111Y09M
10014,臺東縣,10014010,臺東市,10014010-029,新園里,58,51,55,96,134,172,113,116,122,150,182,165,117,113,89,46,38,12,6,0,1,111Y09M
10014,臺東縣,10014010,臺東市,10014010-030,豐田里,75,99,86,131,190,209,195,186,203,212,218,192,181,159,113,71,37,21,11,6,1,111Y09M
10014,臺東縣,10014010,臺東市,10014010-031,豐年里,145,94,91,190,235,324,271,284,295,276,309,261,250,186,154,98,49,20,22,4,0,111Y09M
10014,臺東縣,10014010,臺東市,10014010-032,光明里,68,177,298,224,231,222,168,174,278,265,307,267,173,144,112,56,41,21,12,2,0,111Y09M
10014,臺東縣,10014010,臺東市,10014010-033,豐樂里,52,89,145,111,141,139,135,119,161,128,169,185,157,131,96,46,30,29,9,1,1,111Y09M
10014,臺東縣,10014010,臺東市,10014010-034,永樂里,99,184,203,200,276,255,183,155,252,257,243,276,251,165,118,53,61,26,11,4,2,111Y09M
10014,臺東縣,10014010,臺東市,10014010-035,康樂里,63,76,74,71,109,110,101,105,124,125,149,138,105,89,48,39,32,12,8,1,0,111Y09M
10014,臺東縣,10014010,臺東市,10014010-036,東海里,215,186,85,124,133,155,145,196,196,147,145,153,217,164,107,61,52,25,14,0,0,111Y09M
10014,臺東縣,10014010,臺東市,10014010-037,新興里,47,63,67,72,82,90,112,101,117,97,132,143,112,108,88,55,30,35,10,4,1,111Y09M
10014,臺東縣,10014010,臺東市,10014010-038,豐榮里,100,111,151,193,247,217,239,251,325,321,277,241,238,223,158,89,68,34,14,3,1,111Y09M
10014,臺東縣,10014010,臺東市,10014010-039,豐谷里,124,117,157,200,279,302,304,281,311,279,316,329,284,259,161,113,80,42,14,2,0,111Y09M
10014,臺東縣,10014010,臺東市,10014010-040,豐里里,73,78,88,127,180,245,186,184,179,194,236,237,191,134,115,69,54,35,19,5,1,111Y09M
10014,臺東縣,10014010,臺東市,10014010-041,豐原里,33,51,69,43,91,113,94,88,95,73,125,130,117,77,70,40,46,34,13,2,0,111Y09M
10014,臺東縣,10014010,臺東市,10014010-042,建和里,72,42,60,63,92,113,127,73,106,87,127,137,129,94,70,56,39,33,10,5,0,111Y09M
10014,臺東縣,10014010,臺東市,10014010-043,建興里,41,16,22,67,101,116,94,67,98,95,128,120,110,76,94,54,32,19,8,0,0,111Y09M
10014,臺東縣,10014010,臺東市,10014010-045,知本里,85,84,67,123,180,214,175,167,171,176,231,250,201,178,114,77,66,40,24,6,0,111Y09M
10014,臺東縣,10014010,臺東市,10014010-046,建農里,86,68,58,118,169,176,155,147,172,222,219,194,164,137,89,49,35,19,15,8,1,111Y09M
10014,臺東縣,10014010,臺東市,10014010-047,仁和里,103,110,91,150,217,245,249,248,255,270,277,301,303,250,179,100,74,35,14,6,0,111Y09M
10014,臺東縣,10014010,臺東市,10014010-048,豐安里,73,67,116,179,195,249,238,251,268,271,241,237,240,216,131,56,57,15,11,3,0,111Y09M
10014,臺東縣,10014010,臺東市,10014010-049,豐盛里,90,108,166,200,276,322,276,277,269,314,346,313,283,207,161,93,57,16,9,5,0,111Y09M
10014,臺東縣,10014020,成功鎮,10014020-001,博愛里,9,7,8,11,17,28,26,32,31,44,63,72,70,48,50,34,35,17,0,3,0,111Y09M
10014,臺東縣,10014020,成功鎮,10014020-002,忠孝里,16,20,27,38,36,58,52,65,80,62,80,97,101,71,63,58,31,31,5,0,1,111Y09M
10014,臺東縣,10014020,成功鎮,10014020-003,三仙里,30,38,45,57,79,85,78,76,115,122,133,124,132,117,89,50,41,13,11,2,1,111Y09M
10014,臺東縣,10014020,成功鎮,10014020-004,三民里,75,78,91,108,181,200,188,205,270,221,245,223,246,231,168,103,70,26,12,5,0,111Y09M
10014,臺東縣,10014020,成功鎮,10014020-005,忠智里,52,99,97,80,138,141,114,140,182,170,166,157,183,131,135,63,69,41,10,5,0,111Y09M
10014,臺東縣,10014020,成功鎮,10014020-006,忠仁里,63,79,98,122,134,130,119,165,190,191,211,185,218,184,127,80,54,38,13,1,1,111Y09M
10014,臺東縣,10014020,成功鎮,10014020-007,和平里,8,14,20,23,26,44,37,39,49,63,64,81,71,74,45,46,30,15,9,3,0,111Y09M
10014,臺東縣,10014020,成功鎮,10014020-008,信義里,27,43,43,64,84,100,98,100,142,167,185,205,192,167,115,64,66,36,13,4,0,111Y09M
10014,臺東縣,10014030,關山鎮,10014030-001,德高里,45,49,41,70,115,158,112,94,124,121,170,174,144,103,108,76,72,43,23,8,1,111Y09M
10014,臺東縣,10014030,關山鎮,10014030-002,豐泉里,30,64,67,52,93,88,76,92,84,85,104,96,111,98,49,46,33,17,12,4,0,111Y09M
10014,臺東縣,10014030,關山鎮,10014030-003,新福里,29,58,41,40,59,72,57,61,68,64,88,100,75,67,36,27,33,20,3,2,0,111Y09M
10014,臺東縣,10014030,關山鎮,10014030-004,中福里,22,34,40,32,46,47,53,62,58,54,57,68,78,79,53,34,34,9,4,2,0,111Y09M
10014,臺東縣,10014030,關山鎮,10014030-005,里壠里,39,78,93,70,101,133,110,118,114,139,139,152,157,136,104,63,53,38,13,2,0,111Y09M
10014,臺東縣,10014030,關山鎮,10014030-006,電光里,12,20,14,32,32,35,33,24,38,46,59,46,45,51,33,26,20,10,2,0,0,111Y09M
10014,臺東縣,10014030,關山鎮,10014030-007,月眉里,17,14,20,23,51,49,51,35,43,61,61,65,85,52,44,20,26,17,5,3,0,111Y09M
10014,臺東縣,10014040,卑南鄉,10014040-001,嘉豐村,15,15,24,19,37,32,31,47,34,38,41,54,51,34,29,17,12,6,6,0,0,111Y09M
10014,臺東縣,10014040,卑南鄉,10014040-002,利吉村,12,15,11,13,21,22,27,31,34,26,32,47,71,46,24,16,17,12,9,1,0,111Y09M
10014,臺東縣,10014040,卑南鄉,10014040-003,富山村,12,16,13,24,28,32,28,29,37,43,45,55,42,33,18,20,23,5,7,0,1,111Y09M
10014,臺東縣,10014040,卑南鄉,10014040-004,富源村,7,2,6,9,15,19,15,22,15,24,35,34,34,30,32,18,11,10,3,1,0,111Y09M
10014,臺東縣,10014040,卑南鄉,10014040-005,明峰村,41,29,31,60,63,71,66,83,90,104,96,118,91,92,86,49,44,21,10,2,1,111Y09M
10014,臺東縣,10014040,卑南鄉,10014040-006,初鹿村,45,33,40,77,88,89,75,75,110,107,125,117,103,103,67,48,29,22,20,5,1,111Y09M
10014,臺東縣,10014040,卑南鄉,10014040-007,美農村,26,24,22,38,85,69,73,57,73,93,107,110,89,77,57,52,37,28,10,2,0,111Y09M
10014,臺東縣,10014040,卑南鄉,10014040-008,賓朗村,61,44,70,144,163,181,143,136,158,172,216,238,181,164,137,84,92,41,18,4,0,111Y09M
10014,臺東縣,10014040,卑南鄉,10014040-009,泰安村,60,60,42,84,104,111,106,79,99,97,122,115,105,58,41,26,26,13,7,2,0,111Y09M
10014,臺東縣,10014040,卑南鄉,10014040-010,太平村,133,111,116,155,255,285,299,268,281,319,308,309,258,225,149,64,50,27,20,9,1,111Y09M
10014,臺東縣,10014040,卑南鄉,10014040-011,利嘉村,49,60,47,51,90,115,100,87,70,95,95,103,100,95,57,24,20,15,5,3,1,111Y09M
10014,臺東縣,10014040,卑南鄉,10014040-012,東興村,46,52,39,70,80,114,84,87,113,94,138,130,108,61,50,25,15,11,6,4,0,111Y09M
10014,臺東縣,10014040,卑南鄉,10014040-013,溫泉村,32,52,19,38,50,54,58,51,96,87,100,130,103,96,87,47,43,23,15,3,0,111Y09M
10014,臺東縣,10014050,鹿野鄉,10014050-001,瑞和村,20,9,20,28,43,58,51,40,57,47,63,68,53,46,33,27,15,20,1,0,1,111Y09M
10014,臺東縣,10014050,鹿野鄉,10014050-002,瑞豐村,16,19,18,47,68,46,46,59,60,86,78,69,76,80,57,34,35,26,12,3,0,111Y09M
10014,臺東縣,10014050,鹿野鄉,10014050-003,瑞源村,19,35,24,33,41,72,60,50,61,80,56,85,74,77,55,43,28,18,10,2,1,111Y09M
10014,臺東縣,10014050,鹿野鄉,10014050-004,永安村,42,51,35,54,100,97,94,104,125,108,138,167,133,108,70,49,45,27,9,3,1,111Y09M
10014,臺東縣,10014050,鹿野鄉,10014050-005,瑞隆村,29,22,19,54,58,49,57,53,66,66,78,84,81,73,58,26,38,24,6,0,0,111Y09M
10014,臺東縣,10014050,鹿野鄉,10014050-006,鹿野村,17,28,27,50,61,84,65,52,73,78,90,122,99,95,59,46,35,19,16,2,0,111Y09M
10014,臺東縣,10014050,鹿野鄉,10014050-007,龍田村,22,30,32,58,67,56,58,75,85,76,98,108,101,85,72,43,45,26,12,3,0,111Y09M
10014,臺東縣,10014060,池上鄉,10014060-001,福文村,41,32,36,56,86,78,65,48,95,103,112,104,95,85,60,39,43,24,19,4,3,111Y09M
10014,臺東縣,10014060,池上鄉,10014060-002,慶豐村,36,29,10,25,42,52,40,42,51,60,60,71,62,45,53,27,18,21,8,1,0,111Y09M
10014,臺東縣,10014060,池上鄉,10014060-003,大坡村,9,9,14,7,14,23,15,24,22,21,22,30,47,35,26,12,10,12,2,0,0,111Y09M
10014,臺東縣,10014060,池上鄉,10014060-004,大埔村,37,15,22,35,45,62,44,48,70,59,69,70,70,83,69,41,27,10,8,1,0,111Y09M
10014,臺東縣,10014060,池上鄉,10014060-005,福原村,105,72,85,97,131,143,146,137,158,164,174,157,171,149,114,78,74,42,18,4,2,111Y09M
10014,臺東縣,10014060,池上鄉,10014060-006,錦園村,12,5,7,10,19,15,14,22,20,27,24,46,37,34,23,14,15,10,5,2,0,111Y09M
10014,臺東縣,10014060,池上鄉,10014060-007,新興村,33,21,24,34,51,58,60,51,57,86,88,62,83,66,59,28,31,32,8,1,2,111Y09M
10014,臺東縣,10014060,池上鄉,10014060-008,萬安村,6,12,12,11,22,24,15,16,25,23,28,39,27,23,23,15,15,10,9,0,0,111Y09M
10014,臺東縣,10014060,池上鄉,10014060-009,富興村,11,10,12,19,25,25,17,19,26,41,34,38,44,28,25,14,17,6,4,2,0,111Y09M
10014,臺東縣,10014060,池上鄉,10014060-010,振興村,19,12,14,12,34,36,27,26,40,44,43,45,30,42,27,19,10,6,3,0,0,111Y09M
10014,臺東縣,10014070,東河鄉,10014070-001,北源村,28,22,36,47,63,62,82,93,168,149,166,166,159,133,105,64,45,31,14,7,0,111Y09M
10014,臺東縣,10014070,東河鄉,10014070-002,泰源村,28,25,40,45,71,61,66,79,88,104,120,115,114,94,71,51,36,26,11,7,0,111Y09M
10014,臺東縣,10014070,東河鄉,10014070-003,東河村,20,25,30,31,51,67,47,63,102,85,118,96,81,74,65,44,33,18,10,5,4,111Y09M
10014,臺東縣,10014070,東河鄉,10014070-004,尚德村,1,6,10,12,16,7,9,14,25,23,18,23,28,20,19,11,7,7,3,0,1,111Y09M
10014,臺東縣,10014070,東河鄉,10014070-005,隆昌村,7,7,12,21,17,26,24,28,24,46,59,52,49,62,38,22,23,13,7,2,0,111Y09M
10014,臺東縣,10014070,東河鄉,10014070-006,興昌村,17,20,29,47,34,61,29,35,71,98,94,98,87,94,78,47,40,20,15,3,0,111Y09M
10014,臺東縣,10014070,東河鄉,10014070-007,都蘭村,48,77,68,87,111,122,115,132,220,179,175,211,218,188,134,91,72,50,18,5,0,111Y09M
10014,臺東縣,10014080,長濱鄉,10014080-001,樟原村,12,9,5,18,38,35,18,22,36,47,67,62,53,55,45,28,32,25,5,1,0,111Y09M
10014,臺東縣,10014080,長濱鄉,10014080-002,三間村,25,28,32,42,49,52,38,64,93,98,115,147,101,92,80,72,57,40,13,4,0,111Y09M
10014,臺東縣,10014080,長濱鄉,10014080-003,忠勇村,9,10,22,28,24,33,20,31,43,49,59,60,54,36,32,24,23,13,5,0,0,111Y09M
10014,臺東縣,10014080,長濱鄉,10014080-004,長濱村,38,54,65,100,95,127,111,137,144,162,193,229,196,163,126,85,69,47,14,6,1,111Y09M
10014,臺東縣,10014080,長濱鄉,10014080-005,竹湖村,12,21,20,21,34,36,43,38,84,77,75,109,96,82,63,50,33,22,12,0,0,111Y09M
10014,臺東縣,10014080,長濱鄉,10014080-006,寧埔村,23,21,30,29,44,54,65,66,85,80,119,165,118,127,91,60,43,17,9,0,0,111Y09M
10014,臺東縣,10014090,太麻里鄉,10014090-001,美和村,30,36,37,88,101,91,94,93,111,112,122,129,103,93,70,52,45,26,2,1,0,111Y09M
10014,臺東縣,10014090,太麻里鄉,10014090-002,三和村,12,9,11,28,35,41,31,46,53,45,61,52,52,41,34,26,22,12,6,1,0,111Y09M
10014,臺東縣,10014090,太麻里鄉,10014090-003,華源村,10,8,7,19,35,42,17,36,41,60,63,61,44,47,34,33,38,26,10,3,0,111Y09M
10014,臺東縣,10014090,太麻里鄉,10014090-004,北里村,16,19,11,26,35,50,39,35,46,52,45,42,62,53,36,15,22,10,6,2,0,111Y09M
10014,臺東縣,10014090,太麻里鄉,10014090-005,泰和村,36,45,43,77,98,117,107,90,100,115,127,123,112,93,99,53,53,28,10,3,0,111Y09M
10014,臺東縣,10014090,太麻里鄉,10014090-006,大王村,50,73,61,110,110,107,130,124,137,152,144,164,172,157,123,69,51,35,22,6,1,111Y09M
10014,臺東縣,10014090,太麻里鄉,10014090-007,香蘭村,24,26,27,43,39,48,55,70,73,51,73,91,72,53,50,42,36,7,9,4,0,111Y09M
10014,臺東縣,10014090,太麻里鄉,10014090-008,金崙村,75,68,72,103,124,138,133,119,162,161,170,196,164,110,74,56,34,19,13,5,0,111Y09M
10014,臺東縣,10014090,太麻里鄉,10014090-009,多良村,32,37,36,55,55,79,54,68,92,93,76,95,88,72,45,27,15,12,5,0,0,111Y09M
10014,臺東縣,10014100,大武鄉,10014100-001,大竹村,30,24,22,57,51,37,47,77,83,61,53,76,84,69,35,22,13,11,6,0,0,111Y09M
10014,臺東縣,10014100,大武鄉,10014100-002,大鳥村,54,43,48,70,85,94,104,93,90,96,93,116,100,90,42,22,17,9,2,0,1,111Y09M
10014,臺東縣,10014100,大武鄉,10014100-003,大武村,43,71,65,68,81,80,99,92,124,119,103,134,121,85,83,33,27,17,6,4,1,111Y09M
10014,臺東縣,10014100,大武鄉,10014100-004,尚武村,37,39,38,43,77,91,78,90,134,113,134,118,147,112,82,43,46,26,8,3,0,111Y09M
10014,臺東縣,10014100,大武鄉,10014100-005,南興村,24,11,20,23,37,29,35,41,51,59,37,64,64,52,29,12,9,9,4,1,0,111Y09M
10014,臺東縣,10014110,綠島鄉,10014110-001,公館村,33,48,33,48,92,121,104,82,112,126,89,58,69,57,40,18,13,9,7,2,0,111Y09M
10014,臺東縣,10014110,綠島鄉,10014110-002,中寮村,52,33,34,47,70,122,114,117,99,94,90,97,88,63,37,26,15,11,5,2,0,111Y09M
10014,臺東縣,10014110,綠島鄉,10014110-003,南寮村,65,41,45,57,156,235,192,155,157,160,160,123,124,81,71,37,24,16,6,1,0,111Y09M
10014,臺東縣,10014120,海端鄉,10014120-001,廣原村,54,55,68,68,74,70,75,63,81,72,77,64,46,37,33,12,5,3,0,0,0,111Y09M
10014,臺東縣,10014120,海端鄉,10014120-002,霧鹿村,16,17,23,21,29,24,20,24,35,18,18,28,16,11,9,10,2,1,2,0,0,111Y09M
10014,臺東縣,10014120,海端鄉,10014120-003,利稻村,22,15,17,30,27,24,33,25,28,29,26,12,13,20,11,3,3,0,1,0,0,111Y09M
10014,臺東縣,10014120,海端鄉,10014120-004,海端村,54,63,59,71,102,92,98,97,103,108,67,73,69,58,28,11,12,8,6,0,0,111Y09M
10014,臺東縣,10014120,海端鄉,10014120-005,崁頂村,52,33,64,46,67,54,60,62,50,46,48,66,59,37,16,9,8,4,0,0,0,111Y09M
10014,臺東縣,10014120,海端鄉,10014120-006,加拿村,24,23,43,41,55,49,50,38,47,53,48,52,39,29,12,6,4,0,1,0,0,111Y09M
10014,臺東縣,10014130,延平鄉,10014130-001,武陵村,43,37,37,52,58,53,46,45,70,79,55,58,38,36,25,6,1,5,1,0,0,111Y09M
10014,臺東縣,10014130,延平鄉,10014130-002,永康村,21,29,17,27,27,31,22,34,31,36,46,33,20,14,6,6,7,0,0,0,0,111Y09M
10014,臺東縣,10014130,延平鄉,10014130-003,紅葉村,24,21,29,32,32,37,32,36,50,51,35,32,31,28,23,4,3,3,1,0,0,111Y09M
10014,臺東縣,10014130,延平鄉,10014130-004,鸞山村,38,35,30,29,65,56,34,48,64,60,57,59,44,36,20,9,10,8,3,0,0,111Y09M
10014,臺東縣,10014130,延平鄉,10014130-005,桃源村,75,70,52,76,106,99,87,103,92,117,105,95,87,56,33,6,7,6,4,0,1,111Y09M
10014,臺東縣,10014140,金峰鄉,10014140-001,新興村,34,40,37,33,49,56,52,52,45,45,50,57,59,28,16,11,5,1,1,1,0,111Y09M
10014,臺東縣,10014140,金峰鄉,10014140-002,正興村,35,30,29,40,57,60,59,47,45,50,56,65,74,35,19,8,6,3,6,3,1,111Y09M
10014,臺東縣,10014140,金峰鄉,10014140-003,嘉蘭村,83,81,70,100,131,130,125,103,103,129,115,122,89,68,47,24,10,19,3,0,1,111Y09M
10014,臺東縣,10014140,金峰鄉,10014140-004,賓茂村,11,19,18,17,25,27,31,17,35,25,26,46,31,21,16,5,7,5,2,0,0,111Y09M
10014,臺東縣,10014140,金峰鄉,10014140-005,歷坵村,21,15,16,18,29,33,28,26,34,24,20,42,36,20,13,5,4,8,0,0,0,111Y09M
10014,臺東縣,10014150,達仁鄉,10014150-001,台坂村,28,26,30,28,37,56,56,60,57,39,53,62,68,47,27,10,14,6,3,0,0,111Y09M
10014,臺東縣,10014150,達仁鄉,10014150-002,土坂村,43,29,29,45,74,76,73,66,81,101,93,84,76,55,29,18,12,6,1,0,0,111Y09M
10014,臺東縣,10014150,達仁鄉,10014150-003,新化村,14,8,12,22,25,27,24,25,26,43,35,42,36,24,22,10,9,1,1,0,0,111Y09M
10014,臺東縣,10014150,達仁鄉,10014150-004,安朔村,28,19,24,22,33,35,46,46,54,46,55,59,62,52,32,9,9,4,3,1,0,111Y09M
10014,臺東縣,10014150,達仁鄉,10014150-005,森永村,10,10,13,15,27,19,29,23,42,31,38,44,41,39,14,9,7,2,2,1,0,111Y09M
10014,臺東縣,10014150,達仁鄉,10014150-006,南田村,9,9,8,17,27,27,34,24,36,25,31,32,35,19,5,3,1,1,1,0,0,111Y09M
10014,臺東縣,10014160,蘭嶼鄉,10014160-001,東清村,95,82,68,91,141,152,128,131,153,129,115,99,91,73,33,8,15,8,3,2,0,111Y09M
10014,臺東縣,10014160,蘭嶼鄉,10014160-002,朗島村,42,45,37,60,73,108,104,88,75,67,56,51,47,40,22,12,2,5,5,0,0,111Y09M
10014,臺東縣,10014160,蘭嶼鄉,10014160-003,紅頭村,62,68,45,78,106,134,121,135,139,131,137,113,108,54,42,24,7,5,8,2,0,111Y09M
10014,臺東縣,10014160,蘭嶼鄉,10014160-004,椰油村,47,54,75,62,87,106,95,122,122,101,74,66,75,48,24,12,5,8,2,0,0,111Y09M
10014,臺東縣,10014010,臺東市,10014010-001,富岡里,69,47,89,128,144,167,159,158,208,193,229,206,223,165,141,84,71,41,16,2,0,111Y12M
10014,臺東縣,10014010,臺東市,10014010-003,岩灣里,41,43,61,107,185,216,150,179,193,252,263,220,164,147,81,54,50,17,10,3,0,111Y12M
10014,臺東縣,10014010,臺東市,10014010-004,南王里,105,86,92,149,237,243,253,234,240,226,253,294,240,183,157,87,68,34,14,1,0,111Y12M
10014,臺東縣,10014010,臺東市,10014010-005,卑南里,64,73,78,180,255,251,220,200,272,288,292,282,234,189,152,94,73,34,13,1,2,111Y12M
10014,臺東縣,10014010,臺東市,10014010-006,南榮里,101,96,98,151,225,254,186,191,218,262,266,259,213,182,169,83,47,33,29,13,4,111Y12M
10014,臺東縣,10014010,臺東市,10014010-007,新生里,120,167,108,191,240,316,295,244,276,278,339,336,328,259,175,119,60,40,15,2,0,111Y12M
10014,臺東縣,10014010,臺東市,10014010-008,民生里,80,92,84,112,181,183,185,211,230,212,234,227,218,251,215,97,72,41,19,5,0,111Y12M
10014,臺東縣,10014010,臺東市,10014010-009,寶桑里,51,71,44,73,95,106,75,105,124,129,121,136,121,117,94,44,43,10,9,1,0,111Y12M
10014,臺東縣,10014010,臺東市,10014010-010,馬蘭里,130,336,367,169,177,195,162,180,244,158,213,210,171,182,118,83,67,42,14,5,0,111Y12M
10014,臺東縣,10014010,臺東市,10014010-011,中心里,139,298,399,207,209,244,226,203,254,253,253,268,238,224,157,143,90,42,14,2,2,111Y12M
10014,臺東縣,10014010,臺東市,10014010-012,自強里,257,437,406,221,249,257,255,264,299,243,284,280,309,235,164,86,53,25,8,2,1,111Y12M
10014,臺東縣,10014010,臺東市,10014010-013,民族里,247,417,359,184,165,165,163,199,221,187,207,190,178,180,131,90,102,46,26,6,0,111Y12M
10014,臺東縣,10014010,臺東市,10014010-015,中華里,74,89,88,122,127,168,185,168,194,204,213,218,194,167,134,92,71,37,17,3,0,111Y12M
10014,臺東縣,10014010,臺東市,10014010-017,建國里,62,63,46,78,125,125,155,120,139,158,155,154,176,166,123,78,43,29,8,5,0,111Y12M
10014,臺東縣,10014010,臺東市,10014010-020,中正里,38,33,54,73,140,161,134,146,171,169,170,171,180,189,185,90,80,51,13,7,2,111Y12M
10014,臺東縣,10014010,臺東市,10014010-022,成功里,49,58,77,105,111,148,151,126,141,144,182,190,173,129,106,85,65,33,11,4,0,111Y12M
10014,臺東縣,10014010,臺東市,10014010-023,文化里,153,250,149,93,90,103,136,168,180,144,165,124,136,126,94,57,40,33,23,17,0,111Y12M
10014,臺東縣,10014010,臺東市,10014010-024,中山里,177,183,54,69,121,127,127,127,152,136,174,142,147,142,129,80,63,39,26,10,2,111Y12M
10014,臺東縣,10014010,臺東市,10014010-029,新園里,60,54,55,92,135,173,116,115,124,147,185,163,118,116,95,45,41,11,5,0,1,111Y12M
10014,臺東縣,10014010,臺東市,10014010-030,豐田里,76,92,89,126,188,205,200,187,210,210,209,193,188,154,120,73,35,25,10,6,1,111Y12M
10014,臺東縣,10014010,臺東市,10014010-031,豐年里,147,90,95,193,225,329,283,283,290,285,304,263,246,191,154,98,50,22,21,4,0,111Y12M
10014,臺東縣,10014010,臺東市,10014010-032,光明里,70,175,297,225,223,230,173,171,275,265,311,269,177,144,114,52,43,23,10,3,0,111Y12M
10014,臺東縣,10014010,臺東市,10014010-033,豐樂里,56,93,143,112,141,134,143,116,149,137,166,183,155,140,97,47,31,27,9,1,1,111Y12M
10014,臺東縣,10014010,臺東市,10014010-034,永樂里,97,184,209,191,285,246,188,155,253,254,246,281,251,168,122,54,56,30,11,3,2,111Y12M
10014,臺東縣,10014010,臺東市,10014010-035,康樂里,68,72,78,77,109,110,105,96,127,121,154,136,103,95,44,40,32,13,7,2,0,111Y12M
10014,臺東縣,10014010,臺東市,10014010-036,東海里,205,197,91,120,128,163,140,196,189,146,155,149,214,169,109,59,52,28,11,2,0,111Y12M
10014,臺東縣,10014010,臺東市,10014010-037,新興里,49,66,65,70,79,92,108,100,121,94,137,139,118,108,88,57,33,33,9,4,1,111Y12M
10014,臺東縣,10014010,臺東市,10014010-038,豐榮里,99,100,162,189,241,217,243,251,317,327,277,251,230,225,158,90,67,31,17,2,1,111Y12M
10014,臺東縣,10014010,臺東市,10014010-039,豐谷里,119,124,154,197,271,308,299,286,317,268,319,327,291,256,168,112,80,44,13,3,0,111Y12M
10014,臺東縣,10014010,臺東市,10014010-040,豐里里,72,75,81,127,176,234,200,185,175,195,223,246,184,142,114,71,53,34,19,6,1,111Y12M
10014,臺東縣,10014010,臺東市,10014010-041,豐原里,40,49,66,44,89,118,92,85,95,74,122,131,126,79,67,42,46,34,13,2,0,111Y12M
10014,臺東縣,10014010,臺東市,10014010-042,建和里,70,48,59,63,94,111,131,74,104,90,119,144,125,100,75,52,42,31,9,3,1,111Y12M
10014,臺東縣,10014010,臺東市,10014010-043,建興里,38,20,23,64,99,119,95,68,101,95,132,118,114,75,93,54,32,22,8,0,0,111Y12M
10014,臺東縣,10014010,臺東市,10014010-045,知本里,82,77,67,118,175,213,174,164,169,177,227,250,194,178,119,75,68,42,21,5,1,111Y12M
10014,臺東縣,10014010,臺東市,10014010-046,建農里,88,66,61,110,172,178,157,151,172,215,221,201,164,136,90,53,36,20,14,7,1,111Y12M
10014,臺東縣,10014010,臺東市,10014010-047,仁和里,101,112,89,148,212,236,251,249,264,273,264,301,299,252,185,99,78,34,15,5,0,111Y12M
10014,臺東縣,10014010,臺東市,10014010-048,豐安里,77,68,117,176,192,255,233,251,277,275,241,234,237,213,140,58,54,17,10,3,0,111Y12M
10014,臺東縣,10014010,臺東市,10014010-049,豐盛里,93,107,161,203,275,310,284,276,271,310,342,318,287,211,160,95,62,19,8,4,1,111Y12M
10014,臺東縣,10014020,成功鎮,10014020-001,博愛里,7,9,8,10,18,28,27,30,33,45,60,75,70,50,44,39,36,16,0,3,0,111Y12M
10014,臺東縣,10014020,成功鎮,10014020-002,忠孝里,16,19,27,37,37,56,50,65,82,62,80,101,101,72,59,59,32,32,5,0,1,111Y12M
10014,臺東縣,10014020,成功鎮,10014020-003,三仙里,30,39,44,60,73,90,81,71,117,122,132,121,135,118,88,49,44,13,9,2,1,111Y12M
10014,臺東縣,10014020,成功鎮,10014020-004,三民里,75,77,93,108,178,198,189,199,265,225,242,230,243,225,168,106,73,26,13,5,0,111Y12M
10014,臺東縣,10014020,成功鎮,10014020-005,忠智里,52,96,86,86,134,137,122,143,177,167,170,159,182,133,137,68,64,43,11,5,0,111Y12M
10014,臺東縣,10014020,成功鎮,10014020-006,忠仁里,63,78,95,122,133,132,118,159,189,192,206,184,223,180,133,83,50,36,15,1,1,111Y12M
10014,臺東縣,10014020,成功鎮,10014020-007,和平里,10,13,18,22,27,42,38,37,52,60,66,80,74,74,45,45,28,16,8,3,0,111Y12M
10014,臺東縣,10014020,成功鎮,10014020-008,信義里,30,37,44,63,85,99,94,103,136,169,184,203,191,172,115,66,61,40,13,5,1,111Y12M
10014,臺東縣,10014030,關山鎮,10014030-001,德高里,48,45,41,70,113,156,113,89,128,122,166,173,144,103,107,75,73,46,23,7,1,111Y12M
10014,臺東縣,10014030,關山鎮,10014030-002,豐泉里,35,62,69,50,88,86,77,90,88,82,101,100,108,99,48,49,35,17,12,4,0,111Y12M
10014,臺東縣,10014030,關山鎮,10014030-003,新福里,31,60,40,40,58,74,55,57,71,63,83,99,76,70,38,30,31,20,3,2,0,111Y12M
10014,臺東縣,10014030,關山鎮,10014030-004,中福里,23,37,40,33,47,44,50,60,61,55,59,68,76,78,55,35,33,10,4,2,0,111Y12M
10014,臺東縣,10014030,關山鎮,10014030-005,里壠里,41,73,89,71,95,138,108,116,109,143,130,158,150,137,98,68,54,36,15,2,0,111Y12M
10014,臺東縣,10014030,關山鎮,10014030-006,電光里,14,19,15,33,32,36,33,24,38,42,59,50,47,46,36,25,19,11,2,0,0,111Y12M
10014,臺東縣,10014030,關山鎮,10014030-007,月眉里,17,11,21,22,49,54,48,36,39,63,64,65,86,49,45,20,26,16,5,3,0,111Y12M
10014,臺東縣,10014040,卑南鄉,10014040-001,嘉豐村,15,13,25,19,35,33,26,52,34,37,41,55,48,37,27,17,12,6,5,0,0,111Y12M
10014,臺東縣,10014040,卑南鄉,10014040-002,利吉村,12,14,11,12,20,23,28,31,34,27,30,45,71,52,25,15,17,13,9,1,0,111Y12M
10014,臺東縣,10014040,卑南鄉,10014040-003,富山村,13,16,13,21,29,34,30,28,39,41,45,59,39,35,17,19,23,7,7,0,1,111Y12M
10014,臺東縣,10014040,卑南鄉,10014040-004,富源村,6,2,6,9,14,17,16,20,18,21,34,35,32,31,34,15,13,10,3,1,0,111Y12M
10014,臺東縣,10014040,卑南鄉,10014040-005,明峰村,39,28,28,59,61,74,68,81,91,102,100,117,89,93,90,48,46,21,9,1,1,111Y12M
10014,臺東縣,10014040,卑南鄉,10014040-006,初鹿村,42,35,41,73,91,84,76,70,114,104,126,114,107,95,74,47,31,22,21,4,1,111Y12M
10014,臺東縣,10014040,卑南鄉,10014040-007,美農村,24,28,23,38,87,71,71,54,71,88,110,110,90,82,51,52,41,27,9,2,0,111Y12M
10014,臺東縣,10014040,卑南鄉,10014040-008,賓朗村,61,44,63,140,156,184,149,126,158,173,212,242,181,167,143,82,94,39,20,4,0,111Y12M
10014,臺東縣,10014040,卑南鄉,10014040-009,泰安村,61,58,44,81,104,110,109,77,98,96,121,116,105,59,44,25,26,13,6,2,0,111Y12M
10014,臺東縣,10014040,卑南鄉,10014040-010,太平村,135,108,117,147,251,292,305,255,290,318,313,300,261,222,158,66,51,26,17,11,1,111Y12M
10014,臺東縣,10014040,卑南鄉,10014040-011,利嘉村,49,57,50,53,84,114,97,88,73,89,98,104,103,95,57,24,22,13,6,2,1,111Y12M
10014,臺東縣,10014040,卑南鄉,10014040-012,東興村,44,53,38,71,76,114,84,83,116,93,130,134,110,60,52,27,13,12,6,4,0,111Y12M
10014,臺東縣,10014040,卑南鄉,10014040-013,溫泉村,32,55,19,38,49,54,58,50,99,86,96,131,108,93,86,47,42,25,12,3,0,111Y12M
10014,臺東縣,10014050,鹿野鄉,10014050-001,瑞和村,19,9,18,27,42,60,51,34,60,46,64,70,55,41,38,27,14,18,3,0,1,111Y12M
10014,臺東縣,10014050,鹿野鄉,10014050-002,瑞豐村,17,17,21,43,73,45,45,58,59,88,73,75,72,74,59,31,37,26,12,3,0,111Y12M
10014,臺東縣,10014050,鹿野鄉,10014050-003,瑞源村,21,33,24,32,40,67,63,53,56,82,61,83,77,71,56,42,32,19,8,2,2,111Y12M
10014,臺東縣,10014050,鹿野鄉,10014050-004,永安村,42,49,33,55,97,98,93,102,124,107,138,165,136,110,77,48,44,27,8,3,1,111Y12M
10014,臺東縣,10014050,鹿野鄉,10014050-005,瑞隆村,28,20,17,51,62,50,54,58,64,64,82,79,81,76,58,28,38,19,7,0,0,111Y12M
10014,臺東縣,10014050,鹿野鄉,10014050-006,鹿野村,16,26,32,47,64,79,67,54,69,78,90,125,101,94,61,49,32,20,14,3,0,111Y12M
10014,臺東縣,10014050,鹿野鄉,10014050-007,龍田村,19,31,34,57,66,58,58,66,88,72,106,103,107,81,75,43,45,27,11,4,0,111Y12M
10014,臺東縣,10014060,池上鄉,10014060-001,福文村,44,31,36,55,82,80,65,50,87,109,107,105,96,88,61,38,43,24,19,4,3,111Y12M
10014,臺東縣,10014060,池上鄉,10014060-002,慶豐村,38,25,11,23,41,52,43,40,54,60,59,69,65,49,53,24,20,22,8,1,0,111Y12M
10014,臺東縣,10014060,池上鄉,10014060-003,大坡村,8,10,14,7,14,22,15,23,24,22,20,29,45,35,29,12,10,11,3,0,0,111Y12M
10014,臺東縣,10014060,池上鄉,10014060-004,大埔村,39,16,18,38,46,59,44,47,70,57,71,70,70,82,64,47,26,10,8,1,0,111Y12M
10014,臺東縣,10014060,池上鄉,10014060-005,福原村,107,74,82,93,133,136,157,131,152,167,169,159,168,156,112,79,72,43,20,4,2,111Y12M
10014,臺東縣,10014060,池上鄉,10014060-006,錦園村,12,5,7,8,19,16,15,20,19,27,25,44,37,34,23,13,13,10,6,2,0,111Y12M
10014,臺東縣,10014060,池上鄉,10014060-007,新興村,39,21,22,32,52,59,63,52,54,85,88,67,81,66,57,30,32,33,7,1,2,111Y12M
10014,臺東縣,10014060,池上鄉,10014060-008,萬安村,7,11,13,11,20,23,15,15,26,24,28,36,31,21,23,16,13,11,10,0,0,111Y12M
10014,臺東縣,10014060,池上鄉,10014060-009,富興村,13,10,10,19,25,26,19,18,26,41,33,37,45,25,29,11,17,6,4,2,0,111Y12M
10014,臺東縣,10014060,池上鄉,10014060-010,振興村,21,12,15,12,33,36,27,28,39,41,44,45,28,42,29,19,10,7,3,0,0,111Y12M
10014,臺東縣,10014070,東河鄉,10014070-001,北源村,22,24,36,46,61,65,74,92,161,150,161,158,159,136,103,67,41,35,13,5,1,111Y12M
10014,臺東縣,10014070,東河鄉,10014070-002,泰源村,27,25,42,44,64,69,63,80,86,101,122,114,115,91,73,52,37,26,12,7,0,111Y12M
10014,臺東縣,10014070,東河鄉,10014070-003,東河村,19,24,32,31,52,71,44,61,101,88,113,104,75,71,70,46,34,18,10,5,4,111Y12M
10014,臺東縣,10014070,東河鄉,10014070-004,尚德村,2,6,9,11,15,9,7,15,26,23,17,23,30,19,18,10,8,6,3,0,1,111Y12M
10014,臺東縣,10014070,東河鄉,10014070-005,隆昌村,11,8,13,22,15,24,29,27,23,46,60,51,52,60,39,22,23,14,6,2,0,111Y12M
10014,臺東縣,10014070,東河鄉,10014070-006,興昌村,18,15,30,44,37,60,30,32,71,94,99,93,92,91,81,44,44,21,14,3,0,111Y12M
10014,臺東縣,10014070,東河鄉,10014070-007,都蘭村,47,79,66,83,112,120,118,132,205,182,182,205,213,189,137,91,73,51,19,5,0,111Y12M
10014,臺東縣,10014080,長濱鄉,10014080-001,樟原村,11,11,6,18,31,40,18,21,37,46,67,63,53,53,47,28,30,22,7,1,0,111Y12M
10014,臺東縣,10014080,長濱鄉,10014080-002,三間村,26,27,32,46,44,52,41,60,94,104,110,143,102,94,81,74,52,42,13,4,0,111Y12M
10014,臺東縣,10014080,長濱鄉,10014080-003,忠勇村,8,11,19,30,20,35,22,29,42,51,60,62,51,38,29,25,21,13,7,0,0,111Y12M
10014,臺東縣,10014080,長濱鄉,10014080-004,長濱村,37,53,63,98,93,125,114,135,142,160,191,223,194,161,131,85,68,46,14,7,1,111Y12M
10014,臺東縣,10014080,長濱鄉,10014080-005,竹湖村,12,21,22,19,33,36,44,39,83,69,79,108,93,85,63,51,32,22,11,0,0,111Y12M
10014,臺東縣,10014080,長濱鄉,10014080-006,寧埔村,21,24,30,29,41,54,68,62,91,79,118,162,120,123,94,58,46,17,7,2,0,111Y12M
10014,臺東縣,10014090,太麻里鄉,10014090-001,美和村,30,35,38,86,101,90,92,98,108,113,127,120,110,87,72,49,50,24,2,1,0,111Y12M
10014,臺東縣,10014090,太麻里鄉,10014090-002,三和村,13,8,12,28,32,46,29,43,55,48,64,51,49,44,34,27,23,8,8,0,0,111Y12M
10014,臺東縣,10014090,太麻里鄉,10014090-003,華源村,10,8,6,18,34,39,21,34,40,61,56,72,40,47,37,35,38,24,11,3,0,111Y12M
10014,臺東縣,10014090,太麻里鄉,10014090-004,北里村,14,22,11,24,36,45,40,35,47,54,43,46,54,58,36,16,22,11,6,2,0,111Y12M
10014,臺東縣,10014090,太麻里鄉,10014090-005,泰和村,35,46,37,79,90,120,106,89,98,117,126,121,122,86,99,54,53,30,9,1,0,111Y12M
10014,臺東縣,10014090,太麻里鄉,10014090-006,大王村,49,72,58,110,112,106,132,121,145,149,142,163,171,159,129,70,52,36,21,6,1,111Y12M
10014,臺東縣,10014090,太麻里鄉,10014090-007,香蘭村,20,29,27,40,41,48,50,70,72,47,76,91,71,57,48,48,36,6,8,5,0,111Y12M
10014,臺東縣,10014090,太麻里鄉,10014090-008,金崙村,79,64,73,94,127,140,137,115,163,160,166,195,165,108,78,55,35,18,11,4,0,111Y12M
10014,臺東縣,10014090,太麻里鄉,10014090-009,多良村,30,38,33,53,54,77,53,68,94,91,82,91,86,79,46,25,18,9,7,0,0,111Y12M
10014,臺東縣,10014100,大武鄉,10014100-001,大竹村,29,24,21,56,49,42,46,73,84,65,48,77,86,69,34,21,15,11,6,0,0,111Y12M
10014,臺東縣,10014100,大武鄉,10014100-002,大鳥村,54,45,47,71,81,92,106,96,87,91,99,113,99,93,42,19,19,8,2,0,1,111Y12M
10014,臺東縣,10014100,大武鄉,10014100-003,大武村,45,69,64,65,83,77,97,97,123,118,102,130,128,87,85,32,28,15,5,3,1,111Y12M
10014,臺東縣,10014100,大武鄉,10014100-004,尚武村,39,38,35,43,75,94,71,95,125,117,131,123,146,110,80,45,42,26,8,4,0,111Y12M
10014,臺東縣,10014100,大武鄉,10014100-005,南興村,25,10,19,23,38,29,33,39,54,60,39,62,60,58,27,14,10,8,4,1,0,111Y12M
10014,臺東縣,10014110,綠島鄉,10014110-001,公館村,27,47,36,48,84,121,102,85,108,124,92,58,70,60,40,19,11,9,9,2,0,111Y12M
10014,臺東縣,10014110,綠島鄉,10014110-002,中寮村,50,38,32,44,68,121,125,111,100,94,91,94,91,62,38,23,17,12,4,2,0,111Y12M
10014,臺東縣,10014110,綠島鄉,10014110-003,南寮村,65,43,44,59,151,235,191,154,165,158,161,122,125,86,68,42,21,19,5,2,0,111Y12M
10014,臺東縣,10014120,海端鄉,10014120-001,廣原村,56,54,68,70,74,67,78,61,82,66,79,64,47,40,32,13,5,3,0,0,0,111Y12M
10014,臺東縣,10014120,海端鄉,10014120-002,霧鹿村,14,17,21,22,28,29,20,22,36,17,18,29,16,12,9,9,3,1,2,0,0,111Y12M
10014,臺東縣,10014120,海端鄉,10014120-003,利稻村,19,16,21,27,29,26,31,27,30,30,26,12,15,21,11,2,4,0,1,0,0,111Y12M
10014,臺東縣,10014120,海端鄉,10014120-004,海端村,53,66,55,70,101,88,102,96,105,105,70,73,71,58,31,9,14,7,6,1,0,111Y12M
10014,臺東縣,10014120,海端鄉,10014120-005,崁頂村,56,35,64,45,61,64,58,61,50,49,52,61,61,40,18,9,8,4,0,0,0,111Y12M
10014,臺東縣,10014120,海端鄉,10014120-006,加拿村,24,24,40,41,51,56,46,41,45,51,51,47,44,28,13,5,5,0,1,0,0,111Y12M
10014,臺東縣,10014130,延平鄉,10014130-001,武陵村,43,36,35,53,56,56,47,44,70,75,57,61,36,31,29,6,1,5,1,0,0,111Y12M
10014,臺東縣,10014130,延平鄉,10014130-002,永康村,20,30,16,25,29,29,20,36,30,35,45,35,17,15,8,6,6,1,0,0,0,111Y12M
10014,臺東縣,10014130,延平鄉,10014130-003,紅葉村,24,19,28,28,32,36,34,30,52,51,35,32,31,28,21,7,3,3,0,1,0,111Y12M
10014,臺東縣,10014130,延平鄉,10014130-004,鸞山村,39,33,32,26,64,57,31,48,69,59,57,61,46,35,20,9,11,8,3,0,0,111Y12M
10014,臺東縣,10014130,延平鄉,10014130-005,桃源村,78,70,54,74,105,97,95,102,93,114,106,94,88,57,34,7,6,5,3,0,0,111Y12M
10014,臺東縣,10014140,金峰鄉,10014140-001,新興村,34,38,37,35,46,58,51,52,47,43,50,58,58,28,15,12,5,1,1,1,0,111Y12M
10014,臺東縣,10014140,金峰鄉,10014140-002,正興村,37,27,29,38,61,55,65,42,46,52,51,68,72,35,20,9,6,3,5,4,0,111Y12M
10014,臺東縣,10014140,金峰鄉,10014140-003,嘉蘭村,84,80,71,97,129,133,125,97,107,121,120,118,90,74,45,23,12,18,3,0,1,111Y12M
10014,臺東縣,10014140,金峰鄉,10014140-004,賓茂村,11,17,19,18,23,27,30,19,33,26,25,46,32,22,15,6,7,5,2,0,0,111Y12M
10014,臺東縣,10014140,金峰鄉,10014140-005,歷坵村,19,17,16,17,26,33,28,26,35,25,19,42,36,19,11,5,5,7,1,0,0,111Y12M
10014,臺東縣,10014150,達仁鄉,10014150-001,台坂村,26,29,30,26,40,54,58,58,58,33,56,61,66,47,29,10,14,5,3,0,0,111Y12M
10014,臺東縣,10014150,達仁鄉,10014150-002,土坂村,45,29,26,49,69,79,75,64,80,95,99,84,79,51,33,18,12,7,1,0,0,111Y12M
10014,臺東縣,10014150,達仁鄉,10014150-003,新化村,15,7,11,20,27,25,25,25,26,43,36,41,36,23,24,10,10,1,0,0,0,111Y12M
10014,臺東縣,10014150,達仁鄉,10014150-004,安朔村,27,18,24,24,32,34,44,46,50,44,58,57,61,54,31,10,10,4,2,0,0,111Y12M
10014,臺東縣,10014150,達仁鄉,10014150-005,森永村,9,9,12,17,25,18,27,20,43,32,35,40,43,38,18,9,7,2,2,1,0,111Y12M
10014,臺東縣,10014150,達仁鄉,10014150-006,南田村,8,9,10,16,25,28,33,23,35,26,30,31,37,19,6,2,2,0,2,0,0,111Y12M
10014,臺東縣,10014160,蘭嶼鄉,10014160-001,東清村,95,82,71,89,144,148,126,128,162,128,113,101,94,67,38,9,13,8,4,2,0,111Y12M
10014,臺東縣,10014160,蘭嶼鄉,10014160-002,朗島村,37,53,37,56,72,107,105,87,82,65,58,48,47,43,21,13,2,5,5,0,0,111Y12M
10014,臺東縣,10014160,蘭嶼鄉,10014160-003,紅頭村,63,65,51,72,105,140,116,126,147,132,137,111,113,54,43,27,6,6,7,3,0,111Y12M
10014,臺東縣,10014160,蘭嶼鄉,10014160-004,椰油村,45,49,81,60,85,103,98,116,121,101,73,66,77,45,27,12,5,8,2,0,0,111Y12M
10014,臺東縣,10014010,臺東市,10014010-001,富岡里,71,52,80,129,140,173,149,158,207,191,225,218,218,167,146,81,70,38,17,3,0,112Y03M
10014,臺東縣,10014010,臺東市,10014010-003,岩灣里,42,43,56,105,181,212,154,175,194,246,258,225,171,140,87,54,49,17,10,3,0,112Y03M
10014,臺東縣,10014010,臺東市,10014010-004,南王里,100,89,92,148,235,251,251,232,242,231,242,295,247,187,157,87,69,34,15,1,0,112Y03M
10014,臺東縣,10014010,臺東市,10014010-005,卑南里,66,76,72,175,252,254,218,195,267,295,289,285,238,186,156,98,72,37,11,2,2,112Y03M
10014,臺東縣,10014010,臺東市,10014010-006,南榮里,95,96,96,148,217,256,185,189,219,252,272,254,220,180,174,85,47,31,29,11,3,112Y03M
10014,臺東縣,10014010,臺東市,10014010-007,新生里,123,160,113,191,249,316,290,244,275,280,342,341,321,258,182,120,65,40,13,2,0,112Y03M
10014,臺東縣,10014010,臺東市,10014010-008,民生里,80,92,87,107,179,179,188,213,232,210,235,226,223,248,224,102,74,41,17,6,0,112Y03M
10014,臺東縣,10014010,臺東市,10014010-009,寶桑里,50,70,48,76,92,98,79,103,129,127,123,130,123,117,95,45,42,12,8,1,0,112Y03M
10014,臺東縣,10014010,臺東市,10014010-010,馬蘭里,130,354,356,173,164,192,164,178,254,158,213,211,171,171,120,85,66,44,13,5,0,112Y03M
10014,臺東縣,10014010,臺東市,10014010-011,中心里,134,302,402,195,212,239,234,209,249,259,253,265,238,217,161,147,91,42,15,2,1,112Y03M
10014,臺東縣,10014010,臺東市,10014010-012,自強里,255,441,417,216,245,261,251,260,301,242,283,284,303,240,170,84,54,30,8,2,0,112Y03M
10014,臺東縣,10014010,臺東市,10014010-013,民族里,257,414,369,179,157,174,164,203,223,186,210,185,183,181,131,94,103,46,26,6,1,112Y03M
10014,臺東縣,10014010,臺東市,10014010-015,中華里,73,86,95,116,127,173,178,170,194,201,220,218,184,177,135,89,73,35,19,3,0,112Y03M
10014,臺東縣,10014010,臺東市,10014010-017,建國里,70,64,50,73,126,124,154,123,140,153,158,146,174,168,117,84,44,28,8,5,0,112Y03M
10014,臺東縣,10014010,臺東市,10014010-020,中正里,36,33,49,68,127,161,131,142,167,163,172,164,187,185,191,86,80,55,13,7,2,112Y03M
10014,臺東縣,10014010,臺東市,10014010-022,成功里,52,54,80,101,104,150,151,123,136,145,181,192,173,124,103,86,63,36,11,4,2,112Y03M
10014,臺東縣,10014010,臺東市,10014010-023,文化里,159,244,147,95,84,107,140,163,178,144,162,130,136,123,96,59,40,35,23,17,0,112Y03M
10014,臺東縣,10014010,臺東市,10014010-024,中山里,173,187,57,65,116,130,126,126,150,134,175,143,142,142,130,81,61,40,28,8,3,112Y03M
10014,臺東縣,10014010,臺東市,10014010-029,新園里,64,55,59,92,136,179,115,121,123,146,182,173,117,112,98,44,41,10,5,0,1,112Y03M
10014,臺東縣,10014010,臺東市,10014010-030,豐田里,76,91,84,128,182,205,205,188,213,211,210,197,192,148,121,76,36,24,10,7,0,112Y03M
10014,臺東縣,10014010,臺東市,10014010-031,豐年里,135,89,87,190,230,326,291,273,307,282,302,259,245,191,158,96,51,24,18,3,0,112Y03M
10014,臺東縣,10014010,臺東市,10014010-032,光明里,70,182,296,227,227,225,183,166,278,257,311,275,176,142,114,55,44,22,11,2,1,112Y03M
10014,臺東縣,10014010,臺東市,10014010-033,豐樂里,57,90,153,109,134,137,149,116,156,140,152,187,151,143,96,53,31,25,10,1,1,112Y03M
10014,臺東縣,10014010,臺東市,10014010-034,永樂里,94,178,207,193,274,257,192,155,244,258,249,266,255,177,119,61,54,28,10,3,2,112Y03M
10014,臺東縣,10014010,臺東市,10014010-035,康樂里,72,78,78,78,109,106,106,98,120,126,149,136,103,92,48,39,29,14,7,3,0,112Y03M
10014,臺東縣,10014010,臺東市,10014010-036,東海里,193,214,92,117,129,165,140,205,182,152,147,153,208,175,114,59,53,30,10,1,0,112Y03M
10014,臺東縣,10014010,臺東市,10014010-037,新興里,48,68,64,72,76,97,101,101,122,94,135,148,115,107,89,59,38,35,9,3,1,112Y03M
10014,臺東縣,10014010,臺東市,10014010-038,豐榮里,96,92,162,186,245,221,235,248,313,325,278,249,239,228,162,89,68,33,18,2,1,112Y03M
10014,臺東縣,10014010,臺東市,10014010-039,豐谷里,110,126,152,187,273,311,295,280,323,273,317,327,297,261,167,112,81,40,13,4,0,112Y03M
10014,臺東縣,10014010,臺東市,10014010-040,豐里里,73,75,79,124,171,230,209,180,180,187,212,256,187,143,114,70,53,33,21,6,1,112Y03M
10014,臺東縣,10014010,臺東市,10014010-041,豐原里,41,53,67,42,84,119,94,88,93,80,118,123,134,81,66,43,42,36,13,3,0,112Y03M
10014,臺東縣,10014010,臺東市,10014010-042,建和里,68,44,58,60,100,109,128,75,100,95,114,144,130,94,80,49,43,31,10,3,1,112Y03M
10014,臺東縣,10014010,臺東市,10014010-043,建興里,39,15,25,58,106,114,99,71,95,98,128,117,119,74,96,52,36,22,8,0,0,112Y03M
10014,臺東縣,10014010,臺東市,10014010-045,知本里,82,83,64,117,174,206,178,167,166,169,227,243,200,180,116,78,70,40,21,4,0,112Y03M
10014,臺東縣,10014010,臺東市,10014010-046,建農里,86,63,59,113,171,181,160,154,167,212,221,207,164,140,93,55,36,21,13,8,1,112Y03M
10014,臺東縣,10014010,臺東市,10014010-047,仁和里,107,114,88,149,204,237,243,257,263,278,254,302,307,239,192,100,86,32,17,5,0,112Y03M
10014,臺東縣,10014010,臺東市,10014010-048,豐安里,80,65,114,179,195,255,248,247,280,276,240,228,244,214,146,60,51,18,9,3,0,112Y03M
10014,臺東縣,10014010,臺東市,10014010-049,豐盛里,94,105,161,204,269,304,287,274,275,311,349,328,280,216,160,95,63,20,9,3,1,112Y03M
10014,臺東縣,10014020,成功鎮,10014020-001,博愛里,8,11,6,11,16,27,27,26,34,46,61,69,75,51,45,37,33,17,1,2,0,112Y03M
10014,臺東縣,10014020,成功鎮,10014020-002,忠孝里,16,16,26,37,33,57,50,59,79,66,72,103,100,72,56,61,30,31,6,0,1,112Y03M
10014,臺東縣,10014020,成功鎮,10014020-003,三仙里,27,40,42,61,69,93,80,70,113,120,134,121,134,123,88,46,45,13,9,2,1,112Y03M
10014,臺東縣,10014020,成功鎮,10014020-004,三民里,76,72,95,111,174,195,188,193,261,235,229,235,249,223,165,113,71,27,14,4,1,112Y03M
10014,臺東縣,10014020,成功鎮,10014020-005,忠智里,51,100,88,83,130,129,133,133,179,167,170,157,188,122,145,70,63,41,12,6,0,112Y03M
10014,臺東縣,10014020,成功鎮,10014020-006,忠仁里,62,83,93,120,138,125,118,156,193,188,211,184,225,170,137,86,48,35,14,1,1,112Y03M
10014,臺東縣,10014020,成功鎮,10014020-007,和平里,10,13,17,23,25,42,40,33,53,62,64,79,77,72,49,43,28,14,8,3,0,112Y03M
10014,臺東縣,10014020,成功鎮,10014020-008,信義里,35,42,47,61,84,100,91,103,138,166,180,205,191,168,124,66,56,42,15,5,1,112Y03M
10014,臺東縣,10014030,關山鎮,10014030-001,德高里,46,44,41,69,109,153,119,89,129,119,166,168,140,105,111,76,75,44,22,8,1,112Y03M
10014,臺東縣,10014030,關山鎮,10014030-002,豐泉里,32,63,70,51,90,86,75,90,87,83,96,94,117,95,56,45,39,16,9,6,0,112Y03M
10014,臺東縣,10014030,關山鎮,10014030-003,新福里,30,60,42,36,59,75,50,52,73,63,82,101,77,69,42,29,32,19,5,2,0,112Y03M
10014,臺東縣,10014030,關山鎮,10014030-004,中福里,23,38,43,32,43,46,52,57,58,59,57,63,78,79,59,30,38,11,4,2,0,112Y03M
10014,臺東縣,10014030,關山鎮,10014030-005,里壠里,40,80,92,72,94,133,111,106,111,140,131,155,151,134,99,66,54,38,16,2,0,112Y03M
10014,臺東縣,10014030,關山鎮,10014030-006,電光里,14,18,15,34,30,37,33,23,39,39,61,45,51,44,41,23,17,12,3,0,0,112Y03M
10014,臺東縣,10014030,關山鎮,10014030-007,月眉里,18,13,20,23,46,58,48,35,37,62,63,65,86,50,42,22,25,15,5,2,0,112Y03M
10014,臺東縣,10014040,卑南鄉,10014040-001,嘉豐村,18,13,25,17,37,33,26,55,32,34,40,53,52,37,23,20,11,5,5,0,0,112Y03M
10014,臺東縣,10014040,卑南鄉,10014040-002,利吉村,10,14,12,12,23,24,27,30,34,28,27,48,69,54,25,14,18,13,10,1,0,112Y03M
10014,臺東縣,10014040,卑南鄉,10014040-003,富山村,11,16,12,21,29,33,30,27,37,40,43,62,38,37,18,18,22,8,5,0,1,112Y03M
10014,臺東縣,10014040,卑南鄉,10014040-004,富源村,6,2,7,10,14,17,16,19,17,19,34,33,32,33,34,14,15,8,4,1,0,112Y03M
10014,臺東縣,10014040,卑南鄉,10014040-005,明峰村,37,30,27,58,62,74,67,79,92,100,105,112,95,91,85,52,47,22,9,1,1,112Y03M
10014,臺東縣,10014040,卑南鄉,10014040-006,初鹿村,42,32,39,68,93,80,78,65,116,100,129,114,104,99,66,51,32,20,18,6,0,112Y03M
10014,臺東縣,10014040,卑南鄉,10014040-007,美農村,24,27,22,38,84,74,71,54,64,93,108,108,91,82,53,49,40,28,10,1,0,112Y03M
10014,臺東縣,10014040,卑南鄉,10014040-008,賓朗村,63,38,65,138,160,180,149,123,162,172,203,228,196,169,145,87,89,43,21,3,1,112Y03M
10014,臺東縣,10014040,卑南鄉,10014040-009,泰安村,64,50,44,80,101,112,111,72,91,98,121,115,108,62,45,22,24,15,6,2,0,112Y03M
10014,臺東縣,10014040,卑南鄉,10014040-010,太平村,138,103,117,151,248,286,301,257,292,321,315,303,260,228,153,73,48,26,14,11,1,112Y03M
10014,臺東縣,10014040,卑南鄉,10014040-011,利嘉村,46,58,49,56,78,112,95,85,78,90,102,99,106,93,61,24,22,13,5,2,1,112Y03M
10014,臺東縣,10014040,卑南鄉,10014040-012,東興村,45,53,38,65,78,120,84,80,113,99,125,136,110,61,53,26,15,11,6,4,0,112Y03M
10014,臺東縣,10014040,卑南鄉,10014040-013,溫泉村,22,52,21,38,49,54,57,52,98,79,100,126,108,96,91,44,43,26,12,3,0,112Y03M
10014,臺東縣,10014050,鹿野鄉,10014050-001,瑞和村,20,11,15,26,42,58,52,30,63,46,59,74,52,38,44,27,15,17,2,0,1,112Y03M
10014,臺東縣,10014050,鹿野鄉,10014050-002,瑞豐村,14,15,15,43,70,51,44,57,55,91,73,74,72,72,62,34,37,25,11,3,0,112Y03M
10014,臺東縣,10014050,鹿野鄉,10014050-003,瑞源村,22,35,24,35,37,68,62,49,55,82,60,81,73,69,62,43,31,21,7,2,2,112Y03M
10014,臺東縣,10014050,鹿野鄉,10014050-004,永安村,42,46,32,51,95,103,87,101,124,105,138,168,136,105,82,49,44,29,7,3,1,112Y03M
10014,臺東縣,10014050,鹿野鄉,10014050-005,瑞隆村,29,20,15,51,60,50,52,55,65,66,82,83,74,80,56,26,39,19,6,1,0,112Y03M
10014,臺東縣,10014050,鹿野鄉,10014050-006,鹿野村,17,24,26,53,57,78,68,56,61,82,92,124,106,88,58,50,33,20,13,3,0,112Y03M
10014,臺東縣,10014050,鹿野鄉,10014050-007,龍田村,20,29,34,54,68,54,56,69,86,64,105,108,102,89,72,42,46,26,10,4,0,112Y03M
10014,臺東縣,10014060,池上鄉,10014060-001,福文村,45,31,36,54,84,80,63,49,86,101,118,96,96,92,62,39,41,25,19,3,3,112Y03M
10014,臺東縣,10014060,池上鄉,10014060-002,慶豐村,35,27,12,23,38,52,40,42,51,64,57,68,65,48,54,22,22,21,9,0,1,112Y03M
10014,臺東縣,10014060,池上鄉,10014060-003,大坡村,9,11,11,7,15,23,14,22,23,24,19,30,45,34,29,13,9,11,4,0,0,112Y03M
10014,臺東縣,10014060,池上鄉,10014060-004,大埔村,38,18,16,38,45,59,47,47,68,54,75,72,69,83,63,45,28,10,9,1,0,112Y03M
10014,臺東縣,10014060,池上鄉,10014060-005,福原村,106,66,79,86,137,134,165,133,155,161,173,152,174,151,120,77,73,39,21,5,1,112Y03M
10014,臺東縣,10014060,池上鄉,10014060-006,錦園村,13,5,8,8,19,15,14,19,18,27,28,43,38,33,22,15,11,10,7,2,0,112Y03M
10014,臺東縣,10014060,池上鄉,10014060-007,新興村,37,20,20,28,52,59,59,54,54,88,87,66,78,66,58,29,32,31,8,1,2,112Y03M
10014,臺東縣,10014060,池上鄉,10014060-008,萬安村,7,11,14,11,20,21,15,15,25,23,27,32,33,20,24,15,13,11,11,0,0,112Y03M
10014,臺東縣,10014060,池上鄉,10014060-009,富興村,13,11,9,18,24,28,17,15,29,39,36,33,50,25,25,12,20,5,4,2,0,112Y03M
10014,臺東縣,10014060,池上鄉,10014060-010,振興村,22,10,12,15,29,37,30,27,37,42,43,47,27,38,32,21,10,6,3,0,0,112Y03M
10014,臺東縣,10014070,東河鄉,10014070-001,北源村,22,25,40,46,59,72,74,87,158,146,161,157,162,129,112,65,42,33,17,4,1,112Y03M
10014,臺東縣,10014070,東河鄉,10014070-002,泰源村,27,20,42,44,59,71,62,73,91,97,123,113,115,94,75,50,35,27,11,7,0,112Y03M
10014,臺東縣,10014070,東河鄉,10014070-003,東河村,17,24,32,31,54,67,45,59,96,93,109,109,76,73,69,46,36,19,7,4,5,112Y03M
10014,臺東縣,10014070,東河鄉,10014070-004,尚德村,1,7,8,12,14,10,7,14,25,26,16,24,26,21,18,8,10,5,4,0,1,112Y03M
10014,臺東縣,10014070,東河鄉,10014070-005,隆昌村,10,8,11,22,14,20,32,26,22,38,63,51,52,60,40,24,22,14,5,2,0,112Y03M
10014,臺東縣,10014070,東河鄉,10014070-006,興昌村,16,16,28,43,39,58,34,32,66,96,95,94,96,94,84,39,46,22,15,3,0,112Y03M
10014,臺東縣,10014070,東河鄉,10014070-007,都蘭村,46,78,64,84,116,119,112,137,195,190,185,201,209,188,134,95,68,53,21,3,0,112Y03M
10014,臺東縣,10014080,長濱鄉,10014080-001,樟原村,11,12,8,18,28,42,19,20,37,41,72,61,52,55,46,32,27,23,8,1,0,112Y03M
10014,臺東縣,10014080,長濱鄉,10014080-002,三間村,24,30,32,42,42,53,38,59,89,105,110,138,111,86,88,70,54,43,12,3,0,112Y03M
10014,臺東縣,10014080,長濱鄉,10014080-003,忠勇村,8,9,19,32,18,33,25,27,42,52,58,60,56,38,27,25,23,13,6,0,0,112Y03M
10014,臺東縣,10014080,長濱鄉,10014080-004,長濱村,38,53,62,100,91,125,114,138,137,157,187,227,192,167,124,84,69,47,13,8,1,112Y03M
10014,臺東縣,10014080,長濱鄉,10014080-005,竹湖村,11,20,23,21,32,36,45,43,77,73,78,95,103,83,64,49,37,19,11,0,0,112Y03M
10014,臺東縣,10014080,長濱鄉,10014080-006,寧埔村,20,24,28,30,40,51,73,57,88,85,119,157,117,118,99,59,46,20,7,2,0,112Y03M
10014,臺東縣,10014090,太麻里鄉,10014090-001,美和村,25,36,36,84,102,92,88,98,111,115,122,123,115,82,76,47,51,25,2,1,0,112Y03M
10014,臺東縣,10014090,太麻里鄉,10014090-002,三和村,12,10,12,26,31,47,29,45,57,46,63,52,51,42,34,28,21,8,8,0,0,112Y03M
10014,臺東縣,10014090,太麻里鄉,10014090-003,華源村,10,9,5,19,34,37,23,32,43,57,59,71,39,47,36,35,35,26,9,3,0,112Y03M
10014,臺東縣,10014090,太麻里鄉,10014090-004,北里村,14,20,12,23,37,41,45,34,46,57,40,43,58,60,35,17,20,12,6,2,0,112Y03M
10014,臺東縣,10014090,太麻里鄉,10014090-005,泰和村,37,43,40,78,90,120,109,92,105,113,126,125,115,96,97,54,52,31,9,1,0,112Y03M
10014,臺東縣,10014090,太麻里鄉,10014090-006,大王村,51,69,61,103,113,104,130,118,152,150,139,160,171,163,123,73,53,38,22,7,1,112Y03M
10014,臺東縣,10014090,太麻里鄉,10014090-007,香蘭村,26,28,30,37,42,50,50,67,70,46,73,96,74,58,43,50,37,7,8,4,1,112Y03M
10014,臺東縣,10014090,太麻里鄉,10014090-008,金崙村,81,63,74,97,126,143,136,118,162,160,164,192,162,116,80,54,33,19,10,4,0,112Y03M
10014,臺東縣,10014090,太麻里鄉,10014090-009,多良村,28,31,29,52,53,77,57,67,93,93,74,90,91,78,47,25,19,9,7,0,0,112Y03M
10014,臺東縣,10014100,大武鄉,10014100-001,大竹村,29,25,21,52,51,38,48,68,86,69,47,75,85,70,35,21,13,8,5,0,0,112Y03M
10014,臺東縣,10014100,大武鄉,10014100-002,大鳥村,52,47,46,74,80,90,104,93,86,94,98,118,95,94,36,24,18,10,1,0,1,112Y03M
10014,臺東縣,10014100,大武鄉,10014100-003,大武村,44,70,65,67,77,79,98,99,117,119,102,127,134,88,90,30,29,13,5,3,1,112Y03M
10014,臺東縣,10014100,大武鄉,10014100-004,尚武村,35,37,37,43,71,97,72,96,121,117,128,124,144,108,86,43,42,24,10,4,0,112Y03M
10014,臺東縣,10014100,大武鄉,10014100-005,南興村,23,14,18,22,39,28,34,35,58,57,41,63,57,57,27,13,11,7,4,1,0,112Y03M
10014,臺東縣,10014110,綠島鄉,10014110-001,公館村,28,46,37,50,86,120,108,87,104,127,98,55,73,58,41,19,11,9,9,2,0,112Y03M
10014,臺東縣,10014110,綠島鄉,10014110-002,中寮村,50,38,32,42,72,129,122,111,102,95,87,98,91,61,40,22,19,12,3,2,0,112Y03M
10014,臺東縣,10014110,綠島鄉,10014110-003,南寮村,65,40,46,51,145,235,196,156,165,164,161,121,121,90,63,47,22,19,5,2,0,112Y03M
10014,臺東縣,10014120,海端鄉,10014120-001,廣原村,56,56,66,71,74,64,76,66,80,67,74,68,48,37,34,12,7,3,0,0,0,112Y03M
10014,臺東縣,10014120,海端鄉,10014120-002,霧鹿村,14,17,19,23,27,31,19,21,36,18,17,30,17,12,9,8,4,1,2,0,0,112Y03M
10014,臺東縣,10014120,海端鄉,10014120-003,利稻村,17,16,21,29,30,24,30,28,29,31,24,13,15,21,12,1,3,1,1,0,0,112Y03M
10014,臺東縣,10014120,海端鄉,10014120-004,海端村,56,53,56,67,105,89,99,96,103,107,71,72,73,61,30,9,13,7,5,1,0,112Y03M
10014,臺東縣,10014120,海端鄉,10014120-005,崁頂村,55,35,69,51,56,67,54,61,54,50,54,57,66,40,16,11,7,3,0,0,0,112Y03M
10014,臺東縣,10014120,海端鄉,10014120-006,加拿村,25,21,43,42,48,58,44,41,45,50,54,48,42,29,12,5,5,1,1,0,0,112Y03M
10014,臺東縣,10014130,延平鄉,10014130-001,武陵村,39,40,32,49,55,64,48,41,74,68,61,59,37,30,31,7,1,4,2,0,0,112Y03M
10014,臺東縣,10014130,延平鄉,10014130-002,永康村,20,25,17,23,30,28,22,31,29,38,46,34,19,13,7,7,5,1,0,0,0,112Y03M
10014,臺東縣,10014130,延平鄉,10014130-003,紅葉村,25,21,28,30,34,36,33,28,52,52,33,34,32,29,22,7,3,2,1,1,0,112Y03M
10014,臺東縣,10014130,延平鄉,10014130-004,鸞山村,35,34,30,23,63,59,30,49,68,58,57,63,46,34,20,9,11,8,2,0,0,112Y03M
10014,臺東縣,10014130,延平鄉,10014130-005,桃源村,74,70,53,73,94,104,92,101,93,110,103,92,83,60,35,9,6,5,3,0,0,112Y03M
10014,臺東縣,10014140,金峰鄉,10014140-001,新興村,39,40,36,34,51,59,50,44,57,40,53,58,53,33,15,12,5,1,1,1,0,112Y03M
10014,臺東縣,10014140,金峰鄉,10014140-002,正興村,33,31,24,39,64,52,61,39,45,51,49,70,74,34,20,9,8,3,4,5,0,112Y03M
10014,臺東縣,10014140,金峰鄉,10014140-003,嘉蘭村,81,81,63,98,126,129,119,98,113,113,127,117,91,74,46,21,12,17,4,0,1,112Y03M
10014,臺東縣,10014140,金峰鄉,10014140-004,賓茂村,9,16,20,17,24,24,31,20,34,25,25,43,33,24,15,6,7,5,2,0,0,112Y03M
10014,臺東縣,10014140,金峰鄉,10014140-005,歷坵村,19,18,15,17,26,32,28,26,35,27,17,43,35,18,13,5,5,6,1,0,0,112Y03M
10014,臺東縣,10014150,達仁鄉,10014150-001,台坂村,26,30,26,27,40,55,59,57,55,39,55,56,68,45,29,10,15,6,3,0,0,112Y03M
10014,臺東縣,10014150,達仁鄉,10014150-002,土坂村,47,32,25,48,70,79,75,62,85,94,95,87,76,51,34,19,13,6,2,0,0,112Y03M
10014,臺東縣,10014150,達仁鄉,10014150-003,新化村,15,6,12,20,28,27,24,25,28,41,35,38,40,21,25,7,14,1,0,0,0,112Y03M
10014,臺東縣,10014150,達仁鄉,10014150-004,安朔村,25,17,24,24,30,35,44,47,49,46,56,55,64,50,35,10,9,4,2,0,0,112Y03M
10014,臺東縣,10014150,達仁鄉,10014150-005,森永村,9,9,9,17,25,15,25,19,40,34,31,42,42,38,17,10,7,2,1,2,0,112Y03M
10014,臺東縣,10014150,達仁鄉,10014150-006,南田村,10,10,7,16,26,28,33,22,31,26,30,33,36,18,7,2,2,0,2,0,0,112Y03M
10014,臺東縣,10014160,蘭嶼鄉,10014160-001,東清村,96,83,66,89,140,152,128,134,156,128,114,94,94,72,36,11,10,9,5,2,0,112Y03M
10014,臺東縣,10014160,蘭嶼鄉,10014160-002,朗島村,39,50,37,57,72,105,105,90,76,71,59,44,51,42,21,14,2,5,4,0,0,112Y03M
10014,臺東縣,10014160,蘭嶼鄉,10014160-003,紅頭村,63,62,51,74,103,139,121,126,149,128,133,115,113,58,43,27,6,6,7,3,0,112Y03M
10014,臺東縣,10014160,蘭嶼鄉,10014160-004,椰油村,44,48,81,63,83,101,100,116,120,100,77,62,81,44,30,10,6,8,2,0,0,112Y03M
10014,臺東縣,10014010,臺東市,10014010-001,富岡里,67,53,72,126,145,165,153,156,200,191,223,214,215,178,146,81,69,40,16,2,0,112Y06M
10014,臺東縣,10014010,臺東市,10014010-003,岩灣里,43,43,57,102,179,210,159,179,195,233,263,233,173,136,91,53,48,18,9,2,0,112Y06M
10014,臺東縣,10014010,臺東市,10014010-004,南王里,93,80,96,138,235,250,253,226,240,240,237,300,256,189,159,79,74,34,17,1,0,112Y06M
10014,臺東縣,10014010,臺東市,10014010-005,卑南里,67,75,67,175,244,261,213,198,259,294,286,281,247,188,151,97,75,33,12,3,2,112Y06M
10014,臺東縣,10014010,臺東市,10014010-006,南榮里,86,105,88,147,219,254,187,188,213,248,273,247,227,181,176,86,48,33,27,11,1,112Y06M
10014,臺東縣,10014010,臺東市,10014010-007,新生里,127,159,120,181,246,316,288,244,276,282,326,348,310,265,185,116,70,38,13,1,0,112Y06M
10014,臺東縣,10014010,臺東市,10014010-008,民生里,87,86,82,110,184,186,194,215,247,215,240,218,228,245,232,105,75,40,17,6,0,112Y06M
10014,臺東縣,10014010,臺東市,10014010-009,寶桑里,55,74,47,75,95,100,74,104,131,125,124,132,126,119,100,43,42,15,7,2,0,112Y06M
10014,臺東縣,10014010,臺東市,10014010-010,馬蘭里,124,351,357,164,156,192,166,172,241,160,212,201,176,174,116,83,68,42,13,4,0,112Y06M
10014,臺東縣,10014010,臺東市,10014010-011,中心里,141,305,410,188,212,239,217,226,248,258,257,259,242,216,166,145,94,43,13,2,1,112Y06M
10014,臺東縣,10014010,臺東市,10014010-012,自強里,255,434,417,211,247,255,252,256,300,252,269,293,298,238,176,83,59,29,9,2,0,112Y06M
10014,臺東縣,10014010,臺東市,10014010-013,民族里,253,434,369,176,159,170,170,193,224,177,216,173,195,179,137,92,100,51,24,8,0,112Y06M
10014,臺東縣,10014010,臺東市,10014010-015,中華里,65,88,96,123,127,167,180,168,194,194,226,221,179,182,136,91,71,34,17,3,0,112Y06M
10014,臺東縣,10014010,臺東市,10014010-017,建國里,62,63,48,75,119,125,150,126,138,152,163,147,167,167,122,77,50,28,8,5,0,112Y06M
10014,臺東縣,10014010,臺東市,10014010-020,中正里,33,36,51,65,123,158,135,144,163,163,174,154,191,186,186,93,77,55,11,7,2,112Y06M
10014,臺東縣,10014010,臺東市,10014010-022,成功里,55,55,79,93,109,143,149,125,136,147,173,191,175,123,109,82,65,39,11,4,2,112Y06M
10014,臺東縣,10014010,臺東市,10014010-023,文化里,168,235,151,94,92,112,137,161,182,148,162,136,132,125,101,59,42,34,23,15,0,112Y06M
10014,臺東縣,10014010,臺東市,10014010-024,中山里,178,185,62,62,111,131,127,128,142,129,180,141,149,140,130,80,64,38,29,7,3,112Y06M
10014,臺東縣,10014010,臺東市,10014010-029,新園里,65,53,60,90,136,171,119,120,130,142,180,176,119,112,97,45,39,9,5,0,1,112Y06M
10014,臺東縣,10014010,臺東市,10014010-030,豐田里,72,92,77,129,187,204,203,188,208,212,211,203,197,144,124,80,37,22,10,8,0,112Y06M
10014,臺東縣,10014010,臺東市,10014010-031,豐年里,135,88,84,190,231,312,301,271,311,284,308,264,241,196,162,93,58,22,17,2,1,112Y06M
10014,臺東縣,10014010,臺東市,10014010-032,光明里,66,180,285,232,218,226,188,163,265,263,315,275,177,144,119,57,46,21,11,3,0,112Y06M
10014,臺東縣,10014010,臺東市,10014010-033,豐樂里,58,91,154,103,144,138,145,120,154,143,153,192,150,135,103,51,34,23,12,1,1,112Y06M
10014,臺東縣,10014010,臺東市,10014010-034,永樂里,87,180,212,188,272,259,190,163,242,259,248,256,256,182,125,61,51,32,10,3,2,112Y06M
10014,臺東縣,10014010,臺東市,10014010-035,康樂里,70,88,83,75,114,111,105,96,123,123,151,147,103,91,52,39,30,13,6,2,0,112Y06M
10014,臺東縣,10014010,臺東市,10014010-036,東海里,196,213,92,114,127,161,139,196,196,152,156,146,205,177,114,62,56,28,10,1,0,112Y06M
10014,臺東縣,10014010,臺東市,10014010-037,新興里,48,69,65,66,75,100,95,101,120,98,131,151,115,107,88,61,38,34,9,3,1,112Y06M
10014,臺東縣,10014010,臺東市,10014010-038,豐榮里,99,84,162,182,243,214,236,244,321,322,272,258,242,225,165,89,70,32,17,4,1,112Y06M
10014,臺東縣,10014010,臺東市,10014010-039,豐谷里,108,129,150,181,270,312,299,289,324,269,321,322,305,260,166,111,81,34,13,3,0,112Y06M
10014,臺東縣,10014010,臺東市,10014010-040,豐里里,73,81,79,119,172,223,215,178,182,182,210,256,187,148,113,77,53,30,21,6,1,112Y06M
10014,臺東縣,10014010,臺東市,10014010-041,豐原里,41,54,60,44,86,116,94,88,90,82,116,124,137,78,68,40,40,38,12,3,0,112Y06M
10014,臺東縣,10014010,臺東市,10014010-042,建和里,69,44,57,60,99,101,132,80,99,98,109,143,135,92,82,54,38,34,9,4,1,112Y06M
10014,臺東縣,10014010,臺東市,10014010-043,建興里,39,13,26,56,109,112,100,66,93,99,127,116,120,76,97,51,35,24,6,1,0,112Y06M
10014,臺東縣,10014010,臺東市,10014010-045,知本里,82,74,67,116,174,206,182,166,171,166,223,240,209,179,115,78,70,40,20,4,0,112Y06M
10014,臺東縣,10014010,臺東市,10014010-046,建農里,81,59,54,113,168,181,162,143,173,205,222,200,169,149,93,54,35,24,13,8,1,112Y06M
10014,臺東縣,10014010,臺東市,10014010-047,仁和里,104,119,94,147,208,236,239,258,266,278,249,301,304,239,198,100,83,37,16,5,0,112Y06M
10014,臺東縣,10014010,臺東市,10014010-048,豐安里,76,67,114,181,191,244,255,247,273,285,236,232,245,217,149,61,51,19,9,3,0,112Y06M
10014,臺東縣,10014010,臺東市,10014010-049,豐盛里,96,98,162,205,270,309,294,280,260,310,360,322,289,216,169,88,69,21,8,3,1,112Y06M
10014,臺東縣,10014020,成功鎮,10014020-001,博愛里,8,11,5,12,13,29,26,26,32,47,61,69,71,55,39,43,29,20,1,2,0,112Y06M
10014,臺東縣,10014020,成功鎮,10014020-002,忠孝里,19,17,26,38,32,57,49,58,74,70,77,99,103,70,57,58,30,30,7,0,1,112Y06M
10014,臺東縣,10014020,成功鎮,10014020-003,三仙里,26,43,41,56,70,93,82,70,111,118,134,121,136,122,90,45,48,14,8,2,1,112Y06M
10014,臺東縣,10014020,成功鎮,10014020-004,三民里,72,70,87,115,172,188,185,193,254,240,228,237,243,226,169,111,69,27,14,3,1,112Y06M
10014,臺東縣,10014020,成功鎮,10014020-005,忠智里,54,106,90,83,125,127,131,133,165,172,174,156,179,125,144,64,65,41,11,6,0,112Y06M
10014,臺東縣,10014020,成功鎮,10014020-006,忠仁里,65,77,95,117,131,125,121,145,192,190,208,181,223,174,141,86,42,37,12,1,1,112Y06M
10014,臺東縣,10014020,成功鎮,10014020-007,和平里,9,15,18,22,25,41,41,32,53,61,65,79,79,72,52,42,26,14,8,3,0,112Y06M
10014,臺東縣,10014020,成功鎮,10014020-008,信義里,36,49,41,64,85,97,92,108,142,166,187,194,200,167,125,67,55,45,15,5,1,112Y06M
10014,臺東縣,10014030,關山鎮,10014030-001,德高里,48,45,37,68,104,161,117,87,126,117,165,161,145,103,106,85,70,46,19,7,2,112Y06M
10014,臺東縣,10014030,關山鎮,10014030-002,豐泉里,30,62,72,51,86,88,74,91,88,79,97,96,108,100,59,42,40,14,10,6,0,112Y06M
10014,臺東縣,10014030,關山鎮,10014030-003,新福里,28,60,44,34,63,72,56,50,70,62,82,99,83,66,42,29,34,18,5,2,0,112Y06M
10014,臺東縣,10014030,關山鎮,10014030-004,中福里,24,37,42,34,37,49,55,53,60,60,54,65,79,79,55,31,37,12,4,3,0,112Y06M
10014,臺東縣,10014030,關山鎮,10014030-005,里壠里,40,77,93,76,87,132,110,102,112,135,138,150,150,135,99,67,55,38,12,3,0,112Y06M
10014,臺東縣,10014030,關山鎮,10014030-006,電光里,14,20,14,34,30,37,33,21,42,38,60,46,52,45,41,24,17,11,3,0,0,112Y06M
10014,臺東縣,10014030,關山鎮,10014030-007,月眉里,15,15,20,23,43,58,48,35,38,60,61,62,87,52,40,23,23,17,4,3,0,112Y06M
10014,臺東縣,10014040,卑南鄉,10014040-001,嘉豐村,20,13,26,17,37,34,27,51,36,32,38,47,58,37,23,17,11,4,5,0,0,112Y06M
10014,臺東縣,10014040,卑南鄉,10014040-002,利吉村,10,13,11,13,23,21,30,25,36,26,29,46,64,57,27,13,18,13,10,1,0,112Y06M
10014,臺東縣,10014040,卑南鄉,10014040-003,富山村,12,17,9,23,27,34,29,28,39,39,40,62,39,38,18,17,22,9,4,0,1,112Y06M
10014,臺東縣,10014040,卑南鄉,10014040-004,富源村,6,2,6,10,15,18,15,19,16,20,33,33,31,33,33,14,14,8,4,1,0,112Y06M
10014,臺東縣,10014040,卑南鄉,10014040-005,明峰村,37,28,28,53,65,68,68,77,95,93,112,108,98,94,87,48,49,22,9,1,1,112Y06M
10014,臺東縣,10014040,卑南鄉,10014040-006,初鹿村,39,35,35,69,90,87,74,63,117,99,129,112,101,103,67,49,32,20,17,6,0,112Y06M
10014,臺東縣,10014040,卑南鄉,10014040-007,美農村,22,29,18,39,81,75,76,47,68,89,111,106,93,81,52,50,42,26,10,1,0,112Y06M
10014,臺東縣,10014040,卑南鄉,10014040-008,賓朗村,56,40,66,134,158,188,138,128,161,174,199,225,196,167,152,86,88,39,18,3,1,112Y06M
10014,臺東縣,10014040,卑南鄉,10014040-009,泰安村,66,47,48,80,99,113,116,69,94,96,120,118,101,71,46,23,22,15,5,3,0,112Y06M
10014,臺東縣,10014040,卑南鄉,10014040-010,太平村,140,100,107,143,247,290,298,252,293,318,313,298,271,217,156,78,48,25,12,9,1,112Y06M
10014,臺東縣,10014040,卑南鄉,10014040-011,利嘉村,43,61,51,51,80,111,96,85,76,91,103,102,99,90,67,27,22,11,6,2,1,112Y06M
10014,臺東縣,10014040,卑南鄉,10014040-012,東興村,48,57,39,70,79,121,86,84,109,106,123,138,110,60,54,27,15,11,5,3,0,112Y06M
10014,臺東縣,10014040,卑南鄉,10014040-013,溫泉村,18,52,21,35,50,56,51,54,94,79,96,124,107,103,91,47,40,28,11,3,0,112Y06M
10014,臺東縣,10014050,鹿野鄉,10014050-001,瑞和村,17,13,12,27,42,55,52,31,62,44,60,71,54,36,48,26,13,19,1,1,1,112Y06M
10014,臺東縣,10014050,鹿野鄉,10014050-002,瑞豐村,16,16,14,44,70,49,46,52,60,97,71,71,74,68,65,34,36,27,11,3,0,112Y06M
10014,臺東縣,10014050,鹿野鄉,10014050-003,瑞源村,23,34,24,36,40,62,67,47,57,79,58,85,71,69,61,43,31,21,6,2,2,112Y06M
10014,臺東縣,10014050,鹿野鄉,10014050-004,永安村,40,50,30,49,89,101,91,101,124,105,138,164,139,112,83,47,45,29,7,3,1,112Y06M
10014,臺東縣,10014050,鹿野鄉,10014050-005,瑞隆村,28,19,15,53,59,51,51,56,66,66,80,84,76,79,53,28,39,18,6,1,0,112Y06M
10014,臺東縣,10014050,鹿野鄉,10014050-006,鹿野村,19,16,26,55,56,71,71,54,61,84,92,119,109,90,58,51,32,21,13,3,0,112Y06M
10014,臺東縣,10014050,鹿野鄉,10014050-007,龍田村,19,28,33,52,67,53,54,67,87,59,103,111,101,85,73,44,43,27,11,3,0,112Y06M
10014,臺東縣,10014060,池上鄉,10014060-001,福文村,43,31,35,55,79,84,60,50,82,105,113,98,93,89,63,41,41,25,20,2,3,112Y06M
10014,臺東縣,10014060,池上鄉,10014060-002,慶豐村,33,23,14,24,38,50,41,43,49,61,60,67,66,50,52,23,22,21,9,0,1,112Y06M
10014,臺東縣,10014060,池上鄉,10014060-003,大坡村,7,14,10,7,15,22,15,23,23,24,21,31,42,35,31,13,9,11,4,0,0,112Y06M
10014,臺東縣,10014060,池上鄉,10014060-004,大埔村,39,16,20,36,43,55,45,48,68,52,76,69,69,86,61,47,28,12,8,2,0,112Y06M
10014,臺東縣,10014060,池上鄉,10014060-005,福原村,102,64,74,91,132,137,162,129,152,158,179,144,183,147,115,79,70,42,23,4,0,112Y06M
10014,臺東縣,10014060,池上鄉,10014060-006,錦園村,13,8,7,7,19,15,14,18,21,25,29,40,39,34,23,14,11,11,6,2,0,112Y06M
10014,臺東縣,10014060,池上鄉,10014060-007,新興村,36,18,23,29,50,63,57,50,53,88,85,67,75,67,62,28,32,31,8,1,2,112Y06M
10014,臺東縣,10014060,池上鄉,10014060-008,萬安村,7,12,14,11,21,20,15,15,23,24,28,31,34,17,24,16,14,10,11,0,0,112Y06M
10014,臺東縣,10014060,池上鄉,10014060-009,富興村,13,10,10,16,22,31,15,16,28,37,36,36,49,27,25,13,18,7,3,1,0,112Y06M
10014,臺東縣,10014060,池上鄉,10014060-010,振興村,23,9,11,13,30,36,31,27,38,43,40,48,26,38,33,20,11,6,3,0,0,112Y06M
10014,臺東縣,10014070,東河鄉,10014070-001,北源村,19,29,37,45,58,69,72,81,155,149,160,155,162,125,112,59,44,36,16,5,1,112Y06M
10014,臺東縣,10014070,東河鄉,10014070-002,泰源村,28,18,40,42,66,67,62,69,91,93,125,114,115,97,74,55,33,24,11,5,0,112Y06M
10014,臺東縣,10014070,東河鄉,10014070-003,東河村,17,25,29,32,51,68,48,50,95,89,114,111,74,73,71,43,37,18,7,4,5,112Y06M
10014,臺東縣,10014070,東河鄉,10014070-004,尚德村,1,6,8,12,13,11,6,12,26,24,15,27,22,21,19,8,10,5,4,0,1,112Y06M
10014,臺東縣,10014070,東河鄉,10014070-005,隆昌村,11,7,12,22,12,21,30,23,24,39,60,53,52,58,43,23,20,17,5,2,0,112Y06M
10014,臺東縣,10014070,東河鄉,10014070-006,興昌村,18,16,25,45,38,55,37,35,62,97,97,91,95,93,85,38,46,22,13,5,0,112Y06M
10014,臺東縣,10014070,東河鄉,10014070-007,都蘭村,46,72,62,89,118,117,109,138,194,187,183,203,205,188,138,100,66,51,21,2,0,112Y06M
10014,臺東縣,10014080,長濱鄉,10014080-001,樟原村,10,10,7,17,29,40,20,20,34,41,73,57,53,55,45,34,26,23,9,1,0,112Y06M
10014,臺東縣,10014080,長濱鄉,10014080-002,三間村,26,31,32,46,41,55,43,57,89,108,109,139,110,89,84,71,55,39,13,3,0,112Y06M
10014,臺東縣,10014080,長濱鄉,10014080-003,忠勇村,10,8,20,32,18,34,24,26,40,54,59,59,55,37,26,24,25,13,6,0,0,112Y06M
10014,臺東縣,10014080,長濱鄉,10014080-004,長濱村,33,47,61,97,86,128,119,131,136,160,189,229,189,167,120,88,70,45,12,7,1,112Y06M
10014,臺東縣,10014080,長濱鄉,10014080-005,竹湖村,12,21,23,23,31,36,43,42,74,74,76,97,102,80,64,47,41,19,11,0,0,112Y06M
10014,臺東縣,10014080,長濱鄉,10014080-006,寧埔村,21,26,25,30,42,47,73,59,86,85,115,157,119,119,101,57,46,17,9,2,0,112Y06M
10014,臺東縣,10014090,太麻里鄉,10014090-001,美和村,24,37,35,83,104,91,89,94,109,116,125,116,116,82,82,45,53,24,2,1,0,112Y06M
10014,臺東縣,10014090,太麻里鄉,10014090-002,三和村,13,10,13,25,29,49,30,42,59,42,61,55,47,46,35,27,22,8,8,0,0,112Y06M
10014,臺東縣,10014090,太麻里鄉,10014090-003,華源村,10,8,7,18,32,37,21,30,43,57,55,74,39,49,32,35,36,25,10,3,0,112Y06M
10014,臺東縣,10014090,太麻里鄉,10014090-004,北里村,17,22,11,24,34,42,44,35,44,56,42,45,59,58,38,17,20,12,6,2,0,112Y06M
10014,臺東縣,10014090,太麻里鄉,10014090-005,泰和村,39,41,37,75,88,115,109,93,100,119,126,116,117,102,91,56,53,27,9,1,0,112Y06M
10014,臺東縣,10014090,太麻里鄉,10014090-006,大王村,49,69,64,103,117,101,129,113,152,152,143,154,174,161,128,76,53,39,21,5,1,112Y06M
10014,臺東縣,10014090,太麻里鄉,10014090-007,香蘭村,27,30,28,38,39,53,46,67,69,48,67,101,80,54,41,52,37,8,8,3,1,112Y06M
10014,臺東縣,10014090,太麻里鄉,10014090-008,金崙村,88,66,73,97,126,139,133,128,160,159,157,194,166,114,85,52,35,18,10,4,0,112Y06M
10014,臺東縣,10014090,太麻里鄉,10014090-009,多良村,27,31,32,49,54,75,63,67,84,98,76,91,87,81,48,24,18,10,7,1,0,112Y06M
10014,臺東縣,10014100,大武鄉,10014100-001,大竹村,27,27,18,56,51,38,44,68,88,67,46,69,84,71,38,20,13,9,5,0,0,112Y06M
10014,臺東縣,10014100,大武鄉,10014100-002,大鳥村,59,47,42,76,80,92,101,94,91,93,95,122,92,95,38,25,14,12,1,0,1,112Y06M
10014,臺東縣,10014100,大武鄉,10014100-003,大武村,42,72,64,65,76,84,96,96,114,117,107,125,130,88,92,29,31,12,6,3,1,112Y06M
10014,臺東縣,10014100,大武鄉,10014100-004,尚武村,41,33,37,44,68,95,74,98,111,119,130,123,140,109,89,43,40,23,9,4,0,112Y06M
10014,臺東縣,10014100,大武鄉,10014100-005,南興村,25,15,16,20,41,28,36,35,58,58,38,63,58,56,28,12,12,7,4,1,0,112Y06M
10014,臺東縣,10014110,綠島鄉,10014110-001,公館村,27,49,34,54,83,126,109,95,106,131,99,55,75,58,42,19,11,9,9,2,0,112Y06M
10014,臺東縣,10014110,綠島鄉,10014110-002,中寮村,47,42,34,42,72,134,130,112,106,94,89,96,97,58,44,24,17,13,3,1,0,112Y06M
10014,臺東縣,10014110,綠島鄉,10014110-003,南寮村,62,37,46,52,136,236,197,162,166,159,166,120,119,93,62,48,21,18,4,1,1,112Y06M
10014,臺東縣,10014120,海端鄉,10014120-001,廣原村,55,58,63,72,73,64,77,61,83,70,72,68,49,37,34,12,6,3,0,0,0,112Y06M
10014,臺東縣,10014120,海端鄉,10014120-002,霧鹿村,15,15,20,23,28,29,21,24,34,17,18,30,17,11,10,7,5,1,2,0,0,112Y06M
10014,臺東縣,10014120,海端鄉,10014120-003,利稻村,14,17,21,24,34,25,28,27,32,30,25,11,17,20,12,1,3,1,1,0,0,112Y06M
10014,臺東縣,10014120,海端鄉,10014120-004,海端村,55,57,53,65,108,86,98,90,103,112,72,71,69,65,28,10,13,7,4,1,0,112Y06M
10014,臺東縣,10014120,海端鄉,10014120-005,崁頂村,54,36,68,52,54,63,56,63,52,53,54,57,65,43,15,12,6,4,0,0,0,112Y06M
10014,臺東縣,10014120,海端鄉,10014120-006,加拿村,27,21,44,39,47,60,44,40,49,47,55,50,41,29,13,5,5,1,1,0,0,112Y06M
10014,臺東縣,10014130,延平鄉,10014130-001,武陵村,40,40,32,46,59,61,50,39,78,66,62,58,39,32,30,8,1,4,2,0,0,112Y06M
10014,臺東縣,10014130,延平鄉,10014130-002,永康村,24,25,19,21,29,31,21,30,27,39,47,35,18,15,7,6,6,1,0,0,0,112Y06M
10014,臺東縣,10014130,延平鄉,10014130-003,紅葉村,24,23,25,31,33,34,35,27,51,54,30,35,33,29,21,8,3,2,1,1,0,112Y06M
10014,臺東縣,10014130,延平鄉,10014130-004,鸞山村,35,37,30,22,64,60,31,47,67,58,56,62,48,34,20,9,12,8,1,1,0,112Y06M
10014,臺東縣,10014130,延平鄉,10014130-005,桃源村,74,66,53,69,95,100,94,98,91,109,103,94,84,57,39,10,6,5,3,0,0,112Y06M
10014,臺東縣,10014140,金峰鄉,10014140-001,新興村,41,42,37,38,51,60,50,43,58,39,54,57,52,36,14,12,4,1,1,1,0,112Y06M
10014,臺東縣,10014140,金峰鄉,10014140-002,正興村,37,31,23,38,64,52,60,40,43,53,48,70,71,38,21,9,8,3,4,4,1,112Y06M
10014,臺東縣,10014140,金峰鄉,10014140-003,嘉蘭村,82,80,63,101,123,126,116,99,110,112,130,117,90,75,49,19,13,17,5,0,1,112Y06M
10014,臺東縣,10014140,金峰鄉,10014140-004,賓茂村,9,16,20,17,23,23,29,22,32,24,27,40,34,23,14,6,7,5,1,1,0,112Y06M
10014,臺東縣,10014140,金峰鄉,10014140-005,歷坵村,20,15,16,18,29,31,34,25,37,23,21,39,40,22,13,6,5,5,2,0,0,112Y06M
10014,臺東縣,10014150,達仁鄉,10014150-001,台坂村,27,28,26,26,40,54,58,57,54,39,56,55,64,43,32,10,13,6,4,0,0,112Y06M
10014,臺東縣,10014150,達仁鄉,10014150-002,土坂村,47,29,21,52,68,80,75,62,80,95,91,92,75,51,35,19,14,6,1,0,0,112Y06M
10014,臺東縣,10014150,達仁鄉,10014150-003,新化村,13,8,13,18,29,29,25,25,25,42,37,37,40,23,21,10,12,1,0,0,0,112Y06M
10014,臺東縣,10014150,達仁鄉,10014150-004,安朔村,25,17,22,24,30,35,44,49,49,44,60,52,65,47,37,12,9,3,2,1,0,112Y06M
10014,臺東縣,10014150,達仁鄉,10014150-005,森永村,10,7,12,17,26,15,23,17,43,31,34,39,41,37,16,9,8,2,1,2,0,112Y06M
10014,臺東縣,10014150,達仁鄉,10014150-006,南田村,10,9,10,15,22,32,33,23,28,26,30,32,34,21,8,2,2,0,2,0,0,112Y06M
10014,臺東縣,10014160,蘭嶼鄉,10014160-001,東清村,102,88,70,92,144,156,132,137,156,126,120,94,93,71,37,11,8,11,4,2,0,112Y06M
10014,臺東縣,10014160,蘭嶼鄉,10014160-002,朗島村,38,52,34,57,68,106,103,93,73,73,60,47,47,46,20,15,2,5,4,0,0,112Y06M
10014,臺東縣,10014160,蘭嶼鄉,10014160-003,紅頭村,62,70,52,73,102,144,117,123,150,130,132,118,105,62,40,30,6,5,7,2,0,112Y06M
10014,臺東縣,10014160,蘭嶼鄉,10014160-004,椰油村,38,49,90,60,88,103,97,113,128,103,79,64,80,46,28,12,6,6,3,0,0,112Y06M
10014,臺東縣,10014010,臺東市,10014010-001,富岡里,64,53,78,128,145,169,151,150,199,192,222,218,212,177,144,82,68,42,15,3,0,112Y09M
10014,臺東縣,10014010,臺東市,10014010-003,岩灣里,35,42,60,103,162,220,153,178,204,239,260,231,184,132,97,55,48,19,9,2,0,112Y09M
10014,臺東縣,10014010,臺東市,10014010-004,南王里,92,80,92,135,231,247,252,220,237,244,247,288,257,192,164,73,74,34,17,2,0,112Y09M
10014,臺東縣,10014010,臺東市,10014010-005,卑南里,67,79,63,174,242,260,209,200,258,291,292,276,251,184,160,92,82,35,11,4,2,112Y09M
10014,臺東縣,10014010,臺東市,10014010-006,南榮里,83,105,84,148,212,259,186,184,212,236,283,244,223,186,178,87,48,28,28,11,1,112Y09M
10014,臺東縣,10014010,臺東市,10014010-007,新生里,122,155,118,186,244,308,283,246,274,283,326,346,308,269,186,118,71,40,12,1,0,112Y09M
10014,臺東縣,10014010,臺東市,10014010-008,民生里,93,88,87,111,186,182,212,212,251,223,242,220,234,243,233,110,74,41,17,5,0,112Y09M
10014,臺東縣,10014010,臺東市,10014010-009,寶桑里,56,64,45,76,93,101,71,100,124,133,117,127,127,121,104,43,38,17,7,3,0,112Y09M
10014,臺東縣,10014010,臺東市,10014010-010,馬蘭里,116,351,344,158,147,190,164,169,229,166,204,203,172,175,117,79,70,40,13,4,0,112Y09M
10014,臺東縣,10014010,臺東市,10014010-011,中心里,138,312,419,185,213,227,221,232,246,256,256,254,243,216,174,138,92,45,12,3,1,112Y09M
10014,臺東縣,10014010,臺東市,10014010-012,自強里,256,439,407,199,236,251,256,248,301,251,270,284,297,241,182,88,58,33,6,2,0,112Y09M
10014,臺東縣,10014010,臺東市,10014010-013,民族里,250,427,370,169,164,169,161,197,223,179,217,171,189,179,143,89,98,57,25,9,0,112Y09M
10014,臺東縣,10014010,臺東市,10014010-015,中華里,71,85,103,111,127,163,186,176,184,201,224,216,184,180,140,86,73,33,15,4,0,112Y09M
10014,臺東縣,10014010,臺東市,10014010-017,建國里,59,67,51,73,114,129,140,134,134,158,160,156,156,168,129,76,53,25,9,4,0,112Y09M
10014,臺東縣,10014010,臺東市,10014010-020,中正里,33,34,56,72,125,147,139,137,165,170,171,155,192,181,189,94,78,51,12,7,2,112Y09M
10014,臺東縣,10014010,臺東市,10014010-022,成功里,54,53,73,91,107,141,153,123,138,139,173,191,177,131,111,75,73,35,12,4,2,112Y09M
10014,臺東縣,10014010,臺東市,10014010-023,文化里,172,220,153,97,90,116,134,159,183,147,162,139,125,122,103,59,44,29,24,16,0,112Y09M
10014,臺東縣,10014010,臺東市,10014010-024,中山里,178,193,60,62,105,134,132,125,136,127,179,140,145,148,130,80,60,38,29,6,3,112Y09M
10014,臺東縣,10014010,臺東市,10014010-029,新園里,66,56,53,87,139,163,127,118,133,141,183,175,123,108,98,48,41,8,6,0,1,112Y09M
10014,臺東縣,10014010,臺東市,10014010-030,豐田里,79,90,92,132,190,200,208,194,209,209,215,200,194,151,130,78,38,25,9,8,0,112Y09M
10014,臺東縣,10014010,臺東市,10014010-031,豐年里,135,89,87,180,242,306,307,261,307,295,305,263,245,198,168,91,60,22,15,3,1,112Y09M
10014,臺東縣,10014010,臺東市,10014010-032,光明里,68,174,289,229,216,221,192,166,259,271,306,275,183,151,116,60,46,20,12,2,0,112Y09M
10014,臺東縣,10014010,臺東市,10014010-033,豐樂里,56,95,152,100,147,132,147,119,156,147,150,187,157,132,103,55,35,21,13,1,1,112Y09M
10014,臺東縣,10014010,臺東市,10014010-034,永樂里,82,186,220,187,273,253,183,164,240,256,259,246,259,186,128,64,51,31,12,3,2,112Y09M
10014,臺東縣,10014010,臺東市,10014010-035,康樂里,68,92,79,76,115,111,101,106,115,123,153,145,100,94,51,39,30,15,6,2,0,112Y09M
10014,臺東縣,10014010,臺東市,10014010-036,東海里,187,223,86,113,132,159,133,188,200,159,157,139,201,183,116,63,52,32,11,1,0,112Y09M
10014,臺東縣,10014010,臺東市,10014010-037,新興里,48,62,70,74,71,98,93,103,116,104,130,145,119,108,88,62,34,31,11,4,1,112Y09M
10014,臺東縣,10014010,臺東市,10014010-038,豐榮里,83,92,149,185,242,208,231,237,317,325,265,259,242,224,169,92,72,32,17,5,1,112Y09M
10014,臺東縣,10014010,臺東市,10014010-039,豐谷里,104,131,153,174,268,310,297,278,335,265,321,320,308,257,175,109,83,34,13,1,0,112Y09M
10014,臺東縣,10014010,臺東市,10014010-040,豐里里,74,82,80,114,169,223,223,176,180,180,216,259,190,151,114,73,53,32,19,4,1,112Y09M
10014,臺東縣,10014010,臺東市,10014010-041,豐原里,40,57,60,44,84,122,90,87,95,83,121,125,137,77,72,42,39,38,12,3,0,112Y09M
10014,臺東縣,10014010,臺東市,10014010-042,建和里,65,47,52,57,99,94,131,83,100,96,111,137,132,99,84,53,38,35,8,5,0,112Y09M
10014,臺東縣,10014010,臺東市,10014010-043,建興里,37,15,27,52,108,110,101,58,96,99,125,119,116,77,104,52,35,22,7,1,0,112Y09M
10014,臺東縣,10014010,臺東市,10014010-045,知本里,85,76,69,120,171,206,187,166,175,165,225,242,216,175,125,70,73,41,16,6,0,112Y09M
10014,臺東縣,10014010,臺東市,10014010-046,建農里,85,56,55,112,169,174,165,144,167,207,225,202,170,150,97,54,34,23,11,9,1,112Y09M
10014,臺東縣,10014010,臺東市,10014010-047,仁和里,93,134,106,142,209,230,228,262,266,280,245,302,306,249,198,101,80,35,17,3,0,112Y09M
10014,臺東縣,10014010,臺東市,10014010-048,豐安里,80,63,124,180,186,250,255,250,285,286,233,228,252,216,156,60,50,21,10,3,0,112Y09M
10014,臺東縣,10014010,臺東市,10014010-049,豐盛里,94,98,156,203,264,315,290,277,265,307,359,321,291,217,176,84,70,23,7,3,1,112Y09M
10014,臺東縣,10014020,成功鎮,10014020-001,博愛里,8,9,5,12,13,28,27,26,29,47,58,72,71,53,36,45,29,20,2,2,0,112Y09M
10014,臺東縣,10014020,成功鎮,10014020-002,忠孝里,18,16,28,36,32,58,54,56,72,67,79,100,100,70,57,57,31,30,8,0,1,112Y09M
10014,臺東縣,10014020,成功鎮,10014020-003,三仙里,26,34,45,54,70,96,79,71,105,119,139,122,134,125,90,46,46,16,8,2,1,112Y09M
10014,臺東縣,10014020,成功鎮,10014020-004,三民里,74,67,90,116,168,184,187,195,252,231,224,237,243,230,169,111,69,29,14,1,2,112Y09M
10014,臺東縣,10014020,成功鎮,10014020-005,忠智里,50,107,95,81,123,129,128,133,166,177,168,156,179,131,141,64,69,39,12,6,0,112Y09M
10014,臺東縣,10014020,成功鎮,10014020-006,忠仁里,69,80,86,112,139,130,117,148,192,194,202,187,227,169,145,89,41,37,13,1,1,112Y09M
10014,臺東縣,10014020,成功鎮,10014020-007,和平里,9,15,17,22,25,41,36,36,50,58,67,75,77,74,55,38,29,12,10,3,0,112Y09M
10014,臺東縣,10014020,成功鎮,10014020-008,信義里,32,44,40,71,81,96,90,104,143,162,186,191,196,173,123,67,57,44,16,5,1,112Y09M
10014,臺東縣,10014030,關山鎮,10014030-001,德高里,47,44,35,70,103,152,122,84,126,115,163,170,150,99,110,85,68,48,19,7,1,112Y09M
10014,臺東縣,10014030,關山鎮,10014030-002,豐泉里,31,64,65,52,89,87,75,88,91,76,96,99,102,102,62,42,41,14,9,6,0,112Y09M
10014,臺東縣,10014030,關山鎮,10014030-003,新福里,27,60,45,36,63,68,55,51,68,61,79,98,84,66,45,27,34,20,6,2,0,112Y09M
10014,臺東縣,10014030,關山鎮,10014030-004,中福里,23,36,43,32,39,48,53,52,61,62,53,61,82,78,55,31,36,13,4,3,0,112Y09M
10014,臺東縣,10014030,關山鎮,10014030-005,里壠里,42,79,95,73,88,126,113,97,117,131,138,143,155,134,98,66,55,35,15,3,0,112Y09M
10014,臺東縣,10014030,關山鎮,10014030-006,電光里,13,19,14,32,30,35,34,22,42,37,60,42,54,44,42,23,18,11,1,0,0,112Y09M
10014,臺東縣,10014030,關山鎮,10014030-007,月眉里,17,15,20,23,41,61,46,37,39,56,62,60,90,54,39,24,24,15,5,3,0,112Y09M
10014,臺東縣,10014040,卑南鄉,10014040-001,嘉豐村,22,8,24,18,34,38,25,54,33,31,38,46,54,40,24,17,11,4,5,0,0,112Y09M
10014,臺東縣,10014040,卑南鄉,10014040-002,利吉村,10,12,7,14,20,22,30,26,36,24,28,45,64,57,29,14,18,12,11,1,0,112Y09M
10014,臺東縣,10014040,卑南鄉,10014040-003,富山村,11,16,10,22,28,31,31,26,40,38,41,60,41,40,18,16,21,10,4,0,1,112Y09M
10014,臺東縣,10014040,卑南鄉,10014040-004,富源村,6,2,6,10,16,16,13,19,18,21,32,33,31,37,32,15,13,5,3,2,0,112Y09M
10014,臺東縣,10014040,卑南鄉,10014040-005,明峰村,36,33,26,56,64,64,73,76,98,91,114,106,99,96,87,43,50,24,8,2,1,112Y09M
10014,臺東縣,10014040,卑南鄉,10014040-006,初鹿村,40,33,36,67,89,87,68,65,111,103,125,109,101,104,72,49,32,21,16,6,0,112Y09M
10014,臺東縣,10014040,卑南鄉,10014040-007,美農村,15,29,16,39,77,77,78,47,70,89,105,112,95,82,52,50,42,25,9,0,0,112Y09M
10014,臺東縣,10014040,卑南鄉,10014040-008,賓朗村,53,39,65,133,157,187,132,137,156,173,196,231,194,168,151,85,86,42,19,2,2,112Y09M
10014,臺東縣,10014040,卑南鄉,10014040-009,泰安村,66,46,47,80,88,113,112,71,95,92,117,118,109,68,50,21,25,14,5,2,0,112Y09M
10014,臺東縣,10014040,卑南鄉,10014040-010,太平村,145,98,107,138,245,282,297,265,285,317,315,306,270,223,151,79,45,28,12,7,1,112Y09M
10014,臺東縣,10014040,卑南鄉,10014040-011,利嘉村,42,60,51,52,76,109,93,85,82,86,105,99,95,95,68,25,23,11,6,1,1,112Y09M
10014,臺東縣,10014040,卑南鄉,10014040-012,東興村,45,51,41,65,80,118,86,81,107,103,127,136,105,68,53,28,14,13,5,2,0,112Y09M
10014,臺東縣,10014040,卑南鄉,10014040-013,溫泉村,17,52,22,33,56,54,51,54,98,79,93,127,110,96,94,46,40,28,12,3,0,112Y09M
10014,臺東縣,10014050,鹿野鄉,10014050-001,瑞和村,16,11,15,27,40,55,52,33,61,43,55,78,53,39,45,27,13,19,1,1,1,112Y09M
10014,臺東縣,10014050,鹿野鄉,10014050-002,瑞豐村,16,16,15,42,71,46,46,53,56,95,77,72,75,69,63,33,37,29,10,4,0,112Y09M
10014,臺東縣,10014050,鹿野鄉,10014050-003,瑞源村,24,33,23,36,37,61,62,46,57,79,60,86,75,66,62,45,28,23,4,2,2,112Y09M
10014,臺東縣,10014050,鹿野鄉,10014050-004,永安村,39,49,32,45,88,95,96,96,119,107,142,160,140,109,84,46,45,29,6,3,1,112Y09M
10014,臺東縣,10014050,鹿野鄉,10014050-005,瑞隆村,30,19,13,52,61,52,56,55,60,73,81,82,70,81,50,34,38,17,6,1,0,112Y09M
10014,臺東縣,10014050,鹿野鄉,10014050-006,鹿野村,18,17,23,55,58,69,70,50,64,79,95,120,103,88,65,48,31,24,11,3,0,112Y09M
10014,臺東縣,10014050,鹿野鄉,10014050-007,龍田村,22,29,31,54,69,50,55,65,88,59,98,113,101,88,74,48,39,28,10,3,0,112Y09M
10014,臺東縣,10014060,池上鄉,10014060-001,福文村,47,28,34,56,74,81,70,50,81,95,121,90,98,90,65,40,39,25,18,2,2,112Y09M
10014,臺東縣,10014060,池上鄉,10014060-002,慶豐村,32,21,14,24,37,51,40,41,47,67,56,68,59,57,48,27,19,22,10,0,1,112Y09M
10014,臺東縣,10014060,池上鄉,10014060-003,大坡村,9,13,11,8,15,21,16,20,26,23,21,28,40,39,29,16,8,11,4,0,0,112Y09M
10014,臺東縣,10014060,池上鄉,10014060-004,大埔村,40,14,21,32,44,54,45,45,70,53,75,66,67,89,60,46,28,14,7,2,0,112Y09M
10014,臺東縣,10014060,池上鄉,10014060-005,福原村,103,68,67,96,131,138,157,130,156,158,170,148,185,152,115,79,68,44,24,4,0,112Y09M
10014,臺東縣,10014060,池上鄉,10014060-006,錦園村,11,7,7,8,17,15,14,20,21,22,32,37,36,37,22,14,9,12,6,3,0,112Y09M
10014,臺東縣,10014060,池上鄉,10014060-007,新興村,33,19,23,27,52,60,56,49,55,86,86,67,76,67,64,27,31,32,7,2,2,112Y09M
10014,臺東縣,10014060,池上鄉,10014060-008,萬安村,6,13,14,11,21,18,18,16,23,24,28,28,36,16,25,16,14,10,11,0,0,112Y09M
10014,臺東縣,10014060,池上鄉,10014060-009,富興村,11,10,12,15,24,32,14,13,31,37,35,33,49,28,25,12,18,7,2,2,0,112Y09M
10014,臺東縣,10014060,池上鄉,10014060-010,振興村,22,10,9,14,29,34,32,27,39,39,43,46,27,37,35,20,10,6,4,0,0,112Y09M
10014,臺東縣,10014070,東河鄉,10014070-001,北源村,21,29,38,44,52,74,72,74,147,153,156,168,151,131,111,62,42,34,16,6,1,112Y09M
10014,臺東縣,10014070,東河鄉,10014070-002,泰源村,31,21,37,45,64,68,60,65,93,91,127,106,117,100,70,56,36,24,11,5,0,112Y09M
10014,臺東縣,10014070,東河鄉,10014070-003,東河村,13,23,33,31,48,68,51,46,97,86,115,111,72,75,72,42,33,19,9,3,6,112Y09M
10014,臺東縣,10014070,東河鄉,10014070-004,尚德村,0,4,9,11,14,11,6,12,24,24,14,29,22,20,20,8,10,5,3,1,1,112Y09M
10014,臺東縣,10014070,東河鄉,10014070-005,隆昌村,8,9,12,22,13,23,30,23,24,35,58,56,56,55,44,26,20,17,4,2,0,112Y09M
10014,臺東縣,10014070,東河鄉,10014070-006,興昌村,16,15,23,48,35,52,40,33,61,97,95,91,93,94,83,40,42,24,13,4,0,112Y09M
10014,臺東縣,10014070,東河鄉,10014070-007,都蘭村,48,68,62,88,116,121,103,129,193,194,186,197,203,199,132,105,64,52,23,2,0,112Y09M
10014,臺東縣,10014080,長濱鄉,10014080-001,樟原村,10,13,7,14,31,38,21,20,31,43,69,59,54,57,42,36,26,22,9,1,0,112Y09M
10014,臺東縣,10014080,長濱鄉,10014080-002,三間村,29,27,31,45,44,55,40,54,87,106,106,137,113,93,82,70,54,38,14,3,0,112Y09M
10014,臺東縣,10014080,長濱鄉,10014080-003,忠勇村,10,9,18,31,20,32,21,26,38,53,59,59,49,39,26,22,27,13,6,0,0,112Y09M
10014,臺東縣,10014080,長濱鄉,10014080-004,長濱村,32,47,61,96,88,127,127,122,141,156,187,236,189,172,119,86,67,43,14,7,1,112Y09M
10014,臺東縣,10014080,長濱鄉,10014080-005,竹湖村,13,19,22,25,34,35,42,40,75,73,81,95,100,79,65,46,42,17,12,0,0,112Y09M
10014,臺東縣,10014080,長濱鄉,10014080-006,寧埔村,21,26,27,29,43,51,72,55,88,90,113,158,119,121,101,57,44,20,9,2,0,112Y09M
10014,臺東縣,10014090,太麻里鄉,10014090-001,美和村,25,36,33,83,101,92,92,92,111,111,124,114,118,83,85,48,52,23,2,1,0,112Y09M
10014,臺東縣,10014090,太麻里鄉,10014090-002,三和村,11,10,11,25,32,46,30,42,54,45,59,56,47,46,35,26,22,7,8,0,0,112Y09M
10014,臺東縣,10014090,太麻里鄉,10014090-003,華源村,9,9,6,19,31,34,23,29,45,54,57,72,38,51,31,34,36,26,10,3,0,112Y09M
10014,臺東縣,10014090,太麻里鄉,10014090-004,北里村,17,19,12,23,30,44,46,34,42,49,47,45,59,57,41,17,20,10,8,2,0,112Y09M
10014,臺東縣,10014090,太麻里鄉,10014090-005,泰和村,36,45,40,74,84,116,106,94,102,113,130,112,119,107,89,53,57,30,9,1,0,112Y09M
10014,臺東縣,10014090,太麻里鄉,10014090-006,大王村,48,62,66,103,121,103,118,119,154,147,145,157,168,164,132,73,57,37,20,7,1,112Y09M
10014,臺東縣,10014090,太麻里鄉,10014090-007,香蘭村,27,30,29,33,43,51,47,68,67,50,66,100,82,53,41,49,40,8,8,3,1,112Y09M
10014,臺東縣,10014090,太麻里鄉,10014090-008,金崙村,84,68,74,91,133,131,140,127,155,160,162,187,173,120,85,52,30,22,10,4,0,112Y09M
10014,臺東縣,10014090,太麻里鄉,10014090-009,多良村,23,34,31,49,53,82,62,61,88,93,82,89,88,82,46,25,20,10,4,1,0,112Y09M
10014,臺東縣,10014100,大武鄉,10014100-001,大竹村,25,29,15,54,55,37,45,68,86,72,45,69,81,75,37,20,13,9,3,0,0,112Y09M
10014,臺東縣,10014100,大武鄉,10014100-002,大鳥村,56,41,39,82,77,90,100,92,92,89,98,118,92,93,42,24,15,12,1,0,1,112Y09M
10014,臺東縣,10014100,大武鄉,10014100-003,大武村,42,74,59,63,78,81,98,97,112,120,106,125,133,89,89,33,29,13,5,4,1,112Y09M
10014,臺東縣,10014100,大武鄉,10014100-004,尚武村,33,31,37,45,66,96,72,95,111,119,125,133,136,112,90,46,38,25,9,4,0,112Y09M
10014,臺東縣,10014100,大武鄉,10014100-005,南興村,23,17,16,18,43,24,40,36,57,59,40,62,55,58,28,11,12,6,5,1,0,112Y09M
10014,臺東縣,10014110,綠島鄉,10014110-001,公館村,30,47,36,53,83,133,108,101,105,131,106,54,74,57,44,19,10,10,9,2,0,112Y09M
10014,臺東縣,10014110,綠島鄉,10014110-002,中寮村,43,43,37,41,72,135,127,113,112,94,88,96,93,65,44,23,18,12,4,1,0,112Y09M
10014,臺東縣,10014110,綠島鄉,10014110-003,南寮村,60,40,43,57,127,235,197,165,166,161,163,123,116,91,69,47,22,17,4,1,0,112Y09M
10014,臺東縣,10014120,海端鄉,10014120-001,廣原村,50,57,65,70,73,65,72,64,81,76,68,66,56,37,34,11,7,3,0,0,0,112Y09M
10014,臺東縣,10014120,海端鄉,10014120-002,霧鹿村,18,15,20,22,27,30,21,23,33,17,21,28,19,11,10,6,5,1,1,0,0,112Y09M
10014,臺東縣,10014120,海端鄉,10014120-003,利稻村,17,21,17,27,36,23,28,26,30,31,27,11,16,20,13,1,3,0,1,0,0,112Y09M
10014,臺東縣,10014120,海端鄉,10014120-004,海端村,60,54,53,71,100,93,95,99,101,103,78,71,69,65,31,11,13,7,4,1,0,112Y09M
10014,臺東縣,10014120,海端鄉,10014120-005,崁頂村,54,35,69,52,51,62,58,61,53,56,54,59,66,40,15,14,5,5,0,0,0,112Y09M
10014,臺東縣,10014120,海端鄉,10014120-006,加拿村,26,24,42,41,49,59,42,41,48,45,57,49,41,30,14,5,5,1,1,0,0,112Y09M
10014,臺東縣,10014130,延平鄉,10014130-001,武陵村,36,39,35,44,61,58,52,38,70,70,57,63,40,32,29,9,0,5,2,0,0,112Y09M
10014,臺東縣,10014130,延平鄉,10014130-002,永康村,23,26,20,21,29,30,20,29,27,35,46,40,16,16,5,7,5,2,0,0,0,112Y09M
10014,臺東縣,10014130,延平鄉,10014130-003,紅葉村,23,22,27,30,35,34,36,27,53,55,30,32,34,26,21,9,3,2,1,1,0,112Y09M
10014,臺東縣,10014130,延平鄉,10014130-004,鸞山村,34,34,32,21,61,59,34,42,69,57,57,61,49,33,22,8,13,8,1,1,0,112Y09M
10014,臺東縣,10014130,延平鄉,10014130-005,桃源村,72,69,52,69,90,100,96,97,87,116,100,91,85,54,42,10,4,6,3,0,0,112Y09M
10014,臺東縣,10014140,金峰鄉,10014140-001,新興村,39,45,34,40,50,59,49,45,58,40,50,59,51,39,13,12,4,1,1,1,0,112Y09M
10014,臺東縣,10014140,金峰鄉,10014140-002,正興村,36,33,25,36,66,52,60,39,45,49,48,68,76,36,22,9,8,3,4,3,1,112Y09M
10014,臺東縣,10014140,金峰鄉,10014140-003,嘉蘭村,78,80,61,101,126,118,119,98,116,111,131,116,94,75,51,17,14,13,8,0,1,112Y09M
10014,臺東縣,10014140,金峰鄉,10014140-004,賓茂村,9,16,17,18,23,24,27,19,32,23,28,39,37,24,15,7,5,7,1,0,0,112Y09M
10014,臺東縣,10014140,金峰鄉,10014140-005,歷坵村,21,16,17,17,30,27,38,23,34,28,19,39,41,23,13,5,6,5,1,0,0,112Y09M
10014,臺東縣,10014150,達仁鄉,10014150-001,台坂村,30,28,27,29,39,52,61,57,54,37,57,51,67,42,33,12,11,6,4,0,0,112Y09M
10014,臺東縣,10014150,達仁鄉,10014150-002,土坂村,47,27,18,51,68,76,75,59,77,96,94,89,72,54,36,18,15,5,1,0,0,112Y09M
10014,臺東縣,10014150,達仁鄉,10014150-003,新化村,13,7,14,18,30,29,21,27,25,40,36,37,38,24,21,11,12,1,0,0,0,112Y09M
10014,臺東縣,10014150,達仁鄉,10014150-004,安朔村,23,19,22,25,31,36,43,48,48,43,59,52,64,51,37,11,9,3,2,1,0,112Y09M
10014,臺東縣,10014150,達仁鄉,10014150-005,森永村,10,11,12,16,21,19,22,15,44,32,33,35,37,39,18,9,8,2,0,1,0,112Y09M
10014,臺東縣,10014150,達仁鄉,10014150-006,南田村,9,8,10,13,20,32,30,26,26,27,27,30,34,23,7,3,2,0,2,0,0,112Y09M
10014,臺東縣,10014160,蘭嶼鄉,10014160-001,東清村,99,89,74,89,136,158,135,139,153,125,127,90,94,73,39,9,6,13,4,2,0,112Y09M
10014,臺東縣,10014160,蘭嶼鄉,10014160-002,朗島村,39,46,36,55,70,105,106,93,72,74,59,49,47,43,22,15,3,5,4,0,0,112Y09M
10014,臺東縣,10014160,蘭嶼鄉,10014160-003,紅頭村,63,62,53,72,101,146,114,125,150,134,129,125,104,61,41,30,4,7,7,2,0,112Y09M
10014,臺東縣,10014160,蘭嶼鄉,10014160-004,椰油村,38,57,86,64,87,108,100,104,138,104,75,64,82,48,27,14,6,7,3,0,0,112Y09M
10014,臺東縣,10014010,臺東市,10014010-001,富岡里,63,60,73,135,140,163,160,153,205,192,215,217,216,179,146,85,68,39,16,3,0,112Y12M
10014,臺東縣,10014010,臺東市,10014010-003,岩灣里,36,41,59,99,160,217,159,171,211,239,265,227,186,139,100,53,49,21,10,2,0,112Y12M
10014,臺東縣,10014010,臺東市,10014010-004,南王里,89,84,92,138,223,251,249,217,237,248,248,281,262,198,160,74,75,38,17,3,0,112Y12M
10014,臺東縣,10014010,臺東市,10014010-005,卑南里,68,81,59,166,243,264,209,192,256,294,293,281,248,185,167,88,87,34,10,5,2,112Y12M
10014,臺東縣,10014010,臺東市,10014010-006,南榮里,83,89,86,142,212,252,196,177,213,236,277,236,234,186,181,83,53,26,27,10,2,112Y12M
10014,臺東縣,10014010,臺東市,10014010-007,新生里,121,156,118,183,242,315,278,245,285,283,322,348,306,272,188,115,78,41,10,2,0,112Y12M
10014,臺東縣,10014010,臺東市,10014010-008,民生里,98,87,86,112,182,179,212,204,252,235,240,217,233,247,239,112,79,41,16,5,0,112Y12M
10014,臺東縣,10014010,臺東市,10014010-009,寶桑里,55,65,47,74,92,102,77,104,113,136,113,125,132,118,111,46,36,19,7,3,0,112Y12M
10014,臺東縣,10014010,臺東市,10014010-010,馬蘭里,106,338,345,157,140,193,162,165,213,174,208,197,174,166,129,75,76,37,14,4,0,112Y12M
10014,臺東縣,10014010,臺東市,10014010-011,中心里,139,320,419,187,217,232,214,240,249,257,253,253,245,215,171,134,100,46,13,3,1,112Y12M
10014,臺東縣,10014010,臺東市,10014010-012,自強里,260,454,407,201,235,247,260,234,320,240,270,277,302,245,184,87,57,35,3,2,0,112Y12M
10014,臺東縣,10014010,臺東市,10014010-013,民族里,247,429,377,170,167,167,157,194,228,176,214,180,178,181,148,86,99,57,26,10,1,112Y12M
10014,臺東縣,10014010,臺東市,10014010-015,中華里,69,85,95,115,127,155,188,181,180,207,220,216,191,176,135,88,77,33,15,4,0,112Y12M
10014,臺東縣,10014010,臺東市,10014010-017,建國里,56,69,49,69,113,127,140,137,138,149,156,158,149,175,125,81,53,29,6,4,0,112Y12M
10014,臺東縣,10014010,臺東市,10014010-020,中正里,34,34,54,72,120,142,143,134,171,170,175,154,188,186,192,90,84,51,13,5,2,112Y12M
10014,臺東縣,10014010,臺東市,10014010-022,成功里,51,51,71,90,106,138,152,125,141,138,165,192,181,130,110,73,78,34,11,4,2,112Y12M
10014,臺東縣,10014010,臺東市,10014010-023,文化里,153,230,156,105,92,116,131,160,180,148,164,142,131,118,108,59,43,31,23,17,0,112Y12M
10014,臺東縣,10014010,臺東市,10014010-024,中山里,185,192,60,59,102,133,125,133,135,126,176,145,141,139,140,73,63,37,30,7,3,112Y12M
10014,臺東縣,10014010,臺東市,10014010-029,新園里,67,52,57,84,142,160,127,111,141,137,189,169,131,103,96,51,44,8,5,0,1,112Y12M
10014,臺東縣,10014010,臺東市,10014010-030,豐田里,83,93,85,135,185,194,216,199,208,209,219,198,194,148,135,82,37,27,8,8,0,112Y12M
10014,臺東縣,10014010,臺東市,10014010-031,豐年里,137,90,84,177,249,295,318,255,314,294,309,269,242,201,159,100,62,21,13,1,2,112Y12M
10014,臺東縣,10014010,臺東市,10014010-032,光明里,74,169,293,227,216,218,194,169,257,274,303,280,180,153,123,60,47,21,11,2,0,112Y12M
10014,臺東縣,10014010,臺東市,10014010-033,豐樂里,54,94,142,97,148,127,147,123,149,151,149,182,160,132,102,54,37,20,14,0,1,112Y12M
10014,臺東縣,10014010,臺東市,10014010-034,永樂里,86,183,221,178,270,258,184,165,236,248,258,244,266,195,123,72,48,34,12,3,2,112Y12M
10014,臺東縣,10014010,臺東市,10014010-035,康樂里,62,97,83,75,106,108,100,110,112,127,153,139,102,100,55,38,29,14,7,2,0,112Y12M
10014,臺東縣,10014010,臺東市,10014010-036,東海里,192,217,83,113,129,159,133,178,209,156,152,140,198,185,115,65,54,32,11,2,0,112Y12M
10014,臺東縣,10014010,臺東市,10014010-037,新興里,52,63,65,74,75,93,93,99,117,105,129,146,123,106,82,67,35,32,10,4,2,112Y12M
10014,臺東縣,10014010,臺東市,10014010-038,豐榮里,85,92,148,177,239,215,218,239,311,323,274,253,242,226,175,88,76,36,16,6,1,112Y12M
10014,臺東縣,10014010,臺東市,10014010-039,豐谷里,105,126,152,163,267,306,293,279,330,267,324,308,318,257,186,106,82,40,13,2,0,112Y12M
10014,臺東縣,10014010,臺東市,10014010-040,豐里里,77,82,80,115,169,214,226,172,181,175,218,253,197,146,117,72,53,32,20,2,1,112Y12M
10014,臺東縣,10014010,臺東市,10014010-041,豐原里,41,63,56,45,85,117,93,89,95,74,123,121,144,78,73,46,38,37,13,3,0,112Y12M
10014,臺東縣,10014010,臺東市,10014010-042,建和里,67,48,50,57,97,93,126,89,93,95,117,132,134,92,87,50,43,31,8,6,0,112Y12M
10014,臺東縣,10014010,臺東市,10014010-043,建興里,37,15,25,54,108,112,97,60,98,96,122,126,118,78,96,56,37,22,7,1,0,112Y12M
10014,臺東縣,10014010,臺東市,10014010-045,知本里,79,82,73,117,174,202,191,167,174,171,219,250,210,183,123,69,75,37,18,6,0,112Y12M
10014,臺東縣,10014010,臺東市,10014010-046,建農里,86,55,54,109,162,176,172,139,166,203,224,201,169,156,100,54,33,25,10,8,2,112Y12M
10014,臺東縣,10014010,臺東市,10014010-047,仁和里,93,133,100,139,202,242,219,251,265,277,243,303,305,253,205,102,80,34,19,3,0,112Y12M
10014,臺東縣,10014010,臺東市,10014010-048,豐安里,82,62,131,174,189,253,259,256,296,290,233,233,255,224,160,66,49,20,11,4,0,112Y12M
10014,臺東縣,10014010,臺東市,10014010-049,豐盛里,96,100,155,206,260,314,285,272,276,314,338,334,290,222,175,88,71,23,7,2,1,112Y12M
10014,臺東縣,10014020,成功鎮,10014020-001,博愛里,9,7,7,12,12,28,28,26,32,44,59,70,74,50,40,44,32,18,3,2,0,112Y12M
10014,臺東縣,10014020,成功鎮,10014020-002,忠孝里,20,17,26,35,32,58,55,53,71,69,77,97,100,71,63,52,33,31,8,0,0,112Y12M
10014,臺東縣,10014020,成功鎮,10014020-003,三仙里,24,38,41,57,67,96,83,65,110,121,135,114,146,124,88,45,50,15,8,3,1,112Y12M
10014,臺東縣,10014020,成功鎮,10014020-004,三民里,67,71,85,119,165,184,189,191,250,232,229,234,244,227,177,112,69,27,13,2,2,112Y12M
10014,臺東縣,10014020,成功鎮,10014020-005,忠智里,53,104,95,85,122,128,133,127,166,182,168,154,176,135,141,65,65,40,14,5,0,112Y12M
10014,臺東縣,10014020,成功鎮,10014020-006,忠仁里,69,76,83,112,137,130,116,145,187,200,205,180,217,179,148,91,45,37,13,1,1,112Y12M
10014,臺東縣,10014020,成功鎮,10014020-007,和平里,9,15,15,22,25,41,38,32,50,59,66,74,78,79,52,38,31,12,8,4,0,112Y12M
10014,臺東縣,10014020,成功鎮,10014020-008,信義里,31,42,42,67,82,93,90,105,134,163,187,192,196,175,122,70,57,45,15,6,1,112Y12M
10014,臺東縣,10014030,關山鎮,10014030-001,德高里,47,42,34,71,93,158,121,88,123,113,159,174,148,97,111,85,65,53,17,8,1,112Y12M
10014,臺東縣,10014030,關山鎮,10014030-002,豐泉里,32,66,70,51,90,86,75,91,92,78,95,96,102,99,66,44,40,15,11,6,0,112Y12M
10014,臺東縣,10014030,關山鎮,10014030-003,新福里,28,59,45,38,60,67,61,52,69,58,81,94,88,66,47,23,31,24,6,2,0,112Y12M
10014,臺東縣,10014030,關山鎮,10014030-004,中福里,21,40,41,33,36,47,52,49,60,59,50,62,79,81,50,33,35,15,3,3,0,112Y12M
10014,臺東縣,10014030,關山鎮,10014030-005,里壠里,41,79,95,75,86,117,111,103,113,135,132,141,155,137,102,63,55,38,15,2,0,112Y12M
10014,臺東縣,10014030,關山鎮,10014030-006,電光里,14,18,17,31,30,34,33,25,41,36,57,44,54,43,42,23,18,11,2,0,0,112Y12M
10014,臺東縣,10014030,關山鎮,10014030-007,月眉里,17,14,18,25,40,59,44,38,34,58,62,58,86,58,37,29,21,16,6,3,0,112Y12M
10014,臺東縣,10014040,卑南鄉,10014040-001,嘉豐村,20,9,22,20,33,37,25,53,35,31,36,44,57,39,23,18,9,5,5,0,0,112Y12M
10014,臺東縣,10014040,卑南鄉,10014040-002,利吉村,10,12,7,13,19,21,30,26,36,20,30,48,61,59,27,15,14,14,9,2,0,112Y12M
10014,臺東縣,10014040,卑南鄉,10014040-003,富山村,10,16,9,21,30,30,26,28,39,38,45,56,44,39,19,15,22,10,4,0,1,112Y12M
10014,臺東縣,10014040,卑南鄉,10014040-004,富源村,6,3,6,8,17,16,12,20,18,18,35,31,31,36,33,14,13,6,3,2,0,112Y12M
10014,臺東縣,10014040,卑南鄉,10014040-005,明峰村,36,33,24,56,68,62,73,73,98,91,108,111,100,95,83,46,49,25,6,3,1,112Y12M
10014,臺東縣,10014040,卑南鄉,10014040-006,初鹿村,42,35,39,61,91,92,64,68,109,103,128,105,103,103,74,48,35,21,15,6,0,112Y12M
10014,臺東縣,10014040,卑南鄉,10014040-007,美農村,15,27,16,36,78,77,73,49,64,92,103,116,94,81,56,47,44,23,12,0,0,112Y12M
10014,臺東縣,10014040,卑南鄉,10014040-008,賓朗村,53,40,63,130,154,183,135,138,153,176,191,227,192,175,148,85,89,42,18,3,1,112Y12M
10014,臺東縣,10014040,卑南鄉,10014040-009,泰安村,76,47,49,79,86,105,119,73,88,97,115,120,110,65,50,23,21,16,5,2,0,112Y12M
10014,臺東縣,10014040,卑南鄉,10014040-010,太平村,135,104,105,146,233,280,297,263,279,309,321,306,282,222,153,77,49,26,14,6,1,112Y12M
10014,臺東縣,10014040,卑南鄉,10014040-011,利嘉村,41,64,49,46,81,103,95,87,79,88,98,102,96,94,71,23,23,11,6,0,1,112Y12M
10014,臺東縣,10014040,卑南鄉,10014040-012,東興村,44,49,40,67,81,110,93,78,105,109,129,131,107,69,54,27,16,12,5,1,1,112Y12M
10014,臺東縣,10014040,卑南鄉,10014040-013,溫泉村,18,52,23,35,53,55,51,52,92,82,95,115,115,96,92,43,44,27,12,3,0,112Y12M
10014,臺東縣,10014050,鹿野鄉,10014050-001,瑞和村,16,10,14,25,43,52,53,32,58,48,55,73,57,36,47,25,15,16,2,1,1,112Y12M
10014,臺東縣,10014050,鹿野鄉,10014050-002,瑞豐村,16,15,11,41,70,50,44,50,57,97,77,72,75,66,64,31,39,30,10,4,0,112Y12M
10014,臺東縣,10014050,鹿野鄉,10014050-003,瑞源村,24,32,23,34,39,59,62,48,58,81,59,84,76,66,65,45,27,25,4,2,2,112Y12M
10014,臺東縣,10014050,鹿野鄉,10014050-004,永安村,35,47,31,45,85,96,97,90,124,110,133,165,141,113,85,47,44,29,7,2,0,112Y12M
10014,臺東縣,10014050,鹿野鄉,10014050-005,瑞隆村,26,22,15,50,63,50,57,54,57,68,84,83,71,79,51,34,36,20,8,1,0,112Y12M
10014,臺東縣,10014050,鹿野鄉,10014050-006,鹿野村,21,18,24,49,63,69,69,52,66,77,95,117,103,89,69,47,33,25,10,3,0,112Y12M
10014,臺東縣,10014050,鹿野鄉,10014050-007,龍田村,23,30,31,52,71,48,61,57,92,61,96,114,102,88,73,47,40,25,11,4,0,112Y12M
10014,臺東縣,10014060,池上鄉,10014060-001,福文村,47,33,31,54,72,79,73,50,80,93,121,87,102,89,69,39,38,25,17,3,2,112Y12M
10014,臺東縣,10014060,池上鄉,10014060-002,慶豐村,33,20,15,20,40,51,42,38,49,61,57,65,66,55,52,27,19,18,11,0,0,112Y12M
10014,臺東縣,10014060,池上鄉,10014060-003,大坡村,8,13,12,7,15,19,18,19,26,23,21,27,38,40,31,15,9,11,4,0,0,112Y12M
10014,臺東縣,10014060,池上鄉,10014060-004,大埔村,38,16,20,33,46,52,48,41,70,53,71,67,68,87,62,44,31,13,8,3,0,112Y12M
10014,臺東縣,10014060,池上鄉,10014060-005,福原村,101,69,70,89,128,145,157,123,153,162,170,147,185,151,113,85,64,45,27,4,0,112Y12M
10014,臺東縣,10014060,池上鄉,10014060-006,錦園村,11,7,8,8,16,16,14,18,22,21,32,35,36,36,25,13,10,12,5,3,0,112Y12M
10014,臺東縣,10014060,池上鄉,10014060-007,新興村,32,17,24,25,53,56,59,52,54,82,90,64,73,66,65,29,31,29,10,2,2,112Y12M
10014,臺東縣,10014060,池上鄉,10014060-008,萬安村,6,12,14,11,18,19,16,18,21,25,24,32,37,14,25,16,12,13,11,0,0,112Y12M
10014,臺東縣,10014060,池上鄉,10014060-009,富興村,10,8,13,15,23,36,13,14,30,33,38,32,49,30,25,13,17,8,1,3,0,112Y12M
10014,臺東縣,10014060,池上鄉,10014060-010,振興村,20,10,9,14,29,33,32,27,40,39,41,44,31,39,35,18,10,7,4,0,0,112Y12M
10014,臺東縣,10014070,東河鄉,10014070-001,北源村,21,29,35,41,52,79,66,76,146,152,148,162,156,129,112,62,42,34,14,5,1,112Y12M
10014,臺東縣,10014070,東河鄉,10014070-002,泰源村,31,19,37,42,65,67,60,68,89,90,125,109,116,103,71,59,35,24,11,5,0,112Y12M
10014,臺東縣,10014070,東河鄉,10014070-003,東河村,14,22,33,29,46,68,53,47,92,96,113,111,74,75,71,42,34,18,10,3,6,112Y12M
10014,臺東縣,10014070,東河鄉,10014070-004,尚德村,0,4,8,12,13,10,6,12,21,26,11,33,21,22,20,6,11,6,3,1,1,112Y12M
10014,臺東縣,10014070,東河鄉,10014070-005,隆昌村,9,8,12,21,14,22,30,22,25,35,55,57,57,55,45,27,20,18,4,2,0,112Y12M
10014,臺東縣,10014070,東河鄉,10014070-006,興昌村,17,15,23,47,35,52,39,33,56,100,98,90,93,93,85,39,40,27,12,4,0,112Y12M
10014,臺東縣,10014070,東河鄉,10014070-007,都蘭村,41,68,59,91,112,114,107,133,190,189,179,195,209,192,143,103,66,52,23,2,0,112Y12M
10014,臺東縣,10014080,長濱鄉,10014080-001,樟原村,10,14,7,12,31,39,20,19,30,44,64,60,56,55,42,34,28,19,12,1,0,112Y12M
10014,臺東縣,10014080,長濱鄉,10014080-002,三間村,29,29,29,44,45,59,39,52,84,110,100,138,118,94,82,70,53,37,13,4,0,112Y12M
10014,臺東縣,10014080,長濱鄉,10014080-003,忠勇村,11,8,21,32,20,34,19,26,37,55,55,58,49,40,25,22,26,13,7,0,0,112Y12M
10014,臺東縣,10014080,長濱鄉,10014080-004,長濱村,38,45,58,100,87,121,123,118,139,162,190,224,191,175,123,85,64,45,16,5,1,112Y12M
10014,臺東縣,10014080,長濱鄉,10014080-005,竹湖村,12,17,23,22,38,35,40,37,80,75,80,93,102,78,67,43,45,15,13,0,0,112Y12M
10014,臺東縣,10014080,長濱鄉,10014080-006,寧埔村,19,26,27,30,43,48,75,53,85,91,109,157,117,127,103,54,45,19,10,2,0,112Y12M
10014,臺東縣,10014090,太麻里鄉,10014090-001,美和村,26,35,34,79,99,91,92,93,104,110,125,114,116,87,87,46,52,24,2,1,0,112Y12M
10014,臺東縣,10014090,太麻里鄉,10014090-002,三和村,11,10,10,26,29,42,33,41,51,46,57,56,48,45,36,24,22,8,7,0,0,112Y12M
10014,臺東縣,10014090,太麻里鄉,10014090-003,華源村,9,7,7,16,30,35,24,28,45,51,55,76,38,50,32,35,35,25,10,3,0,112Y12M
10014,臺東縣,10014090,太麻里鄉,10014090-004,北里村,19,18,13,23,29,40,47,33,43,51,46,44,62,59,42,16,17,12,9,2,0,112Y12M
10014,臺東縣,10014090,太麻里鄉,10014090-005,泰和村,34,41,45,71,84,113,97,90,110,111,126,111,116,109,92,59,53,33,10,1,0,112Y12M
10014,臺東縣,10014090,太麻里鄉,10014090-006,大王村,48,59,62,109,110,107,120,120,149,142,157,148,169,166,132,74,56,38,18,8,1,112Y12M
10014,臺東縣,10014090,太麻里鄉,10014090-007,香蘭村,27,32,29,30,45,52,45,66,70,51,67,98,83,56,42,47,41,8,9,3,1,112Y12M
10014,臺東縣,10014090,太麻里鄉,10014090-008,金崙村,78,68,69,100,128,134,139,131,151,164,159,182,171,126,88,50,30,22,9,3,0,112Y12M
10014,臺東縣,10014090,太麻里鄉,10014090-009,多良村,23,35,33,44,55,83,64,55,90,87,85,93,88,80,44,29,18,10,4,1,0,112Y12M
10014,臺東縣,10014100,大武鄉,10014100-001,大竹村,23,27,14,55,58,38,44,70,80,72,49,61,83,71,42,21,13,10,3,0,0,112Y12M
10014,臺東縣,10014100,大武鄉,10014100-002,大鳥村,54,40,40,78,74,96,91,95,90,91,93,116,99,93,47,21,17,11,1,0,1,112Y12M
10014,臺東縣,10014100,大武鄉,10014100-003,大武村,41,69,61,58,70,79,100,95,108,119,110,121,133,93,90,35,30,12,6,4,1,112Y12M
10014,臺東縣,10014100,大武鄉,10014100-004,尚武村,30,35,36,46,65,94,76,91,109,123,121,135,130,117,91,46,38,27,9,4,0,112Y12M
10014,臺東縣,10014100,大武鄉,10014100-005,南興村,23,16,16,16,43,25,38,35,56,63,42,61,53,62,28,12,11,7,5,1,0,112Y12M
10014,臺東縣,10014110,綠島鄉,10014110-001,公館村,30,43,37,53,87,134,103,100,102,129,114,56,71,59,44,18,12,10,9,2,0,112Y12M
10014,臺東縣,10014110,綠島鄉,10014110-002,中寮村,40,50,38,40,70,133,131,111,111,94,88,97,92,67,47,19,21,11,4,1,0,112Y12M
10014,臺東縣,10014110,綠島鄉,10014110-003,南寮村,61,41,44,53,128,229,192,167,159,163,164,123,117,94,69,43,24,17,6,1,0,112Y12M
10014,臺東縣,10014120,海端鄉,10014120-001,廣原村,50,56,68,66,71,64,76,65,82,79,67,65,59,40,34,10,7,3,0,0,0,112Y12M
10014,臺東縣,10014120,海端鄉,10014120-002,霧鹿村,17,16,19,24,29,32,21,26,32,16,23,27,17,13,10,5,6,1,0,0,0,112Y12M
10014,臺東縣,10014120,海端鄉,10014120-003,利稻村,15,22,19,26,33,25,28,26,31,31,27,12,15,19,13,3,3,0,1,0,0,112Y12M
10014,臺東縣,10014120,海端鄉,10014120-004,海端村,65,53,56,74,91,102,93,97,100,104,73,75,69,66,30,12,11,8,4,1,0,112Y12M
10014,臺東縣,10014120,海端鄉,10014120-005,崁頂村,58,36,68,54,48,66,57,63,53,59,52,59,66,42,17,13,6,5,0,0,0,112Y12M
10014,臺東縣,10014120,海端鄉,10014120-006,加拿村,26,24,43,41,48,61,46,42,43,47,53,52,41,28,15,7,5,1,1,0,0,112Y12M
10014,臺東縣,10014130,延平鄉,10014130-001,武陵村,35,41,35,42,64,53,50,38,65,73,55,65,43,28,32,9,1,5,1,0,0,112Y12M
10014,臺東縣,10014130,延平鄉,10014130-002,永康村,20,27,19,20,28,27,19,29,27,33,48,37,19,14,5,7,5,2,0,0,0,112Y12M
10014,臺東縣,10014130,延平鄉,10014130-003,紅葉村,23,23,21,32,36,31,37,25,51,61,32,30,35,26,22,9,3,2,1,1,0,112Y12M
10014,臺東縣,10014130,延平鄉,10014130-004,鸞山村,35,38,32,20,59,61,34,39,67,57,57,63,48,34,21,9,13,8,1,0,0,112Y12M
10014,臺東縣,10014130,延平鄉,10014130-005,桃源村,74,69,52,67,94,100,97,95,91,112,100,88,88,56,41,12,4,6,3,0,0,112Y12M
10014,臺東縣,10014140,金峰鄉,10014140-001,新興村,42,42,35,37,52,61,48,45,57,39,52,61,47,44,14,11,5,1,1,1,0,112Y12M
10014,臺東縣,10014140,金峰鄉,10014140-002,正興村,34,38,24,35,65,53,64,41,46,45,53,67,73,37,24,9,8,3,4,2,0,112Y12M
10014,臺東縣,10014140,金峰鄉,10014140-003,嘉蘭村,80,77,60,102,125,118,115,101,118,107,129,121,90,79,52,19,14,13,7,0,1,112Y12M
10014,臺東縣,10014140,金峰鄉,10014140-004,賓茂村,9,16,18,18,23,24,29,18,31,26,27,37,40,24,15,7,5,7,1,0,0,112Y12M
10014,臺東縣,10014140,金峰鄉,10014140-005,歷坵村,21,17,22,17,30,25,41,22,35,25,20,37,45,19,16,5,6,4,2,0,0,112Y12M
10014,臺東縣,10014150,達仁鄉,10014150-001,台坂村,33,28,25,32,38,49,63,56,57,36,57,51,66,46,32,12,11,6,4,0,0,112Y12M
10014,臺東縣,10014150,達仁鄉,10014150-002,土坂村,53,31,15,52,68,80,72,59,80,98,96,87,70,53,40,20,13,6,1,0,0,112Y12M
10014,臺東縣,10014150,達仁鄉,10014150-003,新化村,14,6,13,19,30,29,21,27,22,40,39,35,39,24,22,10,12,1,0,0,0,112Y12M
10014,臺東縣,10014150,達仁鄉,10014150-004,安朔村,24,18,23,26,32,34,44,45,52,41,59,55,60,50,39,12,9,2,3,0,0,112Y12M
10014,臺東縣,10014150,達仁鄉,10014150-005,森永村,9,12,13,15,22,18,19,18,42,32,33,34,37,38,17,10,8,2,0,1,0,112Y12M
10014,臺東縣,10014150,達仁鄉,10014150-006,南田村,9,10,9,14,19,30,33,27,25,27,26,29,35,24,8,3,2,0,2,0,0,112Y12M
10014,臺東縣,10014160,蘭嶼鄉,10014160-001,東清村,97,92,69,88,133,158,136,135,154,128,128,92,91,76,39,10,6,13,3,2,0,112Y12M
10014,臺東縣,10014160,蘭嶼鄉,10014160-002,朗島村,38,48,36,50,69,108,103,91,78,76,59,50,48,42,22,16,3,5,3,0,0,112Y12M
10014,臺東縣,10014160,蘭嶼鄉,10014160-003,紅頭村,62,62,50,75,99,143,113,117,151,135,130,121,109,60,41,31,4,7,7,2,0,112Y12M
10014,臺東縣,10014160,蘭嶼鄉,10014160-004,椰油村,38,50,89,64,83,105,102,99,140,109,77,59,83,49,27,13,7,7,3,0,0,112Y12M
10014,臺東縣,10014010,臺東市,10014010-001,富岡里,66,51,75,130,142,160,165,144,190,206,195,223,216,184,146,87,75,35,21,3,0,113Y12M
10014,臺東縣,10014010,臺東市,10014010-003,岩灣里,52,37,59,98,146,223,177,177,213,247,259,233,209,145,99,60,55,23,8,3,1,113Y12M
10014,臺東縣,10014010,臺東市,10014010-004,南王里,88,81,103,126,202,267,261,211,246,252,241,265,256,231,156,93,65,40,19,3,0,113Y12M
10014,臺東縣,10014010,臺東市,10014010-005,卑南里,66,78,62,161,228,272,229,191,268,288,307,289,258,202,179,85,83,32,13,6,2,113Y12M
10014,臺東縣,10014010,臺東市,10014010-006,南榮里,85,89,90,143,183,253,202,174,207,241,276,240,242,190,174,102,56,23,22,7,3,113Y12M
10014,臺東縣,10014010,臺東市,10014010-007,新生里,145,148,129,183,237,285,302,247,292,268,306,353,304,271,200,117,77,54,16,1,0,113Y12M
10014,臺東縣,10014010,臺東市,10014010-008,民生里,90,79,78,110,154,181,190,199,249,241,241,230,218,247,230,137,78,45,12,5,0,113Y12M
10014,臺東縣,10014010,臺東市,10014010-009,寶桑里,53,73,51,70,83,97,87,93,114,129,115,121,132,108,123,44,38,21,9,2,0,113Y12M
10014,臺東縣,10014010,臺東市,10014010-010,馬蘭里,110,323,325,172,124,173,162,149,210,181,188,191,178,158,133,77,74,41,14,3,0,113Y12M
10014,臺東縣,10014010,臺東市,10014010-011,中心里,121,344,429,187,177,215,227,242,249,266,232,246,256,210,185,146,94,50,16,3,1,113Y12M
10014,臺東縣,10014010,臺東市,10014010-012,自強里,270,432,443,205,213,252,250,233,321,256,246,270,282,277,200,88,65,29,10,0,0,113Y12M
10014,臺東縣,10014010,臺東市,10014010-013,民族里,276,430,357,152,156,171,178,167,232,175,187,182,189,163,166,73,104,62,24,11,1,113Y12M
10014,臺東縣,10014010,臺東市,10014010-015,中華里,66,77,97,111,124,161,168,172,176,202,223,196,204,172,148,85,79,41,13,4,0,113Y12M
10014,臺東縣,10014010,臺東市,10014010-017,建國里,45,72,53,65,103,129,134,126,132,155,143,166,154,166,115,96,53,29,9,3,1,113Y12M
10014,臺東縣,10014010,臺東市,10014010-020,中正里,45,29,59,72,119,156,145,121,182,181,158,161,192,186,187,109,77,53,18,4,1,113Y12M
10014,臺東縣,10014010,臺東市,10014010-022,成功里,46,51,71,85,103,115,150,119,136,133,170,173,192,137,110,77,62,40,18,5,2,113Y12M
10014,臺東縣,10014010,臺東市,10014010-023,文化里,159,212,172,94,88,108,135,148,170,148,156,136,132,120,108,59,45,33,21,20,0,113Y12M
10014,臺東縣,10014010,臺東市,10014010-024,中山里,185,137,71,54,89,126,121,124,120,141,160,149,140,132,144,80,65,38,20,6,3,113Y12M
10014,臺東縣,10014010,臺東市,10014010-029,新園里,49,57,47,89,134,161,134,106,140,137,186,162,134,105,100,63,36,12,3,1,1,113Y12M
10014,臺東縣,10014010,臺東市,10014010-030,豐田里,72,91,100,131,172,196,221,209,200,209,232,192,195,154,136,93,43,23,9,8,0,113Y12M
10014,臺東縣,10014010,臺東市,10014010-031,豐年里,136,88,93,169,246,296,325,263,316,294,291,287,243,219,161,92,76,24,13,3,2,113Y12M
10014,臺東縣,10014010,臺東市,10014010-032,光明里,71,188,274,224,203,218,209,170,238,278,274,298,187,163,122,68,45,24,8,5,0,113Y12M
10014,臺東縣,10014010,臺東市,10014010-033,豐樂里,62,95,143,99,144,123,145,131,143,159,132,189,171,138,104,62,35,20,11,2,1,113Y12M
10014,臺東縣,10014010,臺東市,10014010-034,永樂里,87,185,220,181,240,250,186,178,214,240,257,255,251,199,138,73,49,32,11,4,1,113Y12M
10014,臺東縣,10014010,臺東市,10014010-035,康樂里,66,102,85,76,100,131,107,117,119,118,152,144,117,105,61,37,26,12,7,4,0,113Y12M
10014,臺東縣,10014010,臺東市,10014010-036,東海里,199,186,81,107,124,158,146,162,198,166,149,122,196,192,130,68,53,34,8,2,0,113Y12M
10014,臺東縣,10014010,臺東市,10014010-037,新興里,54,55,66,74,75,89,84,95,114,110,112,143,128,103,91,73,36,29,12,2,3,113Y12M
10014,臺東縣,10014010,臺東市,10014010-038,豐榮里,74,90,148,166,226,219,202,236,294,326,299,260,225,233,185,96,66,41,18,3,1,113Y12M
10014,臺東縣,10014010,臺東市,10014010-039,豐谷里,99,127,155,155,248,302,301,269,325,280,305,310,320,261,189,119,85,44,12,4,1,113Y12M
10014,臺東縣,10014010,臺東市,10014010-040,豐里里,78,81,96,127,160,191,234,165,201,170,214,236,209,159,117,76,47,41,15,3,0,113Y12M
10014,臺東縣,10014010,臺東市,10014010-041,豐原里,36,50,41,44,71,94,108,78,91,86,106,125,125,96,76,51,37,31,19,3,0,113Y12M
10014,臺東縣,10014010,臺東市,10014010-042,建和里,56,50,53,60,88,91,129,91,85,98,113,124,137,99,89,57,41,27,8,4,0,113Y12M
10014,臺東縣,10014010,臺東市,10014010-043,建興里,27,15,26,55,94,107,104,61,89,91,124,134,119,83,88,63,47,16,9,2,0,113Y12M
10014,臺東縣,10014010,臺東市,10014010-045,知本里,73,84,69,117,156,203,204,168,165,174,198,244,240,188,131,80,68,38,13,6,1,113Y12M
10014,臺東縣,10014010,臺東市,10014010-046,建農里,78,73,58,106,153,168,172,133,161,190,232,203,169,156,109,62,33,21,12,7,2,113Y12M
10014,臺東縣,10014010,臺東市,10014010-047,仁和里,103,130,120,135,199,208,225,252,269,255,258,291,295,256,225,121,70,39,20,2,1,113Y12M
10014,臺東縣,10014010,臺東市,10014010-048,豐安里,92,79,130,173,190,245,278,281,299,299,248,233,240,235,171,84,49,25,9,7,0,113Y12M
10014,臺東縣,10014010,臺東市,10014010-049,豐盛里,88,99,159,208,242,299,295,265,291,306,344,336,303,230,172,102,70,32,5,3,0,113Y12M
10014,臺東縣,10014020,成功鎮,10014020-001,博愛里,9,4,6,10,15,31,29,27,34,41,46,75,75,56,42,44,28,16,4,0,1,113Y12M
10014,臺東縣,10014020,成功鎮,10014020-002,忠孝里,20,18,29,35,33,46,54,43,69,79,75,93,98,79,58,48,35,25,13,0,0,113Y12M
10014,臺東縣,10014020,成功鎮,10014020-003,三仙里,22,32,43,54,64,94,86,65,109,116,136,113,144,125,96,50,42,18,7,3,1,113Y12M
10014,臺東縣,10014020,成功鎮,10014020-004,三民里,74,61,90,104,149,188,178,190,212,271,216,235,235,230,179,125,74,24,17,1,2,113Y12M
10014,臺東縣,10014020,成功鎮,10014020-005,忠智里,46,100,90,90,107,140,126,112,166,189,169,150,166,138,132,80,62,46,12,7,1,113Y12M
10014,臺東縣,10014020,成功鎮,10014020-006,忠仁里,63,78,87,101,137,123,118,139,171,195,193,190,201,188,168,87,53,35,11,5,1,113Y12M
10014,臺東縣,10014020,成功鎮,10014020-007,和平里,8,15,15,21,23,31,42,36,38,62,52,85,78,78,51,42,33,16,8,3,1,113Y12M
10014,臺東縣,10014020,成功鎮,10014020-008,信義里,33,35,47,63,88,89,101,97,129,163,172,192,188,169,143,66,57,42,19,4,0,113Y12M
10014,臺東縣,10014030,關山鎮,10014030-001,德高里,50,44,32,65,85,143,130,86,120,104,150,170,158,98,110,90,57,57,16,9,1,113Y12M
10014,臺東縣,10014030,關山鎮,10014030-002,豐泉里,28,60,75,45,77,99,72,80,98,81,94,99,94,110,66,45,39,18,11,4,1,113Y12M
10014,臺東縣,10014030,關山鎮,10014030-003,新福里,25,51,49,40,53,69,62,50,66,57,80,93,83,74,45,23,25,30,6,2,0,113Y12M
10014,臺東縣,10014030,關山鎮,10014030-004,中福里,23,41,35,35,33,43,51,41,55,59,45,67,65,89,47,47,29,20,3,2,1,113Y12M
10014,臺東縣,10014030,關山鎮,10014030-005,里?里,42,75,103,68,82,114,101,97,112,143,130,142,143,149,107,64,53,39,13,1,0,113Y12M
10014,臺東縣,10014030,關山鎮,10014030-006,電光里,12,21,21,21,35,33,30,29,39,30,52,52,53,40,47,20,16,13,3,0,0,113Y12M
10014,臺東縣,10014030,關山鎮,10014030-007,月眉里,22,22,20,23,36,56,45,39,32,46,60,63,76,61,42,36,16,21,6,2,0,113Y12M
10014,臺東縣,10014040,卑南鄉,10014040-001,嘉豐村,17,9,16,23,20,39,29,45,41,34,31,43,55,42,22,20,9,4,3,1,0,113Y12M
10014,臺東縣,10014040,卑南鄉,10014040-002,利吉村,10,14,7,12,17,20,24,28,36,21,23,44,60,62,31,13,12,16,9,3,0,113Y12M
10014,臺東縣,10014040,卑南鄉,10014040-003,富山村,6,18,10,17,32,26,37,26,34,39,46,47,49,33,28,15,18,14,4,0,1,113Y12M
10014,臺東縣,10014040,卑南鄉,10014040-004,富源村,5,2,4,10,18,15,13,18,20,15,31,31,31,35,36,18,14,6,3,0,0,113Y12M
10014,臺東縣,10014040,卑南鄉,10014040-005,明峰村,36,28,25,50,61,70,66,71,92,83,107,111,106,83,87,57,45,23,10,7,0,113Y12M
10014,臺東縣,10014040,卑南鄉,10014040-006,初鹿村,36,35,35,60,86,86,70,59,106,109,120,108,103,99,75,49,37,23,16,6,0,113Y12M
10014,臺東縣,10014040,卑南鄉,10014040-007,美農村,22,26,17,33,68,76,77,47,71,84,102,115,96,80,69,43,46,29,10,2,0,113Y12M
10014,臺東縣,10014040,卑南鄉,10014040-008,賓朗村,44,32,57,121,148,183,146,122,141,162,193,208,215,167,154,91,69,63,17,4,1,113Y12M
10014,臺東縣,10014040,卑南鄉,10014040-009,泰安村,72,41,62,69,90,107,110,92,87,99,115,115,118,71,52,24,25,14,4,4,0,113Y12M
10014,臺東縣,10014040,卑南鄉,10014040-010,太平村,121,96,114,139,220,260,293,249,282,295,316,310,282,225,166,82,53,23,13,7,1,113Y12M
10014,臺東縣,10014040,卑南鄉,10014040-011,利嘉村,41,45,59,43,70,99,93,95,77,84,96,102,94,105,75,22,24,11,9,1,1,113Y12M
10014,臺東縣,10014040,卑南鄉,10014040-012,東興村,42,48,53,62,90,101,104,77,107,108,121,134,104,85,52,31,17,10,5,0,1,113Y12M
10014,臺東縣,10014040,卑南鄉,10014040-013,溫泉村,20,59,25,28,48,54,60,58,69,83,100,119,131,90,101,49,40,29,11,5,0,113Y12M
10014,臺東縣,10014050,鹿野鄉,10014050-001,瑞和村,11,10,11,21,39,48,57,33,58,51,52,70,60,38,46,26,18,16,4,0,0,113Y12M
10014,臺東縣,10014050,鹿野鄉,10014050-002,瑞豐村,15,8,7,32,73,54,32,43,63,84,81,73,77,70,62,34,36,23,16,4,0,113Y12M
10014,臺東縣,10014050,鹿野鄉,10014050-003,瑞源村,28,26,35,31,40,54,64,43,51,76,64,76,91,58,64,49,29,21,6,2,1,113Y12M
10014,臺東縣,10014050,鹿野鄉,10014050-004,永安村,27,42,28,42,88,98,97,75,114,114,124,153,155,113,91,47,45,27,7,4,0,113Y12M
10014,臺東縣,10014050,鹿野鄉,10014050-005,瑞隆村,24,21,10,41,64,52,59,55,50,70,67,92,72,70,57,38,31,26,8,1,0,113Y12M
10014,臺東縣,10014050,鹿野鄉,10014050-006,鹿野村,21,23,26,44,58,67,70,52,64,72,79,120,101,92,72,41,36,24,9,6,0,113Y12M
10014,臺東縣,10014050,鹿野鄉,10014050-007,龍田村,25,29,25,49,59,61,54,58,88,67,88,115,94,86,77,47,43,26,11,4,0,113Y12M
10014,臺東縣,10014060,池上鄉,10014060-001,福文村,44,33,37,50,70,77,79,55,65,93,120,91,95,87,70,44,39,24,11,5,3,113Y12M
10014,臺東縣,10014060,池上鄉,10014060-002,慶豐村,24,22,16,15,41,48,37,38,45,62,52,59,62,55,45,38,19,17,10,1,0,113Y12M
10014,臺東縣,10014060,池上鄉,10014060-003,大坡村,9,12,10,5,13,18,24,15,26,23,21,23,36,43,29,19,9,11,5,0,0,113Y12M
10014,臺東縣,10014060,池上鄉,10014060-004,大埔村,32,17,20,27,40,47,52,36,63,61,65,71,63,74,67,51,29,14,6,3,0,113Y12M
10014,臺東縣,10014060,池上鄉,10014060-005,福原村,99,63,68,80,131,131,163,120,148,155,179,156,179,159,116,78,64,51,24,6,0,113Y12M
10014,臺東縣,10014060,池上鄉,10014060-006,錦園村,13,7,5,11,15,16,11,18,20,20,30,29,43,30,26,14,11,11,5,3,0,113Y12M
10014,臺東縣,10014060,池上鄉,10014060-007,新興村,30,12,26,21,50,50,61,44,54,78,94,64,74,65,60,40,29,26,11,2,2,113Y12M
10014,臺東縣,10014060,池上鄉,10014060-008,萬安村,7,13,15,8,18,15,19,15,20,26,20,30,43,8,22,22,10,13,8,3,0,113Y12M
10014,臺東縣,10014060,池上鄉,10014060-009,富興村,13,7,13,12,24,33,15,10,27,35,30,34,42,38,20,19,16,8,2,3,0,113Y12M
10014,臺東縣,10014060,池上鄉,10014060-010,振興村,22,10,9,13,27,30,33,28,38,32,45,42,36,35,29,18,15,6,3,1,0,113Y12M
10014,臺東縣,10014070,東河鄉,10014070-001,北源村,19,23,39,36,58,71,71,78,133,151,148,170,146,134,121,65,45,26,17,4,1,113Y12M
10014,臺東縣,10014070,東河鄉,10014070-002,泰源村,36,19,31,45,51,81,51,67,91,92,109,114,113,107,79,54,36,25,13,4,0,113Y12M
10014,臺東縣,10014070,東河鄉,10014070-003,東河村,23,16,25,30,39,63,59,44,90,81,116,103,86,73,76,47,33,20,5,3,1,113Y12M
10014,臺東縣,10014070,東河鄉,10014070-004,尚德村,0,4,9,11,15,11,5,13,19,21,14,33,25,21,20,5,11,3,6,1,1,113Y12M
10014,臺東縣,10014070,東河鄉,10014070-005,隆昌村,12,8,16,18,16,17,29,24,21,32,55,55,50,56,46,31,18,16,6,3,0,113Y12M
10014,臺東縣,10014070,東河鄉,10014070-006,興昌村,12,20,22,42,42,46,47,37,54,86,101,92,92,88,82,48,40,23,11,6,0,113Y12M
10014,臺東縣,10014070,東河鄉,10014070-007,都蘭村,45,53,69,77,105,123,103,129,174,191,178,193,211,190,150,112,68,48,24,4,0,113Y12M
10014,臺東縣,10014080,長濱鄉,10014080-001,樟原村,7,10,6,9,26,35,28,14,28,39,61,63,56,55,41,34,29,18,13,2,0,113Y12M
10014,臺東縣,10014080,長濱鄉,10014080-002,三間村,27,29,22,44,45,55,39,44,83,94,109,122,142,94,76,71,50,35,14,5,1,113Y12M
10014,臺東縣,10014080,長濱鄉,10014080-003,忠勇村,15,10,17,29,25,30,25,24,37,47,55,57,52,43,28,22,26,14,3,1,0,113Y12M
10014,臺東縣,10014080,長濱鄉,10014080-004,長濱村,43,41,63,84,96,113,124,109,147,154,183,209,218,159,127,89,71,41,18,4,1,113Y12M
10014,臺東縣,10014080,長濱鄉,10014080-005,竹湖村,14,13,17,23,33,31,37,45,63,82,70,95,103,84,60,48,44,18,9,2,0,113Y12M
10014,臺東縣,10014080,長濱鄉,10014080-006,寧埔村,21,19,17,31,40,42,72,55,83,102,104,145,120,125,99,57,49,23,12,2,0,113Y12M
10014,臺東縣,10014090,太麻里鄉,10014090-001,美和村,30,35,39,67,92,95,80,94,108,109,127,116,116,89,80,46,50,27,5,2,0,113Y12M
10014,臺東縣,10014090,太麻里鄉,10014090-002,三和村,14,11,6,25,24,42,32,28,57,43,57,57,53,45,34,30,21,9,8,2,0,113Y12M
10014,臺東縣,10014090,太麻里鄉,10014090-003,華源村,8,8,8,13,29,40,26,22,40,44,56,72,52,44,38,33,38,21,9,2,0,113Y12M
10014,臺東縣,10014090,太麻里鄉,10014090-004,北里村,20,15,11,18,26,41,44,32,46,48,47,38,59,63,42,20,16,10,9,3,0,113Y12M
10014,臺東縣,10014090,太麻里鄉,10014090-005,泰和村,35,41,46,64,71,110,109,88,110,108,115,115,114,109,92,67,48,39,9,3,0,113Y12M
10014,臺東縣,10014090,太麻里鄉,10014090-006,大王村,53,52,55,106,111,113,114,105,154,139,157,148,162,169,138,73,53,39,19,10,1,113Y12M
10014,臺東縣,10014090,太麻里鄉,10014090-007,香蘭村,26,23,24,30,43,48,53,55,65,53,55,89,86,63,40,43,40,9,9,2,1,113Y12M
10014,臺東縣,10014090,太麻里鄉,10014090-008,金崙村,77,68,73,92,138,123,155,125,158,160,160,177,178,138,87,45,34,19,9,3,1,113Y12M
10014,臺東縣,10014090,太麻里鄉,10014090-009,多良村,26,33,27,45,60,65,73,56,79,92,88,78,96,81,51,29,17,11,4,1,0,113Y12M
10014,臺東縣,10014100,大武鄉,10014100-001,大竹村,26,28,13,50,53,42,44,61,78,77,48,67,70,73,48,23,15,8,3,0,0,113Y12M
10014,臺東縣,10014100,大武鄉,10014100-002,大鳥村,44,41,47,68,75,98,89,92,95,84,91,103,102,95,47,23,13,10,2,0,0,113Y12M
10014,臺東縣,10014100,大武鄉,10014100-003,大武村,39,71,60,51,82,66,92,96,102,116,115,109,130,111,79,44,26,16,6,3,0,113Y12M
10014,臺東縣,10014100,大武鄉,10014100-004,尚武村,32,39,38,37,62,92,74,84,106,129,113,132,128,124,94,52,31,25,13,1,1,113Y12M
10014,臺東縣,10014100,大武鄉,10014100-005,南興村,25,19,13,15,38,27,33,35,51,64,42,54,58,55,37,10,11,6,4,1,0,113Y12M
10014,臺東縣,10014110,綠島鄉,10014110-001,公館村,23,40,35,50,78,140,123,93,98,123,110,65,66,64,48,21,15,9,7,3,0,113Y12M
10014,臺東縣,10014110,綠島鄉,10014110-002,中寮村,46,37,39,39,69,119,135,113,103,90,95,97,88,75,44,28,19,12,5,1,0,113Y12M
10014,臺東縣,10014110,綠島鄉,10014110-003,南寮村,53,52,40,56,138,219,205,180,152,161,147,136,120,94,64,54,23,15,10,1,0,113Y12M
10014,臺東縣,10014120,海端鄉,10014120-001,廣原村,50,50,57,69,70,62,77,66,75,75,69,64,59,41,36,12,5,3,0,0,0,113Y12M
10014,臺東縣,10014120,海端鄉,10014120-002,霧鹿村,19,17,19,25,27,31,26,25,31,21,25,28,15,20,8,7,6,1,0,0,0,113Y12M
10014,臺東縣,10014120,海端鄉,10014120-003,利稻村,19,10,21,32,29,25,29,32,33,25,32,16,13,19,12,4,2,1,1,0,0,113Y12M
10014,臺東縣,10014120,海端鄉,10014120-004,海端村,74,54,50,78,89,103,84,100,99,110,82,66,72,73,36,12,9,8,2,2,0,113Y12M
10014,臺東縣,10014120,海端鄉,10014120-005,崁頂村,49,33,71,58,43,61,56,67,51,57,56,57,63,48,25,12,4,5,0,0,0,113Y12M
10014,臺東縣,10014120,海端鄉,10014120-006,加拿村,28,21,47,45,45,55,48,48,41,47,58,53,38,29,16,8,6,1,1,0,0,113Y12M
10014,臺東縣,10014130,延平鄉,10014130-001,武陵村,37,40,32,37,62,56,52,41,57,82,55,59,50,30,27,13,2,3,3,0,0,113Y12M
10014,臺東縣,10014130,延平鄉,10014130-002,永康村,19,29,19,19,28,32,23,27,32,31,47,39,19,19,6,7,4,2,0,0,0,113Y12M
10014,臺東縣,10014130,延平鄉,10014130-003,紅葉村,27,24,18,34,30,37,36,28,43,64,32,30,31,24,23,16,2,3,1,1,0,113Y12M
10014,臺東縣,10014130,延平鄉,10014130-004,鸞山村,46,27,37,19,53,59,42,34,63,56,55,60,49,35,21,8,15,8,1,0,0,113Y12M
10014,臺東縣,10014130,延平鄉,10014130-005,桃源村,72,69,47,64,84,103,95,94,87,109,98,89,86,56,44,15,4,5,4,0,0,113Y12M
10014,臺東縣,10014140,金峰鄉,10014140-001,新興村,37,40,27,39,50,45,61,47,52,41,46,61,45,48,17,11,5,1,1,1,0,113Y12M
10014,臺東縣,10014140,金峰鄉,10014140-002,正興村,37,41,29,30,53,64,61,41,47,38,52,62,72,50,24,11,7,3,4,2,0,113Y12M
10014,臺東縣,10014140,金峰鄉,10014140-003,嘉蘭村,70,64,75,91,113,132,110,96,122,105,121,114,102,85,50,23,16,7,11,0,1,113Y12M
10014,臺東縣,10014140,金峰鄉,10014140-004,賓茂村,7,9,16,19,26,25,25,21,28,30,30,29,44,24,18,7,1,9,2,0,0,113Y12M
10014,臺東縣,10014140,金峰鄉,10014140-005,歷坵村,19,21,17,20,28,29,37,22,33,30,20,31,42,25,15,6,5,3,3,0,0,113Y12M
10014,臺東縣,10014150,達仁鄉,10014150-001,台?村,32,32,22,34,27,52,62,57,54,41,51,49,69,46,32,17,12,5,4,0,0,113Y12M
10014,臺東縣,10014150,達仁鄉,10014150-002,土?村,58,33,19,49,60,79,76,65,73,106,89,84,76,60,38,24,10,8,0,0,0,113Y12M
10014,臺東縣,10014150,達仁鄉,10014150-003,新化村,12,6,13,19,29,26,24,26,19,38,42,36,37,22,22,14,11,2,0,0,0,113Y12M
10014,臺東縣,10014150,達仁鄉,10014150-004,安朔村,21,14,18,19,34,32,48,40,57,43,57,54,58,51,41,11,9,2,3,0,0,113Y12M
10014,臺東縣,10014150,達仁鄉,10014150-005,森永村,11,5,17,15,18,15,19,13,33,30,29,37,35,38,18,10,6,2,1,1,0,113Y12M
10014,臺東縣,10014150,達仁鄉,10014150-006,南田村,9,8,13,17,20,30,36,24,22,30,25,27,36,23,14,2,4,0,1,0,0,113Y12M
10014,臺東縣,10014160,蘭嶼鄉,10014160-001,東清村,80,92,69,82,120,161,144,126,152,132,124,96,93,85,35,14,7,13,1,2,0,113Y12M
10014,臺東縣,10014160,蘭嶼鄉,10014160-002,朗島村,42,48,42,42,67,102,110,96,86,70,53,59,48,40,28,18,2,1,3,1,0,113Y12M
10014,臺東縣,10014160,蘭嶼鄉,10014160-003,紅頭村,55,65,48,71,93,136,113,118,144,136,129,124,102,70,44,30,7,4,7,2,0,113Y12M
10014,臺東縣,10014160,蘭嶼鄉,10014160-004,椰油村,37,49,79,68,74,113,101,89,141,106,84,67,74,47,31,16,9,5,1,2,0,113Y12M
